site,url,lastmod
ContactCars,https://www.contactcars.com/en/new-cars/alfa_romeo-giulia,2026-09-23T08:37:57.696Z
ContactCars,https://www.contactcars.com/en/new-cars/alfa_romeo-stelvio,2026-09-23T08:37:57.696Z
ContactCars,https://www.contactcars.com/en/new-cars/alfa_romeo-tonale,2026-09-23T08:37:57.696Z
ContactCars,https://www.contactcars.com/en/new-cars/arcfox-alpha_s5,2026-09-23T08:37:57.698Z
ContactCars,https://www.contactcars.com/en/new-cars/arcfox-alpha_t5,2026-09-23T08:37:57.699Z
ContactCars,https://www.contactcars.com/en/new-cars/arcfox-koala_s,2026-09-23T08:37:57.698Z
ContactCars,https://www.contactcars.com/en/new-cars/arcfox-t_1,2026-09-23T08:37:57.698Z
ContactCars,https://www.contactcars.com/en/new-cars/audi-a3,2026-09-23T08:37:57.697Z
ContactCars,https://www.contactcars.com/en/new-cars/audi-a5,2026-09-23T08:37:57.697Z
ContactCars,https://www.contactcars.com/en/new-cars/audi-a6,2026-09-23T08:37:57.697Z
ContactCars,https://www.contactcars.com/en/new-cars/audi-e_tron,2026-09-23T08:37:57.697Z
ContactCars,https://www.contactcars.com/en/new-cars/audi-q2,2026-09-23T08:37:57.697Z
ContactCars,https://www.contactcars.com/en/new-cars/audi-q3,2026-09-23T08:37:57.697Z
ContactCars,https://www.contactcars.com/en/new-cars/audi-q4_e_tron,2026-09-23T08:37:57.697Z
ContactCars,https://www.contactcars.com/en/new-cars/audi-q5,2026-09-23T08:37:57.697Z
ContactCars,https://www.contactcars.com/en/new-cars/audi-q7,2026-09-23T08:37:57.697Z
ContactCars,https://www.contactcars.com/en/new-cars/audi-q8,2026-09-23T08:37:57.697Z
ContactCars,https://www.contactcars.com/en/new-cars/audi-rs_e_tron_gt,2026-09-23T08:37:57.697Z
ContactCars,https://www.contactcars.com/en/new-cars/audi-sq7,2026-09-23T08:37:57.697Z
ContactCars,https://www.contactcars.com/en/new-cars/avatr-06,2026-09-23T08:37:57.698Z
ContactCars,https://www.contactcars.com/en/new-cars/avatr-07,2026-09-23T08:37:57.698Z
ContactCars,https://www.contactcars.com/en/new-cars/avatr-11,2026-09-23T08:37:57.698Z
ContactCars,https://www.contactcars.com/en/new-cars/avatr-12,2026-09-23T08:37:57.698Z
ContactCars,https://www.contactcars.com/en/new-cars/baic-bj30,2026-09-23T08:37:57.698Z
ContactCars,https://www.contactcars.com/en/new-cars/baic-u5_plus,2026-09-23T08:37:57.698Z
ContactCars,https://www.contactcars.com/en/new-cars/baic-x35,2026-09-23T08:37:57.698Z
ContactCars,https://www.contactcars.com/en/new-cars/baic-x7,2026-09-23T08:37:57.698Z
ContactCars,https://www.contactcars.com/en/new-cars/baic-x_55,2026-09-23T08:37:57.698Z
ContactCars,https://www.contactcars.com/en/new-cars/bak-golf_cart,2026-09-23T08:37:57.699Z
ContactCars,https://www.contactcars.com/en/new-cars/baw-m7,2026-09-23T08:37:57.699Z
ContactCars,https://www.contactcars.com/en/new-cars/bestune-b70,2026-09-23T08:37:57.698Z
ContactCars,https://www.contactcars.com/en/new-cars/bestune-t55,2026-09-23T08:37:57.698Z
ContactCars,https://www.contactcars.com/en/new-cars/bestune-t77,2026-09-23T08:37:57.698Z
ContactCars,https://www.contactcars.com/en/new-cars/bmw-118i,2026-09-23T08:37:57.696Z
ContactCars,https://www.contactcars.com/en/new-cars/bmw-218i,2026-09-23T08:37:57.696Z
ContactCars,https://www.contactcars.com/en/new-cars/bmw-320i,2026-09-23T08:37:57.696Z
ContactCars,https://www.contactcars.com/en/new-cars/bmw-340i,2026-09-23T08:37:57.696Z
ContactCars,https://www.contactcars.com/en/new-cars/bmw-420i_convertible,2026-09-23T08:37:57.696Z
ContactCars,https://www.contactcars.com/en/new-cars/bmw-420i_gran_coupe,2026-09-23T08:37:57.696Z
ContactCars,https://www.contactcars.com/en/new-cars/bmw-440i_coupe,2026-09-23T08:37:57.696Z
ContactCars,https://www.contactcars.com/en/new-cars/bmw-520i,2026-09-23T08:37:57.696Z
ContactCars,https://www.contactcars.com/en/new-cars/bmw-530i,2026-09-23T08:37:57.696Z
ContactCars,https://www.contactcars.com/en/new-cars/bmw-740i,2026-09-23T08:37:57.696Z
ContactCars,https://www.contactcars.com/en/new-cars/bmw-750li,2026-09-23T08:37:57.696Z
ContactCars,https://www.contactcars.com/en/new-cars/bmw-760i,2026-09-23T08:37:57.696Z
ContactCars,https://www.contactcars.com/en/new-cars/bmw-i3_sedan,2026-09-23T08:37:57.696Z
ContactCars,https://www.contactcars.com/en/new-cars/bmw-i4,2026-09-23T08:37:57.696Z
ContactCars,https://www.contactcars.com/en/new-cars/bmw-i5,2026-09-23T08:37:57.696Z
ContactCars,https://www.contactcars.com/en/new-cars/bmw-i7,2026-09-23T08:37:57.696Z
ContactCars,https://www.contactcars.com/en/new-cars/bmw-ix,2026-09-23T08:37:57.696Z
ContactCars,https://www.contactcars.com/en/new-cars/bmw-ix1,2026-09-23T08:37:57.696Z
ContactCars,https://www.contactcars.com/en/new-cars/bmw-ix2,2026-09-23T08:37:57.696Z
ContactCars,https://www.contactcars.com/en/new-cars/bmw-ix3,2026-09-23T08:37:57.696Z
ContactCars,https://www.contactcars.com/en/new-cars/bmw-ix3_neue_klasse,2026-09-23T08:37:57.696Z
ContactCars,https://www.contactcars.com/en/new-cars/bmw-m3,2026-09-23T08:37:57.696Z
ContactCars,https://www.contactcars.com/en/new-cars/bmw-m4,2026-09-23T08:37:57.696Z
ContactCars,https://www.contactcars.com/en/new-cars/bmw-m5,2026-09-23T08:37:57.696Z
ContactCars,https://www.contactcars.com/en/new-cars/bmw-m8,2026-09-23T08:37:57.696Z
ContactCars,https://www.contactcars.com/en/new-cars/bmw-x1,2026-09-23T08:37:57.696Z
ContactCars,https://www.contactcars.com/en/new-cars/bmw-x2,2026-09-23T08:37:57.696Z
ContactCars,https://www.contactcars.com/en/new-cars/bmw-x3,2026-09-23T08:37:57.696Z
ContactCars,https://www.contactcars.com/en/new-cars/bmw-x4,2026-09-23T08:37:57.696Z
ContactCars,https://www.contactcars.com/en/new-cars/bmw-x5,2026-09-23T08:37:57.696Z
ContactCars,https://www.contactcars.com/en/new-cars/bmw-x6,2026-09-23T08:37:57.696Z
ContactCars,https://www.contactcars.com/en/new-cars/bmw-x7,2026-09-23T08:37:57.696Z
ContactCars,https://www.contactcars.com/en/new-cars/bmw-z4,2026-09-23T08:37:57.696Z
ContactCars,https://www.contactcars.com/en/new-cars/byd-atto_2,2026-09-23T08:37:57.698Z
ContactCars,https://www.contactcars.com/en/new-cars/byd-atto_8,2026-09-23T08:37:57.698Z
ContactCars,https://www.contactcars.com/en/new-cars/byd-destroyer_05,2026-09-23T08:37:57.698Z
ContactCars,https://www.contactcars.com/en/new-cars/byd-dolphin_surf,2026-09-23T08:37:57.698Z
ContactCars,https://www.contactcars.com/en/new-cars/byd-f3,2026-09-23T08:37:57.698Z
ContactCars,https://www.contactcars.com/en/new-cars/byd-leopard_8,2026-09-23T08:37:57.698Z
ContactCars,https://www.contactcars.com/en/new-cars/byd-m9,2026-09-23T08:37:57.698Z
ContactCars,https://www.contactcars.com/en/new-cars/byd-qin,2026-09-23T08:37:57.698Z
ContactCars,https://www.contactcars.com/en/new-cars/byd-seagull,2026-09-23T08:37:57.698Z
ContactCars,https://www.contactcars.com/en/new-cars/byd-seal,2026-09-23T08:37:57.698Z
ContactCars,https://www.contactcars.com/en/new-cars/byd-sealion_5,2026-09-23T08:37:57.698Z
ContactCars,https://www.contactcars.com/en/new-cars/byd-sealion_6,2026-09-23T08:37:57.698Z
ContactCars,https://www.contactcars.com/en/new-cars/byd-shark_6_dmo,2026-09-23T08:37:57.698Z
ContactCars,https://www.contactcars.com/en/new-cars/byd-song_l,2026-09-23T08:37:57.698Z
ContactCars,https://www.contactcars.com/en/new-cars/byd-song_l_dm_i,2026-09-23T08:37:57.698Z
ContactCars,https://www.contactcars.com/en/new-cars/byd-song_plus,2026-09-23T08:37:57.698Z
ContactCars,https://www.contactcars.com/en/new-cars/byd-ti7,2026-09-23T08:37:57.698Z
ContactCars,https://www.contactcars.com/en/new-cars/cadillac-escalade,2026-09-23T08:37:57.698Z
ContactCars,https://www.contactcars.com/en/new-cars/cadillac-escalade_iq,2026-09-23T08:37:57.698Z
ContactCars,https://www.contactcars.com/en/new-cars/cadillac-escalade_iql,2026-09-23T08:37:57.698Z
ContactCars,https://www.contactcars.com/en/new-cars/cadillac-lyriq,2026-09-23T08:37:57.698Z
ContactCars,https://www.contactcars.com/en/new-cars/cadillac-optiq,2026-09-23T08:37:57.698Z
ContactCars,https://www.contactcars.com/en/new-cars/cadillac-vistiq,2026-09-23T08:37:57.698Z
ContactCars,https://www.contactcars.com/en/new-cars/changan-cs35_plus,2026-09-23T08:37:57.697Z
ContactCars,https://www.contactcars.com/en/new-cars/changan-cs55,2026-09-23T08:37:57.697Z
ContactCars,https://www.contactcars.com/en/new-cars/changan-cs55_plus,2026-09-23T08:37:57.697Z
ContactCars,https://www.contactcars.com/en/new-cars/changan-cs75_plus,2026-09-23T08:37:57.697Z
ContactCars,https://www.contactcars.com/en/new-cars/changan-eado,2026-09-23T08:37:57.697Z
ContactCars,https://www.contactcars.com/en/new-cars/changan-eado_plus,2026-09-23T08:37:57.697Z
ContactCars,https://www.contactcars.com/en/new-cars/changan-uni_t,2026-09-23T08:37:57.697Z
ContactCars,https://www.contactcars.com/en/new-cars/changan-uni_v,2026-09-23T08:37:57.697Z
ContactCars,https://www.contactcars.com/en/new-cars/chery-arrizo_5,2026-09-23T08:37:57.697Z
ContactCars,https://www.contactcars.com/en/new-cars/chery-arrizo_5,2026-09-23T08:37:57.697Z
ContactCars,https://www.contactcars.com/en/new-cars/chery-arrizo_6_gt,2026-09-23T08:37:57.697Z
ContactCars,https://www.contactcars.com/en/new-cars/chery-arrizo_8,2026-09-23T08:37:57.697Z
ContactCars,https://www.contactcars.com/en/new-cars/chery-eq7,2026-09-23T08:37:57.697Z
ContactCars,https://www.contactcars.com/en/new-cars/chery-qq,2026-09-23T08:37:57.697Z
ContactCars,https://www.contactcars.com/en/new-cars/chery-tiggo_4_pro,2026-09-23T08:37:57.697Z
ContactCars,https://www.contactcars.com/en/new-cars/chery-tiggo_7,2026-09-23T08:37:57.697Z
ContactCars,https://www.contactcars.com/en/new-cars/chery-tiggo_7_pro,2026-09-23T08:37:57.697Z
ContactCars,https://www.contactcars.com/en/new-cars/chery-tiggo_7_pro_max,2026-09-23T08:37:57.697Z
ContactCars,https://www.contactcars.com/en/new-cars/chery-tiggo_8,2026-09-23T08:37:57.697Z
ContactCars,https://www.contactcars.com/en/new-cars/chery-tiggo_8_pro,2026-09-23T08:37:57.697Z
ContactCars,https://www.contactcars.com/en/new-cars/chery-tiggo_8_pro_max,2026-09-23T08:37:57.697Z
ContactCars,https://www.contactcars.com/en/new-cars/chery-tiggo_9,2026-09-23T08:37:57.697Z
ContactCars,https://www.contactcars.com/en/new-cars/chevrolet-camaro,2026-09-23T08:37:57.697Z
ContactCars,https://www.contactcars.com/en/new-cars/chevrolet-captiva,2026-09-23T08:37:57.697Z
ContactCars,https://www.contactcars.com/en/new-cars/chevrolet-captiva_ev,2026-09-23T08:37:57.697Z
ContactCars,https://www.contactcars.com/en/new-cars/chevrolet-dababbah,2026-09-23T08:37:57.697Z
ContactCars,https://www.contactcars.com/en/new-cars/chevrolet-jumbo,2026-09-23T08:37:57.697Z
ContactCars,https://www.contactcars.com/en/new-cars/chevrolet-jumbo_npr,2026-09-23T08:37:57.697Z
ContactCars,https://www.contactcars.com/en/new-cars/chevrolet-malibu,2026-09-23T08:37:57.697Z
ContactCars,https://www.contactcars.com/en/new-cars/chevrolet-n300,2026-09-23T08:37:57.697Z
ContactCars,https://www.contactcars.com/en/new-cars/chevrolet-nkr,2026-09-23T08:37:57.697Z
ContactCars,https://www.contactcars.com/en/new-cars/chevrolet-nqr,2026-09-23T08:37:57.697Z
ContactCars,https://www.contactcars.com/en/new-cars/chevrolet-optra,2026-09-23T08:37:57.697Z
ContactCars,https://www.contactcars.com/en/new-cars/chevrolet-s10_max,2026-09-23T08:37:57.697Z
ContactCars,https://www.contactcars.com/en/new-cars/chevrolet-spark_euv,2026-09-23T08:37:57.697Z
ContactCars,https://www.contactcars.com/en/new-cars/chevrolet-tfr,2026-09-23T08:37:57.697Z
ContactCars,https://www.contactcars.com/en/new-cars/citroen-c3,2026-09-23T08:37:57.697Z
ContactCars,https://www.contactcars.com/en/new-cars/citroen-c3_aircross,2026-09-23T08:37:57.697Z
ContactCars,https://www.contactcars.com/en/new-cars/citroen-c4,2026-09-23T08:37:57.697Z
ContactCars,https://www.contactcars.com/en/new-cars/citroen-c4_facelift,2026-09-23T08:37:57.697Z
ContactCars,https://www.contactcars.com/en/new-cars/citroen-c4_x,2026-09-23T08:37:57.697Z
ContactCars,https://www.contactcars.com/en/new-cars/citroen-c5,2026-09-23T08:37:57.697Z
ContactCars,https://www.contactcars.com/en/new-cars/citroen-c5_aircross,2026-09-23T08:37:57.697Z
ContactCars,https://www.contactcars.com/en/new-cars/cupra-formentor,2026-09-23T08:37:57.698Z
ContactCars,https://www.contactcars.com/en/new-cars/cupra-leon,2026-09-23T08:37:57.698Z
ContactCars,https://www.contactcars.com/en/new-cars/cupra-terramar,2026-09-23T08:37:57.698Z
ContactCars,https://www.contactcars.com/en/new-cars/deepal-g318,2026-09-23T08:37:57.698Z
ContactCars,https://www.contactcars.com/en/new-cars/deepal-s05,2026-09-23T08:37:57.698Z
ContactCars,https://www.contactcars.com/en/new-cars/deepal-s07,2026-09-23T08:37:57.698Z
ContactCars,https://www.contactcars.com/en/new-cars/dfsk-600,2026-09-23T08:37:57.698Z
ContactCars,https://www.contactcars.com/en/new-cars/dfsk-e5,2026-09-23T08:37:57.698Z
ContactCars,https://www.contactcars.com/en/new-cars/dfsk-e5_plus,2026-09-23T08:37:57.698Z
ContactCars,https://www.contactcars.com/en/new-cars/dodge-charger,2026-09-23T08:37:57.697Z
ContactCars,https://www.contactcars.com/en/new-cars/dodge-durango,2026-09-23T08:37:57.697Z
ContactCars,https://www.contactcars.com/en/new-cars/dodge-ram,2026-09-23T08:37:57.697Z
ContactCars,https://www.contactcars.com/en/new-cars/dongfeng-007,2026-09-23T08:37:57.698Z
ContactCars,https://www.contactcars.com/en/new-cars/dongfeng-008,2026-09-23T08:37:57.698Z
ContactCars,https://www.contactcars.com/en/new-cars/dongfeng-box,2026-09-23T08:37:57.698Z
ContactCars,https://www.contactcars.com/en/new-cars/dongfeng-l7,2026-09-23T08:37:57.698Z
ContactCars,https://www.contactcars.com/en/new-cars/dongfeng-mage,2026-09-23T08:37:57.698Z
ContactCars,https://www.contactcars.com/en/new-cars/dongfeng-mage_ev,2026-09-23T08:37:57.698Z
ContactCars,https://www.contactcars.com/en/new-cars/dongfeng-shine,2026-09-23T08:37:57.698Z
ContactCars,https://www.contactcars.com/en/new-cars/dongfeng_aeolus-huge_hybrid,2026-09-23T08:37:57.698Z
ContactCars,https://www.contactcars.com/en/new-cars/ds-ds_4,2026-09-23T08:37:57.698Z
ContactCars,https://www.contactcars.com/en/new-cars/ds-ds_7,2026-09-23T08:37:57.698Z
ContactCars,https://www.contactcars.com/en/new-cars/exeed-es,2026-09-23T08:37:57.698Z
ContactCars,https://www.contactcars.com/en/new-cars/exeed-et,2026-09-23T08:37:57.698Z
ContactCars,https://www.contactcars.com/en/new-cars/exeed-lx,2026-09-23T08:37:57.698Z
ContactCars,https://www.contactcars.com/en/new-cars/exeed-rx,2026-09-23T08:37:57.698Z
ContactCars,https://www.contactcars.com/en/new-cars/exeed-vx,2026-09-23T08:37:57.698Z
ContactCars,https://www.contactcars.com/en/new-cars/fiat-500,2026-09-23T08:37:57.696Z
ContactCars,https://www.contactcars.com/en/new-cars/fiat-500x,2026-09-23T08:37:57.696Z
ContactCars,https://www.contactcars.com/en/new-cars/fiat-e_ulysee,2026-09-23T08:37:57.696Z
ContactCars,https://www.contactcars.com/en/new-cars/fiat-tipo,2026-09-23T08:37:57.696Z
ContactCars,https://www.contactcars.com/en/new-cars/ford-mustang,2026-09-23T08:37:57.697Z
ContactCars,https://www.contactcars.com/en/new-cars/forthing-s7,2026-09-23T08:37:57.698Z
ContactCars,https://www.contactcars.com/en/new-cars/forthing-t5_evo,2026-09-23T08:37:57.698Z
ContactCars,https://www.contactcars.com/en/new-cars/forthing-t5_friday,2026-09-23T08:37:57.698Z
ContactCars,https://www.contactcars.com/en/new-cars/forthing-u_tour,2026-09-23T08:37:57.698Z
ContactCars,https://www.contactcars.com/en/new-cars/forthing-v9,2026-09-23T08:37:57.698Z
ContactCars,https://www.contactcars.com/en/new-cars/gac-aion_y,2026-09-23T08:37:57.698Z
ContactCars,https://www.contactcars.com/en/new-cars/gac-empow,2026-09-23T08:37:57.698Z
ContactCars,https://www.contactcars.com/en/new-cars/gac-emzoom,2026-09-23T08:37:57.698Z
ContactCars,https://www.contactcars.com/en/new-cars/gac-gs4_max,2026-09-23T08:37:57.698Z
ContactCars,https://www.contactcars.com/en/new-cars/geely-cityray,2026-09-23T08:37:57.697Z
ContactCars,https://www.contactcars.com/en/new-cars/geely-coolray,2026-09-23T08:37:57.697Z
ContactCars,https://www.contactcars.com/en/new-cars/geely-emgrand,2026-09-23T08:37:57.697Z
ContactCars,https://www.contactcars.com/en/new-cars/geely-emgrand_7,2026-09-23T08:37:57.697Z
ContactCars,https://www.contactcars.com/en/new-cars/geely-ex2,2026-09-23T08:37:57.697Z
ContactCars,https://www.contactcars.com/en/new-cars/geely-ex5,2026-09-23T08:37:57.697Z
ContactCars,https://www.contactcars.com/en/new-cars/geely-ex5_em_i,2026-09-23T08:37:57.697Z
ContactCars,https://www.contactcars.com/en/new-cars/geely-gx3_pro,2026-09-23T08:37:57.697Z
ContactCars,https://www.contactcars.com/en/new-cars/geely-monjaro,2026-09-23T08:37:57.697Z
ContactCars,https://www.contactcars.com/en/new-cars/geely-okavango,2026-09-23T08:37:57.697Z
ContactCars,https://www.contactcars.com/en/new-cars/geely-starray,2026-09-23T08:37:57.697Z
ContactCars,https://www.contactcars.com/en/new-cars/genesis-electrified_g80,2026-09-23T08:37:57.698Z
ContactCars,https://www.contactcars.com/en/new-cars/genesis-gv60,2026-09-23T08:37:57.698Z
ContactCars,https://www.contactcars.com/en/new-cars/genesis-gv70,2026-09-23T08:37:57.698Z
ContactCars,https://www.contactcars.com/en/new-cars/gmc-sierra,2026-09-23T08:37:57.698Z
ContactCars,https://www.contactcars.com/en/new-cars/gmc-terrain,2026-09-23T08:37:57.698Z
ContactCars,https://www.contactcars.com/en/new-cars/gmc-yukon,2026-09-23T08:37:57.698Z
ContactCars,https://www.contactcars.com/en/new-cars/golf_car-6_seats,2026-09-23T08:37:57.698Z
ContactCars,https://www.contactcars.com/en/new-cars/golf_car-club_car,2026-09-23T08:37:57.698Z
ContactCars,https://www.contactcars.com/en/new-cars/haval-h6,2026-09-23T08:37:57.698Z
ContactCars,https://www.contactcars.com/en/new-cars/haval-h6_hev,2026-09-23T08:37:57.698Z
ContactCars,https://www.contactcars.com/en/new-cars/haval-h7,2026-09-23T08:37:57.698Z
ContactCars,https://www.contactcars.com/en/new-cars/haval-jolion,2026-09-23T08:37:57.698Z
ContactCars,https://www.contactcars.com/en/new-cars/haval-jolion_ckd,2026-09-23T08:37:57.698Z
ContactCars,https://www.contactcars.com/en/new-cars/haval-jolion_pro,2026-09-23T08:37:57.698Z
ContactCars,https://www.contactcars.com/en/new-cars/haval-v7,2026-09-23T08:37:57.698Z
ContactCars,https://www.contactcars.com/en/new-cars/honda-cr_v,2026-09-23T08:37:57.697Z
ContactCars,https://www.contactcars.com/en/new-cars/honda-zr_v,2026-09-23T08:37:57.697Z
ContactCars,https://www.contactcars.com/en/new-cars/hongqi-e_hs9,2026-09-23T08:37:57.699Z
ContactCars,https://www.contactcars.com/en/new-cars/hongqi-eh7,2026-09-23T08:37:57.699Z
ContactCars,https://www.contactcars.com/en/new-cars/hongqi-ehs7,2026-09-23T08:37:57.699Z
ContactCars,https://www.contactcars.com/en/new-cars/hongqi-h9,2026-09-23T08:37:57.699Z
ContactCars,https://www.contactcars.com/en/new-cars/hongqi-hs3,2026-09-23T08:37:57.699Z
ContactCars,https://www.contactcars.com/en/new-cars/hongqi-ousado,2026-09-23T08:37:57.699Z
ContactCars,https://www.contactcars.com/en/new-cars/hummer-hummer_ev_suv,2026-09-23T08:37:57.697Z
ContactCars,https://www.contactcars.com/en/new-cars/hyundai-avante,2026-09-23T08:37:57.696Z
ContactCars,https://www.contactcars.com/en/new-cars/hyundai-elantra,2026-09-23T08:37:57.696Z
ContactCars,https://www.contactcars.com/en/new-cars/hyundai-elantra_ad,2026-09-23T08:37:57.696Z
ContactCars,https://www.contactcars.com/en/new-cars/hyundai-elantra_cn7,2026-09-23T08:37:57.696Z
ContactCars,https://www.contactcars.com/en/new-cars/hyundai-i30,2026-09-23T08:37:57.696Z
ContactCars,https://www.contactcars.com/en/new-cars/hyundai-i_30,2026-09-23T08:37:57.696Z
ContactCars,https://www.contactcars.com/en/new-cars/hyundai-ioniq,2026-09-23T08:37:57.696Z
ContactCars,https://www.contactcars.com/en/new-cars/hyundai-ioniq_5,2026-09-23T08:37:57.696Z
ContactCars,https://www.contactcars.com/en/new-cars/hyundai-ioniq_6,2026-09-23T08:37:57.696Z
ContactCars,https://www.contactcars.com/en/new-cars/hyundai-ioniq_9,2026-09-23T08:37:57.696Z
ContactCars,https://www.contactcars.com/en/new-cars/hyundai-santa_fe,2026-09-23T08:37:57.696Z
ContactCars,https://www.contactcars.com/en/new-cars/hyundai-staria,2026-09-23T08:37:57.696Z
ContactCars,https://www.contactcars.com/en/new-cars/hyundai-tucson,2026-09-23T08:37:57.696Z
ContactCars,https://www.contactcars.com/en/new-cars/hyundai-tucson_nx4e,2026-09-23T08:37:57.696Z
ContactCars,https://www.contactcars.com/en/new-cars/hyundai-venue,2026-09-23T08:37:57.696Z
ContactCars,https://www.contactcars.com/en/new-cars/icaur-v27,2026-09-23T08:37:57.699Z
ContactCars,https://www.contactcars.com/en/new-cars/im_motors-im5,2026-09-23T08:37:57.699Z
ContactCars,https://www.contactcars.com/en/new-cars/im_motors-im6,2026-09-23T08:37:57.699Z
ContactCars,https://www.contactcars.com/en/new-cars/im_motors-ls7,2026-09-23T08:37:57.699Z
ContactCars,https://www.contactcars.com/en/new-cars/im_motors-ls9,2026-09-23T08:37:57.699Z
ContactCars,https://www.contactcars.com/en/new-cars/isuzu-dmax,2026-09-23T08:37:57.698Z
ContactCars,https://www.contactcars.com/en/new-cars/isuzu-npr,2026-09-23T08:37:57.698Z
ContactCars,https://www.contactcars.com/en/new-cars/isuzu-rbc,2026-09-23T08:37:57.698Z
ContactCars,https://www.contactcars.com/en/new-cars/jac-j7,2026-09-23T08:37:57.698Z
ContactCars,https://www.contactcars.com/en/new-cars/jac-js2,2026-09-23T08:37:57.698Z
ContactCars,https://www.contactcars.com/en/new-cars/jac-js4,2026-09-23T08:37:57.698Z
ContactCars,https://www.contactcars.com/en/new-cars/jac-js6,2026-09-23T08:37:57.698Z
ContactCars,https://www.contactcars.com/en/new-cars/jac-js8_pro,2026-09-23T08:37:57.698Z
ContactCars,https://www.contactcars.com/en/new-cars/jac-s2,2026-09-23T08:37:57.698Z
ContactCars,https://www.contactcars.com/en/new-cars/jaecoo-j7,2026-09-23T08:37:57.699Z
ContactCars,https://www.contactcars.com/en/new-cars/jaguar-f_pace,2026-09-23T08:37:57.697Z
ContactCars,https://www.contactcars.com/en/new-cars/jeep-grand_cherokee,2026-09-23T08:37:57.697Z
ContactCars,https://www.contactcars.com/en/new-cars/jetour-dashing,2026-09-23T08:37:57.698Z
ContactCars,https://www.contactcars.com/en/new-cars/jetour-t1,2026-09-23T08:37:57.698Z
ContactCars,https://www.contactcars.com/en/new-cars/jetour-t2,2026-09-23T08:37:57.698Z
ContactCars,https://www.contactcars.com/en/new-cars/jetour-x70,2026-09-23T08:37:57.698Z
ContactCars,https://www.contactcars.com/en/new-cars/jetour-x70___facelift,2026-09-23T08:37:57.698Z
ContactCars,https://www.contactcars.com/en/new-cars/jetour-x70_plus_ckd,2026-09-23T08:37:57.698Z
ContactCars,https://www.contactcars.com/en/new-cars/jetour-x90_plus,2026-09-23T08:37:57.698Z
ContactCars,https://www.contactcars.com/en/new-cars/jmc-boarding,2026-09-23T08:37:57.698Z
ContactCars,https://www.contactcars.com/en/new-cars/kaiyi-e5,2026-09-23T08:37:57.698Z
ContactCars,https://www.contactcars.com/en/new-cars/kaiyi-x3,2026-09-23T08:37:57.698Z
ContactCars,https://www.contactcars.com/en/new-cars/kaiyi-x3_pro,2026-09-23T08:37:57.698Z
ContactCars,https://www.contactcars.com/en/new-cars/kaiyi-x7,2026-09-23T08:37:57.698Z
ContactCars,https://www.contactcars.com/en/new-cars/kgm-actyon,2026-09-23T08:37:57.698Z
ContactCars,https://www.contactcars.com/en/new-cars/kgm-torres,2026-09-23T08:37:57.698Z
ContactCars,https://www.contactcars.com/en/new-cars/kia-carens,2026-09-23T08:37:57.696Z
ContactCars,https://www.contactcars.com/en/new-cars/kia-carnival,2026-09-23T08:37:57.696Z
ContactCars,https://www.contactcars.com/en/new-cars/kia-ev3,2026-09-23T08:37:57.696Z
ContactCars,https://www.contactcars.com/en/new-cars/kia-ev5,2026-09-23T08:37:57.696Z
ContactCars,https://www.contactcars.com/en/new-cars/kia-ev6,2026-09-23T08:37:57.696Z
ContactCars,https://www.contactcars.com/en/new-cars/kia-ev9,2026-09-23T08:37:57.696Z
ContactCars,https://www.contactcars.com/en/new-cars/kia-grand_cerato,2026-09-23T08:37:57.696Z
ContactCars,https://www.contactcars.com/en/new-cars/kia-k3,2026-09-23T08:37:57.696Z
ContactCars,https://www.contactcars.com/en/new-cars/kia-k4,2026-09-23T08:37:57.696Z
ContactCars,https://www.contactcars.com/en/new-cars/kia-seltos,2026-09-23T08:37:57.696Z
ContactCars,https://www.contactcars.com/en/new-cars/kia-sorento,2026-09-23T08:37:57.696Z
ContactCars,https://www.contactcars.com/en/new-cars/kia-sportage,2026-09-23T08:37:57.696Z
ContactCars,https://www.contactcars.com/en/new-cars/kyc-v3,2026-09-23T08:37:57.699Z
ContactCars,https://www.contactcars.com/en/new-cars/land_rover-defender,2026-09-23T08:37:57.697Z
ContactCars,https://www.contactcars.com/en/new-cars/land_rover-new_range_rover,2026-09-23T08:37:57.697Z
ContactCars,https://www.contactcars.com/en/new-cars/land_rover-range_rover,2026-09-23T08:37:57.697Z
ContactCars,https://www.contactcars.com/en/new-cars/land_rover-range_rover_evoque,2026-09-23T08:37:57.697Z
ContactCars,https://www.contactcars.com/en/new-cars/lexus-lx600,2026-09-23T08:37:57.697Z
ContactCars,https://www.contactcars.com/en/new-cars/lexus-rz,2026-09-23T08:37:57.697Z
ContactCars,https://www.contactcars.com/en/new-cars/li_auto-l6,2026-09-23T08:37:57.699Z
ContactCars,https://www.contactcars.com/en/new-cars/li_auto-l7,2026-09-23T08:37:57.699Z
ContactCars,https://www.contactcars.com/en/new-cars/li_auto-l9,2026-09-23T08:37:57.699Z
ContactCars,https://www.contactcars.com/en/new-cars/lotus-emeya,2026-09-23T08:37:57.698Z
ContactCars,https://www.contactcars.com/en/new-cars/m_hero-1_917,2026-09-23T08:37:57.698Z
ContactCars,https://www.contactcars.com/en/new-cars/m_hero-ii_817,2026-09-23T08:37:57.698Z
ContactCars,https://www.contactcars.com/en/new-cars/maserati-ghibli,2026-09-23T08:37:57.698Z
ContactCars,https://www.contactcars.com/en/new-cars/maserati-granturismo,2026-09-23T08:37:57.698Z
ContactCars,https://www.contactcars.com/en/new-cars/maserati-grecale,2026-09-23T08:37:57.698Z
ContactCars,https://www.contactcars.com/en/new-cars/mazda-3,2026-09-23T08:37:57.697Z
ContactCars,https://www.contactcars.com/en/new-cars/mazda-cx_3,2026-09-23T08:37:57.697Z
ContactCars,https://www.contactcars.com/en/new-cars/mercedes-a180,2026-09-23T08:37:57.696Z
ContactCars,https://www.contactcars.com/en/new-cars/mercedes-a200,2026-09-23T08:37:57.696Z
ContactCars,https://www.contactcars.com/en/new-cars/mercedes-a_250e,2026-09-23T08:37:57.696Z
ContactCars,https://www.contactcars.com/en/new-cars/mercedes-amg_gt,2026-09-23T08:37:57.696Z
ContactCars,https://www.contactcars.com/en/new-cars/mercedes-b_200,2026-09-23T08:37:57.696Z
ContactCars,https://www.contactcars.com/en/new-cars/mercedes-c180,2026-09-23T08:37:57.696Z
ContactCars,https://www.contactcars.com/en/new-cars/mercedes-c200,2026-09-23T08:37:57.696Z
ContactCars,https://www.contactcars.com/en/new-cars/mercedes-c400,2026-09-23T08:37:57.696Z
ContactCars,https://www.contactcars.com/en/new-cars/mercedes-c_43_amg,2026-09-23T08:37:57.696Z
ContactCars,https://www.contactcars.com/en/new-cars/mercedes-cla_180,2026-09-23T08:37:57.696Z
ContactCars,https://www.contactcars.com/en/new-cars/mercedes-cla_200,2026-09-23T08:37:57.696Z
ContactCars,https://www.contactcars.com/en/new-cars/mercedes-cla_250e,2026-09-23T08:37:57.696Z
ContactCars,https://www.contactcars.com/en/new-cars/mercedes-cla_300,2026-09-23T08:37:57.696Z
ContactCars,https://www.contactcars.com/en/new-cars/mercedes-cle_200,2026-09-23T08:37:57.696Z
ContactCars,https://www.contactcars.com/en/new-cars/mercedes-cle_300,2026-09-23T08:37:57.696Z
ContactCars,https://www.contactcars.com/en/new-cars/mercedes-e200,2026-09-23T08:37:57.696Z
ContactCars,https://www.contactcars.com/en/new-cars/mercedes-e300,2026-09-23T08:37:57.696Z
ContactCars,https://www.contactcars.com/en/new-cars/mercedes-e_cabriolet,2026-09-23T08:37:57.696Z
ContactCars,https://www.contactcars.com/en/new-cars/mercedes-eqa_260,2026-09-23T08:37:57.696Z
ContactCars,https://www.contactcars.com/en/new-cars/mercedes-eqe_500,2026-09-23T08:37:57.696Z
ContactCars,https://www.contactcars.com/en/new-cars/mercedes-eqe_suv,2026-09-23T08:37:57.696Z
ContactCars,https://www.contactcars.com/en/new-cars/mercedes-eqs_suv,2026-09-23T08:37:57.696Z
ContactCars,https://www.contactcars.com/en/new-cars/mercedes-g580_with_eq_technology,2026-09-23T08:37:57.696Z
ContactCars,https://www.contactcars.com/en/new-cars/mercedes-g_500,2026-09-23T08:37:57.696Z
ContactCars,https://www.contactcars.com/en/new-cars/mercedes-g_63,2026-09-23T08:37:57.696Z
ContactCars,https://www.contactcars.com/en/new-cars/mercedes-gla_180,2026-09-23T08:37:57.696Z
ContactCars,https://www.contactcars.com/en/new-cars/mercedes-gla_200,2026-09-23T08:37:57.696Z
ContactCars,https://www.contactcars.com/en/new-cars/mercedes-glb_200,2026-09-23T08:37:57.696Z
ContactCars,https://www.contactcars.com/en/new-cars/mercedes-glc_200,2026-09-23T08:37:57.696Z
ContactCars,https://www.contactcars.com/en/new-cars/mercedes-glc_300,2026-09-23T08:37:57.696Z
ContactCars,https://www.contactcars.com/en/new-cars/mercedes-glc_300_coupe,2026-09-23T08:37:57.696Z
ContactCars,https://www.contactcars.com/en/new-cars/mercedes-glc_400,2026-09-23T08:37:57.696Z
ContactCars,https://www.contactcars.com/en/new-cars/mercedes-glc_43,2026-09-23T08:37:57.696Z
ContactCars,https://www.contactcars.com/en/new-cars/mercedes-gle_450,2026-09-23T08:37:57.696Z
ContactCars,https://www.contactcars.com/en/new-cars/mercedes-gle_53,2026-09-23T08:37:57.696Z
ContactCars,https://www.contactcars.com/en/new-cars/mercedes-gls_580,2026-09-23T08:37:57.696Z
ContactCars,https://www.contactcars.com/en/new-cars/mercedes-gt53,2026-09-23T08:37:57.696Z
ContactCars,https://www.contactcars.com/en/new-cars/mercedes-maybach_s_580,2026-09-23T08:37:57.696Z
ContactCars,https://www.contactcars.com/en/new-cars/mercedes-s450,2026-09-23T08:37:57.696Z
ContactCars,https://www.contactcars.com/en/new-cars/mercedes-s500,2026-09-23T08:37:57.696Z
ContactCars,https://www.contactcars.com/en/new-cars/mercedes-s580,2026-09-23T08:37:57.696Z
ContactCars,https://www.contactcars.com/en/new-cars/mercedes-s63,2026-09-23T08:37:57.696Z
ContactCars,https://www.contactcars.com/en/new-cars/mercedes-sl55_amg,2026-09-23T08:37:57.696Z
ContactCars,https://www.contactcars.com/en/new-cars/mercedes-v300,2026-09-23T08:37:57.696Z
ContactCars,https://www.contactcars.com/en/new-cars/mg-4,2026-09-23T08:37:57.697Z
ContactCars,https://www.contactcars.com/en/new-cars/mg-5,2026-09-23T08:37:57.697Z
ContactCars,https://www.contactcars.com/en/new-cars/mg-7,2026-09-23T08:37:57.697Z
ContactCars,https://www.contactcars.com/en/new-cars/mg-cyberster,2026-09-23T08:37:57.697Z
ContactCars,https://www.contactcars.com/en/new-cars/mg-g50_plus,2026-09-23T08:37:57.697Z
ContactCars,https://www.contactcars.com/en/new-cars/mg-gt,2026-09-23T08:37:57.697Z
ContactCars,https://www.contactcars.com/en/new-cars/mg-hs,2026-09-23T08:37:57.697Z
ContactCars,https://www.contactcars.com/en/new-cars/mg-one,2026-09-23T08:37:57.697Z
ContactCars,https://www.contactcars.com/en/new-cars/mg-rx5,2026-09-23T08:37:57.697Z
ContactCars,https://www.contactcars.com/en/new-cars/mg-rx5_plus,2026-09-23T08:37:57.697Z
ContactCars,https://www.contactcars.com/en/new-cars/mg-rx9,2026-09-23T08:37:57.697Z
ContactCars,https://www.contactcars.com/en/new-cars/mg-zs,2026-09-23T08:37:57.697Z
ContactCars,https://www.contactcars.com/en/new-cars/mini-cooper,2026-09-23T08:37:57.697Z
ContactCars,https://www.contactcars.com/en/new-cars/mini-cooper_countryman,2026-09-23T08:37:57.697Z
ContactCars,https://www.contactcars.com/en/new-cars/mitsubishi-attrage,2026-09-23T08:37:57.696Z
ContactCars,https://www.contactcars.com/en/new-cars/mitsubishi-destinator,2026-09-23T08:37:57.696Z
ContactCars,https://www.contactcars.com/en/new-cars/mitsubishi-eclipse,2026-09-23T08:37:57.696Z
ContactCars,https://www.contactcars.com/en/new-cars/mitsubishi-l200,2026-09-23T08:37:57.696Z
ContactCars,https://www.contactcars.com/en/new-cars/mitsubishi-mirage,2026-09-23T08:37:57.696Z
ContactCars,https://www.contactcars.com/en/new-cars/mitsubishi-outlander,2026-09-23T08:37:57.696Z
ContactCars,https://www.contactcars.com/en/new-cars/mitsubishi-outlander_sport,2026-09-23T08:37:57.696Z
ContactCars,https://www.contactcars.com/en/new-cars/mitsubishi-pajero_sport,2026-09-23T08:37:57.696Z
ContactCars,https://www.contactcars.com/en/new-cars/mitsubishi-xpander,2026-09-23T08:37:57.696Z
ContactCars,https://www.contactcars.com/en/new-cars/nissan-armada,2026-09-23T08:37:57.697Z
ContactCars,https://www.contactcars.com/en/new-cars/nissan-juke,2026-09-23T08:37:57.697Z
ContactCars,https://www.contactcars.com/en/new-cars/nissan-magnite,2026-09-23T08:37:57.697Z
ContactCars,https://www.contactcars.com/en/new-cars/nissan-n7,2026-09-23T08:37:57.697Z
ContactCars,https://www.contactcars.com/en/new-cars/nissan-navara,2026-09-23T08:37:57.697Z
ContactCars,https://www.contactcars.com/en/new-cars/nissan-patrol,2026-09-23T08:37:57.697Z
ContactCars,https://www.contactcars.com/en/new-cars/nissan-qashqai,2026-09-23T08:37:57.697Z
ContactCars,https://www.contactcars.com/en/new-cars/nissan-sentra,2026-09-23T08:37:57.697Z
ContactCars,https://www.contactcars.com/en/new-cars/nissan-sunny,2026-09-23T08:37:57.697Z
ContactCars,https://www.contactcars.com/en/new-cars/nissan-x_trail,2026-09-23T08:37:57.697Z
ContactCars,https://www.contactcars.com/en/new-cars/omoda-c5,2026-09-23T08:37:57.699Z
ContactCars,https://www.contactcars.com/en/new-cars/opel-corsa,2026-09-23T08:37:57.697Z
ContactCars,https://www.contactcars.com/en/new-cars/opel-frontera,2026-09-23T08:37:57.697Z
ContactCars,https://www.contactcars.com/en/new-cars/opel-grand_land,2026-09-23T08:37:57.697Z
ContactCars,https://www.contactcars.com/en/new-cars/opel-mokka,2026-09-23T08:37:57.697Z
ContactCars,https://www.contactcars.com/en/new-cars/opel-vectra,2026-09-23T08:37:57.697Z
ContactCars,https://www.contactcars.com/en/new-cars/peugeot-2008,2026-09-23T08:37:57.697Z
ContactCars,https://www.contactcars.com/en/new-cars/peugeot-3008,2026-09-23T08:37:57.697Z
ContactCars,https://www.contactcars.com/en/new-cars/peugeot-408,2026-09-23T08:37:57.697Z
ContactCars,https://www.contactcars.com/en/new-cars/peugeot-5008,2026-09-23T08:37:57.697Z
ContactCars,https://www.contactcars.com/en/new-cars/porsche-718,2026-09-23T08:37:57.697Z
ContactCars,https://www.contactcars.com/en/new-cars/porsche-718_boxster,2026-09-23T08:37:57.697Z
ContactCars,https://www.contactcars.com/en/new-cars/porsche-911_carrera,2026-09-23T08:37:57.697Z
ContactCars,https://www.contactcars.com/en/new-cars/porsche-911_gt3,2026-09-23T08:37:57.697Z
ContactCars,https://www.contactcars.com/en/new-cars/porsche-911_turbo,2026-09-23T08:37:57.697Z
ContactCars,https://www.contactcars.com/en/new-cars/porsche-carrera,2026-09-23T08:37:57.697Z
ContactCars,https://www.contactcars.com/en/new-cars/porsche-cayenne,2026-09-23T08:37:57.697Z
ContactCars,https://www.contactcars.com/en/new-cars/porsche-cayenne_new,2026-09-23T08:37:57.697Z
ContactCars,https://www.contactcars.com/en/new-cars/porsche-cayenne_s,2026-09-23T08:37:57.697Z
ContactCars,https://www.contactcars.com/en/new-cars/porsche-macan,2026-09-23T08:37:57.697Z
ContactCars,https://www.contactcars.com/en/new-cars/porsche-macan_t,2026-09-23T08:37:57.697Z
ContactCars,https://www.contactcars.com/en/new-cars/porsche-targa,2026-09-23T08:37:57.697Z
ContactCars,https://www.contactcars.com/en/new-cars/porsche-taycan,2026-09-23T08:37:57.697Z
ContactCars,https://www.contactcars.com/en/new-cars/proton-saga,2026-09-23T08:37:57.697Z
ContactCars,https://www.contactcars.com/en/new-cars/range_rover-evoque,2026-09-23T08:37:57.697Z
ContactCars,https://www.contactcars.com/en/new-cars/range_rover-sport,2026-09-23T08:37:57.697Z
ContactCars,https://www.contactcars.com/en/new-cars/range_rover-velar,2026-09-23T08:37:57.697Z
ContactCars,https://www.contactcars.com/en/new-cars/range_rover-vogue,2026-09-23T08:37:57.697Z
ContactCars,https://www.contactcars.com/en/new-cars/rehigh-rh6,2026-09-23T08:37:57.699Z
ContactCars,https://www.contactcars.com/en/new-cars/rehigh-rh8,2026-09-23T08:37:57.699Z
ContactCars,https://www.contactcars.com/en/new-cars/rely-r8,2026-09-23T08:37:57.699Z
ContactCars,https://www.contactcars.com/en/new-cars/renault-austral,2026-09-23T08:37:57.697Z
ContactCars,https://www.contactcars.com/en/new-cars/renault-duster,2026-09-23T08:37:57.697Z
ContactCars,https://www.contactcars.com/en/new-cars/renault-kardian,2026-09-23T08:37:57.697Z
ContactCars,https://www.contactcars.com/en/new-cars/renault-megane,2026-09-23T08:37:57.697Z
ContactCars,https://www.contactcars.com/en/new-cars/renault-sandero,2026-09-23T08:37:57.697Z
ContactCars,https://www.contactcars.com/en/new-cars/renault-sandero_stepway,2026-09-23T08:37:57.697Z
ContactCars,https://www.contactcars.com/en/new-cars/renault-taliant,2026-09-23T08:37:57.697Z
ContactCars,https://www.contactcars.com/en/new-cars/riddara-rd6,2026-09-23T08:37:57.699Z
ContactCars,https://www.contactcars.com/en/new-cars/rolls_royce-cullinan,2026-09-23T08:37:57.698Z
ContactCars,https://www.contactcars.com/en/new-cars/rolls_royce-spectre,2026-09-23T08:37:57.698Z
ContactCars,https://www.contactcars.com/en/new-cars/rox-01,2026-09-23T08:37:57.698Z
ContactCars,https://www.contactcars.com/en/new-cars/rox-adamas,2026-09-23T08:37:57.698Z
ContactCars,https://www.contactcars.com/en/new-cars/sandstorm-s24,2026-09-23T08:37:57.698Z
ContactCars,https://www.contactcars.com/en/new-cars/seat-arona,2026-09-23T08:37:57.696Z
ContactCars,https://www.contactcars.com/en/new-cars/seat-ateca,2026-09-23T08:37:57.696Z
ContactCars,https://www.contactcars.com/en/new-cars/seat-ibiza,2026-09-23T08:37:57.696Z
ContactCars,https://www.contactcars.com/en/new-cars/seat-leon,2026-09-23T08:37:57.696Z
ContactCars,https://www.contactcars.com/en/new-cars/shineray-x30,2026-09-23T08:37:57.698Z
ContactCars,https://www.contactcars.com/en/new-cars/skoda-karoq,2026-09-23T08:37:57.697Z
ContactCars,https://www.contactcars.com/en/new-cars/skoda-kodiaq,2026-09-23T08:37:57.697Z
ContactCars,https://www.contactcars.com/en/new-cars/skoda-octavia,2026-09-23T08:37:57.697Z
ContactCars,https://www.contactcars.com/en/new-cars/skoda-octavia_a8,2026-09-23T08:37:57.697Z
ContactCars,https://www.contactcars.com/en/new-cars/skoda-superb,2026-09-23T08:37:57.697Z
ContactCars,https://www.contactcars.com/en/new-cars/smart-hashtag_1,2026-09-23T08:37:57.698Z
ContactCars,https://www.contactcars.com/en/new-cars/smart-hashtag_3,2026-09-23T08:37:57.698Z
ContactCars,https://www.contactcars.com/en/new-cars/smart-hashtag_5,2026-09-23T08:37:57.698Z
ContactCars,https://www.contactcars.com/en/new-cars/soueast-s_05,2026-09-23T08:37:57.697Z
ContactCars,https://www.contactcars.com/en/new-cars/soueast-s_06,2026-09-23T08:37:57.697Z
ContactCars,https://www.contactcars.com/en/new-cars/soueast-s_07,2026-09-23T08:37:57.697Z
ContactCars,https://www.contactcars.com/en/new-cars/soueast-s_08_dm,2026-09-23T08:37:57.697Z
ContactCars,https://www.contactcars.com/en/new-cars/soueast-s_09,2026-09-23T08:37:57.697Z
ContactCars,https://www.contactcars.com/en/new-cars/speranza-tiggo,2026-09-23T08:37:57.697Z
ContactCars,https://www.contactcars.com/en/new-cars/suzuki-alto,2026-09-23T08:37:57.697Z
ContactCars,https://www.contactcars.com/en/new-cars/suzuki-baleno,2026-09-23T08:37:57.697Z
ContactCars,https://www.contactcars.com/en/new-cars/suzuki-celerio,2026-09-23T08:37:57.697Z
ContactCars,https://www.contactcars.com/en/new-cars/suzuki-ciaz,2026-09-23T08:37:57.697Z
ContactCars,https://www.contactcars.com/en/new-cars/suzuki-dzire,2026-09-23T08:37:57.697Z
ContactCars,https://www.contactcars.com/en/new-cars/suzuki-ertiga,2026-09-23T08:37:57.697Z
ContactCars,https://www.contactcars.com/en/new-cars/suzuki-fronx,2026-09-23T08:37:57.697Z
ContactCars,https://www.contactcars.com/en/new-cars/suzuki-jimny,2026-09-23T08:37:57.697Z
ContactCars,https://www.contactcars.com/en/new-cars/suzuki-spresso,2026-09-23T08:37:57.697Z
ContactCars,https://www.contactcars.com/en/new-cars/suzuki-supercarry,2026-09-23T08:37:57.697Z
ContactCars,https://www.contactcars.com/en/new-cars/suzuki-swift,2026-09-23T08:37:57.697Z
ContactCars,https://www.contactcars.com/en/new-cars/suzuki-van,2026-09-23T08:37:57.697Z
ContactCars,https://www.contactcars.com/en/new-cars/tesla-cybertruck,2026-09-23T08:37:57.698Z
ContactCars,https://www.contactcars.com/en/new-cars/tesla-model__y,2026-09-23T08:37:57.698Z
ContactCars,https://www.contactcars.com/en/new-cars/toyota-bz4x,2026-09-23T08:37:57.696Z
ContactCars,https://www.contactcars.com/en/new-cars/toyota-corolla,2026-09-23T08:37:57.696Z
ContactCars,https://www.contactcars.com/en/new-cars/toyota-fortuner,2026-09-23T08:37:57.696Z
ContactCars,https://www.contactcars.com/en/new-cars/toyota-hiace,2026-09-23T08:37:57.696Z
ContactCars,https://www.contactcars.com/en/new-cars/toyota-hilux,2026-09-23T08:37:57.696Z
ContactCars,https://www.contactcars.com/en/new-cars/toyota-land_cruiser,2026-09-23T08:37:57.696Z
ContactCars,https://www.contactcars.com/en/new-cars/toyota-tamaraw,2026-09-23T08:37:57.696Z
ContactCars,https://www.contactcars.com/en/new-cars/toyota-urban_cruiser,2026-09-23T08:37:57.696Z
ContactCars,https://www.contactcars.com/en/new-cars/vgv-u70_p_plus,2026-09-23T08:37:57.698Z
ContactCars,https://www.contactcars.com/en/new-cars/volkswagen-golf,2026-09-23T08:37:57.697Z
ContactCars,https://www.contactcars.com/en/new-cars/volkswagen-id7,2026-09-23T08:37:57.697Z
ContactCars,https://www.contactcars.com/en/new-cars/volkswagen-id_era_9x,2026-09-23T08:37:57.697Z
ContactCars,https://www.contactcars.com/en/new-cars/volkswagen-passat,2026-09-23T08:37:57.697Z
ContactCars,https://www.contactcars.com/en/new-cars/volkswagen-t_roc,2026-09-23T08:37:57.697Z
ContactCars,https://www.contactcars.com/en/new-cars/volkswagen-tayron,2026-09-23T08:37:57.697Z
ContactCars,https://www.contactcars.com/en/new-cars/volkswagen-tiguan,2026-09-23T08:37:57.697Z
ContactCars,https://www.contactcars.com/en/new-cars/volkswagen-touareg,2026-09-23T08:37:57.697Z
ContactCars,https://www.contactcars.com/en/new-cars/volvo-es90,2026-09-23T08:37:57.697Z
ContactCars,https://www.contactcars.com/en/new-cars/volvo-ex30,2026-09-23T08:37:57.697Z
ContactCars,https://www.contactcars.com/en/new-cars/volvo-ex90,2026-09-23T08:37:57.697Z
ContactCars,https://www.contactcars.com/en/new-cars/volvo-xc_40,2026-09-23T08:37:57.696Z
ContactCars,https://www.contactcars.com/en/new-cars/volvo-xc_60,2026-09-23T08:37:57.696Z
ContactCars,https://www.contactcars.com/en/new-cars/volvo-xc_90,2026-09-23T08:37:57.696Z
ContactCars,https://www.contactcars.com/en/new-cars/voyah-dream,2026-09-23T08:37:57.698Z
ContactCars,https://www.contactcars.com/en/new-cars/voyah-free,2026-09-23T08:37:57.698Z
ContactCars,https://www.contactcars.com/en/new-cars/wingamm-oasi_540,2026-09-23T08:37:57.698Z
ContactCars,https://www.contactcars.com/en/new-cars/xiaomi-su7,2026-09-23T08:37:57.698Z
ContactCars,https://www.contactcars.com/en/new-cars/xiaomi-yu7,2026-09-23T08:37:57.698Z
ContactCars,https://www.contactcars.com/en/new-cars/xpeng-g6,2026-09-23T08:37:57.698Z
ContactCars,https://www.contactcars.com/en/new-cars/xpeng-g7,2026-09-23T08:37:57.698Z
ContactCars,https://www.contactcars.com/en/new-cars/xpeng-g9,2026-09-23T08:37:57.698Z
ContactCars,https://www.contactcars.com/en/new-cars/xpeng-gx,2026-09-23T08:37:57.698Z
ContactCars,https://www.contactcars.com/en/new-cars/xpeng-mona_l03,2026-09-23T08:37:57.698Z
ContactCars,https://www.contactcars.com/en/new-cars/xpeng-mona_mo3,2026-09-23T08:37:57.698Z
ContactCars,https://www.contactcars.com/en/new-cars/xpeng-next_p7,2026-09-23T08:37:57.698Z
ContactCars,https://www.contactcars.com/en/new-cars/xpeng-x9,2026-09-23T08:37:57.698Z
ContactCars,https://www.contactcars.com/en/new-cars/zeekr-001,2026-09-23T08:37:57.698Z
ContactCars,https://www.contactcars.com/en/new-cars/zeekr-007,2026-09-23T08:37:57.698Z
ContactCars,https://www.contactcars.com/en/new-cars/zeekr-7x,2026-09-23T08:37:57.698Z
ContactCars,https://www.contactcars.com/en/new-cars/zeekr-9x,2026-09-23T08:37:57.698Z
ContactCars,https://www.contactcars.com/en/new-cars/zeekr-x,2026-09-23T08:37:57.698Z
EgyCar,https://www.egy-car.com/aeolus-e70-pro,2026-05-30T20:40:16+00:00
EgyCar,https://www.egy-car.com/aeolus-huge,2026-07-16T11:48:01+00:00
EgyCar,https://www.egy-car.com/alfa-romeo-giulia,2026-05-30T19:42:54+00:00
EgyCar,https://www.egy-car.com/alfa-romeo-tonale,2026-05-30T19:46:20+00:00
EgyCar,https://www.egy-car.com/alfaromeo-giulietta,2026-05-30T20:50:47+00:00
EgyCar,https://www.egy-car.com/alfaromeo-stelvio,2026-05-30T19:45:16+00:00
EgyCar,https://www.egy-car.com/arcfox-alpha-s5,2026-05-30T22:28:00+00:00
EgyCar,https://www.egy-car.com/arcfox-alpha-t1,2026-05-30T22:29:15+00:00
EgyCar,https://www.egy-car.com/arcfox-alpha-t5,2026-05-30T22:27:50+00:00
EgyCar,https://www.egy-car.com/arcfox-kaola,2026-05-30T22:28:56+00:00
EgyCar,https://www.egy-car.com/audi-a3,2026-05-30T19:19:18+00:00
EgyCar,https://www.egy-car.com/audi-a4,2026-05-30T19:22:10+00:00
EgyCar,https://www.egy-car.com/audi-a5,2026-05-30T19:45:04+00:00
EgyCar,https://www.egy-car.com/audi-a6,2026-05-30T22:43:58+00:00
EgyCar,https://www.egy-car.com/audi-a7,2026-05-30T19:50:14+00:00
EgyCar,https://www.egy-car.com/audi-a8,2026-05-30T19:51:12+00:00
EgyCar,https://www.egy-car.com/audi-q2,2026-05-30T19:42:33+00:00
EgyCar,https://www.egy-car.com/audi-q3,2026-05-30T22:44:05+00:00
EgyCar,https://www.egy-car.com/audi-q7,2026-05-30T19:51:03+00:00
EgyCar,https://www.egy-car.com/audi-q8,2026-05-30T19:46:28+00:00
EgyCar,https://www.egy-car.com/audi-q8-e-tron,2026-05-30T20:49:02+00:00
EgyCar,https://www.egy-car.com/audi-rs-e-tron,2026-05-30T20:49:08+00:00
EgyCar,https://www.egy-car.com/avatr-07,2026-07-18T20:27:19+00:00
EgyCar,https://www.egy-car.com/avatr-11,2026-05-30T22:31:57+00:00
EgyCar,https://www.egy-car.com/avatr-12,2026-05-30T22:31:49+00:00
EgyCar,https://www.egy-car.com/baic-bj30,2026-07-24T15:33:18+00:00
EgyCar,https://www.egy-car.com/baic-u5-plus,2026-09-12T14:11:36+00:00
EgyCar,https://www.egy-car.com/baic-x3,2026-05-30T22:40:00+00:00
EgyCar,https://www.egy-car.com/baic-x5,2026-05-30T20:27:32+00:00
EgyCar,https://www.egy-car.com/baic-x55,2026-09-12T14:02:37+00:00
EgyCar,https://www.egy-car.com/baic-x7,2026-09-12T14:03:58+00:00
EgyCar,https://www.egy-car.com/bestune-b70,2026-09-08T16:24:35+00:00
EgyCar,https://www.egy-car.com/bestune-b70s,2026-09-08T16:24:54+00:00
EgyCar,https://www.egy-car.com/bestune-t33,2026-05-30T20:19:57+00:00
EgyCar,https://www.egy-car.com/bestune-t55,2026-09-08T16:24:10+00:00
EgyCar,https://www.egy-car.com/bestune-t77-pro,2026-09-08T16:23:50+00:00
EgyCar,https://www.egy-car.com/bmw-118,2026-05-30T19:49:48+00:00
EgyCar,https://www.egy-car.com/bmw-218i,2026-05-30T19:46:40+00:00
EgyCar,https://www.egy-car.com/bmw-320,2026-05-30T19:43:49+00:00
EgyCar,https://www.egy-car.com/bmw-330i,2026-05-30T20:36:48+00:00
EgyCar,https://www.egy-car.com/bmw-420i,2026-05-30T20:36:29+00:00
EgyCar,https://www.egy-car.com/bmw-520,2026-05-30T19:44:37+00:00
EgyCar,https://www.egy-car.com/bmw-530i,2026-05-30T20:36:56+00:00
EgyCar,https://www.egy-car.com/bmw-740,2026-05-30T19:53:00+00:00
EgyCar,https://www.egy-car.com/bmw-760i,2026-05-30T19:58:29+00:00
EgyCar,https://www.egy-car.com/bmw-850,2026-05-30T19:52:53+00:00
EgyCar,https://www.egy-car.com/bmw-i4,2026-05-30T20:50:19+00:00
EgyCar,https://www.egy-car.com/bmw-i5,2026-05-30T20:49:23+00:00
EgyCar,https://www.egy-car.com/bmw-i7,2026-05-30T20:56:32+00:00
EgyCar,https://www.egy-car.com/bmw-ix,2026-05-30T20:49:16+00:00
EgyCar,https://www.egy-car.com/bmw-ix1,2026-05-30T20:50:29+00:00
EgyCar,https://www.egy-car.com/bmw-ix2,2026-05-30T20:50:37+00:00
EgyCar,https://www.egy-car.com/bmw-ix3,2026-07-04T10:00:16+00:00
EgyCar,https://www.egy-car.com/bmw-m235i,2026-05-30T20:36:20+00:00
EgyCar,https://www.egy-car.com/bmw-m340i,2026-05-30T20:36:10+00:00
EgyCar,https://www.egy-car.com/bmw-x1,2026-05-30T19:49:38+00:00
EgyCar,https://www.egy-car.com/bmw-x2,2026-05-30T19:53:10+00:00
EgyCar,https://www.egy-car.com/bmw-x3,2026-05-30T19:52:16+00:00
EgyCar,https://www.egy-car.com/bmw-x4,2026-05-30T19:52:27+00:00
EgyCar,https://www.egy-car.com/bmw-x5,2026-05-30T19:52:04+00:00
EgyCar,https://www.egy-car.com/bmw-x6,2026-05-30T19:50:53+00:00
EgyCar,https://www.egy-car.com/bmw-x7,2026-05-30T20:36:36+00:00
EgyCar,https://www.egy-car.com/bmw-z4,2026-05-30T19:52:44+00:00
EgyCar,https://www.egy-car.com/brilliance-h530,2026-05-30T20:35:01+00:00
EgyCar,https://www.egy-car.com/brilliance-v6,2026-05-30T19:15:17+00:00
EgyCar,https://www.egy-car.com/byd-atto-2,2026-09-25T01:22:37+00:00
EgyCar,https://www.egy-car.com/byd-atto-8,2026-05-30T22:46:33+00:00
EgyCar,https://www.egy-car.com/byd-dolphin-surf,2026-07-04T10:19:01+00:00
EgyCar,https://www.egy-car.com/byd-f3,2026-05-30T17:43:45+00:00
EgyCar,https://www.egy-car.com/byd-l3,2026-05-30T20:16:07+00:00
EgyCar,https://www.egy-car.com/byd-s5,2026-05-30T18:33:32+00:00
EgyCar,https://www.egy-car.com/byd-sealion-5,2026-05-30T22:47:24+00:00
EgyCar,https://www.egy-car.com/byd-sealion-6,2026-05-30T22:39:36+00:00
EgyCar,https://www.egy-car.com/byd-sealion-6-dm-i,2026-05-30T22:39:27+00:00
EgyCar,https://www.egy-car.com/byd-ti-7,2026-07-04T10:32:27+00:00
EgyCar,https://www.egy-car.com/cadillac-escalade,2026-05-30T22:45:45+00:00
EgyCar,https://www.egy-car.com/cadillac-lyriq,2026-05-30T22:43:22+00:00
EgyCar,https://www.egy-car.com/cadillac-optiq,2026-05-30T22:45:40+00:00
EgyCar,https://www.egy-car.com/cadillac-vistiq,2026-05-30T22:45:50+00:00
EgyCar,https://www.egy-car.com/changan-alsvin,2026-05-30T20:14:26+00:00
EgyCar,https://www.egy-car.com/changan-cs15,2026-05-30T20:14:08+00:00
EgyCar,https://www.egy-car.com/changan-cs35-plus,2026-09-17T14:08:37+00:00
EgyCar,https://www.egy-car.com/changan-cs55,2026-05-30T20:15:54+00:00
EgyCar,https://www.egy-car.com/changan-cs55-plus,2026-09-17T14:05:42+00:00
EgyCar,https://www.egy-car.com/changan-cs75-plus,2026-09-17T13:43:58+00:00
EgyCar,https://www.egy-car.com/changan-eado,2026-09-17T13:40:47+00:00
EgyCar,https://www.egy-car.com/changan-eado-plus,2026-09-17T13:48:11+00:00
EgyCar,https://www.egy-car.com/changan-uni-t,2026-09-17T14:00:32+00:00
EgyCar,https://www.egy-car.com/changan-uni-v,2026-09-17T13:54:35+00:00
EgyCar,https://www.egy-car.com/chery-arrizo-5,2026-08-18T08:27:48+00:00
EgyCar,https://www.egy-car.com/chery-arrizo-6-gt,2026-09-25T00:40:29+00:00
EgyCar,https://www.egy-car.com/chery-arrizo-8,2026-05-30T22:20:15+00:00
EgyCar,https://www.egy-car.com/chery-envy,2026-05-30T18:45:03+00:00
EgyCar,https://www.egy-car.com/chery-eq7,2026-05-30T20:56:58+00:00
EgyCar,https://www.egy-car.com/chery-tiggo-3,2026-05-30T18:39:50+00:00
EgyCar,https://www.egy-car.com/chery-tiggo-4-pro,2026-08-18T08:25:08+00:00
EgyCar,https://www.egy-car.com/chery-tiggo-7,2026-09-08T16:28:50+00:00
EgyCar,https://www.egy-car.com/chery-tiggo-7-pro,2026-08-24T18:17:44+00:00
EgyCar,https://www.egy-car.com/chery-tiggo-7-pro-max,2026-08-23T11:21:24+00:00
EgyCar,https://www.egy-car.com/chery-tiggo-8,2026-06-15T09:39:49+00:00
EgyCar,https://www.egy-car.com/chery-tiggo-8-pro,2026-05-30T20:33:54+00:00
EgyCar,https://www.egy-car.com/chery-tiggo-9,2026-09-25T01:17:52+00:00
EgyCar,https://www.egy-car.com/chevrolet-aveo,2026-05-30T17:39:16+00:00
EgyCar,https://www.egy-car.com/chevrolet-captiva,2026-07-15T14:33:13+00:00
EgyCar,https://www.egy-car.com/chevrolet-captiva-ev,2026-05-30T22:37:34+00:00
EgyCar,https://www.egy-car.com/chevrolet-equinox,2026-05-30T19:02:09+00:00
EgyCar,https://www.egy-car.com/chevrolet-lanos,2026-05-30T17:38:49+00:00
EgyCar,https://www.egy-car.com/chevrolet-malibu,2026-05-30T17:43:37+00:00
EgyCar,https://www.egy-car.com/chevrolet-optra,2026-07-04T10:21:43+00:00
EgyCar,https://www.egy-car.com/chevrolet-spark-euv,2026-05-30T22:37:24+00:00
EgyCar,https://www.egy-car.com/citroen-c-elysee,2026-05-30T19:04:17+00:00
EgyCar,https://www.egy-car.com/citroen-c3,2026-05-30T20:18:41+00:00
EgyCar,https://www.egy-car.com/citroen-c3-aircross,2026-09-24T12:21:47+00:00
EgyCar,https://www.egy-car.com/citroen-c4,2026-09-24T12:23:45+00:00
EgyCar,https://www.egy-car.com/citroen-c4-spacetourer,2024-08-10T23:47:19+00:00
EgyCar,https://www.egy-car.com/citroen-c4x,2026-07-15T14:57:00+00:00
EgyCar,https://www.egy-car.com/citroen-c5-aircross,2026-07-15T14:51:08+00:00
EgyCar,https://www.egy-car.com/cupra-formentor,2026-08-22T12:13:32+00:00
EgyCar,https://www.egy-car.com/cupra-leon,2026-08-22T12:12:37+00:00
EgyCar,https://www.egy-car.com/cupra-terramar,2026-08-22T12:11:46+00:00
EgyCar,https://www.egy-car.com/deepal-g318,2026-09-14T15:03:15+00:00
EgyCar,https://www.egy-car.com/deepal-s05,2026-08-15T09:29:21+00:00
EgyCar,https://www.egy-car.com/deepal-s07,2026-08-15T09:30:35+00:00
EgyCar,https://www.egy-car.com/dfm-007,2026-05-30T22:21:29+00:00
EgyCar,https://www.egy-car.com/dfm-007-reev,2026-05-30T22:43:50+00:00
EgyCar,https://www.egy-car.com/dfm-008,2026-05-30T22:43:44+00:00
EgyCar,https://www.egy-car.com/dfm-aeolus-mage,2026-05-30T22:21:24+00:00
EgyCar,https://www.egy-car.com/dfm-aeolus-shine,2026-05-30T20:31:07+00:00
EgyCar,https://www.egy-car.com/dfm-box,2026-05-30T22:21:19+00:00
EgyCar,https://www.egy-car.com/dfm-mhero-1,2026-05-30T22:21:40+00:00
EgyCar,https://www.egy-car.com/dfm-voyah-free,2026-05-30T22:21:14+00:00
EgyCar,https://www.egy-car.com/dfm-voyah-passion,2026-05-30T22:21:35+00:00
EgyCar,https://www.egy-car.com/dfsk-600,2026-05-30T22:41:12+00:00
EgyCar,https://www.egy-car.com/dfsk-e5,2026-05-30T22:41:17+00:00
EgyCar,https://www.egy-car.com/dfsk-e5-plus,2026-05-30T22:41:08+00:00
EgyCar,https://www.egy-car.com/ds-3,2026-05-30T19:08:49+00:00
EgyCar,https://www.egy-car.com/ds-4,2026-05-30T20:41:26+00:00
EgyCar,https://www.egy-car.com/ds-7,2026-05-30T19:07:06+00:00
EgyCar,https://www.egy-car.com/eagle-580,2026-05-30T20:06:59+00:00
EgyCar,https://www.egy-car.com/eagle-pro,2026-05-30T20:32:09+00:00
EgyCar,https://www.egy-car.com/exeed-es,2026-05-30T22:34:31+00:00
EgyCar,https://www.egy-car.com/exeed-et,2026-05-30T22:35:38+00:00
EgyCar,https://www.egy-car.com/exeed-lx,2026-09-13T12:45:14+00:00
EgyCar,https://www.egy-car.com/exeed-rx,2026-09-13T12:48:28+00:00
EgyCar,https://www.egy-car.com/exeed-vx,2026-09-13T12:51:19+00:00
EgyCar,https://www.egy-car.com/fiat-500,2026-05-30T18:55:53+00:00
EgyCar,https://www.egy-car.com/fiat-500x,2026-07-16T11:54:14+00:00
EgyCar,https://www.egy-car.com/fiat-ponto,2026-05-30T17:42:38+00:00
EgyCar,https://www.egy-car.com/fiat-tipo,2026-05-30T17:47:50+00:00
EgyCar,https://www.egy-car.com/ford-ecosport,2024-08-11T00:10:12+00:00
EgyCar,https://www.egy-car.com/ford-fiesta,2024-08-11T00:06:56+00:00
EgyCar,https://www.egy-car.com/ford-focus,2026-05-30T20:12:42+00:00
EgyCar,https://www.egy-car.com/ford-fusion,2026-05-30T19:14:08+00:00
EgyCar,https://www.egy-car.com/ford-kuga,2026-05-30T19:21:53+00:00
EgyCar,https://www.egy-car.com/forthing-s7-ev,2026-05-30T22:36:11+00:00
EgyCar,https://www.egy-car.com/forthing-s7-reev,2026-05-30T22:37:45+00:00
EgyCar,https://www.egy-car.com/forthing-t5-ev,2026-05-30T22:36:18+00:00
EgyCar,https://www.egy-car.com/forthing-t5-evo,2026-05-30T22:36:03+00:00
EgyCar,https://www.egy-car.com/forthing-t5-reev,2026-05-30T22:36:23+00:00
EgyCar,https://www.egy-car.com/gac-aion-y,2026-05-30T22:27:28+00:00
EgyCar,https://www.egy-car.com/gac-emkoo,2026-05-30T20:45:02+00:00
EgyCar,https://www.egy-car.com/gac-empow,2026-09-13T13:15:15+00:00
EgyCar,https://www.egy-car.com/gac-gs3-emzoom,2026-09-13T13:12:50+00:00
EgyCar,https://www.egy-car.com/gac-gs4,2026-05-30T20:44:55+00:00
EgyCar,https://www.egy-car.com/gac-gs4-max,2026-09-13T13:10:42+00:00
EgyCar,https://www.egy-car.com/galaxy-ex2,2026-06-02T11:11:48+00:00
EgyCar,https://www.egy-car.com/galaxy-ex5,2026-06-02T11:12:06+00:00
EgyCar,https://www.egy-car.com/galaxy-ex5-emi,2026-06-02T11:12:01+00:00
EgyCar,https://www.egy-car.com/geely-cityray,2026-09-12T14:29:00+00:00
EgyCar,https://www.egy-car.com/geely-coolray,2026-09-12T14:52:12+00:00
EgyCar,https://www.egy-car.com/geely-emgrand,2026-09-12T14:51:59+00:00
EgyCar,https://www.egy-car.com/geely-geometry-c,2026-05-30T20:39:38+00:00
EgyCar,https://www.egy-car.com/geely-gx3-pro,2026-09-12T14:49:52+00:00
EgyCar,https://www.egy-car.com/geely-monjaro,2026-09-13T21:25:41+00:00
EgyCar,https://www.egy-car.com/geely-okavango,2026-07-16T11:50:35+00:00
EgyCar,https://www.egy-car.com/geely-starray,2026-09-12T14:50:03+00:00
EgyCar,https://www.egy-car.com/haval-h6,2026-08-06T20:35:44+00:00
EgyCar,https://www.egy-car.com/haval-h6-hev,2026-09-08T16:23:15+00:00
EgyCar,https://www.egy-car.com/haval-h7,2026-09-08T16:13:52+00:00
EgyCar,https://www.egy-car.com/haval-jolion,2026-08-23T11:29:34+00:00
EgyCar,https://www.egy-car.com/haval-jolion-pro,2026-05-30T20:57:09+00:00
EgyCar,https://www.egy-car.com/haval-v7,2026-09-10T09:34:39+00:00
EgyCar,https://www.egy-car.com/honda-accord,2026-07-16T11:51:13+00:00
EgyCar,https://www.egy-car.com/honda-city,2026-05-30T19:03:59+00:00
EgyCar,https://www.egy-car.com/honda-civic,2024-08-11T06:39:03+00:00
EgyCar,https://www.egy-car.com/honda-crv,2026-07-16T11:51:20+00:00
EgyCar,https://www.egy-car.com/honda-hrv,2026-05-30T19:03:46+00:00
EgyCar,https://www.egy-car.com/honda-zrv,2026-05-30T20:55:07+00:00
EgyCar,https://www.egy-car.com/hongqi-e-hs9,2026-05-30T22:30:44+00:00
EgyCar,https://www.egy-car.com/hongqi-h9,2026-05-30T22:30:50+00:00
EgyCar,https://www.egy-car.com/hongqi-hs3,2026-05-30T22:31:02+00:00
EgyCar,https://www.egy-car.com/hongqi-ousado,2026-05-30T22:30:35+00:00
EgyCar,https://www.egy-car.com/hyundai-accent,2026-05-30T17:38:24+00:00
EgyCar,https://www.egy-car.com/hyundai-accent-rb,2026-05-30T20:08:50+00:00
EgyCar,https://www.egy-car.com/hyundai-bayon,2026-05-30T20:25:28+00:00
EgyCar,https://www.egy-car.com/hyundai-creta,2026-05-30T17:48:02+00:00
EgyCar,https://www.egy-car.com/hyundai-elantra-ad,2026-07-15T14:29:32+00:00
EgyCar,https://www.egy-car.com/hyundai-elantra-cn7,2026-05-30T20:08:44+00:00
EgyCar,https://www.egy-car.com/hyundai-elantra-hd,2026-05-30T17:41:29+00:00
EgyCar,https://www.egy-car.com/hyundai-i10,2026-05-30T18:37:24+00:00
EgyCar,https://www.egy-car.com/hyundai-i20,2026-05-30T20:13:50+00:00
EgyCar,https://www.egy-car.com/hyundai-i30,2026-05-30T22:24:04+00:00
EgyCar,https://www.egy-car.com/hyundai-ioniq,2026-05-30T18:37:13+00:00
EgyCar,https://www.egy-car.com/hyundai-ioniq-5,2026-05-30T22:14:56+00:00
EgyCar,https://www.egy-car.com/hyundai-ioniq-6,2026-05-30T22:14:27+00:00
EgyCar,https://www.egy-car.com/hyundai-santa-fe,2026-07-15T14:27:01+00:00
EgyCar,https://www.egy-car.com/hyundai-sonata,2026-05-30T17:41:53+00:00
EgyCar,https://www.egy-car.com/hyundai-tucson,2026-05-30T17:49:34+00:00
EgyCar,https://www.egy-car.com/hyundai-venue,2026-09-25T01:00:48+00:00
EgyCar,https://www.egy-car.com/hyundai-verna,2026-05-30T17:47:56+00:00
EgyCar,https://www.egy-car.com/icaur-v27,2026-08-18T18:33:49+00:00
EgyCar,https://www.egy-car.com/im-5,2026-07-25T12:30:23+00:00
EgyCar,https://www.egy-car.com/im-6,2026-07-25T12:32:36+00:00
EgyCar,https://www.egy-car.com/im-ls7,2026-07-25T12:34:13+00:00
EgyCar,https://www.egy-car.com/im-ls9,2026-07-21T18:55:11+00:00
EgyCar,https://www.egy-car.com/jac-j7,2026-09-14T15:01:11+00:00
EgyCar,https://www.egy-car.com/jac-js2,2026-09-23T10:48:49+00:00
EgyCar,https://www.egy-car.com/jac-js3,2026-05-30T19:18:57+00:00
EgyCar,https://www.egy-car.com/jac-js4,2026-05-30T19:18:44+00:00
EgyCar,https://www.egy-car.com/jac-js6,2026-09-14T14:55:19+00:00
EgyCar,https://www.egy-car.com/jac-js8-pro,2026-09-13T13:19:02+00:00
EgyCar,https://www.egy-car.com/jac-s7,2026-05-30T19:14:57+00:00
EgyCar,https://www.egy-car.com/jaguar-e-pace,2026-05-30T20:04:30+00:00
EgyCar,https://www.egy-car.com/jaguar-ex,2026-05-30T20:02:59+00:00
EgyCar,https://www.egy-car.com/jaguar-f-pace,2026-05-30T20:03:09+00:00
EgyCar,https://www.egy-car.com/jaguar-f-type,2026-05-30T20:04:37+00:00
EgyCar,https://www.egy-car.com/jaguar-xf,2026-05-30T20:04:44+00:00
EgyCar,https://www.egy-car.com/jeep-grand-cherokee,2026-09-14T15:18:18+00:00
EgyCar,https://www.egy-car.com/jeep-renegade,2026-05-30T19:47:14+00:00
EgyCar,https://www.egy-car.com/jeep-wrangler,2026-05-30T19:47:04+00:00
EgyCar,https://www.egy-car.com/jetour-dashing,2026-07-11T13:41:02+00:00
EgyCar,https://www.egy-car.com/jetour-t1,2026-07-11T13:32:04+00:00
EgyCar,https://www.egy-car.com/jetour-t2,2026-07-11T13:30:43+00:00
EgyCar,https://www.egy-car.com/jetour-t2-phev,2026-08-22T14:21:54+00:00
EgyCar,https://www.egy-car.com/jetour-x70,2026-07-08T12:10:34+00:00
EgyCar,https://www.egy-car.com/jetour-x70-plus,2026-09-13T13:19:00+00:00
EgyCar,https://www.egy-car.com/jetour-x90-plus,2026-07-11T13:49:55+00:00
EgyCar,https://www.egy-car.com/jetour-x95,2026-05-30T20:20:51+00:00
EgyCar,https://www.egy-car.com/kaiyi-e5,2026-09-19T12:25:00+00:00
EgyCar,https://www.egy-car.com/kaiyi-x3,2025-03-12T15:04:25+00:00
EgyCar,https://www.egy-car.com/kaiyi-x3-pro,2026-09-19T12:23:29+00:00
EgyCar,https://www.egy-car.com/kaiyi-x7,2026-09-21T11:12:32+00:00
EgyCar,https://www.egy-car.com/kaiyi-x7-phev,2026-07-05T13:29:35+00:00
EgyCar,https://www.egy-car.com/kgm-actyon,2026-09-12T14:14:32+00:00
EgyCar,https://www.egy-car.com/kia-carens,2026-05-30T18:35:31+00:00
EgyCar,https://www.egy-car.com/kia-carnival,2026-05-30T18:49:05+00:00
EgyCar,https://www.egy-car.com/kia-ceed,2026-05-30T18:28:32+00:00
EgyCar,https://www.egy-car.com/kia-cerato,2026-05-30T17:45:04+00:00
EgyCar,https://www.egy-car.com/kia-ev3,2026-05-30T22:32:32+00:00
EgyCar,https://www.egy-car.com/kia-ev5,2026-05-30T22:32:22+00:00
EgyCar,https://www.egy-car.com/kia-ev6,2026-05-30T22:32:50+00:00
EgyCar,https://www.egy-car.com/kia-ev9,2026-05-30T22:32:40+00:00
EgyCar,https://www.egy-car.com/kia-k4,2026-05-30T22:22:28+00:00
EgyCar,https://www.egy-car.com/kia-pegas,2026-05-30T17:46:42+00:00
EgyCar,https://www.egy-car.com/kia-picanto,2026-05-30T17:47:30+00:00
EgyCar,https://www.egy-car.com/kia-rio,2026-05-30T17:47:41+00:00
EgyCar,https://www.egy-car.com/kia-seltos,2026-05-30T22:22:36+00:00
EgyCar,https://www.egy-car.com/kia-sorento,2026-05-30T18:38:28+00:00
EgyCar,https://www.egy-car.com/kia-soul,2026-05-30T18:21:35+00:00
EgyCar,https://www.egy-car.com/kia-sportage,2026-09-13T12:57:00+00:00
EgyCar,https://www.egy-car.com/kia-xceed,2026-05-30T20:18:34+00:00
EgyCar,https://www.egy-car.com/lada-granta,2026-05-30T18:45:36+00:00
EgyCar,https://www.egy-car.com/lada-granta-lb,2026-05-30T20:05:18+00:00
EgyCar,https://www.egy-car.com/lada-largusc,2026-05-30T19:50:21+00:00
EgyCar,https://www.egy-car.com/landrover-defender,2026-05-30T20:07:15+00:00
EgyCar,https://www.egy-car.com/landrover-discovery,2026-05-30T20:01:00+00:00
EgyCar,https://www.egy-car.com/landrover-discovery-sport,2026-05-30T19:59:59+00:00
EgyCar,https://www.egy-car.com/landrover-rangerover-evoque,2026-05-30T20:00:08+00:00
EgyCar,https://www.egy-car.com/landrover-rangerover-velar,2026-05-30T20:01:09+00:00
EgyCar,https://www.egy-car.com/lexus-es350,2026-05-30T20:02:33+00:00
EgyCar,https://www.egy-car.com/lexus-ls500,2026-05-30T20:02:22+00:00
EgyCar,https://www.egy-car.com/lexus-ls570,2026-05-30T20:02:50+00:00
EgyCar,https://www.egy-car.com/lexus-rx350,2026-05-30T20:02:42+00:00
EgyCar,https://www.egy-car.com/li-l6,2026-05-30T22:33:22+00:00
EgyCar,https://www.egy-car.com/li-l7,2026-05-30T22:34:49+00:00
EgyCar,https://www.egy-car.com/li-l9,2026-05-30T22:34:42+00:00
EgyCar,https://www.egy-car.com/lotus-eletre,2026-05-30T20:48:34+00:00
EgyCar,https://www.egy-car.com/lotus-emira,2026-05-30T20:45:14+00:00
EgyCar,https://www.egy-car.com/lynk-co-03,2026-05-30T22:46:43+00:00
EgyCar,https://www.egy-car.com/lynk-co-08,2026-05-30T22:42:36+00:00
EgyCar,https://www.egy-car.com/lynk-co-900,2026-05-30T22:42:29+00:00
EgyCar,https://www.egy-car.com/lynkco-02,2026-05-30T22:27:36+00:00
EgyCar,https://www.egy-car.com/lynkco-06,2026-05-30T22:16:20+00:00
EgyCar,https://www.egy-car.com/maserati-ghibli,2026-05-30T20:06:11+00:00
EgyCar,https://www.egy-car.com/maserati-levante,2026-05-30T20:07:08+00:00
EgyCar,https://www.egy-car.com/maserati-quattroporte,2026-05-30T20:06:22+00:00
EgyCar,https://www.egy-car.com/mazda-3,2026-05-30T17:44:54+00:00
EgyCar,https://www.egy-car.com/mazda-cx3,2026-05-30T20:13:42+00:00
EgyCar,https://www.egy-car.com/mercedes-a180,2026-05-30T19:43:37+00:00
EgyCar,https://www.egy-car.com/mercedes-a200,2026-05-30T19:48:18+00:00
EgyCar,https://www.egy-car.com/mercedes-amg-a35,2026-05-30T19:57:35+00:00
EgyCar,https://www.egy-car.com/mercedes-amg-e53,2026-05-30T20:39:48+00:00
EgyCar,https://www.egy-car.com/mercedes-amg-glc43,2026-05-30T19:57:17+00:00
EgyCar,https://www.egy-car.com/mercedes-amg-gt43,2026-05-30T19:56:33+00:00
EgyCar,https://www.egy-car.com/mercedes-amg-gt53,2026-05-30T19:56:25+00:00
EgyCar,https://www.egy-car.com/mercedes-b200,2026-05-30T19:47:53+00:00
EgyCar,https://www.egy-car.com/mercedes-c180,2025-11-02T17:04:51+00:00
EgyCar,https://www.egy-car.com/mercedes-c200,2026-05-30T19:44:51+00:00
EgyCar,https://www.egy-car.com/mercedes-c300,2026-05-30T19:46:51+00:00
EgyCar,https://www.egy-car.com/mercedes-cla180,2026-05-30T19:48:04+00:00
EgyCar,https://www.egy-car.com/mercedes-cla200,2026-05-30T19:48:37+00:00
EgyCar,https://www.egy-car.com/mercedes-cle,2026-05-30T20:55:01+00:00
EgyCar,https://www.egy-car.com/mercedes-cls350,2026-05-30T19:50:07+00:00
EgyCar,https://www.egy-car.com/mercedes-e200,2026-05-30T19:45:40+00:00
EgyCar,https://www.egy-car.com/mercedes-e300,2026-05-30T19:48:27+00:00
EgyCar,https://www.egy-car.com/mercedes-eqa,2026-05-30T20:52:15+00:00
EgyCar,https://www.egy-car.com/mercedes-eqb,2026-05-30T20:51:59+00:00
EgyCar,https://www.egy-car.com/mercedes-eqe,2026-05-30T20:51:06+00:00
EgyCar,https://www.egy-car.com/mercedes-eqe-suv,2026-05-30T20:52:39+00:00
EgyCar,https://www.egy-car.com/mercedes-eqs,2026-05-30T20:51:50+00:00
EgyCar,https://www.egy-car.com/mercedes-eqs-suv,2026-05-30T20:52:25+00:00
EgyCar,https://www.egy-car.com/mercedes-gla200,2026-05-30T19:48:46+00:00
EgyCar,https://www.egy-car.com/mercedes-glc200,2026-05-30T19:49:58+00:00
EgyCar,https://www.egy-car.com/mercedes-glc300,2026-05-30T20:09:09+00:00
EgyCar,https://www.egy-car.com/mercedes-gle450,2026-05-30T20:40:47+00:00
EgyCar,https://www.egy-car.com/mercedes-s320,2026-05-30T20:04:50+00:00
EgyCar,https://www.egy-car.com/mercedes-s450,2026-05-30T19:54:48+00:00
EgyCar,https://www.egy-car.com/mercedes-s560,2026-05-30T20:01:26+00:00
EgyCar,https://www.egy-car.com/mg-4,2026-09-08T16:25:07+00:00
EgyCar,https://www.egy-car.com/mg-5,2026-08-05T16:45:53+00:00
EgyCar,https://www.egy-car.com/mg-6,2026-05-30T18:39:27+00:00
EgyCar,https://www.egy-car.com/mg-7,2026-08-05T16:45:19+00:00
EgyCar,https://www.egy-car.com/mg-cyberster,2026-07-12T14:59:06+00:00
EgyCar,https://www.egy-car.com/mg-g50-plus,2026-06-28T15:07:44+00:00
EgyCar,https://www.egy-car.com/mg-gt,2026-08-05T16:43:52+00:00
EgyCar,https://www.egy-car.com/mg-hs,2026-08-05T16:43:18+00:00
EgyCar,https://www.egy-car.com/mg-one,2026-08-05T16:41:44+00:00
EgyCar,https://www.egy-car.com/mg-rx5,2026-07-13T11:46:44+00:00
EgyCar,https://www.egy-car.com/mg-rx9,2026-08-03T19:03:15+00:00
EgyCar,https://www.egy-car.com/mg-zs,2026-08-05T16:44:34+00:00
EgyCar,https://www.egy-car.com/mini-cooper,2026-05-30T19:59:09+00:00
EgyCar,https://www.egy-car.com/mini-countryman,2026-05-30T20:01:36+00:00
EgyCar,https://www.egy-car.com/mitsubishi-attrage,2026-07-19T13:35:27+00:00
EgyCar,https://www.egy-car.com/mitsubishi-destinator,2026-07-04T10:17:11+00:00
EgyCar,https://www.egy-car.com/mitsubishi-eclipse,2026-07-19T13:39:37+00:00
EgyCar,https://www.egy-car.com/mitsubishi-lancer,2026-05-30T17:50:19+00:00
EgyCar,https://www.egy-car.com/mitsubishi-mirage,2026-07-19T13:32:01+00:00
EgyCar,https://www.egy-car.com/mitsubishi-outlander-sport,2026-07-19T13:27:59+00:00
EgyCar,https://www.egy-car.com/mitsubishi-xpander,2026-07-19T13:37:27+00:00
EgyCar,https://www.egy-car.com/nissan-juke,2026-07-15T14:40:20+00:00
EgyCar,https://www.egy-car.com/nissan-magnite,2026-09-15T10:04:07+00:00
EgyCar,https://www.egy-car.com/nissan-qashqai,2026-07-15T14:48:47+00:00
EgyCar,https://www.egy-car.com/nissan-sentra,2026-07-15T14:42:18+00:00
EgyCar,https://www.egy-car.com/nissan-sunny,2026-07-15T14:44:33+00:00
EgyCar,https://www.egy-car.com/nissan-x-trail,2026-07-15T14:37:18+00:00
EgyCar,https://www.egy-car.com/opel-astra,2026-05-30T17:41:01+00:00
EgyCar,https://www.egy-car.com/opel-cascada,2026-05-30T18:38:16+00:00
EgyCar,https://www.egy-car.com/opel-corsa,2026-07-13T12:04:29+00:00
EgyCar,https://www.egy-car.com/opel-cross-land,2026-05-30T17:41:08+00:00
EgyCar,https://www.egy-car.com/opel-frontera,2026-08-05T10:12:46+00:00
EgyCar,https://www.egy-car.com/opel-grand-land,2026-07-13T12:08:45+00:00
EgyCar,https://www.egy-car.com/opel-insignia,2026-05-30T17:40:14+00:00
EgyCar,https://www.egy-car.com/opel-mokka,2026-07-13T12:02:03+00:00
EgyCar,https://www.egy-car.com/peugeot-2008,2026-07-19T13:25:29+00:00
EgyCar,https://www.egy-car.com/peugeot-3008,2026-07-19T13:20:51+00:00
EgyCar,https://www.egy-car.com/peugeot-301,2024-10-17T16:24:54+00:00
EgyCar,https://www.egy-car.com/peugeot-408,2026-07-19T13:18:52+00:00
EgyCar,https://www.egy-car.com/peugeot-5008,2026-07-19T13:18:44+00:00
EgyCar,https://www.egy-car.com/peugeot-508,2026-05-30T17:45:08+00:00
EgyCar,https://www.egy-car.com/porsche-718-boxster,2026-05-30T20:46:02+00:00
EgyCar,https://www.egy-car.com/porsche-718-cayman,2026-05-30T20:46:12+00:00
EgyCar,https://www.egy-car.com/porsche-911-carrera,2026-05-30T20:46:21+00:00
EgyCar,https://www.egy-car.com/porsche-911-targa,2026-05-30T20:46:41+00:00
EgyCar,https://www.egy-car.com/porsche-911-turbo,2026-05-30T20:46:34+00:00
EgyCar,https://www.egy-car.com/porsche-cayenne,2026-05-30T20:10:17+00:00
EgyCar,https://www.egy-car.com/porsche-macan,2026-05-30T20:45:08+00:00
EgyCar,https://www.egy-car.com/porsche-taycan,2026-05-30T20:46:28+00:00
EgyCar,https://www.egy-car.com/proton-exora,2026-05-30T18:43:29+00:00
EgyCar,https://www.egy-car.com/proton-preve,2026-05-30T18:43:37+00:00
EgyCar,https://www.egy-car.com/proton-saga,2026-06-09T13:35:24+00:00
EgyCar,https://www.egy-car.com/rangerover-sport,2026-05-30T20:01:17+00:00
EgyCar,https://www.egy-car.com/renault-austral,2026-09-25T01:21:15+00:00
EgyCar,https://www.egy-car.com/renault-captur,2026-05-30T17:44:51+00:00
EgyCar,https://www.egy-car.com/renault-duster,2026-09-12T14:48:02+00:00
EgyCar,https://www.egy-car.com/renault-kadjar,2026-05-30T18:26:45+00:00
EgyCar,https://www.egy-car.com/renault-kardian,2026-07-07T21:34:59+00:00
EgyCar,https://www.egy-car.com/renault-logan,2026-05-30T18:17:29+00:00
EgyCar,https://www.egy-car.com/renault-megane,2026-09-12T14:47:48+00:00
EgyCar,https://www.egy-car.com/renault-sandero,2026-05-30T18:53:01+00:00
EgyCar,https://www.egy-car.com/renault-sandero-stepway,2026-05-30T18:39:39+00:00
EgyCar,https://www.egy-car.com/renault-taliant,2026-07-08T11:37:33+00:00
EgyCar,https://www.egy-car.com/rox-01,2026-09-08T16:30:59+00:00
EgyCar,https://www.egy-car.com/rox-adamas,2026-05-30T22:42:09+00:00
EgyCar,https://www.egy-car.com/seat-arona,2026-09-14T15:52:27+00:00
EgyCar,https://www.egy-car.com/seat-ateca,2026-09-14T15:59:39+00:00
EgyCar,https://www.egy-car.com/seat-ibiza,2026-09-14T15:55:09+00:00
EgyCar,https://www.egy-car.com/seat-leon,2026-08-22T12:21:10+00:00
EgyCar,https://www.egy-car.com/seat-tarraco,2026-05-30T20:09:17+00:00
EgyCar,https://www.egy-car.com/seat-toledo,2026-05-30T18:54:13+00:00
EgyCar,https://www.egy-car.com/skoda-fabia,2026-05-30T20:40:04+00:00
EgyCar,https://www.egy-car.com/skoda-kamiq,2026-05-30T20:07:35+00:00
EgyCar,https://www.egy-car.com/skoda-karoq,2026-05-30T18:46:48+00:00
EgyCar,https://www.egy-car.com/skoda-kodiaq,2026-09-17T13:30:50+00:00
EgyCar,https://www.egy-car.com/skoda-octavia,2026-09-17T13:36:06+00:00
EgyCar,https://www.egy-car.com/skoda-scala,2026-05-30T20:07:23+00:00
EgyCar,https://www.egy-car.com/skoda-superb,2026-09-17T13:25:38+00:00
EgyCar,https://www.egy-car.com/smart-1,2026-05-30T22:12:36+00:00
EgyCar,https://www.egy-car.com/smart-3,2026-05-30T22:13:22+00:00
EgyCar,https://www.egy-car.com/smart-5,2026-05-30T22:42:23+00:00
EgyCar,https://www.egy-car.com/soueast-dx3,2026-05-30T19:59:50+00:00
EgyCar,https://www.egy-car.com/soueast-dx7,2026-05-30T19:59:40+00:00
EgyCar,https://www.egy-car.com/soueast-s05,2026-05-30T22:19:29+00:00
EgyCar,https://www.egy-car.com/soueast-s06,2026-05-30T22:19:49+00:00
EgyCar,https://www.egy-car.com/soueast-s06-dm,2026-06-24T19:15:16+00:00
EgyCar,https://www.egy-car.com/soueast-s07,2026-05-30T22:19:40+00:00
EgyCar,https://www.egy-car.com/soueast-s08-dm,2026-06-24T19:17:08+00:00
EgyCar,https://www.egy-car.com/soueast-s09,2026-05-30T22:20:00+00:00
EgyCar,https://www.egy-car.com/ssangyong-tivoli,2026-05-30T17:45:21+00:00
EgyCar,https://www.egy-car.com/ssangyong-tivoli-xlv,2026-05-30T20:10:30+00:00
EgyCar,https://www.egy-car.com/ssangyong-torres,2026-09-12T14:23:41+00:00
EgyCar,https://www.egy-car.com/subaru-crosstrek,2026-09-17T13:16:06+00:00
EgyCar,https://www.egy-car.com/subaru-forester,2026-09-14T15:22:38+00:00
EgyCar,https://www.egy-car.com/subaru-impreza,2026-05-30T19:07:18+00:00
EgyCar,https://www.egy-car.com/suzuki-alto,2026-07-12T15:36:53+00:00
EgyCar,https://www.egy-car.com/suzuki-baleno,2026-05-30T20:12:47+00:00
EgyCar,https://www.egy-car.com/suzuki-celerio,2026-05-30T20:33:05+00:00
EgyCar,https://www.egy-car.com/suzuki-ciaz,2026-05-30T18:57:20+00:00
EgyCar,https://www.egy-car.com/suzuki-dzire,2026-05-30T18:57:04+00:00
EgyCar,https://www.egy-car.com/suzuki-ertiga,2026-05-30T18:57:15+00:00
EgyCar,https://www.egy-car.com/suzuki-fronx,2026-05-30T20:43:13+00:00
EgyCar,https://www.egy-car.com/suzuki-grand-vitara,2026-05-30T20:43:07+00:00
EgyCar,https://www.egy-car.com/suzuki-jimny,2026-05-30T20:40:09+00:00
EgyCar,https://www.egy-car.com/suzuki-spresso,2026-05-30T19:21:45+00:00
EgyCar,https://www.egy-car.com/suzuki-swift,2026-05-30T20:08:55+00:00
EgyCar,https://www.egy-car.com/suzuki-vitara,2026-05-30T20:14:31+00:00
EgyCar,https://www.egy-car.com/toyota-auris,2026-05-30T18:47:53+00:00
EgyCar,https://www.egy-car.com/toyota-avanza,2026-05-30T17:42:47+00:00
EgyCar,https://www.egy-car.com/toyota-belta,2026-05-30T20:23:32+00:00
EgyCar,https://www.egy-car.com/toyota-bz4x,2026-07-04T10:06:31+00:00
EgyCar,https://www.egy-car.com/toyota-c-hr,2026-05-30T18:46:56+00:00
EgyCar,https://www.egy-car.com/toyota-camry,2026-07-15T14:13:47+00:00
EgyCar,https://www.egy-car.com/toyota-corolla,2026-07-15T14:23:36+00:00
EgyCar,https://www.egy-car.com/toyota-fortuner,2026-07-15T14:17:38+00:00
EgyCar,https://www.egy-car.com/toyota-rav-4,2026-07-15T14:12:59+00:00
EgyCar,https://www.egy-car.com/toyota-rumion,2026-05-30T20:25:20+00:00
EgyCar,https://www.egy-car.com/toyota-rush,2026-05-30T18:46:34+00:00
EgyCar,https://www.egy-car.com/toyota-urban-cruiser,2026-07-13T12:35:01+00:00
EgyCar,https://www.egy-car.com/toyota-yaris,2026-05-30T17:49:47+00:00
EgyCar,https://www.egy-car.com/venucia-star,2026-05-30T20:33:22+00:00
EgyCar,https://www.egy-car.com/volkswagen-golf,2026-07-24T15:16:19+00:00
EgyCar,https://www.egy-car.com/volkswagen-jetta,2026-05-30T17:49:40+00:00
EgyCar,https://www.egy-car.com/volkswagen-passat,2026-05-30T17:49:03+00:00
EgyCar,https://www.egy-car.com/volkswagen-t-roc,2026-07-24T15:12:54+00:00
EgyCar,https://www.egy-car.com/volkswagen-tayron,2026-07-24T15:07:57+00:00
EgyCar,https://www.egy-car.com/volkswagen-tiguan,2026-07-24T15:19:41+00:00
EgyCar,https://www.egy-car.com/volkswagen-touareg,2026-07-24T15:09:50+00:00
EgyCar,https://www.egy-car.com/volvo-c40,2026-05-30T22:10:35+00:00
EgyCar,https://www.egy-car.com/volvo-ex30,2026-07-31T09:16:34+00:00
EgyCar,https://www.egy-car.com/volvo-ex90,2026-09-03T11:36:31+00:00
EgyCar,https://www.egy-car.com/volvo-v60,2026-05-30T20:14:17+00:00
EgyCar,https://www.egy-car.com/volvo-xc40,2026-05-30T19:54:35+00:00
EgyCar,https://www.egy-car.com/volvo-xc60,2026-05-30T19:56:41+00:00
EgyCar,https://www.egy-car.com/volvo-xc90,2026-08-21T15:17:45+00:00
EgyCar,https://www.egy-car.com/xpeng-g6,2026-05-30T22:13:16+00:00
EgyCar,https://www.egy-car.com/xpeng-g7,2026-08-25T17:30:14+00:00
EgyCar,https://www.egy-car.com/xpeng-g9,2026-05-30T20:53:57+00:00
EgyCar,https://www.egy-car.com/xpeng-mona-m03,2026-05-30T22:26:21+00:00
EgyCar,https://www.egy-car.com/xpeng-p7,2026-05-30T20:55:22+00:00
EgyCar,https://www.egy-car.com/xpeng-p7-plus,2026-07-25T12:29:19+00:00
EgyCar,https://www.egy-car.com/zeekr-001,2026-07-24T11:22:50+00:00
EgyCar,https://www.egy-car.com/zeekr-7x,2026-07-24T11:21:49+00:00
EgyCar,https://www.egy-car.com/zeekr-x,2026-05-30T22:14:47+00:00
EgyCar,https://www.egy-car.com/zotye-t300,2025-03-12T15:03:00+00:00
Hatla2ee,https://eg.hatla2ee.com/en/new-car/Genesis/G80,2026-06-16T09:16:44Z
Hatla2ee,https://eg.hatla2ee.com/en/new-car/Genesis/GV+60,2026-06-16T09:12:42Z
Hatla2ee,https://eg.hatla2ee.com/en/new-car/Genesis/GV70,2026-06-16T09:15:16Z
Hatla2ee,https://eg.hatla2ee.com/en/new-car/IM/IM+_5,2025-11-25T21:40:06Z
Hatla2ee,https://eg.hatla2ee.com/en/new-car/IM/IM_+6,2026-05-25T06:59:16Z
Hatla2ee,https://eg.hatla2ee.com/en/new-car/IM/IM_+LS7,2026-05-25T07:01:55Z
Hatla2ee,https://eg.hatla2ee.com/en/new-car/IM/ls9,2026-07-22T14:11:37Z
Hatla2ee,https://eg.hatla2ee.com/en/new-car/Kaiyi/KAIYI-X3-PRO,2026-09-21T07:05:00Z
Hatla2ee,https://eg.hatla2ee.com/en/new-car/Kaiyi/Kaiyi-E5,2026-09-23T07:02:02Z
Hatla2ee,https://eg.hatla2ee.com/en/new-car/Kaiyi/Kaiyi-X7,2026-09-23T07:21:40Z
Hatla2ee,https://eg.hatla2ee.com/en/new-car/alpha-romeo/Giulia,2025-11-25T21:39:11Z
Hatla2ee,https://eg.hatla2ee.com/en/new-car/alpha-romeo/Stelvio,2025-11-25T21:40:14Z
Hatla2ee,https://eg.hatla2ee.com/en/new-car/alpha-romeo/Tonale,2026-07-09T09:58:37Z
Hatla2ee,https://eg.hatla2ee.com/en/new-car/arcfox/alpha-s5,2026-04-16T11:10:45Z
Hatla2ee,https://eg.hatla2ee.com/en/new-car/arcfox/alpha-t5,2026-04-16T11:08:40Z
Hatla2ee,https://eg.hatla2ee.com/en/new-car/arcfox/kaola-s,2026-04-16T11:05:32Z
Hatla2ee,https://eg.hatla2ee.com/en/new-car/arcfox/t1,2026-04-16T11:03:25Z
Hatla2ee,https://eg.hatla2ee.com/en/new-car/audi/Q2,2026-04-02T13:16:14Z
Hatla2ee,https://eg.hatla2ee.com/en/new-car/audi/Q8-E-tron,2025-11-25T21:34:34Z
Hatla2ee,https://eg.hatla2ee.com/en/new-car/audi/RS-Q8,2026-01-28T14:34:53Z
Hatla2ee,https://eg.hatla2ee.com/en/new-car/audi/RS-e-Tron,2025-11-25T21:34:33Z
Hatla2ee,https://eg.hatla2ee.com/en/new-car/audi/a3,2026-04-02T13:13:57Z
Hatla2ee,https://eg.hatla2ee.com/en/new-car/audi/a4,2025-11-25T21:34:32Z
Hatla2ee,https://eg.hatla2ee.com/en/new-car/audi/a5,2026-04-20T11:51:52Z
Hatla2ee,https://eg.hatla2ee.com/en/new-car/audi/a6,2026-04-23T10:48:33Z
Hatla2ee,https://eg.hatla2ee.com/en/new-car/audi/a8,2025-11-25T21:33:43Z
Hatla2ee,https://eg.hatla2ee.com/en/new-car/audi/q3,2026-04-21T13:20:58Z
Hatla2ee,https://eg.hatla2ee.com/en/new-car/audi/q7,2026-04-02T13:17:46Z
Hatla2ee,https://eg.hatla2ee.com/en/new-car/audi/q8,2026-04-20T11:54:56Z
Hatla2ee,https://eg.hatla2ee.com/en/new-car/audi/rs5-coupe,2025-11-25T21:34:32Z
Hatla2ee,https://eg.hatla2ee.com/en/new-car/avatr/avatr-07,2026-07-19T09:33:12Z
Hatla2ee,https://eg.hatla2ee.com/en/new-car/avatr/avatr-11,2026-04-05T12:08:20Z
Hatla2ee,https://eg.hatla2ee.com/en/new-car/avatr/avatr-12,2026-04-05T12:13:29Z
Hatla2ee,https://eg.hatla2ee.com/en/new-car/baic/BEIJING-X7,2026-02-24T08:13:20Z
Hatla2ee,https://eg.hatla2ee.com/en/new-car/baic/BJ30,2026-02-24T08:06:25Z
Hatla2ee,https://eg.hatla2ee.com/en/new-car/baic/Baic-X3,2026-02-05T11:41:31Z
Hatla2ee,https://eg.hatla2ee.com/en/new-car/baic/U5-plus,2026-08-31T13:10:58Z
Hatla2ee,https://eg.hatla2ee.com/en/new-car/baic/X55,2026-02-24T10:32:53Z
Hatla2ee,https://eg.hatla2ee.com/en/new-car/baw/m7,2026-07-20T10:58:07Z
Hatla2ee,https://eg.hatla2ee.com/en/new-car/bestune/B70,2026-04-19T10:56:36Z
Hatla2ee,https://eg.hatla2ee.com/en/new-car/bestune/B70S,2026-04-19T10:52:56Z
Hatla2ee,https://eg.hatla2ee.com/en/new-car/bestune/T55,2026-04-19T10:51:00Z
Hatla2ee,https://eg.hatla2ee.com/en/new-car/bestune/T77-Pro,2026-04-19T10:54:14Z
Hatla2ee,https://eg.hatla2ee.com/en/new-car/bmw/118,2026-06-08T10:11:56Z
Hatla2ee,https://eg.hatla2ee.com/en/new-car/bmw/218-i,2026-06-08T10:32:52Z
Hatla2ee,https://eg.hatla2ee.com/en/new-car/bmw/320,2026-06-08T11:03:24Z
Hatla2ee,https://eg.hatla2ee.com/en/new-car/bmw/420,2026-06-08T11:14:34Z
Hatla2ee,https://eg.hatla2ee.com/en/new-car/bmw/520,2026-06-08T11:28:32Z
Hatla2ee,https://eg.hatla2ee.com/en/new-car/bmw/7-series,2026-06-08T11:38:48Z
Hatla2ee,https://eg.hatla2ee.com/en/new-car/bmw/BMW-I4,2025-11-25T21:33:43Z
Hatla2ee,https://eg.hatla2ee.com/en/new-car/bmw/BMW-X7,2026-06-09T08:29:18Z
Hatla2ee,https://eg.hatla2ee.com/en/new-car/bmw/I5,2025-11-25T21:33:58Z
Hatla2ee,https://eg.hatla2ee.com/en/new-car/bmw/IX,2025-11-25T21:34:35Z
Hatla2ee,https://eg.hatla2ee.com/en/new-car/bmw/IX1,2025-11-25T21:34:35Z
Hatla2ee,https://eg.hatla2ee.com/en/new-car/bmw/IX2,2026-06-08T12:01:05Z
Hatla2ee,https://eg.hatla2ee.com/en/new-car/bmw/IX3,2026-06-30T08:16:40Z
Hatla2ee,https://eg.hatla2ee.com/en/new-car/bmw/X2,2026-06-08T11:49:53Z
Hatla2ee,https://eg.hatla2ee.com/en/new-car/bmw/x1,2026-06-08T11:45:35Z
Hatla2ee,https://eg.hatla2ee.com/en/new-car/bmw/x3,2026-06-08T11:57:49Z
Hatla2ee,https://eg.hatla2ee.com/en/new-car/bmw/x4,2025-11-25T21:34:39Z
Hatla2ee,https://eg.hatla2ee.com/en/new-car/bmw/x5,2026-06-08T12:15:22Z
Hatla2ee,https://eg.hatla2ee.com/en/new-car/bmw/x6,2026-06-08T12:21:03Z
Hatla2ee,https://eg.hatla2ee.com/en/new-car/byd/Dolphin,2026-07-13T08:22:15Z
Hatla2ee,https://eg.hatla2ee.com/en/new-car/byd/Song-Plus,2025-11-25T21:40:15Z
Hatla2ee,https://eg.hatla2ee.com/en/new-car/byd/atto-2,2026-09-20T13:37:59Z
Hatla2ee,https://eg.hatla2ee.com/en/new-car/byd/atto-8,2026-07-13T14:29:00Z
Hatla2ee,https://eg.hatla2ee.com/en/new-car/byd/byd-song-l,2025-11-25T21:40:17Z
Hatla2ee,https://eg.hatla2ee.com/en/new-car/byd/f3,2025-11-25T21:34:35Z
Hatla2ee,https://eg.hatla2ee.com/en/new-car/byd/m9,2026-07-13T14:41:01Z
Hatla2ee,https://eg.hatla2ee.com/en/new-car/byd/sealion-5,2026-09-22T11:27:25Z
Hatla2ee,https://eg.hatla2ee.com/en/new-car/byd/sealion-6,2026-07-13T08:51:20Z
Hatla2ee,https://eg.hatla2ee.com/en/new-car/byd/ti-7,2026-07-13T10:57:24Z
Hatla2ee,https://eg.hatla2ee.com/en/new-car/cadillac/cadillac-lyriq,2026-05-12T13:10:50Z
Hatla2ee,https://eg.hatla2ee.com/en/new-car/cadillac/escalade,2026-05-12T15:31:49Z
Hatla2ee,https://eg.hatla2ee.com/en/new-car/cadillac/optiq,2026-05-12T12:31:50Z
Hatla2ee,https://eg.hatla2ee.com/en/new-car/cadillac/vistiq,2026-05-12T13:50:19Z
Hatla2ee,https://eg.hatla2ee.com/en/new-car/changan/CS-35-Plus,2026-04-06T08:22:10Z
Hatla2ee,https://eg.hatla2ee.com/en/new-car/changan/CS55-Plus,2026-06-04T07:43:30Z
Hatla2ee,https://eg.hatla2ee.com/en/new-car/changan/CS75-Plus,2026-04-06T08:44:15Z
Hatla2ee,https://eg.hatla2ee.com/en/new-car/changan/UNI-V,2025-12-01T15:45:21Z
Hatla2ee,https://eg.hatla2ee.com/en/new-car/changan/eado,2026-04-06T08:14:51Z
Hatla2ee,https://eg.hatla2ee.com/en/new-car/changan/eado-plus,2025-12-01T15:47:25Z
Hatla2ee,https://eg.hatla2ee.com/en/new-car/changan/uni-t,2026-04-06T08:36:29Z
Hatla2ee,https://eg.hatla2ee.com/en/new-car/chery/Arrizo-5,2026-06-15T12:54:38Z
Hatla2ee,https://eg.hatla2ee.com/en/new-car/chery/Arrizo-8,2025-12-01T10:18:23Z
Hatla2ee,https://eg.hatla2ee.com/en/new-car/chery/EQ7,2025-11-25T21:39:45Z
Hatla2ee,https://eg.hatla2ee.com/en/new-car/chery/Tiggo-4-Pro,2026-06-15T13:15:40Z
Hatla2ee,https://eg.hatla2ee.com/en/new-car/chery/Tiggo-7,2026-06-15T13:19:11Z
Hatla2ee,https://eg.hatla2ee.com/en/new-car/chery/Tiggo-7-pro,2026-08-25T14:58:36Z
Hatla2ee,https://eg.hatla2ee.com/en/new-car/chery/Tiggo-7-pro-max,2026-06-15T13:40:32Z
Hatla2ee,https://eg.hatla2ee.com/en/new-car/chery/Tiggo-8,2026-06-15T13:38:01Z
Hatla2ee,https://eg.hatla2ee.com/en/new-car/chery/Tiggo-8-Pro,2026-01-28T14:06:47Z
Hatla2ee,https://eg.hatla2ee.com/en/new-car/chery/Tiggo-8-Pro-Max,2026-06-15T13:43:50Z
Hatla2ee,https://eg.hatla2ee.com/en/new-car/chery/Tiggo-9,2026-04-06T10:07:20Z
Hatla2ee,https://eg.hatla2ee.com/en/new-car/chery/Tiggo3,2025-11-25T21:34:26Z
Hatla2ee,https://eg.hatla2ee.com/en/new-car/chery/arrizo-6-gt,2026-06-15T13:01:40Z
Hatla2ee,https://eg.hatla2ee.com/en/new-car/chevrolet/Spark-EV,2026-04-07T09:09:24Z
Hatla2ee,https://eg.hatla2ee.com/en/new-car/chevrolet/captiva,2026-09-21T09:20:58Z
Hatla2ee,https://eg.hatla2ee.com/en/new-car/chevrolet/captiva-ev,2026-04-07T09:15:11Z
Hatla2ee,https://eg.hatla2ee.com/en/new-car/chevrolet/optra,2026-04-07T15:10:52Z
Hatla2ee,https://eg.hatla2ee.com/en/new-car/citroen/C3-Aircross,2026-07-29T07:46:33Z
Hatla2ee,https://eg.hatla2ee.com/en/new-car/citroen/C4X,2026-03-29T14:21:39Z
Hatla2ee,https://eg.hatla2ee.com/en/new-car/citroen/C5-Aircross,2026-07-29T07:37:16Z
Hatla2ee,https://eg.hatla2ee.com/en/new-car/citroen/c4,2026-07-29T07:35:27Z
Hatla2ee,https://eg.hatla2ee.com/en/new-car/cupra/Formentor,2026-07-27T07:39:42Z
Hatla2ee,https://eg.hatla2ee.com/en/new-car/cupra/Terramar,2026-03-29T12:46:22Z
Hatla2ee,https://eg.hatla2ee.com/en/new-car/cupra/leon-cupra,2026-03-29T12:37:38Z
Hatla2ee,https://eg.hatla2ee.com/en/new-car/deepal/Deepal_G318,2026-04-08T11:45:20Z
Hatla2ee,https://eg.hatla2ee.com/en/new-car/deepal/Deepal_S05,2026-03-24T15:30:08Z
Hatla2ee,https://eg.hatla2ee.com/en/new-car/deepal/Deepal_s07,2026-03-24T15:37:56Z
Hatla2ee,https://eg.hatla2ee.com/en/new-car/dfm/007,2026-08-17T09:38:35Z
Hatla2ee,https://eg.hatla2ee.com/en/new-car/dfm/008,2026-06-03T11:53:17Z
Hatla2ee,https://eg.hatla2ee.com/en/new-car/dfm/Box,2026-05-19T10:26:53Z
Hatla2ee,https://eg.hatla2ee.com/en/new-car/dfm/Mage,2026-06-01T08:18:42Z
Hatla2ee,https://eg.hatla2ee.com/en/new-car/dfm/Shine,2026-05-25T11:34:23Z
Hatla2ee,https://eg.hatla2ee.com/en/new-car/dfsk/600,2026-06-16T07:39:10Z
Hatla2ee,https://eg.hatla2ee.com/en/new-car/dfsk/e-5,2026-06-16T07:38:04Z
Hatla2ee,https://eg.hatla2ee.com/en/new-car/dfsk/e-5-plus,2026-06-16T07:41:21Z
Hatla2ee,https://eg.hatla2ee.com/en/new-car/ds/DS7,2026-07-09T09:31:55Z
Hatla2ee,https://eg.hatla2ee.com/en/new-car/ds/ds4,2026-06-16T11:41:52Z
Hatla2ee,https://eg.hatla2ee.com/en/new-car/exeed/ET,2026-06-09T07:40:57Z
Hatla2ee,https://eg.hatla2ee.com/en/new-car/exeed/Exceed-LX,2026-06-09T07:09:09Z
Hatla2ee,https://eg.hatla2ee.com/en/new-car/exeed/Exeed-ES,2026-06-09T07:16:58Z
Hatla2ee,https://eg.hatla2ee.com/en/new-car/exeed/Exeed-RX,2026-06-09T07:35:30Z
Hatla2ee,https://eg.hatla2ee.com/en/new-car/exeed/VX,2026-06-09T07:37:54Z
Hatla2ee,https://eg.hatla2ee.com/en/new-car/fiat/500X,2026-07-27T09:35:17Z
Hatla2ee,https://eg.hatla2ee.com/en/new-car/fiat/tipo,2026-07-21T06:58:07Z
Hatla2ee,https://eg.hatla2ee.com/en/new-car/forthing/Forthing-S7,2026-06-07T12:06:00Z
Hatla2ee,https://eg.hatla2ee.com/en/new-car/forthing/T5,2026-06-07T12:05:03Z
Hatla2ee,https://eg.hatla2ee.com/en/new-car/forthing/U-Tour,2026-06-07T09:26:17Z
Hatla2ee,https://eg.hatla2ee.com/en/new-car/forthing/v9,2026-06-07T12:06:33Z
Hatla2ee,https://eg.hatla2ee.com/en/new-car/gac/Empow,2026-06-30T07:12:47Z
Hatla2ee,https://eg.hatla2ee.com/en/new-car/gac/GS3++Emzoom,2026-06-30T07:09:44Z
Hatla2ee,https://eg.hatla2ee.com/en/new-car/gac/GS4,2025-11-25T21:33:58Z
Hatla2ee,https://eg.hatla2ee.com/en/new-car/gac/GS4+max,2026-07-22T06:51:59Z
Hatla2ee,https://eg.hatla2ee.com/en/new-car/gac/gac-aion-lx,2026-07-15T11:06:18Z
Hatla2ee,https://eg.hatla2ee.com/en/new-car/geely/City-Ray,2026-06-01T07:57:33Z
Hatla2ee,https://eg.hatla2ee.com/en/new-car/geely/Coolray,2026-04-27T13:30:59Z
Hatla2ee,https://eg.hatla2ee.com/en/new-car/geely/GX3-pro,2026-02-01T08:40:25Z
Hatla2ee,https://eg.hatla2ee.com/en/new-car/geely/Gelly-Emgrand,2026-04-27T13:11:36Z
Hatla2ee,https://eg.hatla2ee.com/en/new-car/geely/Monjaro,2026-09-02T07:54:06Z
Hatla2ee,https://eg.hatla2ee.com/en/new-car/geely/Okavango,2026-03-03T10:02:45Z
Hatla2ee,https://eg.hatla2ee.com/en/new-car/geely/Starray,2026-01-19T11:13:28Z
Hatla2ee,https://eg.hatla2ee.com/en/new-car/geely/ex2,2026-05-17T13:21:05Z
Hatla2ee,https://eg.hatla2ee.com/en/new-car/geely/ex5,2026-05-18T09:30:31Z
Hatla2ee,https://eg.hatla2ee.com/en/new-car/geely/ex5-em-i,2026-05-18T07:37:53Z
Hatla2ee,https://eg.hatla2ee.com/en/new-car/haval/H6-HEV,2026-04-14T08:04:55Z
Hatla2ee,https://eg.hatla2ee.com/en/new-car/haval/Jolion,2026-06-08T08:14:29Z
Hatla2ee,https://eg.hatla2ee.com/en/new-car/haval/Jolion-Pro,2026-04-06T08:03:40Z
Hatla2ee,https://eg.hatla2ee.com/en/new-car/haval/haval-H7,2026-09-09T07:15:59Z
Hatla2ee,https://eg.hatla2ee.com/en/new-car/haval/haval-h6,2026-09-09T07:17:20Z
Hatla2ee,https://eg.hatla2ee.com/en/new-car/haval/v7,2026-09-09T08:39:53Z
Hatla2ee,https://eg.hatla2ee.com/en/new-car/honda/ZRV,2026-09-01T12:54:53Z
Hatla2ee,https://eg.hatla2ee.com/en/new-car/honda/accord,2025-11-25T21:34:31Z
Hatla2ee,https://eg.hatla2ee.com/en/new-car/honda/crv,2025-11-25T21:34:28Z
Hatla2ee,https://eg.hatla2ee.com/en/new-car/hongqi/E-HS9,2025-11-25T21:40:06Z
Hatla2ee,https://eg.hatla2ee.com/en/new-car/hongqi/HS3,2026-04-16T11:15:21Z
Hatla2ee,https://eg.hatla2ee.com/en/new-car/hongqi/Ousado,2026-04-16T11:15:52Z
Hatla2ee,https://eg.hatla2ee.com/en/new-car/hyundai/Accent-RB,2025-12-01T08:52:29Z
Hatla2ee,https://eg.hatla2ee.com/en/new-car/hyundai/Elantra-AD,2026-07-22T08:43:42Z
Hatla2ee,https://eg.hatla2ee.com/en/new-car/hyundai/Elantra-CN7,2025-11-25T21:40:18Z
Hatla2ee,https://eg.hatla2ee.com/en/new-car/hyundai/Ioniq-5,2026-04-06T11:32:47Z
Hatla2ee,https://eg.hatla2ee.com/en/new-car/hyundai/Ioniq-6,2026-04-06T11:30:23Z
Hatla2ee,https://eg.hatla2ee.com/en/new-car/hyundai/Venue,2026-09-17T06:57:47Z
Hatla2ee,https://eg.hatla2ee.com/en/new-car/hyundai/i30,2025-12-01T09:21:10Z
Hatla2ee,https://eg.hatla2ee.com/en/new-car/hyundai/ioniq-9,2026-07-20T08:30:17Z
Hatla2ee,https://eg.hatla2ee.com/en/new-car/hyundai/santa-fe,2026-04-06T11:18:08Z
Hatla2ee,https://eg.hatla2ee.com/en/new-car/hyundai/tucson,2026-07-20T08:42:01Z
Hatla2ee,https://eg.hatla2ee.com/en/new-car/icaur/v27,2026-08-19T11:56:59Z
Hatla2ee,https://eg.hatla2ee.com/en/new-car/jac/J7,2026-06-16T06:56:22Z
Hatla2ee,https://eg.hatla2ee.com/en/new-car/jac/JS4,2026-06-16T06:57:12Z
Hatla2ee,https://eg.hatla2ee.com/en/new-car/jac/JS6,2026-07-29T07:06:54Z
Hatla2ee,https://eg.hatla2ee.com/en/new-car/jac/JS8+PRO,2026-03-29T11:31:23Z
Hatla2ee,https://eg.hatla2ee.com/en/new-car/jac/s2,2025-12-21T13:05:24Z
Hatla2ee,https://eg.hatla2ee.com/en/new-car/jeep/Grand-Cherokee-L,2025-11-25T21:34:39Z
Hatla2ee,https://eg.hatla2ee.com/en/new-car/jetour/Dashing,2026-06-23T07:27:43Z
Hatla2ee,https://eg.hatla2ee.com/en/new-car/jetour/T1,2026-06-23T07:30:40Z
Hatla2ee,https://eg.hatla2ee.com/en/new-car/jetour/T2,2026-06-23T07:38:31Z
Hatla2ee,https://eg.hatla2ee.com/en/new-car/jetour/X70,2026-06-23T07:18:11Z
Hatla2ee,https://eg.hatla2ee.com/en/new-car/jetour/X70-Plus,2026-06-23T07:20:27Z
Hatla2ee,https://eg.hatla2ee.com/en/new-car/jetour/X90-Plus,2026-06-23T07:24:56Z
Hatla2ee,https://eg.hatla2ee.com/en/new-car/kgm/KGM-Actyon,2026-06-01T09:04:34Z
Hatla2ee,https://eg.hatla2ee.com/en/new-car/kgm/KGM-Torres,2026-06-01T07:37:41Z
Hatla2ee,https://eg.hatla2ee.com/en/new-car/kia/EV5,2026-03-31T10:48:02Z
Hatla2ee,https://eg.hatla2ee.com/en/new-car/kia/EV6,2026-03-31T10:49:55Z
Hatla2ee,https://eg.hatla2ee.com/en/new-car/kia/EV9,2026-03-31T10:53:48Z
Hatla2ee,https://eg.hatla2ee.com/en/new-car/kia/KIA-K4,2026-03-31T10:33:56Z
Hatla2ee,https://eg.hatla2ee.com/en/new-car/kia/Seltos,2026-03-31T10:32:50Z
Hatla2ee,https://eg.hatla2ee.com/en/new-car/kia/carnival,2026-03-31T10:39:52Z
Hatla2ee,https://eg.hatla2ee.com/en/new-car/kia/ev3,2026-03-31T10:45:10Z
Hatla2ee,https://eg.hatla2ee.com/en/new-car/kia/sorento,2026-03-31T10:41:18Z
Hatla2ee,https://eg.hatla2ee.com/en/new-car/kia/sportage,2026-06-24T10:58:35Z
Hatla2ee,https://eg.hatla2ee.com/en/new-car/land-rover/Velar,2025-11-25T21:34:25Z
Hatla2ee,https://eg.hatla2ee.com/en/new-car/land-rover/defender,2025-11-25T21:34:24Z
Hatla2ee,https://eg.hatla2ee.com/en/new-car/land-rover/discovery,2025-11-25T21:34:25Z
Hatla2ee,https://eg.hatla2ee.com/en/new-car/land-rover/discovery-sport,2025-11-25T21:34:25Z
Hatla2ee,https://eg.hatla2ee.com/en/new-car/land-rover/evoque,2025-11-25T21:40:21Z
Hatla2ee,https://eg.hatla2ee.com/en/new-car/land-rover/range-rover,2025-11-25T21:34:26Z
Hatla2ee,https://eg.hatla2ee.com/en/new-car/land-rover/sport,2025-11-25T21:34:24Z
Hatla2ee,https://eg.hatla2ee.com/en/new-car/land-rover/vogue,2025-11-25T21:34:24Z
Hatla2ee,https://eg.hatla2ee.com/en/new-car/li-auto/li-auto-l6,2026-06-04T10:08:59Z
Hatla2ee,https://eg.hatla2ee.com/en/new-car/li-auto/li-auto-l7,2026-06-04T10:13:11Z
Hatla2ee,https://eg.hatla2ee.com/en/new-car/li-auto/li-auto-l9,2026-06-04T10:14:43Z
Hatla2ee,https://eg.hatla2ee.com/en/new-car/lotus/Eletre,2025-11-25T21:34:29Z
Hatla2ee,https://eg.hatla2ee.com/en/new-car/lotus/Emeya,2025-11-25T21:34:29Z
Hatla2ee,https://eg.hatla2ee.com/en/new-car/lynkco/03,2026-05-14T14:37:56Z
Hatla2ee,https://eg.hatla2ee.com/en/new-car/lynkco/06,2026-04-12T12:37:24Z
Hatla2ee,https://eg.hatla2ee.com/en/new-car/lynkco/08,2026-08-20T11:02:35Z
Hatla2ee,https://eg.hatla2ee.com/en/new-car/lynkco/900,2026-08-20T07:53:20Z
Hatla2ee,https://eg.hatla2ee.com/en/new-car/lynkco/lynko-02,2026-04-12T12:35:22Z
Hatla2ee,https://eg.hatla2ee.com/en/new-car/m-hero/1,2026-06-29T08:25:31Z
Hatla2ee,https://eg.hatla2ee.com/en/new-car/maserati/Grecale,2025-11-25T21:40:06Z
Hatla2ee,https://eg.hatla2ee.com/en/new-car/maserati/Levante,2025-11-25T21:34:24Z
Hatla2ee,https://eg.hatla2ee.com/en/new-car/maserati/granturismo,2025-11-25T21:34:29Z
Hatla2ee,https://eg.hatla2ee.com/en/new-car/mazda/Cx-3,2025-12-21T09:56:53Z
Hatla2ee,https://eg.hatla2ee.com/en/new-car/mazda/mazda-3,2026-04-06T15:32:32Z
Hatla2ee,https://eg.hatla2ee.com/en/new-car/mercedes/AMG-GT,2025-11-25T21:40:08Z
Hatla2ee,https://eg.hatla2ee.com/en/new-car/mercedes/EQA,2026-01-20T10:28:49Z
Hatla2ee,https://eg.hatla2ee.com/en/new-car/mercedes/EQB,2026-01-20T10:59:11Z
Hatla2ee,https://eg.hatla2ee.com/en/new-car/mercedes/EQE,2025-11-25T21:34:29Z
Hatla2ee,https://eg.hatla2ee.com/en/new-car/mercedes/EQS,2025-11-25T21:40:09Z
Hatla2ee,https://eg.hatla2ee.com/en/new-car/mercedes/EQS+680,2025-11-25T21:40:08Z
Hatla2ee,https://eg.hatla2ee.com/en/new-car/mercedes/GLC-200,2025-11-25T21:40:11Z
Hatla2ee,https://eg.hatla2ee.com/en/new-car/mercedes/GLC-200-AMG-Imported,2025-11-25T21:34:26Z
Hatla2ee,https://eg.hatla2ee.com/en/new-car/mercedes/GLC300_+AMG,2025-11-25T21:40:21Z
Hatla2ee,https://eg.hatla2ee.com/en/new-car/mercedes/GLS,2025-11-25T21:40:12Z
Hatla2ee,https://eg.hatla2ee.com/en/new-car/mercedes/Maybach,2025-11-25T21:40:13Z
Hatla2ee,https://eg.hatla2ee.com/en/new-car/mercedes/a-200,2025-11-25T21:40:11Z
Hatla2ee,https://eg.hatla2ee.com/en/new-car/mercedes/b-200,2025-11-25T21:40:08Z
Hatla2ee,https://eg.hatla2ee.com/en/new-car/mercedes/c-180,2026-07-05T11:38:28Z
Hatla2ee,https://eg.hatla2ee.com/en/new-car/mercedes/c-200,2026-01-20T09:11:40Z
Hatla2ee,https://eg.hatla2ee.com/en/new-car/mercedes/cla-200,2025-12-16T13:03:33Z
Hatla2ee,https://eg.hatla2ee.com/en/new-car/mercedes/e-200,2025-11-25T21:40:19Z
Hatla2ee,https://eg.hatla2ee.com/en/new-car/mercedes/gla,2026-03-03T08:54:56Z
Hatla2ee,https://eg.hatla2ee.com/en/new-car/mercedes/gle,2025-11-25T21:40:12Z
Hatla2ee,https://eg.hatla2ee.com/en/new-car/mercedes/mercedes-benz-c43,2025-11-25T21:40:13Z
Hatla2ee,https://eg.hatla2ee.com/en/new-car/mercedes/mercedes-benz-cle-200,2026-01-20T09:15:44Z
Hatla2ee,https://eg.hatla2ee.com/en/new-car/mercedes/mercedes-benz-eqe-350,2025-11-25T21:40:09Z
Hatla2ee,https://eg.hatla2ee.com/en/new-car/mercedes/mercedes-benz-g63,2025-11-25T21:40:08Z
Hatla2ee,https://eg.hatla2ee.com/en/new-car/mercedes/mercedes-benz-gla-200,2025-11-25T21:40:11Z
Hatla2ee,https://eg.hatla2ee.com/en/new-car/mercedes/mercedes-benz-glc-43,2025-11-25T21:40:11Z
Hatla2ee,https://eg.hatla2ee.com/en/new-car/mercedes/s-500,2025-11-25T21:40:13Z
Hatla2ee,https://eg.hatla2ee.com/en/new-car/mercedes/sl-class,2025-11-25T21:40:13Z
Hatla2ee,https://eg.hatla2ee.com/en/new-car/mini/cooper,2026-06-04T12:28:27Z
Hatla2ee,https://eg.hatla2ee.com/en/new-car/mini/country-man,2026-06-04T12:55:42Z
Hatla2ee,https://eg.hatla2ee.com/en/new-car/mitsubishi/Eclipse-Cross,2026-01-28T08:16:08Z
Hatla2ee,https://eg.hatla2ee.com/en/new-car/mitsubishi/Outlander-Sport,2026-01-28T10:22:38Z
Hatla2ee,https://eg.hatla2ee.com/en/new-car/mitsubishi/Xpander,2026-05-04T07:55:13Z
Hatla2ee,https://eg.hatla2ee.com/en/new-car/mitsubishi/attrage,2025-11-25T21:33:58Z
Hatla2ee,https://eg.hatla2ee.com/en/new-car/mitsubishi/destinator,2026-06-16T11:50:49Z
Hatla2ee,https://eg.hatla2ee.com/en/new-car/mitsubishi/mirage,2026-01-28T10:46:22Z
Hatla2ee,https://eg.hatla2ee.com/en/new-car/moris-garage/MG+One,2026-09-09T10:38:51Z
Hatla2ee,https://eg.hatla2ee.com/en/new-car/moris-garage/MG-4,2025-12-22T11:34:36Z
Hatla2ee,https://eg.hatla2ee.com/en/new-car/moris-garage/MG-GT,2026-09-09T10:35:12Z
Hatla2ee,https://eg.hatla2ee.com/en/new-car/moris-garage/MG-HS,2026-09-09T10:42:16Z
Hatla2ee,https://eg.hatla2ee.com/en/new-car/moris-garage/RX5-Plus,2026-09-09T10:41:07Z
Hatla2ee,https://eg.hatla2ee.com/en/new-car/moris-garage/RX9,2026-08-04T09:19:20Z
Hatla2ee,https://eg.hatla2ee.com/en/new-car/moris-garage/g-50-plus,2026-09-09T10:39:51Z
Hatla2ee,https://eg.hatla2ee.com/en/new-car/moris-garage/mg-5,2026-09-09T10:33:33Z
Hatla2ee,https://eg.hatla2ee.com/en/new-car/moris-garage/mg-6,2025-11-25T21:39:46Z
Hatla2ee,https://eg.hatla2ee.com/en/new-car/moris-garage/mg-7,2026-09-09T10:43:21Z
Hatla2ee,https://eg.hatla2ee.com/en/new-car/moris-garage/mg-cyberster,2026-09-09T10:45:28Z
Hatla2ee,https://eg.hatla2ee.com/en/new-car/moris-garage/zs,2026-09-09T10:37:39Z
Hatla2ee,https://eg.hatla2ee.com/en/new-car/nissan/Magnite,2026-07-26T09:00:07Z
Hatla2ee,https://eg.hatla2ee.com/en/new-car/nissan/juke,2026-07-27T08:12:31Z
Hatla2ee,https://eg.hatla2ee.com/en/new-car/nissan/patrol,2025-11-25T21:39:47Z
Hatla2ee,https://eg.hatla2ee.com/en/new-car/nissan/qashqai,2026-07-27T08:03:23Z
Hatla2ee,https://eg.hatla2ee.com/en/new-car/nissan/sentra,2026-03-24T15:48:29Z
Hatla2ee,https://eg.hatla2ee.com/en/new-car/nissan/sunny,2026-07-27T08:18:09Z
Hatla2ee,https://eg.hatla2ee.com/en/new-car/nissan/x-Trail,2026-03-24T16:05:47Z
Hatla2ee,https://eg.hatla2ee.com/en/new-car/opel/Crossland,2025-11-25T21:33:54Z
Hatla2ee,https://eg.hatla2ee.com/en/new-car/opel/Grandland,2025-11-25T21:39:59Z
Hatla2ee,https://eg.hatla2ee.com/en/new-car/opel/Mokka,2026-04-15T11:26:36Z
Hatla2ee,https://eg.hatla2ee.com/en/new-car/opel/corsa,2026-04-15T11:25:59Z
Hatla2ee,https://eg.hatla2ee.com/en/new-car/opel/frontera,2026-08-05T07:54:58Z
Hatla2ee,https://eg.hatla2ee.com/en/new-car/peugeot/2008,2026-06-23T10:06:54Z
Hatla2ee,https://eg.hatla2ee.com/en/new-car/peugeot/3008,2026-06-23T10:09:28Z
Hatla2ee,https://eg.hatla2ee.com/en/new-car/peugeot/408,2026-06-23T11:23:47Z
Hatla2ee,https://eg.hatla2ee.com/en/new-car/peugeot/5008,2026-06-23T10:13:24Z
Hatla2ee,https://eg.hatla2ee.com/en/new-car/porsche/718,2025-11-25T21:33:56Z
Hatla2ee,https://eg.hatla2ee.com/en/new-car/porsche/911,2025-11-25T21:33:58Z
Hatla2ee,https://eg.hatla2ee.com/en/new-car/porsche/Macan-Electric,2025-11-25T21:33:57Z
Hatla2ee,https://eg.hatla2ee.com/en/new-car/porsche/Taycan,2025-11-25T21:33:56Z
Hatla2ee,https://eg.hatla2ee.com/en/new-car/porsche/cayenne,2025-11-25T21:33:56Z
Hatla2ee,https://eg.hatla2ee.com/en/new-car/porsche/macan,2025-11-25T21:33:57Z
Hatla2ee,https://eg.hatla2ee.com/en/new-car/porsche/panamera,2025-11-25T21:33:56Z
Hatla2ee,https://eg.hatla2ee.com/en/new-car/proton/saga,2026-06-09T13:22:04Z
Hatla2ee,https://eg.hatla2ee.com/en/new-car/renault/Austral,2026-06-04T09:37:49Z
Hatla2ee,https://eg.hatla2ee.com/en/new-car/renault/Kardian,2025-12-01T15:13:32Z
Hatla2ee,https://eg.hatla2ee.com/en/new-car/renault/Taliant,2025-12-01T15:10:09Z
Hatla2ee,https://eg.hatla2ee.com/en/new-car/renault/duster,2026-05-30T16:26:46Z
Hatla2ee,https://eg.hatla2ee.com/en/new-car/renault/megane,2026-03-31T08:17:55Z
Hatla2ee,https://eg.hatla2ee.com/en/new-car/rox/adamas,2026-05-18T12:30:05Z
Hatla2ee,https://eg.hatla2ee.com/en/new-car/rox/rox-01,2025-11-25T21:40:08Z
Hatla2ee,https://eg.hatla2ee.com/en/new-car/seat/Ateca,2026-02-24T12:13:06Z
Hatla2ee,https://eg.hatla2ee.com/en/new-car/seat/arona,2026-05-20T08:44:45Z
Hatla2ee,https://eg.hatla2ee.com/en/new-car/seat/ibiza,2026-05-20T09:10:12Z
Hatla2ee,https://eg.hatla2ee.com/en/new-car/seat/leon,2026-03-30T07:06:29Z
Hatla2ee,https://eg.hatla2ee.com/en/new-car/skoda/Karoq,2025-11-25T21:39:59Z
Hatla2ee,https://eg.hatla2ee.com/en/new-car/skoda/Octavia-A8,2026-03-02T13:21:29Z
Hatla2ee,https://eg.hatla2ee.com/en/new-car/skoda/kodiaq,2026-03-30T06:53:36Z
Hatla2ee,https://eg.hatla2ee.com/en/new-car/skoda/superb,2026-06-21T08:58:44Z
Hatla2ee,https://eg.hatla2ee.com/en/new-car/smart/5,2026-03-29T12:55:04Z
Hatla2ee,https://eg.hatla2ee.com/en/new-car/smart/smart-1,2025-11-25T21:33:44Z
Hatla2ee,https://eg.hatla2ee.com/en/new-car/smart/smart-3,2025-11-25T21:33:44Z
Hatla2ee,https://eg.hatla2ee.com/en/new-car/soueast/S+05,2026-06-25T10:07:14Z
Hatla2ee,https://eg.hatla2ee.com/en/new-car/soueast/S+06,2026-06-25T11:29:08Z
Hatla2ee,https://eg.hatla2ee.com/en/new-car/soueast/S+07,2026-06-25T10:14:53Z
Hatla2ee,https://eg.hatla2ee.com/en/new-car/soueast/S+09,2026-06-25T10:16:43Z
Hatla2ee,https://eg.hatla2ee.com/en/new-car/soueast/s08,2026-06-25T11:52:17Z
Hatla2ee,https://eg.hatla2ee.com/en/new-car/subaru/XV-Crosstrek,2026-06-04T06:42:00Z
Hatla2ee,https://eg.hatla2ee.com/en/new-car/suzuki/Fronx,2026-07-15T09:51:47Z
Hatla2ee,https://eg.hatla2ee.com/en/new-car/suzuki/Jimny,2026-02-15T11:47:06Z
Hatla2ee,https://eg.hatla2ee.com/en/new-car/suzuki/S-Presso,2026-02-15T10:55:13Z
Hatla2ee,https://eg.hatla2ee.com/en/new-car/suzuki/alto,2026-07-13T07:44:12Z
Hatla2ee,https://eg.hatla2ee.com/en/new-car/suzuki/baleno,2026-02-09T08:06:02Z
Hatla2ee,https://eg.hatla2ee.com/en/new-car/suzuki/ertiga,2026-07-15T09:41:40Z
Hatla2ee,https://eg.hatla2ee.com/en/new-car/suzuki/swift,2026-06-04T09:08:31Z
Hatla2ee,https://eg.hatla2ee.com/en/new-car/suzuki/swift-dzire,2026-02-09T09:13:59Z
Hatla2ee,https://eg.hatla2ee.com/en/new-car/toyota/Urban-Cruiser,2026-04-06T11:07:51Z
Hatla2ee,https://eg.hatla2ee.com/en/new-car/toyota/camry,2025-11-25T21:34:27Z
Hatla2ee,https://eg.hatla2ee.com/en/new-car/toyota/corolla,2026-04-06T11:05:16Z
Hatla2ee,https://eg.hatla2ee.com/en/new-car/toyota/fortuner,2026-04-06T11:06:56Z
Hatla2ee,https://eg.hatla2ee.com/en/new-car/toyota/land-cruiser,2025-11-25T21:33:52Z
Hatla2ee,https://eg.hatla2ee.com/en/new-car/toyota/prado,2025-11-25T21:34:39Z
Hatla2ee,https://eg.hatla2ee.com/en/new-car/toyota/rav4,2025-11-25T21:34:28Z
Hatla2ee,https://eg.hatla2ee.com/en/new-car/toyota/toyota-bz4x,2026-05-14T12:31:38Z
Hatla2ee,https://eg.hatla2ee.com/en/new-car/vgv/U70-Pro,2026-08-13T07:24:58Z
Hatla2ee,https://eg.hatla2ee.com/en/new-car/vgv/U70P-Plus,2026-08-13T07:26:48Z
Hatla2ee,https://eg.hatla2ee.com/en/new-car/vgv/U70Pro-Plus,2026-08-13T07:25:46Z
Hatla2ee,https://eg.hatla2ee.com/en/new-car/volks-wagen/T-Roc,2026-03-30T06:56:35Z
Hatla2ee,https://eg.hatla2ee.com/en/new-car/volks-wagen/golf,2025-11-25T21:39:40Z
Hatla2ee,https://eg.hatla2ee.com/en/new-car/volks-wagen/tayron,2025-12-15T11:58:06Z
Hatla2ee,https://eg.hatla2ee.com/en/new-car/volks-wagen/tiguan,2026-03-30T06:57:11Z
Hatla2ee,https://eg.hatla2ee.com/en/new-car/volks-wagen/touareg,2026-03-30T07:00:01Z
Hatla2ee,https://eg.hatla2ee.com/en/new-car/volvo/EX30,2026-04-12T12:48:52Z
Hatla2ee,https://eg.hatla2ee.com/en/new-car/volvo/EX90,2026-09-06T11:36:57Z
Hatla2ee,https://eg.hatla2ee.com/en/new-car/volvo/XC-40,2026-04-12T13:03:11Z
Hatla2ee,https://eg.hatla2ee.com/en/new-car/volvo/es-90,2026-04-14T13:42:30Z
Hatla2ee,https://eg.hatla2ee.com/en/new-car/volvo/xc60,2026-04-12T12:57:40Z
Hatla2ee,https://eg.hatla2ee.com/en/new-car/volvo/xc90,2026-04-12T12:51:58Z
Hatla2ee,https://eg.hatla2ee.com/en/new-car/voyah/dream,2026-06-29T08:26:12Z
Hatla2ee,https://eg.hatla2ee.com/en/new-car/voyah/free,2026-06-29T08:28:32Z
Hatla2ee,https://eg.hatla2ee.com/en/new-car/xpeng/G9,2026-05-19T14:30:09Z
Hatla2ee,https://eg.hatla2ee.com/en/new-car/xpeng/P7,2026-09-16T10:50:59Z
Hatla2ee,https://eg.hatla2ee.com/en/new-car/xpeng/Xpeng-G6,2026-05-19T14:19:29Z
Hatla2ee,https://eg.hatla2ee.com/en/new-car/xpeng/g7,2026-09-16T11:09:49Z
Hatla2ee,https://eg.hatla2ee.com/en/new-car/xpeng/m03,2026-05-19T15:11:16Z
Hatla2ee,https://eg.hatla2ee.com/en/new-car/zeekr/001,2026-04-06T14:45:01Z
Hatla2ee,https://eg.hatla2ee.com/en/new-car/zeekr/X,2026-04-06T14:42:26Z
Hatla2ee,https://eg.hatla2ee.com/en/new-car/zeekr/zeekr-7x,2026-04-06T14:43:28Z
