source,trim_url,fetched_at,page_sha256,brand,model,title,trim_raw,model_year,spec_id,spec_label,value,via
Hatla2ee,https://eg.hatla2ee.com/en/new-car/chery/Tiggo-8-Pro-Max/50729,"Fri, 25 Sep 2026 12:29:01 GMT",97603aade4600a0cc81112eb32ea38f0ca4b3b94ef01b89f1471fa7f368f6aa8,,,Chery Tiggo 8 Pro Max A/T / Luxury 2027 Prices & Features,,2027,h2:Transmission,Transmission,DSG,car-details
Hatla2ee,https://eg.hatla2ee.com/en/new-car/chery/Tiggo-8-Pro-Max/50729,"Fri, 25 Sep 2026 12:29:01 GMT",97603aade4600a0cc81112eb32ea38f0ca4b3b94ef01b89f1471fa7f368f6aa8,,,Chery Tiggo 8 Pro Max A/T / Luxury 2027 Prices & Features,,2027,h2:Body Type,Body Type,SUV,car-details
Hatla2ee,https://eg.hatla2ee.com/en/new-car/chery/Tiggo-8-Pro-Max/50729,"Fri, 25 Sep 2026 12:29:01 GMT",97603aade4600a0cc81112eb32ea38f0ca4b3b94ef01b89f1471fa7f368f6aa8,,,Chery Tiggo 8 Pro Max A/T / Luxury 2027 Prices & Features,,2027,h2:Fuel Type,Fuel Type,gas,car-details
Hatla2ee,https://eg.hatla2ee.com/en/new-car/chery/Tiggo-8-Pro-Max/50729,"Fri, 25 Sep 2026 12:29:01 GMT",97603aade4600a0cc81112eb32ea38f0ca4b3b94ef01b89f1471fa7f368f6aa8,,,Chery Tiggo 8 Pro Max A/T / Luxury 2027 Prices & Features,,2027,h2:Power,Power,1600,car-details
Hatla2ee,https://eg.hatla2ee.com/en/new-car/chery/Tiggo-8-Pro-Max/50729,"Fri, 25 Sep 2026 12:29:01 GMT",97603aade4600a0cc81112eb32ea38f0ca4b3b94ef01b89f1471fa7f368f6aa8,,,Chery Tiggo 8 Pro Max A/T / Luxury 2027 Prices & Features,,2027,h2:Turbo,Turbo,Yes,car-details
Hatla2ee,https://eg.hatla2ee.com/en/new-car/chery/Tiggo-8-Pro-Max/50729,"Fri, 25 Sep 2026 12:29:01 GMT",97603aade4600a0cc81112eb32ea38f0ca4b3b94ef01b89f1471fa7f368f6aa8,,,Chery Tiggo 8 Pro Max A/T / Luxury 2027 Prices & Features,,2027,h2:Speeds,Speeds,7,car-details
Hatla2ee,https://eg.hatla2ee.com/en/new-car/chery/Tiggo-8-Pro-Max/50729,"Fri, 25 Sep 2026 12:29:01 GMT",97603aade4600a0cc81112eb32ea38f0ca4b3b94ef01b89f1471fa7f368f6aa8,,,Chery Tiggo 8 Pro Max A/T / Luxury 2027 Prices & Features,,2027,h2:Horse power,Horse power,197,car-details
Hatla2ee,https://eg.hatla2ee.com/en/new-car/chery/Tiggo-8-Pro-Max/50729,"Fri, 25 Sep 2026 12:29:01 GMT",97603aade4600a0cc81112eb32ea38f0ca4b3b94ef01b89f1471fa7f368f6aa8,,,Chery Tiggo 8 Pro Max A/T / Luxury 2027 Prices & Features,,2027,h2:Fuel,Fuel,95,car-details
Hatla2ee,https://eg.hatla2ee.com/en/new-car/chery/Tiggo-8-Pro-Max/50729,"Fri, 25 Sep 2026 12:29:01 GMT",97603aade4600a0cc81112eb32ea38f0ca4b3b94ef01b89f1471fa7f368f6aa8,,,Chery Tiggo 8 Pro Max A/T / Luxury 2027 Prices & Features,,2027,h2:Length,Length,"4,720",car-details
Hatla2ee,https://eg.hatla2ee.com/en/new-car/chery/Tiggo-8-Pro-Max/50729,"Fri, 25 Sep 2026 12:29:01 GMT",97603aade4600a0cc81112eb32ea38f0ca4b3b94ef01b89f1471fa7f368f6aa8,,,Chery Tiggo 8 Pro Max A/T / Luxury 2027 Prices & Features,,2027,h2:Width,Width,"1,860",car-details
Hatla2ee,https://eg.hatla2ee.com/en/new-car/chery/Tiggo-8-Pro-Max/50729,"Fri, 25 Sep 2026 12:29:01 GMT",97603aade4600a0cc81112eb32ea38f0ca4b3b94ef01b89f1471fa7f368f6aa8,,,Chery Tiggo 8 Pro Max A/T / Luxury 2027 Prices & Features,,2027,h2:Height,Height,"1,705",car-details
Hatla2ee,https://eg.hatla2ee.com/en/new-car/chery/Tiggo-8-Pro-Max/50729,"Fri, 25 Sep 2026 12:29:01 GMT",97603aade4600a0cc81112eb32ea38f0ca4b3b94ef01b89f1471fa7f368f6aa8,,,Chery Tiggo 8 Pro Max A/T / Luxury 2027 Prices & Features,,2027,h2:Wheel Base,Wheel Base,2710,car-details
Hatla2ee,https://eg.hatla2ee.com/en/new-car/chery/Tiggo-8-Pro-Max/50729,"Fri, 25 Sep 2026 12:29:01 GMT",97603aade4600a0cc81112eb32ea38f0ca4b3b94ef01b89f1471fa7f368f6aa8,,,Chery Tiggo 8 Pro Max A/T / Luxury 2027 Prices & Features,,2027,h2:Trunk Size,Trunk Size,117,car-details
Hatla2ee,https://eg.hatla2ee.com/en/new-car/chery/Tiggo-8-Pro-Max/50729,"Fri, 25 Sep 2026 12:29:01 GMT",97603aade4600a0cc81112eb32ea38f0ca4b3b94ef01b89f1471fa7f368f6aa8,,,Chery Tiggo 8 Pro Max A/T / Luxury 2027 Prices & Features,,2027,h2:Seats,Seats,7,car-details
Hatla2ee,https://eg.hatla2ee.com/en/new-car/chery/Tiggo-8-Pro-Max/50729,"Fri, 25 Sep 2026 12:29:01 GMT",97603aade4600a0cc81112eb32ea38f0ca4b3b94ef01b89f1471fa7f368f6aa8,,,Chery Tiggo 8 Pro Max A/T / Luxury 2027 Prices & Features,,2027,h2:Traction Type,Traction Type,Front traction,car-details
Hatla2ee,https://eg.hatla2ee.com/en/new-car/chery/Tiggo-8-Pro-Max/50729,"Fri, 25 Sep 2026 12:29:01 GMT",97603aade4600a0cc81112eb32ea38f0ca4b3b94ef01b89f1471fa7f368f6aa8,,,Chery Tiggo 8 Pro Max A/T / Luxury 2027 Prices & Features,,2027,h2:Number Of Cylinder,Number Of Cylinder,4,car-details
Hatla2ee,https://eg.hatla2ee.com/en/new-car/chery/Tiggo-8-Pro-Max/50729,"Fri, 25 Sep 2026 12:29:01 GMT",97603aade4600a0cc81112eb32ea38f0ca4b3b94ef01b89f1471fa7f368f6aa8,,,Chery Tiggo 8 Pro Max A/T / Luxury 2027 Prices & Features,,2027,h2:Fuel Tank Capacity,Fuel Tank Capacity,51,car-details
Hatla2ee,https://eg.hatla2ee.com/en/new-car/chery/Tiggo-8-Pro-Max/50729,"Fri, 25 Sep 2026 12:29:01 GMT",97603aade4600a0cc81112eb32ea38f0ca4b3b94ef01b89f1471fa7f368f6aa8,,,Chery Tiggo 8 Pro Max A/T / Luxury 2027 Prices & Features,,2027,h2:Torque Of Newton,Torque Of Newton,290,car-details
Hatla2ee,https://eg.hatla2ee.com/en/new-car/chery/Tiggo-8-Pro-Max/50730,"Fri, 25 Sep 2026 12:29:03 GMT",0e58bad5a6c9b4db57407604cdc86f1d9cf4b9124a9e43b42df22bcec5a30654,,,Chery Tiggo 8 Pro Max A/T / Flagship 2027 Prices & Features,,2027,h2:Transmission,Transmission,DSG,car-details
Hatla2ee,https://eg.hatla2ee.com/en/new-car/chery/Tiggo-8-Pro-Max/50730,"Fri, 25 Sep 2026 12:29:03 GMT",0e58bad5a6c9b4db57407604cdc86f1d9cf4b9124a9e43b42df22bcec5a30654,,,Chery Tiggo 8 Pro Max A/T / Flagship 2027 Prices & Features,,2027,h2:Body Type,Body Type,SUV,car-details
Hatla2ee,https://eg.hatla2ee.com/en/new-car/chery/Tiggo-8-Pro-Max/50730,"Fri, 25 Sep 2026 12:29:03 GMT",0e58bad5a6c9b4db57407604cdc86f1d9cf4b9124a9e43b42df22bcec5a30654,,,Chery Tiggo 8 Pro Max A/T / Flagship 2027 Prices & Features,,2027,h2:Fuel Type,Fuel Type,gas,car-details
Hatla2ee,https://eg.hatla2ee.com/en/new-car/chery/Tiggo-8-Pro-Max/50730,"Fri, 25 Sep 2026 12:29:03 GMT",0e58bad5a6c9b4db57407604cdc86f1d9cf4b9124a9e43b42df22bcec5a30654,,,Chery Tiggo 8 Pro Max A/T / Flagship 2027 Prices & Features,,2027,h2:Power,Power,1600,car-details
Hatla2ee,https://eg.hatla2ee.com/en/new-car/chery/Tiggo-8-Pro-Max/50730,"Fri, 25 Sep 2026 12:29:03 GMT",0e58bad5a6c9b4db57407604cdc86f1d9cf4b9124a9e43b42df22bcec5a30654,,,Chery Tiggo 8 Pro Max A/T / Flagship 2027 Prices & Features,,2027,h2:Turbo,Turbo,Yes,car-details
Hatla2ee,https://eg.hatla2ee.com/en/new-car/chery/Tiggo-8-Pro-Max/50730,"Fri, 25 Sep 2026 12:29:03 GMT",0e58bad5a6c9b4db57407604cdc86f1d9cf4b9124a9e43b42df22bcec5a30654,,,Chery Tiggo 8 Pro Max A/T / Flagship 2027 Prices & Features,,2027,h2:Speeds,Speeds,7,car-details
Hatla2ee,https://eg.hatla2ee.com/en/new-car/chery/Tiggo-8-Pro-Max/50730,"Fri, 25 Sep 2026 12:29:03 GMT",0e58bad5a6c9b4db57407604cdc86f1d9cf4b9124a9e43b42df22bcec5a30654,,,Chery Tiggo 8 Pro Max A/T / Flagship 2027 Prices & Features,,2027,h2:Horse power,Horse power,197,car-details
Hatla2ee,https://eg.hatla2ee.com/en/new-car/chery/Tiggo-8-Pro-Max/50730,"Fri, 25 Sep 2026 12:29:03 GMT",0e58bad5a6c9b4db57407604cdc86f1d9cf4b9124a9e43b42df22bcec5a30654,,,Chery Tiggo 8 Pro Max A/T / Flagship 2027 Prices & Features,,2027,h2:Fuel,Fuel,95,car-details
Hatla2ee,https://eg.hatla2ee.com/en/new-car/chery/Tiggo-8-Pro-Max/50730,"Fri, 25 Sep 2026 12:29:03 GMT",0e58bad5a6c9b4db57407604cdc86f1d9cf4b9124a9e43b42df22bcec5a30654,,,Chery Tiggo 8 Pro Max A/T / Flagship 2027 Prices & Features,,2027,h2:Length,Length,"4,720",car-details
Hatla2ee,https://eg.hatla2ee.com/en/new-car/chery/Tiggo-8-Pro-Max/50730,"Fri, 25 Sep 2026 12:29:03 GMT",0e58bad5a6c9b4db57407604cdc86f1d9cf4b9124a9e43b42df22bcec5a30654,,,Chery Tiggo 8 Pro Max A/T / Flagship 2027 Prices & Features,,2027,h2:Width,Width,"1,860",car-details
Hatla2ee,https://eg.hatla2ee.com/en/new-car/chery/Tiggo-8-Pro-Max/50730,"Fri, 25 Sep 2026 12:29:03 GMT",0e58bad5a6c9b4db57407604cdc86f1d9cf4b9124a9e43b42df22bcec5a30654,,,Chery Tiggo 8 Pro Max A/T / Flagship 2027 Prices & Features,,2027,h2:Height,Height,"1,705",car-details
Hatla2ee,https://eg.hatla2ee.com/en/new-car/chery/Tiggo-8-Pro-Max/50730,"Fri, 25 Sep 2026 12:29:03 GMT",0e58bad5a6c9b4db57407604cdc86f1d9cf4b9124a9e43b42df22bcec5a30654,,,Chery Tiggo 8 Pro Max A/T / Flagship 2027 Prices & Features,,2027,h2:Wheel Base,Wheel Base,2710,car-details
Hatla2ee,https://eg.hatla2ee.com/en/new-car/chery/Tiggo-8-Pro-Max/50730,"Fri, 25 Sep 2026 12:29:03 GMT",0e58bad5a6c9b4db57407604cdc86f1d9cf4b9124a9e43b42df22bcec5a30654,,,Chery Tiggo 8 Pro Max A/T / Flagship 2027 Prices & Features,,2027,h2:Trunk Size,Trunk Size,117,car-details
Hatla2ee,https://eg.hatla2ee.com/en/new-car/chery/Tiggo-8-Pro-Max/50730,"Fri, 25 Sep 2026 12:29:03 GMT",0e58bad5a6c9b4db57407604cdc86f1d9cf4b9124a9e43b42df22bcec5a30654,,,Chery Tiggo 8 Pro Max A/T / Flagship 2027 Prices & Features,,2027,h2:Seats,Seats,7,car-details
Hatla2ee,https://eg.hatla2ee.com/en/new-car/chery/Tiggo-8-Pro-Max/50730,"Fri, 25 Sep 2026 12:29:03 GMT",0e58bad5a6c9b4db57407604cdc86f1d9cf4b9124a9e43b42df22bcec5a30654,,,Chery Tiggo 8 Pro Max A/T / Flagship 2027 Prices & Features,,2027,h2:Traction Type,Traction Type,Front traction,car-details
Hatla2ee,https://eg.hatla2ee.com/en/new-car/chery/Tiggo-8-Pro-Max/50730,"Fri, 25 Sep 2026 12:29:03 GMT",0e58bad5a6c9b4db57407604cdc86f1d9cf4b9124a9e43b42df22bcec5a30654,,,Chery Tiggo 8 Pro Max A/T / Flagship 2027 Prices & Features,,2027,h2:Number Of Cylinder,Number Of Cylinder,4,car-details
Hatla2ee,https://eg.hatla2ee.com/en/new-car/chery/Tiggo-8-Pro-Max/50730,"Fri, 25 Sep 2026 12:29:03 GMT",0e58bad5a6c9b4db57407604cdc86f1d9cf4b9124a9e43b42df22bcec5a30654,,,Chery Tiggo 8 Pro Max A/T / Flagship 2027 Prices & Features,,2027,h2:Fuel Tank Capacity,Fuel Tank Capacity,51,car-details
Hatla2ee,https://eg.hatla2ee.com/en/new-car/chery/Tiggo-8-Pro-Max/50730,"Fri, 25 Sep 2026 12:29:03 GMT",0e58bad5a6c9b4db57407604cdc86f1d9cf4b9124a9e43b42df22bcec5a30654,,,Chery Tiggo 8 Pro Max A/T / Flagship 2027 Prices & Features,,2027,h2:Torque Of Newton,Torque Of Newton,290,car-details
Hatla2ee,https://eg.hatla2ee.com/en/new-car/peugeot/3008/45521,"Fri, 25 Sep 2026 12:31:08 GMT",f70cb56d2f21b57ad1a3dfdbef3568e059dbe5ae3ab9dbfd195e8ea641c99507,,,Peugeot 3008 A/T / GT Red interior 2024 Prices & Features,,2024,h2:Transmission,Transmission,automatic,car-details
Hatla2ee,https://eg.hatla2ee.com/en/new-car/peugeot/3008/45521,"Fri, 25 Sep 2026 12:31:08 GMT",f70cb56d2f21b57ad1a3dfdbef3568e059dbe5ae3ab9dbfd195e8ea641c99507,,,Peugeot 3008 A/T / GT Red interior 2024 Prices & Features,,2024,h2:Body Type,Body Type,SUV,car-details
Hatla2ee,https://eg.hatla2ee.com/en/new-car/peugeot/3008/45521,"Fri, 25 Sep 2026 12:31:08 GMT",f70cb56d2f21b57ad1a3dfdbef3568e059dbe5ae3ab9dbfd195e8ea641c99507,,,Peugeot 3008 A/T / GT Red interior 2024 Prices & Features,,2024,h2:Fuel Type,Fuel Type,gas,car-details
Hatla2ee,https://eg.hatla2ee.com/en/new-car/peugeot/3008/45521,"Fri, 25 Sep 2026 12:31:08 GMT",f70cb56d2f21b57ad1a3dfdbef3568e059dbe5ae3ab9dbfd195e8ea641c99507,,,Peugeot 3008 A/T / GT Red interior 2024 Prices & Features,,2024,h2:Power,Power,1600,car-details
Hatla2ee,https://eg.hatla2ee.com/en/new-car/peugeot/3008/45521,"Fri, 25 Sep 2026 12:31:08 GMT",f70cb56d2f21b57ad1a3dfdbef3568e059dbe5ae3ab9dbfd195e8ea641c99507,,,Peugeot 3008 A/T / GT Red interior 2024 Prices & Features,,2024,h2:Turbo,Turbo,Yes,car-details
Hatla2ee,https://eg.hatla2ee.com/en/new-car/peugeot/3008/45521,"Fri, 25 Sep 2026 12:31:08 GMT",f70cb56d2f21b57ad1a3dfdbef3568e059dbe5ae3ab9dbfd195e8ea641c99507,,,Peugeot 3008 A/T / GT Red interior 2024 Prices & Features,,2024,h2:Speeds,Speeds,6,car-details
Hatla2ee,https://eg.hatla2ee.com/en/new-car/peugeot/3008/45521,"Fri, 25 Sep 2026 12:31:08 GMT",f70cb56d2f21b57ad1a3dfdbef3568e059dbe5ae3ab9dbfd195e8ea641c99507,,,Peugeot 3008 A/T / GT Red interior 2024 Prices & Features,,2024,h2:Horse power,Horse power,165,car-details
Hatla2ee,https://eg.hatla2ee.com/en/new-car/peugeot/3008/45521,"Fri, 25 Sep 2026 12:31:08 GMT",f70cb56d2f21b57ad1a3dfdbef3568e059dbe5ae3ab9dbfd195e8ea641c99507,,,Peugeot 3008 A/T / GT Red interior 2024 Prices & Features,,2024,h2:Fuel,Fuel,95,car-details
Hatla2ee,https://eg.hatla2ee.com/en/new-car/peugeot/3008/45521,"Fri, 25 Sep 2026 12:31:08 GMT",f70cb56d2f21b57ad1a3dfdbef3568e059dbe5ae3ab9dbfd195e8ea641c99507,,,Peugeot 3008 A/T / GT Red interior 2024 Prices & Features,,2024,h2:Max speed,Max speed,206,car-details
Hatla2ee,https://eg.hatla2ee.com/en/new-car/peugeot/3008/45521,"Fri, 25 Sep 2026 12:31:08 GMT",f70cb56d2f21b57ad1a3dfdbef3568e059dbe5ae3ab9dbfd195e8ea641c99507,,,Peugeot 3008 A/T / GT Red interior 2024 Prices & Features,,2024,h2:Consumption,Consumption,5.7,car-details
Hatla2ee,https://eg.hatla2ee.com/en/new-car/peugeot/3008/45521,"Fri, 25 Sep 2026 12:31:08 GMT",f70cb56d2f21b57ad1a3dfdbef3568e059dbe5ae3ab9dbfd195e8ea641c99507,,,Peugeot 3008 A/T / GT Red interior 2024 Prices & Features,,2024,h2:Length,Length,"4,447",car-details
Hatla2ee,https://eg.hatla2ee.com/en/new-car/peugeot/3008/45521,"Fri, 25 Sep 2026 12:31:08 GMT",f70cb56d2f21b57ad1a3dfdbef3568e059dbe5ae3ab9dbfd195e8ea641c99507,,,Peugeot 3008 A/T / GT Red interior 2024 Prices & Features,,2024,h2:Width,Width,"1,841",car-details
Hatla2ee,https://eg.hatla2ee.com/en/new-car/peugeot/3008/45521,"Fri, 25 Sep 2026 12:31:08 GMT",f70cb56d2f21b57ad1a3dfdbef3568e059dbe5ae3ab9dbfd195e8ea641c99507,,,Peugeot 3008 A/T / GT Red interior 2024 Prices & Features,,2024,h2:Height,Height,"1,615",car-details
Hatla2ee,https://eg.hatla2ee.com/en/new-car/peugeot/3008/45521,"Fri, 25 Sep 2026 12:31:08 GMT",f70cb56d2f21b57ad1a3dfdbef3568e059dbe5ae3ab9dbfd195e8ea641c99507,,,Peugeot 3008 A/T / GT Red interior 2024 Prices & Features,,2024,h2:Ground Clearance,Ground Clearance,187,car-details
Hatla2ee,https://eg.hatla2ee.com/en/new-car/peugeot/3008/45521,"Fri, 25 Sep 2026 12:31:08 GMT",f70cb56d2f21b57ad1a3dfdbef3568e059dbe5ae3ab9dbfd195e8ea641c99507,,,Peugeot 3008 A/T / GT Red interior 2024 Prices & Features,,2024,h2:Wheel Base,Wheel Base,2675,car-details
Hatla2ee,https://eg.hatla2ee.com/en/new-car/peugeot/3008/45521,"Fri, 25 Sep 2026 12:31:08 GMT",f70cb56d2f21b57ad1a3dfdbef3568e059dbe5ae3ab9dbfd195e8ea641c99507,,,Peugeot 3008 A/T / GT Red interior 2024 Prices & Features,,2024,h2:Trunk Size,Trunk Size,520,car-details
Hatla2ee,https://eg.hatla2ee.com/en/new-car/peugeot/3008/45521,"Fri, 25 Sep 2026 12:31:08 GMT",f70cb56d2f21b57ad1a3dfdbef3568e059dbe5ae3ab9dbfd195e8ea641c99507,,,Peugeot 3008 A/T / GT Red interior 2024 Prices & Features,,2024,h2:Seats,Seats,5,car-details
Hatla2ee,https://eg.hatla2ee.com/en/new-car/peugeot/3008/45521,"Fri, 25 Sep 2026 12:31:08 GMT",f70cb56d2f21b57ad1a3dfdbef3568e059dbe5ae3ab9dbfd195e8ea641c99507,,,Peugeot 3008 A/T / GT Red interior 2024 Prices & Features,,2024,h2:Traction Type,Traction Type,Front traction,car-details
Hatla2ee,https://eg.hatla2ee.com/en/new-car/peugeot/3008/45521,"Fri, 25 Sep 2026 12:31:08 GMT",f70cb56d2f21b57ad1a3dfdbef3568e059dbe5ae3ab9dbfd195e8ea641c99507,,,Peugeot 3008 A/T / GT Red interior 2024 Prices & Features,,2024,h2:Number Of Cylinder,Number Of Cylinder,4,car-details
Hatla2ee,https://eg.hatla2ee.com/en/new-car/peugeot/3008/45521,"Fri, 25 Sep 2026 12:31:08 GMT",f70cb56d2f21b57ad1a3dfdbef3568e059dbe5ae3ab9dbfd195e8ea641c99507,,,Peugeot 3008 A/T / GT Red interior 2024 Prices & Features,,2024,h2:Fuel Tank Capacity,Fuel Tank Capacity,53,car-details
Hatla2ee,https://eg.hatla2ee.com/en/new-car/peugeot/3008/45521,"Fri, 25 Sep 2026 12:31:08 GMT",f70cb56d2f21b57ad1a3dfdbef3568e059dbe5ae3ab9dbfd195e8ea641c99507,,,Peugeot 3008 A/T / GT Red interior 2024 Prices & Features,,2024,h2:Torque Of Newton,Torque Of Newton,240,car-details
Hatla2ee,https://eg.hatla2ee.com/en/new-car/peugeot/3008/45521,"Fri, 25 Sep 2026 12:31:08 GMT",f70cb56d2f21b57ad1a3dfdbef3568e059dbe5ae3ab9dbfd195e8ea641c99507,,,Peugeot 3008 A/T / GT Red interior 2024 Prices & Features,,2024,h2:Acceleration,Acceleration,8.9,car-details
ContactCars,https://www.contactcars.com/en/new-cars/baic-bj30/22b6910ddf12,"Fri, 25 Sep 2026 12:32:01 GMT",64fb5b28350bb64bd8c09cabf8712ffd10a8c819a6c1635ded0ac5737aa8ccbe,BAIC,BJ30,,Off road - Hybrid,2026,jsonld:offer_price_egp,offer_price_egp,1775000,json-ld
ContactCars,https://www.contactcars.com/en/new-cars/baic-bj30/22b6910ddf12,"Fri, 25 Sep 2026 12:32:01 GMT",64fb5b28350bb64bd8c09cabf8712ffd10a8c819a6c1635ded0ac5737aa8ccbe,BAIC,BJ30,,Off road - Hybrid,2026,jsonld:fuelType,fuelType,Hybrid,json-ld
ContactCars,https://www.contactcars.com/en/new-cars/baic-bj30/22b6910ddf12,"Fri, 25 Sep 2026 12:32:01 GMT",64fb5b28350bb64bd8c09cabf8712ffd10a8c819a6c1635ded0ac5737aa8ccbe,BAIC,BJ30,,Off road - Hybrid,2026,jsonld:engineDisplacement,engineDisplacement,1500,json-ld
ContactCars,https://www.contactcars.com/en/new-cars/baic-bj30/22b6910ddf12,"Fri, 25 Sep 2026 12:32:01 GMT",64fb5b28350bb64bd8c09cabf8712ffd10a8c819a6c1635ded0ac5737aa8ccbe,BAIC,BJ30,,Off road - Hybrid,2026,jsonld:vehicleTransmission,vehicleTransmission,Automatic,json-ld
ContactCars,https://www.contactcars.com/en/new-cars/baic-bj30/22b6910ddf12,"Fri, 25 Sep 2026 12:32:01 GMT",64fb5b28350bb64bd8c09cabf8712ffd10a8c819a6c1635ded0ac5737aa8ccbe,BAIC,BJ30,,Off road - Hybrid,2026,jsonld:bodyType,bodyType,SUV,json-ld
ContactCars,https://www.contactcars.com/en/new-cars/baic-bj30/22b6910ddf12,"Fri, 25 Sep 2026 12:32:01 GMT",64fb5b28350bb64bd8c09cabf8712ffd10a8c819a6c1635ded0ac5737aa8ccbe,BAIC,BJ30,,Off road - Hybrid,2026,jsonld:assembly_country,assembly_country,China,json-ld
ContactCars,https://www.contactcars.com/en/new-cars/baic-bj30/22b6910ddf12,"Fri, 25 Sep 2026 12:32:01 GMT",64fb5b28350bb64bd8c09cabf8712ffd10a8c819a6c1635ded0ac5737aa8ccbe,BAIC,BJ30,,Off road - Hybrid,2026,1cff89624677,Vehicle Size Class,Compact,spec-table
ContactCars,https://www.contactcars.com/en/new-cars/baic-bj30/22b6910ddf12,"Fri, 25 Sep 2026 12:32:01 GMT",64fb5b28350bb64bd8c09cabf8712ffd10a8c819a6c1635ded0ac5737aa8ccbe,BAIC,BJ30,,Off road - Hybrid,2026,5bedd1146e88,Body Style,SUV,spec-table
ContactCars,https://www.contactcars.com/en/new-cars/baic-bj30/22b6910ddf12,"Fri, 25 Sep 2026 12:32:01 GMT",64fb5b28350bb64bd8c09cabf8712ffd10a8c819a6c1635ded0ac5737aa8ccbe,BAIC,BJ30,,Off road - Hybrid,2026,13a10f395a87,Number of Doors,5,spec-table
ContactCars,https://www.contactcars.com/en/new-cars/baic-bj30/22b6910ddf12,"Fri, 25 Sep 2026 12:32:01 GMT",64fb5b28350bb64bd8c09cabf8712ffd10a8c819a6c1635ded0ac5737aa8ccbe,BAIC,BJ30,,Off road - Hybrid,2026,60199ad52a420993a3e82387,Number of Seats,5,spec-table
ContactCars,https://www.contactcars.com/en/new-cars/baic-bj30/22b6910ddf12,"Fri, 25 Sep 2026 12:32:01 GMT",64fb5b28350bb64bd8c09cabf8712ffd10a8c819a6c1635ded0ac5737aa8ccbe,BAIC,BJ30,,Off road - Hybrid,2026,2cd960af118a,"Rear Trunk Capacity, Seats Folded (Liter)",1496,spec-table
ContactCars,https://www.contactcars.com/en/new-cars/baic-bj30/22b6910ddf12,"Fri, 25 Sep 2026 12:32:01 GMT",64fb5b28350bb64bd8c09cabf8712ffd10a8c819a6c1635ded0ac5737aa8ccbe,BAIC,BJ30,,Off road - Hybrid,2026,603647429f57461ab1a74148,Length (mm),4730,spec-table
ContactCars,https://www.contactcars.com/en/new-cars/baic-bj30/22b6910ddf12,"Fri, 25 Sep 2026 12:32:01 GMT",64fb5b28350bb64bd8c09cabf8712ffd10a8c819a6c1635ded0ac5737aa8ccbe,BAIC,BJ30,,Off road - Hybrid,2026,6036477d9f57461ab1a74149,Width (mm),1910,spec-table
ContactCars,https://www.contactcars.com/en/new-cars/baic-bj30/22b6910ddf12,"Fri, 25 Sep 2026 12:32:01 GMT",64fb5b28350bb64bd8c09cabf8712ffd10a8c819a6c1635ded0ac5737aa8ccbe,BAIC,BJ30,,Off road - Hybrid,2026,603647a49f57461ab1a7414a,Height (mm),1790,spec-table
ContactCars,https://www.contactcars.com/en/new-cars/baic-bj30/22b6910ddf12,"Fri, 25 Sep 2026 12:32:01 GMT",64fb5b28350bb64bd8c09cabf8712ffd10a8c819a6c1635ded0ac5737aa8ccbe,BAIC,BJ30,,Off road - Hybrid,2026,6033cae86136e6f66151c687,Wheelbase (mm),2820,spec-table
ContactCars,https://www.contactcars.com/en/new-cars/baic-bj30/22b6910ddf12,"Fri, 25 Sep 2026 12:32:01 GMT",64fb5b28350bb64bd8c09cabf8712ffd10a8c819a6c1635ded0ac5737aa8ccbe,BAIC,BJ30,,Off road - Hybrid,2026,6033cbc86136e6f66151c688,Ground Clearance (mm),215,spec-table
ContactCars,https://www.contactcars.com/en/new-cars/baic-bj30/22b6910ddf12,"Fri, 25 Sep 2026 12:32:01 GMT",64fb5b28350bb64bd8c09cabf8712ffd10a8c819a6c1635ded0ac5737aa8ccbe,BAIC,BJ30,,Off road - Hybrid,2026,6244612fba30183d7791942e,Curb Weight (KG),1770,spec-table
ContactCars,https://www.contactcars.com/en/new-cars/baic-bj30/22b6910ddf12,"Fri, 25 Sep 2026 12:32:01 GMT",64fb5b28350bb64bd8c09cabf8712ffd10a8c819a6c1635ded0ac5737aa8ccbe,BAIC,BJ30,,Off road - Hybrid,2026,624443c0ba30183d77919424,Generation,ٍst1,spec-table
ContactCars,https://www.contactcars.com/en/new-cars/baic-bj30/22b6910ddf12,"Fri, 25 Sep 2026 12:32:01 GMT",64fb5b28350bb64bd8c09cabf8712ffd10a8c819a6c1635ded0ac5737aa8ccbe,BAIC,BJ30,,Off road - Hybrid,2026,1b9f93607f48,Powertrain Type,Hybrid,spec-table
ContactCars,https://www.contactcars.com/en/new-cars/baic-bj30/22b6910ddf12,"Fri, 25 Sep 2026 12:32:01 GMT",64fb5b28350bb64bd8c09cabf8712ffd10a8c819a6c1635ded0ac5737aa8ccbe,BAIC,BJ30,,Off road - Hybrid,2026,60199ad52a420993a3e82353,Combined Maximum Power (HP @ RPM),402,spec-table
ContactCars,https://www.contactcars.com/en/new-cars/baic-bj30/22b6910ddf12,"Fri, 25 Sep 2026 12:32:01 GMT",64fb5b28350bb64bd8c09cabf8712ffd10a8c819a6c1635ded0ac5737aa8ccbe,BAIC,BJ30,,Off road - Hybrid,2026,60199ad52a420993a3e82354,Combined Maximum Torque (N.m @ RPM),680,spec-table
ContactCars,https://www.contactcars.com/en/new-cars/baic-bj30/22b6910ddf12,"Fri, 25 Sep 2026 12:32:01 GMT",64fb5b28350bb64bd8c09cabf8712ffd10a8c819a6c1635ded0ac5737aa8ccbe,BAIC,BJ30,,Off road - Hybrid,2026,60199ad52a420993a3e82359,Fuel Tank Capacity (Litre),51,spec-table
ContactCars,https://www.contactcars.com/en/new-cars/baic-bj30/22b6910ddf12,"Fri, 25 Sep 2026 12:32:01 GMT",64fb5b28350bb64bd8c09cabf8712ffd10a8c819a6c1635ded0ac5737aa8ccbe,BAIC,BJ30,,Off road - Hybrid,2026,60199ad52a420993a3e82356,Combined Fuel/Energy Consumption (Liter/100 KM),6٫4,spec-table
ContactCars,https://www.contactcars.com/en/new-cars/baic-bj30/22b6910ddf12,"Fri, 25 Sep 2026 12:32:01 GMT",64fb5b28350bb64bd8c09cabf8712ffd10a8c819a6c1635ded0ac5737aa8ccbe,BAIC,BJ30,,Off road - Hybrid,2026,bc8f5919d91f,Engine Type,Inline-4,spec-table
ContactCars,https://www.contactcars.com/en/new-cars/baic-bj30/22b6910ddf12,"Fri, 25 Sep 2026 12:32:01 GMT",64fb5b28350bb64bd8c09cabf8712ffd10a8c819a6c1635ded0ac5737aa8ccbe,BAIC,BJ30,,Off road - Hybrid,2026,0922a30a7f46,Engine Function,Drive Wheels & Generator,spec-table
ContactCars,https://www.contactcars.com/en/new-cars/baic-bj30/22b6910ddf12,"Fri, 25 Sep 2026 12:32:01 GMT",64fb5b28350bb64bd8c09cabf8712ffd10a8c819a6c1635ded0ac5737aa8ccbe,BAIC,BJ30,,Off road - Hybrid,2026,60199ad52a420993a3e82352,Cylinders,4,spec-table
ContactCars,https://www.contactcars.com/en/new-cars/baic-bj30/22b6910ddf12,"Fri, 25 Sep 2026 12:32:01 GMT",64fb5b28350bb64bd8c09cabf8712ffd10a8c819a6c1635ded0ac5737aa8ccbe,BAIC,BJ30,,Off road - Hybrid,2026,62445feaba30183d7791942d,Engine Capacity (CC),1498,spec-table
ContactCars,https://www.contactcars.com/en/new-cars/baic-bj30/22b6910ddf12,"Fri, 25 Sep 2026 12:32:01 GMT",64fb5b28350bb64bd8c09cabf8712ffd10a8c819a6c1635ded0ac5737aa8ccbe,BAIC,BJ30,,Off road - Hybrid,2026,6244616cba30183d7791942f,Induction Type,Turbocharged,spec-table
ContactCars,https://www.contactcars.com/en/new-cars/baic-bj30/22b6910ddf12,"Fri, 25 Sep 2026 12:32:01 GMT",64fb5b28350bb64bd8c09cabf8712ffd10a8c819a6c1635ded0ac5737aa8ccbe,BAIC,BJ30,,Off road - Hybrid,2026,626916559ba5,Maximum Power Output (hp),154,spec-table
ContactCars,https://www.contactcars.com/en/new-cars/baic-bj30/22b6910ddf12,"Fri, 25 Sep 2026 12:32:01 GMT",64fb5b28350bb64bd8c09cabf8712ffd10a8c819a6c1635ded0ac5737aa8ccbe,BAIC,BJ30,,Off road - Hybrid,2026,60d3a866c259,Maximum Torque (Nm),230,spec-table
ContactCars,https://www.contactcars.com/en/new-cars/baic-bj30/22b6910ddf12,"Fri, 25 Sep 2026 12:32:01 GMT",64fb5b28350bb64bd8c09cabf8712ffd10a8c819a6c1635ded0ac5737aa8ccbe,BAIC,BJ30,,Off road - Hybrid,2026,60199ad52a420993a3e82358,Recommend Fuel Grade,95,spec-table
ContactCars,https://www.contactcars.com/en/new-cars/baic-bj30/22b6910ddf12,"Fri, 25 Sep 2026 12:32:01 GMT",64fb5b28350bb64bd8c09cabf8712ffd10a8c819a6c1635ded0ac5737aa8ccbe,BAIC,BJ30,,Off road - Hybrid,2026,62445f6cba30183d7791942c,Engine Layout,Front,spec-table
ContactCars,https://www.contactcars.com/en/new-cars/baic-bj30/22b6910ddf12,"Fri, 25 Sep 2026 12:32:01 GMT",64fb5b28350bb64bd8c09cabf8712ffd10a8c819a6c1635ded0ac5737aa8ccbe,BAIC,BJ30,,Off road - Hybrid,2026,9b380f9039be,Electric Motor Count,2,spec-table
ContactCars,https://www.contactcars.com/en/new-cars/baic-bj30/22b6910ddf12,"Fri, 25 Sep 2026 12:32:01 GMT",64fb5b28350bb64bd8c09cabf8712ffd10a8c819a6c1635ded0ac5737aa8ccbe,BAIC,BJ30,,Off road - Hybrid,2026,405078366d48,Electric Motor Position,Front & Rear,spec-table
ContactCars,https://www.contactcars.com/en/new-cars/baic-bj30/22b6910ddf12,"Fri, 25 Sep 2026 12:32:01 GMT",64fb5b28350bb64bd8c09cabf8712ffd10a8c819a6c1635ded0ac5737aa8ccbe,BAIC,BJ30,,Off road - Hybrid,2026,ae3798f5fd83,Drivetrain Type,4WD (Four-Wheel Drive),spec-table
ContactCars,https://www.contactcars.com/en/new-cars/baic-bj30/22b6910ddf12,"Fri, 25 Sep 2026 12:32:01 GMT",64fb5b28350bb64bd8c09cabf8712ffd10a8c819a6c1635ded0ac5737aa8ccbe,BAIC,BJ30,,Off road - Hybrid,2026,fd8d1904b500,Transmission Type,Automatic,spec-table
ContactCars,https://www.contactcars.com/en/new-cars/baic-bj30/22b6910ddf12,"Fri, 25 Sep 2026 12:32:01 GMT",64fb5b28350bb64bd8c09cabf8712ffd10a8c819a6c1635ded0ac5737aa8ccbe,BAIC,BJ30,,Off road - Hybrid,2026,5229867ce0fa,Transmission Technology,Direct Drive,spec-table
ContactCars,https://www.contactcars.com/en/new-cars/baic-bj30/22b6910ddf12,"Fri, 25 Sep 2026 12:32:01 GMT",64fb5b28350bb64bd8c09cabf8712ffd10a8c819a6c1635ded0ac5737aa8ccbe,BAIC,BJ30,,Off road - Hybrid,2026,7024a4520fc8,Battery Type,ليثيوم نيكل كوبالت منجنيز  Li-NMC,spec-table
ContactCars,https://www.contactcars.com/en/new-cars/baic-bj30/22b6910ddf12,"Fri, 25 Sep 2026 12:32:01 GMT",64fb5b28350bb64bd8c09cabf8712ffd10a8c819a6c1635ded0ac5737aa8ccbe,BAIC,BJ30,,Off road - Hybrid,2026,f99e9199742a,Battery Capacity Kwh,1٫67,spec-table
ContactCars,https://www.contactcars.com/en/new-cars/baic-bj30/22b6910ddf12,"Fri, 25 Sep 2026 12:32:01 GMT",64fb5b28350bb64bd8c09cabf8712ffd10a8c819a6c1635ded0ac5737aa8ccbe,BAIC,BJ30,,Off road - Hybrid,2026,60199ad52a420993a3e82385,Steering Wheel,Leather,spec-table
ContactCars,https://www.contactcars.com/en/new-cars/baic-bj30/22b6910ddf12,"Fri, 25 Sep 2026 12:32:01 GMT",64fb5b28350bb64bd8c09cabf8712ffd10a8c819a6c1635ded0ac5737aa8ccbe,BAIC,BJ30,,Off road - Hybrid,2026,60199ad52a420993a3e8235d,Power Steering Type,Electric,spec-table
ContactCars,https://www.contactcars.com/en/new-cars/baic-bj30/22b6910ddf12,"Fri, 25 Sep 2026 12:32:01 GMT",64fb5b28350bb64bd8c09cabf8712ffd10a8c819a6c1635ded0ac5737aa8ccbe,BAIC,BJ30,,Off road - Hybrid,2026,602fa37cd768,Steering Adjustment Ops,Manual,spec-table
ContactCars,https://www.contactcars.com/en/new-cars/baic-bj30/22b6910ddf12,"Fri, 25 Sep 2026 12:32:01 GMT",64fb5b28350bb64bd8c09cabf8712ffd10a8c819a6c1635ded0ac5737aa8ccbe,BAIC,BJ30,,Off road - Hybrid,2026,7c8ae7912edf,Steering Modes,"Comfort, Sport, Normal, Eco",spec-table
ContactCars,https://www.contactcars.com/en/new-cars/baic-bj30/22b6910ddf12,"Fri, 25 Sep 2026 12:32:01 GMT",64fb5b28350bb64bd8c09cabf8712ffd10a8c819a6c1635ded0ac5737aa8ccbe,BAIC,BJ30,,Off road - Hybrid,2026,e78c472170c2,Front Suspension Type,MacPherson,spec-table
ContactCars,https://www.contactcars.com/en/new-cars/baic-bj30/22b6910ddf12,"Fri, 25 Sep 2026 12:32:01 GMT",64fb5b28350bb64bd8c09cabf8712ffd10a8c819a6c1635ded0ac5737aa8ccbe,BAIC,BJ30,,Off road - Hybrid,2026,d7a33f9ff1ff,Rear Suspension Type,Multi-Link,spec-table
ContactCars,https://www.contactcars.com/en/new-cars/baic-bj30/22b6910ddf12,"Fri, 25 Sep 2026 12:32:01 GMT",64fb5b28350bb64bd8c09cabf8712ffd10a8c819a6c1635ded0ac5737aa8ccbe,BAIC,BJ30,,Off road - Hybrid,2026,58f344b6ff55,Front Brakes Type,Ventilated Disc Brakes,spec-table
ContactCars,https://www.contactcars.com/en/new-cars/baic-bj30/22b6910ddf12,"Fri, 25 Sep 2026 12:32:01 GMT",64fb5b28350bb64bd8c09cabf8712ffd10a8c819a6c1635ded0ac5737aa8ccbe,BAIC,BJ30,,Off road - Hybrid,2026,eb24327dbe4e,Rear Brakes Type,Solid Disc Brakes,spec-table
ContactCars,https://www.contactcars.com/en/new-cars/baic-bj30/22b6910ddf12,"Fri, 25 Sep 2026 12:32:01 GMT",64fb5b28350bb64bd8c09cabf8712ffd10a8c819a6c1635ded0ac5737aa8ccbe,BAIC,BJ30,,Off road - Hybrid,2026,4ed8405e7e5b,Hand Brake Type,Electronic,spec-table
ContactCars,https://www.contactcars.com/en/new-cars/baic-bj30/22b6910ddf12,"Fri, 25 Sep 2026 12:32:01 GMT",64fb5b28350bb64bd8c09cabf8712ffd10a8c819a6c1635ded0ac5737aa8ccbe,BAIC,BJ30,,Off road - Hybrid,2026,d4b30096d663,Wheel Type,Alloy,spec-table
ContactCars,https://www.contactcars.com/en/new-cars/baic-bj30/22b6910ddf12,"Fri, 25 Sep 2026 12:32:01 GMT",64fb5b28350bb64bd8c09cabf8712ffd10a8c819a6c1635ded0ac5737aa8ccbe,BAIC,BJ30,,Off road - Hybrid,2026,1831c41b7b17,Front Wheel Size,19,spec-table
ContactCars,https://www.contactcars.com/en/new-cars/baic-bj30/22b6910ddf12,"Fri, 25 Sep 2026 12:32:01 GMT",64fb5b28350bb64bd8c09cabf8712ffd10a8c819a6c1635ded0ac5737aa8ccbe,BAIC,BJ30,,Off road - Hybrid,2026,1f4797b49117,Rear Wheel Size,19,spec-table
ContactCars,https://www.contactcars.com/en/new-cars/baic-bj30/22b6910ddf12,"Fri, 25 Sep 2026 12:32:01 GMT",64fb5b28350bb64bd8c09cabf8712ffd10a8c819a6c1635ded0ac5737aa8ccbe,BAIC,BJ30,,Off road - Hybrid,2026,60199ad52a420993a3e82372,Front Tire Size, 235/60 R19,spec-table
ContactCars,https://www.contactcars.com/en/new-cars/baic-bj30/22b6910ddf12,"Fri, 25 Sep 2026 12:32:01 GMT",64fb5b28350bb64bd8c09cabf8712ffd10a8c819a6c1635ded0ac5737aa8ccbe,BAIC,BJ30,,Off road - Hybrid,2026,2076fe4abba4,Rear Tire Size, 235/60 R19,spec-table
ContactCars,https://www.contactcars.com/en/new-cars/baic-bj30/22b6910ddf12,"Fri, 25 Sep 2026 12:32:01 GMT",64fb5b28350bb64bd8c09cabf8712ffd10a8c819a6c1635ded0ac5737aa8ccbe,BAIC,BJ30,,Off road - Hybrid,2026,cb68666c87e5,Tire Type,All-Season,spec-table
ContactCars,https://www.contactcars.com/en/new-cars/baic-bj30/22b6910ddf12,"Fri, 25 Sep 2026 12:32:01 GMT",64fb5b28350bb64bd8c09cabf8712ffd10a8c819a6c1635ded0ac5737aa8ccbe,BAIC,BJ30,,Off road - Hybrid,2026,60199ad52a420993a3e8236a,Airbag Count,6,spec-table
ContactCars,https://www.contactcars.com/en/new-cars/baic-bj30/22b6910ddf12,"Fri, 25 Sep 2026 12:32:01 GMT",64fb5b28350bb64bd8c09cabf8712ffd10a8c819a6c1635ded0ac5737aa8ccbe,BAIC,BJ30,,Off road - Hybrid,2026,72fbbbfbb11f,Seat Upholestry,Leather,spec-table
ContactCars,https://www.contactcars.com/en/new-cars/baic-bj30/22b6910ddf12,"Fri, 25 Sep 2026 12:32:01 GMT",64fb5b28350bb64bd8c09cabf8712ffd10a8c819a6c1635ded0ac5737aa8ccbe,BAIC,BJ30,,Off road - Hybrid,2026,40e24a4a83e0,Gearbox Selector,Shift By Wire,spec-table
ContactCars,https://www.contactcars.com/en/new-cars/baic-bj30/22b6910ddf12,"Fri, 25 Sep 2026 12:32:01 GMT",64fb5b28350bb64bd8c09cabf8712ffd10a8c819a6c1635ded0ac5737aa8ccbe,BAIC,BJ30,,Off road - Hybrid,2026,60199ad52a420993a3e82383,Ambient Lighting,Multi Color,spec-table
ContactCars,https://www.contactcars.com/en/new-cars/baic-bj30/22b6910ddf12,"Fri, 25 Sep 2026 12:32:01 GMT",64fb5b28350bb64bd8c09cabf8712ffd10a8c819a6c1635ded0ac5737aa8ccbe,BAIC,BJ30,,Off road - Hybrid,2026,60199ad52a420993a3e8238f,Driver Seat,Electric With Memory,spec-table
ContactCars,https://www.contactcars.com/en/new-cars/baic-bj30/22b6910ddf12,"Fri, 25 Sep 2026 12:32:01 GMT",64fb5b28350bb64bd8c09cabf8712ffd10a8c819a6c1635ded0ac5737aa8ccbe,BAIC,BJ30,,Off road - Hybrid,2026,624473faba30183d77919443,Int. Trim,Leather,spec-table
ContactCars,https://www.contactcars.com/en/new-cars/baic-bj30/22b6910ddf12,"Fri, 25 Sep 2026 12:32:01 GMT",64fb5b28350bb64bd8c09cabf8712ffd10a8c819a6c1635ded0ac5737aa8ccbe,BAIC,BJ30,,Off road - Hybrid,2026,60199ad52a420993a3e8239d,Infotainment Display Size,14٫6,spec-table
ContactCars,https://www.contactcars.com/en/new-cars/baic-bj30/22b6910ddf12,"Fri, 25 Sep 2026 12:32:01 GMT",64fb5b28350bb64bd8c09cabf8712ffd10a8c819a6c1635ded0ac5737aa8ccbe,BAIC,BJ30,,Off road - Hybrid,2026,60199ad52a420993a3e8237c,Instrument Cluster Type,Digital,spec-table
ContactCars,https://www.contactcars.com/en/new-cars/baic-bj30/22b6910ddf12,"Fri, 25 Sep 2026 12:32:01 GMT",64fb5b28350bb64bd8c09cabf8712ffd10a8c819a6c1635ded0ac5737aa8ccbe,BAIC,BJ30,,Off road - Hybrid,2026,75fe2b7d7bc2,Instrument Cluster Size,10٫25,spec-table
ContactCars,https://www.contactcars.com/en/new-cars/baic-bj30/22b6910ddf12,"Fri, 25 Sep 2026 12:32:01 GMT",64fb5b28350bb64bd8c09cabf8712ffd10a8c819a6c1635ded0ac5737aa8ccbe,BAIC,BJ30,,Off road - Hybrid,2026,60199ad52a420993a3e8239c,Smartphone Integration,Android Auto/Apple Car Play,spec-table
ContactCars,https://www.contactcars.com/en/new-cars/baic-bj30/22b6910ddf12,"Fri, 25 Sep 2026 12:32:01 GMT",64fb5b28350bb64bd8c09cabf8712ffd10a8c819a6c1635ded0ac5737aa8ccbe,BAIC,BJ30,,Off road - Hybrid,2026,60199ad52a420993a3e823a2,Number of Speakers,8,spec-table
ContactCars,https://www.contactcars.com/en/new-cars/baic-bj30/22b6910ddf12,"Fri, 25 Sep 2026 12:32:01 GMT",64fb5b28350bb64bd8c09cabf8712ffd10a8c819a6c1635ded0ac5737aa8ccbe,BAIC,BJ30,,Off road - Hybrid,2026,858d92859fe6,Foglights,LED,spec-table
ContactCars,https://www.contactcars.com/en/new-cars/baic-bj30/22b6910ddf12,"Fri, 25 Sep 2026 12:32:01 GMT",64fb5b28350bb64bd8c09cabf8712ffd10a8c819a6c1635ded0ac5737aa8ccbe,BAIC,BJ30,,Off road - Hybrid,2026,60199ad52a420993a3e82376,Rims,R19,spec-table
ContactCars,https://www.contactcars.com/en/new-cars/baic-bj30/22b6910ddf12,"Fri, 25 Sep 2026 12:32:01 GMT",64fb5b28350bb64bd8c09cabf8712ffd10a8c819a6c1635ded0ac5737aa8ccbe,BAIC,BJ30,,Off road - Hybrid,2026,60199ad52a420993a3e8236d,Headlamps,LED,spec-table
ContactCars,https://www.contactcars.com/en/new-cars/baic-bj30/22b6910ddf12,"Fri, 25 Sep 2026 12:32:01 GMT",64fb5b28350bb64bd8c09cabf8712ffd10a8c819a6c1635ded0ac5737aa8ccbe,BAIC,BJ30,,Off road - Hybrid,2026,60199ad52a420993a3e8236e,Tail Lights,LED,spec-table
ContactCars,https://www.contactcars.com/en/new-cars/baic-bj30/22b6910ddf12,"Fri, 25 Sep 2026 12:32:01 GMT",64fb5b28350bb64bd8c09cabf8712ffd10a8c819a6c1635ded0ac5737aa8ccbe,BAIC,BJ30,,Off road - Hybrid,2026,62448521ba30183d77919447,Body Stitching,Off road package,spec-table
ContactCars,https://www.contactcars.com/en/new-cars/baic-bj30/22b6910ddf12,"Fri, 25 Sep 2026 12:32:01 GMT",64fb5b28350bb64bd8c09cabf8712ffd10a8c819a6c1635ded0ac5737aa8ccbe,BAIC,BJ30,,Off road - Hybrid,2026,62a5f51c3b190c24efacbe38,Basic Vehicle Warranty,6 سنوات أو 150 ألف كيلو متر أيهما أقرب,spec-table
ContactCars,https://www.contactcars.com/en/new-cars/baic-bj30/343da1a5d556,"Fri, 25 Sep 2026 12:32:02 GMT",8ad815ae2e21373feef6d23d48491035ba043e73638b518673d817b34199a747,BAIC,BJ30,,Ultra - Hybrid,2026,jsonld:offer_price_egp,offer_price_egp,1675000,json-ld
ContactCars,https://www.contactcars.com/en/new-cars/baic-bj30/343da1a5d556,"Fri, 25 Sep 2026 12:32:02 GMT",8ad815ae2e21373feef6d23d48491035ba043e73638b518673d817b34199a747,BAIC,BJ30,,Ultra - Hybrid,2026,jsonld:fuelType,fuelType,Hybrid,json-ld
ContactCars,https://www.contactcars.com/en/new-cars/baic-bj30/343da1a5d556,"Fri, 25 Sep 2026 12:32:02 GMT",8ad815ae2e21373feef6d23d48491035ba043e73638b518673d817b34199a747,BAIC,BJ30,,Ultra - Hybrid,2026,jsonld:engineDisplacement,engineDisplacement,1500,json-ld
ContactCars,https://www.contactcars.com/en/new-cars/baic-bj30/343da1a5d556,"Fri, 25 Sep 2026 12:32:02 GMT",8ad815ae2e21373feef6d23d48491035ba043e73638b518673d817b34199a747,BAIC,BJ30,,Ultra - Hybrid,2026,jsonld:vehicleTransmission,vehicleTransmission,Automatic,json-ld
ContactCars,https://www.contactcars.com/en/new-cars/baic-bj30/343da1a5d556,"Fri, 25 Sep 2026 12:32:02 GMT",8ad815ae2e21373feef6d23d48491035ba043e73638b518673d817b34199a747,BAIC,BJ30,,Ultra - Hybrid,2026,jsonld:bodyType,bodyType,SUV,json-ld
ContactCars,https://www.contactcars.com/en/new-cars/baic-bj30/343da1a5d556,"Fri, 25 Sep 2026 12:32:02 GMT",8ad815ae2e21373feef6d23d48491035ba043e73638b518673d817b34199a747,BAIC,BJ30,,Ultra - Hybrid,2026,jsonld:assembly_country,assembly_country,China,json-ld
ContactCars,https://www.contactcars.com/en/new-cars/baic-bj30/343da1a5d556,"Fri, 25 Sep 2026 12:32:02 GMT",8ad815ae2e21373feef6d23d48491035ba043e73638b518673d817b34199a747,BAIC,BJ30,,Ultra - Hybrid,2026,1cff89624677,Vehicle Size Class,Compact,spec-table
ContactCars,https://www.contactcars.com/en/new-cars/baic-bj30/343da1a5d556,"Fri, 25 Sep 2026 12:32:02 GMT",8ad815ae2e21373feef6d23d48491035ba043e73638b518673d817b34199a747,BAIC,BJ30,,Ultra - Hybrid,2026,5bedd1146e88,Body Style,SUV,spec-table
ContactCars,https://www.contactcars.com/en/new-cars/baic-bj30/343da1a5d556,"Fri, 25 Sep 2026 12:32:02 GMT",8ad815ae2e21373feef6d23d48491035ba043e73638b518673d817b34199a747,BAIC,BJ30,,Ultra - Hybrid,2026,13a10f395a87,Number of Doors,5,spec-table
ContactCars,https://www.contactcars.com/en/new-cars/baic-bj30/343da1a5d556,"Fri, 25 Sep 2026 12:32:02 GMT",8ad815ae2e21373feef6d23d48491035ba043e73638b518673d817b34199a747,BAIC,BJ30,,Ultra - Hybrid,2026,60199ad52a420993a3e82387,Number of Seats,5,spec-table
ContactCars,https://www.contactcars.com/en/new-cars/baic-bj30/343da1a5d556,"Fri, 25 Sep 2026 12:32:02 GMT",8ad815ae2e21373feef6d23d48491035ba043e73638b518673d817b34199a747,BAIC,BJ30,,Ultra - Hybrid,2026,2cd960af118a,"Rear Trunk Capacity, Seats Folded (Liter)",1496,spec-table
ContactCars,https://www.contactcars.com/en/new-cars/baic-bj30/343da1a5d556,"Fri, 25 Sep 2026 12:32:02 GMT",8ad815ae2e21373feef6d23d48491035ba043e73638b518673d817b34199a747,BAIC,BJ30,,Ultra - Hybrid,2026,603647429f57461ab1a74148,Length (mm),4730,spec-table
ContactCars,https://www.contactcars.com/en/new-cars/baic-bj30/343da1a5d556,"Fri, 25 Sep 2026 12:32:02 GMT",8ad815ae2e21373feef6d23d48491035ba043e73638b518673d817b34199a747,BAIC,BJ30,,Ultra - Hybrid,2026,6036477d9f57461ab1a74149,Width (mm),1910,spec-table
ContactCars,https://www.contactcars.com/en/new-cars/baic-bj30/343da1a5d556,"Fri, 25 Sep 2026 12:32:02 GMT",8ad815ae2e21373feef6d23d48491035ba043e73638b518673d817b34199a747,BAIC,BJ30,,Ultra - Hybrid,2026,603647a49f57461ab1a7414a,Height (mm),1790,spec-table
ContactCars,https://www.contactcars.com/en/new-cars/baic-bj30/343da1a5d556,"Fri, 25 Sep 2026 12:32:02 GMT",8ad815ae2e21373feef6d23d48491035ba043e73638b518673d817b34199a747,BAIC,BJ30,,Ultra - Hybrid,2026,6033cae86136e6f66151c687,Wheelbase (mm),2820,spec-table
ContactCars,https://www.contactcars.com/en/new-cars/baic-bj30/343da1a5d556,"Fri, 25 Sep 2026 12:32:02 GMT",8ad815ae2e21373feef6d23d48491035ba043e73638b518673d817b34199a747,BAIC,BJ30,,Ultra - Hybrid,2026,6033cbc86136e6f66151c688,Ground Clearance (mm),215,spec-table
ContactCars,https://www.contactcars.com/en/new-cars/baic-bj30/343da1a5d556,"Fri, 25 Sep 2026 12:32:02 GMT",8ad815ae2e21373feef6d23d48491035ba043e73638b518673d817b34199a747,BAIC,BJ30,,Ultra - Hybrid,2026,6244612fba30183d7791942e,Curb Weight (KG),1770,spec-table
ContactCars,https://www.contactcars.com/en/new-cars/baic-bj30/343da1a5d556,"Fri, 25 Sep 2026 12:32:02 GMT",8ad815ae2e21373feef6d23d48491035ba043e73638b518673d817b34199a747,BAIC,BJ30,,Ultra - Hybrid,2026,624443c0ba30183d77919424,Generation,ٍst1,spec-table
ContactCars,https://www.contactcars.com/en/new-cars/baic-bj30/343da1a5d556,"Fri, 25 Sep 2026 12:32:02 GMT",8ad815ae2e21373feef6d23d48491035ba043e73638b518673d817b34199a747,BAIC,BJ30,,Ultra - Hybrid,2026,1b9f93607f48,Powertrain Type,Hybrid,spec-table
ContactCars,https://www.contactcars.com/en/new-cars/baic-bj30/343da1a5d556,"Fri, 25 Sep 2026 12:32:02 GMT",8ad815ae2e21373feef6d23d48491035ba043e73638b518673d817b34199a747,BAIC,BJ30,,Ultra - Hybrid,2026,60199ad52a420993a3e82353,Combined Maximum Power (HP @ RPM),402,spec-table
ContactCars,https://www.contactcars.com/en/new-cars/baic-bj30/343da1a5d556,"Fri, 25 Sep 2026 12:32:02 GMT",8ad815ae2e21373feef6d23d48491035ba043e73638b518673d817b34199a747,BAIC,BJ30,,Ultra - Hybrid,2026,60199ad52a420993a3e82354,Combined Maximum Torque (N.m @ RPM),680,spec-table
ContactCars,https://www.contactcars.com/en/new-cars/baic-bj30/343da1a5d556,"Fri, 25 Sep 2026 12:32:02 GMT",8ad815ae2e21373feef6d23d48491035ba043e73638b518673d817b34199a747,BAIC,BJ30,,Ultra - Hybrid,2026,60199ad52a420993a3e82359,Fuel Tank Capacity (Litre),51,spec-table
ContactCars,https://www.contactcars.com/en/new-cars/baic-bj30/343da1a5d556,"Fri, 25 Sep 2026 12:32:02 GMT",8ad815ae2e21373feef6d23d48491035ba043e73638b518673d817b34199a747,BAIC,BJ30,,Ultra - Hybrid,2026,60199ad52a420993a3e82356,Combined Fuel/Energy Consumption (Liter/100 KM),6٫4,spec-table
ContactCars,https://www.contactcars.com/en/new-cars/baic-bj30/343da1a5d556,"Fri, 25 Sep 2026 12:32:02 GMT",8ad815ae2e21373feef6d23d48491035ba043e73638b518673d817b34199a747,BAIC,BJ30,,Ultra - Hybrid,2026,bc8f5919d91f,Engine Type,Inline-4,spec-table
ContactCars,https://www.contactcars.com/en/new-cars/baic-bj30/343da1a5d556,"Fri, 25 Sep 2026 12:32:02 GMT",8ad815ae2e21373feef6d23d48491035ba043e73638b518673d817b34199a747,BAIC,BJ30,,Ultra - Hybrid,2026,0922a30a7f46,Engine Function,Drive Wheels & Generator,spec-table
ContactCars,https://www.contactcars.com/en/new-cars/baic-bj30/343da1a5d556,"Fri, 25 Sep 2026 12:32:02 GMT",8ad815ae2e21373feef6d23d48491035ba043e73638b518673d817b34199a747,BAIC,BJ30,,Ultra - Hybrid,2026,60199ad52a420993a3e82352,Cylinders,4,spec-table
ContactCars,https://www.contactcars.com/en/new-cars/baic-bj30/343da1a5d556,"Fri, 25 Sep 2026 12:32:02 GMT",8ad815ae2e21373feef6d23d48491035ba043e73638b518673d817b34199a747,BAIC,BJ30,,Ultra - Hybrid,2026,62445feaba30183d7791942d,Engine Capacity (CC),1498,spec-table
ContactCars,https://www.contactcars.com/en/new-cars/baic-bj30/343da1a5d556,"Fri, 25 Sep 2026 12:32:02 GMT",8ad815ae2e21373feef6d23d48491035ba043e73638b518673d817b34199a747,BAIC,BJ30,,Ultra - Hybrid,2026,6244616cba30183d7791942f,Induction Type,Turbocharged,spec-table
ContactCars,https://www.contactcars.com/en/new-cars/baic-bj30/343da1a5d556,"Fri, 25 Sep 2026 12:32:02 GMT",8ad815ae2e21373feef6d23d48491035ba043e73638b518673d817b34199a747,BAIC,BJ30,,Ultra - Hybrid,2026,626916559ba5,Maximum Power Output (hp),154,spec-table
ContactCars,https://www.contactcars.com/en/new-cars/baic-bj30/343da1a5d556,"Fri, 25 Sep 2026 12:32:02 GMT",8ad815ae2e21373feef6d23d48491035ba043e73638b518673d817b34199a747,BAIC,BJ30,,Ultra - Hybrid,2026,60d3a866c259,Maximum Torque (Nm),230,spec-table
ContactCars,https://www.contactcars.com/en/new-cars/baic-bj30/343da1a5d556,"Fri, 25 Sep 2026 12:32:02 GMT",8ad815ae2e21373feef6d23d48491035ba043e73638b518673d817b34199a747,BAIC,BJ30,,Ultra - Hybrid,2026,60199ad52a420993a3e82358,Recommend Fuel Grade,95,spec-table
ContactCars,https://www.contactcars.com/en/new-cars/baic-bj30/343da1a5d556,"Fri, 25 Sep 2026 12:32:02 GMT",8ad815ae2e21373feef6d23d48491035ba043e73638b518673d817b34199a747,BAIC,BJ30,,Ultra - Hybrid,2026,62445f6cba30183d7791942c,Engine Layout,Front,spec-table
ContactCars,https://www.contactcars.com/en/new-cars/baic-bj30/343da1a5d556,"Fri, 25 Sep 2026 12:32:02 GMT",8ad815ae2e21373feef6d23d48491035ba043e73638b518673d817b34199a747,BAIC,BJ30,,Ultra - Hybrid,2026,9b380f9039be,Electric Motor Count,2,spec-table
ContactCars,https://www.contactcars.com/en/new-cars/baic-bj30/343da1a5d556,"Fri, 25 Sep 2026 12:32:02 GMT",8ad815ae2e21373feef6d23d48491035ba043e73638b518673d817b34199a747,BAIC,BJ30,,Ultra - Hybrid,2026,405078366d48,Electric Motor Position,Front & Rear,spec-table
ContactCars,https://www.contactcars.com/en/new-cars/baic-bj30/343da1a5d556,"Fri, 25 Sep 2026 12:32:02 GMT",8ad815ae2e21373feef6d23d48491035ba043e73638b518673d817b34199a747,BAIC,BJ30,,Ultra - Hybrid,2026,ae3798f5fd83,Drivetrain Type,4WD (Four-Wheel Drive),spec-table
ContactCars,https://www.contactcars.com/en/new-cars/baic-bj30/343da1a5d556,"Fri, 25 Sep 2026 12:32:02 GMT",8ad815ae2e21373feef6d23d48491035ba043e73638b518673d817b34199a747,BAIC,BJ30,,Ultra - Hybrid,2026,fd8d1904b500,Transmission Type,Automatic,spec-table
ContactCars,https://www.contactcars.com/en/new-cars/baic-bj30/343da1a5d556,"Fri, 25 Sep 2026 12:32:02 GMT",8ad815ae2e21373feef6d23d48491035ba043e73638b518673d817b34199a747,BAIC,BJ30,,Ultra - Hybrid,2026,5229867ce0fa,Transmission Technology,Direct Drive,spec-table
ContactCars,https://www.contactcars.com/en/new-cars/baic-bj30/343da1a5d556,"Fri, 25 Sep 2026 12:32:02 GMT",8ad815ae2e21373feef6d23d48491035ba043e73638b518673d817b34199a747,BAIC,BJ30,,Ultra - Hybrid,2026,7024a4520fc8,Battery Type,ليثيوم نيكل كوبالت منجنيز  Li-NMC,spec-table
ContactCars,https://www.contactcars.com/en/new-cars/baic-bj30/343da1a5d556,"Fri, 25 Sep 2026 12:32:02 GMT",8ad815ae2e21373feef6d23d48491035ba043e73638b518673d817b34199a747,BAIC,BJ30,,Ultra - Hybrid,2026,f99e9199742a,Battery Capacity Kwh,1٫67,spec-table
ContactCars,https://www.contactcars.com/en/new-cars/baic-bj30/343da1a5d556,"Fri, 25 Sep 2026 12:32:02 GMT",8ad815ae2e21373feef6d23d48491035ba043e73638b518673d817b34199a747,BAIC,BJ30,,Ultra - Hybrid,2026,60199ad52a420993a3e82385,Steering Wheel,Leather,spec-table
ContactCars,https://www.contactcars.com/en/new-cars/baic-bj30/343da1a5d556,"Fri, 25 Sep 2026 12:32:02 GMT",8ad815ae2e21373feef6d23d48491035ba043e73638b518673d817b34199a747,BAIC,BJ30,,Ultra - Hybrid,2026,60199ad52a420993a3e8235d,Power Steering Type,Electric,spec-table
ContactCars,https://www.contactcars.com/en/new-cars/baic-bj30/343da1a5d556,"Fri, 25 Sep 2026 12:32:02 GMT",8ad815ae2e21373feef6d23d48491035ba043e73638b518673d817b34199a747,BAIC,BJ30,,Ultra - Hybrid,2026,602fa37cd768,Steering Adjustment Ops,Manual,spec-table
ContactCars,https://www.contactcars.com/en/new-cars/baic-bj30/343da1a5d556,"Fri, 25 Sep 2026 12:32:02 GMT",8ad815ae2e21373feef6d23d48491035ba043e73638b518673d817b34199a747,BAIC,BJ30,,Ultra - Hybrid,2026,7c8ae7912edf,Steering Modes,"Comfort, Sport, Normal, Eco",spec-table
ContactCars,https://www.contactcars.com/en/new-cars/baic-bj30/343da1a5d556,"Fri, 25 Sep 2026 12:32:02 GMT",8ad815ae2e21373feef6d23d48491035ba043e73638b518673d817b34199a747,BAIC,BJ30,,Ultra - Hybrid,2026,e78c472170c2,Front Suspension Type,MacPherson,spec-table
ContactCars,https://www.contactcars.com/en/new-cars/baic-bj30/343da1a5d556,"Fri, 25 Sep 2026 12:32:02 GMT",8ad815ae2e21373feef6d23d48491035ba043e73638b518673d817b34199a747,BAIC,BJ30,,Ultra - Hybrid,2026,d7a33f9ff1ff,Rear Suspension Type,Multi-Link,spec-table
ContactCars,https://www.contactcars.com/en/new-cars/baic-bj30/343da1a5d556,"Fri, 25 Sep 2026 12:32:02 GMT",8ad815ae2e21373feef6d23d48491035ba043e73638b518673d817b34199a747,BAIC,BJ30,,Ultra - Hybrid,2026,58f344b6ff55,Front Brakes Type,Ventilated Disc Brakes,spec-table
ContactCars,https://www.contactcars.com/en/new-cars/baic-bj30/343da1a5d556,"Fri, 25 Sep 2026 12:32:02 GMT",8ad815ae2e21373feef6d23d48491035ba043e73638b518673d817b34199a747,BAIC,BJ30,,Ultra - Hybrid,2026,eb24327dbe4e,Rear Brakes Type,Solid Disc Brakes,spec-table
ContactCars,https://www.contactcars.com/en/new-cars/baic-bj30/343da1a5d556,"Fri, 25 Sep 2026 12:32:02 GMT",8ad815ae2e21373feef6d23d48491035ba043e73638b518673d817b34199a747,BAIC,BJ30,,Ultra - Hybrid,2026,4ed8405e7e5b,Hand Brake Type,Electronic,spec-table
ContactCars,https://www.contactcars.com/en/new-cars/baic-bj30/343da1a5d556,"Fri, 25 Sep 2026 12:32:02 GMT",8ad815ae2e21373feef6d23d48491035ba043e73638b518673d817b34199a747,BAIC,BJ30,,Ultra - Hybrid,2026,d4b30096d663,Wheel Type,Alloy,spec-table
ContactCars,https://www.contactcars.com/en/new-cars/baic-bj30/343da1a5d556,"Fri, 25 Sep 2026 12:32:02 GMT",8ad815ae2e21373feef6d23d48491035ba043e73638b518673d817b34199a747,BAIC,BJ30,,Ultra - Hybrid,2026,1831c41b7b17,Front Wheel Size,19,spec-table
ContactCars,https://www.contactcars.com/en/new-cars/baic-bj30/343da1a5d556,"Fri, 25 Sep 2026 12:32:02 GMT",8ad815ae2e21373feef6d23d48491035ba043e73638b518673d817b34199a747,BAIC,BJ30,,Ultra - Hybrid,2026,1f4797b49117,Rear Wheel Size,19,spec-table
ContactCars,https://www.contactcars.com/en/new-cars/baic-bj30/343da1a5d556,"Fri, 25 Sep 2026 12:32:02 GMT",8ad815ae2e21373feef6d23d48491035ba043e73638b518673d817b34199a747,BAIC,BJ30,,Ultra - Hybrid,2026,60199ad52a420993a3e82372,Front Tire Size, 235/60 R19,spec-table
ContactCars,https://www.contactcars.com/en/new-cars/baic-bj30/343da1a5d556,"Fri, 25 Sep 2026 12:32:02 GMT",8ad815ae2e21373feef6d23d48491035ba043e73638b518673d817b34199a747,BAIC,BJ30,,Ultra - Hybrid,2026,2076fe4abba4,Rear Tire Size, 235/60 R19,spec-table
ContactCars,https://www.contactcars.com/en/new-cars/baic-bj30/343da1a5d556,"Fri, 25 Sep 2026 12:32:02 GMT",8ad815ae2e21373feef6d23d48491035ba043e73638b518673d817b34199a747,BAIC,BJ30,,Ultra - Hybrid,2026,cb68666c87e5,Tire Type,All-Season,spec-table
ContactCars,https://www.contactcars.com/en/new-cars/baic-bj30/343da1a5d556,"Fri, 25 Sep 2026 12:32:02 GMT",8ad815ae2e21373feef6d23d48491035ba043e73638b518673d817b34199a747,BAIC,BJ30,,Ultra - Hybrid,2026,60199ad52a420993a3e8236a,Airbag Count,6,spec-table
ContactCars,https://www.contactcars.com/en/new-cars/baic-bj30/343da1a5d556,"Fri, 25 Sep 2026 12:32:02 GMT",8ad815ae2e21373feef6d23d48491035ba043e73638b518673d817b34199a747,BAIC,BJ30,,Ultra - Hybrid,2026,72fbbbfbb11f,Seat Upholestry,Leather,spec-table
ContactCars,https://www.contactcars.com/en/new-cars/baic-bj30/343da1a5d556,"Fri, 25 Sep 2026 12:32:02 GMT",8ad815ae2e21373feef6d23d48491035ba043e73638b518673d817b34199a747,BAIC,BJ30,,Ultra - Hybrid,2026,40e24a4a83e0,Gearbox Selector,Shift By Wire,spec-table
ContactCars,https://www.contactcars.com/en/new-cars/baic-bj30/343da1a5d556,"Fri, 25 Sep 2026 12:32:02 GMT",8ad815ae2e21373feef6d23d48491035ba043e73638b518673d817b34199a747,BAIC,BJ30,,Ultra - Hybrid,2026,60199ad52a420993a3e82383,Ambient Lighting,Multi Color,spec-table
ContactCars,https://www.contactcars.com/en/new-cars/baic-bj30/343da1a5d556,"Fri, 25 Sep 2026 12:32:02 GMT",8ad815ae2e21373feef6d23d48491035ba043e73638b518673d817b34199a747,BAIC,BJ30,,Ultra - Hybrid,2026,60199ad52a420993a3e8238f,Driver Seat,Electric With Memory,spec-table
ContactCars,https://www.contactcars.com/en/new-cars/baic-bj30/343da1a5d556,"Fri, 25 Sep 2026 12:32:02 GMT",8ad815ae2e21373feef6d23d48491035ba043e73638b518673d817b34199a747,BAIC,BJ30,,Ultra - Hybrid,2026,624473faba30183d77919443,Int. Trim,Leather,spec-table
ContactCars,https://www.contactcars.com/en/new-cars/baic-bj30/343da1a5d556,"Fri, 25 Sep 2026 12:32:02 GMT",8ad815ae2e21373feef6d23d48491035ba043e73638b518673d817b34199a747,BAIC,BJ30,,Ultra - Hybrid,2026,60199ad52a420993a3e8239d,Infotainment Display Size,14٫6,spec-table
ContactCars,https://www.contactcars.com/en/new-cars/baic-bj30/343da1a5d556,"Fri, 25 Sep 2026 12:32:02 GMT",8ad815ae2e21373feef6d23d48491035ba043e73638b518673d817b34199a747,BAIC,BJ30,,Ultra - Hybrid,2026,60199ad52a420993a3e8237c,Instrument Cluster Type,Digital,spec-table
ContactCars,https://www.contactcars.com/en/new-cars/baic-bj30/343da1a5d556,"Fri, 25 Sep 2026 12:32:02 GMT",8ad815ae2e21373feef6d23d48491035ba043e73638b518673d817b34199a747,BAIC,BJ30,,Ultra - Hybrid,2026,75fe2b7d7bc2,Instrument Cluster Size,10٫25,spec-table
ContactCars,https://www.contactcars.com/en/new-cars/baic-bj30/343da1a5d556,"Fri, 25 Sep 2026 12:32:02 GMT",8ad815ae2e21373feef6d23d48491035ba043e73638b518673d817b34199a747,BAIC,BJ30,,Ultra - Hybrid,2026,60199ad52a420993a3e8239c,Smartphone Integration,Android Auto/Apple Car Play,spec-table
ContactCars,https://www.contactcars.com/en/new-cars/baic-bj30/343da1a5d556,"Fri, 25 Sep 2026 12:32:02 GMT",8ad815ae2e21373feef6d23d48491035ba043e73638b518673d817b34199a747,BAIC,BJ30,,Ultra - Hybrid,2026,60199ad52a420993a3e823a2,Number of Speakers,8,spec-table
ContactCars,https://www.contactcars.com/en/new-cars/baic-bj30/343da1a5d556,"Fri, 25 Sep 2026 12:32:02 GMT",8ad815ae2e21373feef6d23d48491035ba043e73638b518673d817b34199a747,BAIC,BJ30,,Ultra - Hybrid,2026,858d92859fe6,Foglights,LED,spec-table
ContactCars,https://www.contactcars.com/en/new-cars/baic-bj30/343da1a5d556,"Fri, 25 Sep 2026 12:32:02 GMT",8ad815ae2e21373feef6d23d48491035ba043e73638b518673d817b34199a747,BAIC,BJ30,,Ultra - Hybrid,2026,60199ad52a420993a3e82376,Rims,R19,spec-table
ContactCars,https://www.contactcars.com/en/new-cars/baic-bj30/343da1a5d556,"Fri, 25 Sep 2026 12:32:02 GMT",8ad815ae2e21373feef6d23d48491035ba043e73638b518673d817b34199a747,BAIC,BJ30,,Ultra - Hybrid,2026,60199ad52a420993a3e8236d,Headlamps,LED,spec-table
ContactCars,https://www.contactcars.com/en/new-cars/baic-bj30/343da1a5d556,"Fri, 25 Sep 2026 12:32:02 GMT",8ad815ae2e21373feef6d23d48491035ba043e73638b518673d817b34199a747,BAIC,BJ30,,Ultra - Hybrid,2026,60199ad52a420993a3e8236e,Tail Lights,LED,spec-table
ContactCars,https://www.contactcars.com/en/new-cars/baic-bj30/343da1a5d556,"Fri, 25 Sep 2026 12:32:02 GMT",8ad815ae2e21373feef6d23d48491035ba043e73638b518673d817b34199a747,BAIC,BJ30,,Ultra - Hybrid,2026,62a5f51c3b190c24efacbe38,Basic Vehicle Warranty,6 سنوات أو 150 ألف كيلو متر أيهما أقرب,spec-table
ContactCars,https://www.contactcars.com/en/new-cars/baic-bj30/de1c239ec6b4,"Fri, 25 Sep 2026 12:32:03 GMT",59ecaf5738543262ffa2b57c4c10a0921dcea98cb5ceda0c8fb534b0f1480de2,BAIC,BJ30,,Pro,2026,jsonld:offer_price_egp,offer_price_egp,1575000,json-ld
ContactCars,https://www.contactcars.com/en/new-cars/baic-bj30/de1c239ec6b4,"Fri, 25 Sep 2026 12:32:03 GMT",59ecaf5738543262ffa2b57c4c10a0921dcea98cb5ceda0c8fb534b0f1480de2,BAIC,BJ30,,Pro,2026,jsonld:fuelType,fuelType,Gas,json-ld
ContactCars,https://www.contactcars.com/en/new-cars/baic-bj30/de1c239ec6b4,"Fri, 25 Sep 2026 12:32:03 GMT",59ecaf5738543262ffa2b57c4c10a0921dcea98cb5ceda0c8fb534b0f1480de2,BAIC,BJ30,,Pro,2026,jsonld:engineDisplacement,engineDisplacement,1500,json-ld
ContactCars,https://www.contactcars.com/en/new-cars/baic-bj30/de1c239ec6b4,"Fri, 25 Sep 2026 12:32:03 GMT",59ecaf5738543262ffa2b57c4c10a0921dcea98cb5ceda0c8fb534b0f1480de2,BAIC,BJ30,,Pro,2026,jsonld:vehicleTransmission,vehicleTransmission,Dual Clutch,json-ld
ContactCars,https://www.contactcars.com/en/new-cars/baic-bj30/de1c239ec6b4,"Fri, 25 Sep 2026 12:32:03 GMT",59ecaf5738543262ffa2b57c4c10a0921dcea98cb5ceda0c8fb534b0f1480de2,BAIC,BJ30,,Pro,2026,jsonld:bodyType,bodyType,SUV,json-ld
ContactCars,https://www.contactcars.com/en/new-cars/baic-bj30/de1c239ec6b4,"Fri, 25 Sep 2026 12:32:03 GMT",59ecaf5738543262ffa2b57c4c10a0921dcea98cb5ceda0c8fb534b0f1480de2,BAIC,BJ30,,Pro,2026,jsonld:assembly_country,assembly_country,China,json-ld
ContactCars,https://www.contactcars.com/en/new-cars/baic-bj30/de1c239ec6b4,"Fri, 25 Sep 2026 12:32:03 GMT",59ecaf5738543262ffa2b57c4c10a0921dcea98cb5ceda0c8fb534b0f1480de2,BAIC,BJ30,,Pro,2026,1cff89624677,Vehicle Size Class,Compact,spec-table
ContactCars,https://www.contactcars.com/en/new-cars/baic-bj30/de1c239ec6b4,"Fri, 25 Sep 2026 12:32:03 GMT",59ecaf5738543262ffa2b57c4c10a0921dcea98cb5ceda0c8fb534b0f1480de2,BAIC,BJ30,,Pro,2026,5bedd1146e88,Body Style,SUV,spec-table
ContactCars,https://www.contactcars.com/en/new-cars/baic-bj30/de1c239ec6b4,"Fri, 25 Sep 2026 12:32:03 GMT",59ecaf5738543262ffa2b57c4c10a0921dcea98cb5ceda0c8fb534b0f1480de2,BAIC,BJ30,,Pro,2026,13a10f395a87,Number of Doors,5,spec-table
ContactCars,https://www.contactcars.com/en/new-cars/baic-bj30/de1c239ec6b4,"Fri, 25 Sep 2026 12:32:03 GMT",59ecaf5738543262ffa2b57c4c10a0921dcea98cb5ceda0c8fb534b0f1480de2,BAIC,BJ30,,Pro,2026,60199ad52a420993a3e82387,Number of Seats,5,spec-table
ContactCars,https://www.contactcars.com/en/new-cars/baic-bj30/de1c239ec6b4,"Fri, 25 Sep 2026 12:32:03 GMT",59ecaf5738543262ffa2b57c4c10a0921dcea98cb5ceda0c8fb534b0f1480de2,BAIC,BJ30,,Pro,2026,2cd960af118a,"Rear Trunk Capacity, Seats Folded (Liter)",1496,spec-table
ContactCars,https://www.contactcars.com/en/new-cars/baic-bj30/de1c239ec6b4,"Fri, 25 Sep 2026 12:32:03 GMT",59ecaf5738543262ffa2b57c4c10a0921dcea98cb5ceda0c8fb534b0f1480de2,BAIC,BJ30,,Pro,2026,603647429f57461ab1a74148,Length (mm),4730,spec-table
ContactCars,https://www.contactcars.com/en/new-cars/baic-bj30/de1c239ec6b4,"Fri, 25 Sep 2026 12:32:03 GMT",59ecaf5738543262ffa2b57c4c10a0921dcea98cb5ceda0c8fb534b0f1480de2,BAIC,BJ30,,Pro,2026,6036477d9f57461ab1a74149,Width (mm),1910,spec-table
ContactCars,https://www.contactcars.com/en/new-cars/baic-bj30/de1c239ec6b4,"Fri, 25 Sep 2026 12:32:03 GMT",59ecaf5738543262ffa2b57c4c10a0921dcea98cb5ceda0c8fb534b0f1480de2,BAIC,BJ30,,Pro,2026,603647a49f57461ab1a7414a,Height (mm),1790,spec-table
ContactCars,https://www.contactcars.com/en/new-cars/baic-bj30/de1c239ec6b4,"Fri, 25 Sep 2026 12:32:03 GMT",59ecaf5738543262ffa2b57c4c10a0921dcea98cb5ceda0c8fb534b0f1480de2,BAIC,BJ30,,Pro,2026,6033cae86136e6f66151c687,Wheelbase (mm),2820,spec-table
ContactCars,https://www.contactcars.com/en/new-cars/baic-bj30/de1c239ec6b4,"Fri, 25 Sep 2026 12:32:03 GMT",59ecaf5738543262ffa2b57c4c10a0921dcea98cb5ceda0c8fb534b0f1480de2,BAIC,BJ30,,Pro,2026,6033cbc86136e6f66151c688,Ground Clearance (mm),215,spec-table
ContactCars,https://www.contactcars.com/en/new-cars/baic-bj30/de1c239ec6b4,"Fri, 25 Sep 2026 12:32:03 GMT",59ecaf5738543262ffa2b57c4c10a0921dcea98cb5ceda0c8fb534b0f1480de2,BAIC,BJ30,,Pro,2026,6244612fba30183d7791942e,Curb Weight (KG),1600,spec-table
ContactCars,https://www.contactcars.com/en/new-cars/baic-bj30/de1c239ec6b4,"Fri, 25 Sep 2026 12:32:03 GMT",59ecaf5738543262ffa2b57c4c10a0921dcea98cb5ceda0c8fb534b0f1480de2,BAIC,BJ30,,Pro,2026,624443c0ba30183d77919424,Generation,ٍst1,spec-table
ContactCars,https://www.contactcars.com/en/new-cars/baic-bj30/de1c239ec6b4,"Fri, 25 Sep 2026 12:32:03 GMT",59ecaf5738543262ffa2b57c4c10a0921dcea98cb5ceda0c8fb534b0f1480de2,BAIC,BJ30,,Pro,2026,1b9f93607f48,Powertrain Type,ICE (Petrol),spec-table
ContactCars,https://www.contactcars.com/en/new-cars/baic-bj30/de1c239ec6b4,"Fri, 25 Sep 2026 12:32:03 GMT",59ecaf5738543262ffa2b57c4c10a0921dcea98cb5ceda0c8fb534b0f1480de2,BAIC,BJ30,,Pro,2026,60199ad52a420993a3e82353,Combined Maximum Power (HP @ RPM),185,spec-table
ContactCars,https://www.contactcars.com/en/new-cars/baic-bj30/de1c239ec6b4,"Fri, 25 Sep 2026 12:32:03 GMT",59ecaf5738543262ffa2b57c4c10a0921dcea98cb5ceda0c8fb534b0f1480de2,BAIC,BJ30,,Pro,2026,60199ad52a420993a3e82354,Combined Maximum Torque (N.m @ RPM),280,spec-table
ContactCars,https://www.contactcars.com/en/new-cars/baic-bj30/de1c239ec6b4,"Fri, 25 Sep 2026 12:32:03 GMT",59ecaf5738543262ffa2b57c4c10a0921dcea98cb5ceda0c8fb534b0f1480de2,BAIC,BJ30,,Pro,2026,60199ad52a420993a3e82359,Fuel Tank Capacity (Litre),60,spec-table
ContactCars,https://www.contactcars.com/en/new-cars/baic-bj30/de1c239ec6b4,"Fri, 25 Sep 2026 12:32:03 GMT",59ecaf5738543262ffa2b57c4c10a0921dcea98cb5ceda0c8fb534b0f1480de2,BAIC,BJ30,,Pro,2026,60199ad52a420993a3e82356,Combined Fuel/Energy Consumption (Liter/100 KM),8,spec-table
ContactCars,https://www.contactcars.com/en/new-cars/baic-bj30/de1c239ec6b4,"Fri, 25 Sep 2026 12:32:03 GMT",59ecaf5738543262ffa2b57c4c10a0921dcea98cb5ceda0c8fb534b0f1480de2,BAIC,BJ30,,Pro,2026,bc8f5919d91f,Engine Type,Inline-4,spec-table
ContactCars,https://www.contactcars.com/en/new-cars/baic-bj30/de1c239ec6b4,"Fri, 25 Sep 2026 12:32:03 GMT",59ecaf5738543262ffa2b57c4c10a0921dcea98cb5ceda0c8fb534b0f1480de2,BAIC,BJ30,,Pro,2026,0922a30a7f46,Engine Function,Drive Wheels,spec-table
ContactCars,https://www.contactcars.com/en/new-cars/baic-bj30/de1c239ec6b4,"Fri, 25 Sep 2026 12:32:03 GMT",59ecaf5738543262ffa2b57c4c10a0921dcea98cb5ceda0c8fb534b0f1480de2,BAIC,BJ30,,Pro,2026,60199ad52a420993a3e82352,Cylinders,4,spec-table
ContactCars,https://www.contactcars.com/en/new-cars/baic-bj30/de1c239ec6b4,"Fri, 25 Sep 2026 12:32:03 GMT",59ecaf5738543262ffa2b57c4c10a0921dcea98cb5ceda0c8fb534b0f1480de2,BAIC,BJ30,,Pro,2026,62445feaba30183d7791942d,Engine Capacity (CC),1498,spec-table
ContactCars,https://www.contactcars.com/en/new-cars/baic-bj30/de1c239ec6b4,"Fri, 25 Sep 2026 12:32:03 GMT",59ecaf5738543262ffa2b57c4c10a0921dcea98cb5ceda0c8fb534b0f1480de2,BAIC,BJ30,,Pro,2026,6244616cba30183d7791942f,Induction Type,Turbocharged,spec-table
ContactCars,https://www.contactcars.com/en/new-cars/baic-bj30/de1c239ec6b4,"Fri, 25 Sep 2026 12:32:03 GMT",59ecaf5738543262ffa2b57c4c10a0921dcea98cb5ceda0c8fb534b0f1480de2,BAIC,BJ30,,Pro,2026,626916559ba5,Maximum Power Output (hp),185,spec-table
ContactCars,https://www.contactcars.com/en/new-cars/baic-bj30/de1c239ec6b4,"Fri, 25 Sep 2026 12:32:03 GMT",59ecaf5738543262ffa2b57c4c10a0921dcea98cb5ceda0c8fb534b0f1480de2,BAIC,BJ30,,Pro,2026,60d3a866c259,Maximum Torque (Nm),280,spec-table
ContactCars,https://www.contactcars.com/en/new-cars/baic-bj30/de1c239ec6b4,"Fri, 25 Sep 2026 12:32:03 GMT",59ecaf5738543262ffa2b57c4c10a0921dcea98cb5ceda0c8fb534b0f1480de2,BAIC,BJ30,,Pro,2026,60199ad52a420993a3e82358,Recommend Fuel Grade,95,spec-table
ContactCars,https://www.contactcars.com/en/new-cars/baic-bj30/de1c239ec6b4,"Fri, 25 Sep 2026 12:32:03 GMT",59ecaf5738543262ffa2b57c4c10a0921dcea98cb5ceda0c8fb534b0f1480de2,BAIC,BJ30,,Pro,2026,62445f6cba30183d7791942c,Engine Layout,Front,spec-table
ContactCars,https://www.contactcars.com/en/new-cars/baic-bj30/de1c239ec6b4,"Fri, 25 Sep 2026 12:32:03 GMT",59ecaf5738543262ffa2b57c4c10a0921dcea98cb5ceda0c8fb534b0f1480de2,BAIC,BJ30,,Pro,2026,ae3798f5fd83,Drivetrain Type,FWD (Front-Wheel Drive),spec-table
ContactCars,https://www.contactcars.com/en/new-cars/baic-bj30/de1c239ec6b4,"Fri, 25 Sep 2026 12:32:03 GMT",59ecaf5738543262ffa2b57c4c10a0921dcea98cb5ceda0c8fb534b0f1480de2,BAIC,BJ30,,Pro,2026,fd8d1904b500,Transmission Type,Automatic,spec-table
ContactCars,https://www.contactcars.com/en/new-cars/baic-bj30/de1c239ec6b4,"Fri, 25 Sep 2026 12:32:03 GMT",59ecaf5738543262ffa2b57c4c10a0921dcea98cb5ceda0c8fb534b0f1480de2,BAIC,BJ30,,Pro,2026,5229867ce0fa,Transmission Technology,Wet DCT (Dual-Clutch Transmission),spec-table
ContactCars,https://www.contactcars.com/en/new-cars/baic-bj30/de1c239ec6b4,"Fri, 25 Sep 2026 12:32:03 GMT",59ecaf5738543262ffa2b57c4c10a0921dcea98cb5ceda0c8fb534b0f1480de2,BAIC,BJ30,,Pro,2026,60199ad52a420993a3e8235a,Number of Gears,7,spec-table
ContactCars,https://www.contactcars.com/en/new-cars/baic-bj30/de1c239ec6b4,"Fri, 25 Sep 2026 12:32:03 GMT",59ecaf5738543262ffa2b57c4c10a0921dcea98cb5ceda0c8fb534b0f1480de2,BAIC,BJ30,,Pro,2026,60199ad52a420993a3e82385,Steering Wheel,Leather,spec-table
ContactCars,https://www.contactcars.com/en/new-cars/baic-bj30/de1c239ec6b4,"Fri, 25 Sep 2026 12:32:03 GMT",59ecaf5738543262ffa2b57c4c10a0921dcea98cb5ceda0c8fb534b0f1480de2,BAIC,BJ30,,Pro,2026,60199ad52a420993a3e8235d,Power Steering Type,Electric,spec-table
ContactCars,https://www.contactcars.com/en/new-cars/baic-bj30/de1c239ec6b4,"Fri, 25 Sep 2026 12:32:03 GMT",59ecaf5738543262ffa2b57c4c10a0921dcea98cb5ceda0c8fb534b0f1480de2,BAIC,BJ30,,Pro,2026,602fa37cd768,Steering Adjustment Ops,Manual,spec-table
ContactCars,https://www.contactcars.com/en/new-cars/baic-bj30/de1c239ec6b4,"Fri, 25 Sep 2026 12:32:03 GMT",59ecaf5738543262ffa2b57c4c10a0921dcea98cb5ceda0c8fb534b0f1480de2,BAIC,BJ30,,Pro,2026,7c8ae7912edf,Steering Modes,"Comfort, Sport, Normal, Eco",spec-table
ContactCars,https://www.contactcars.com/en/new-cars/baic-bj30/de1c239ec6b4,"Fri, 25 Sep 2026 12:32:03 GMT",59ecaf5738543262ffa2b57c4c10a0921dcea98cb5ceda0c8fb534b0f1480de2,BAIC,BJ30,,Pro,2026,e78c472170c2,Front Suspension Type,MacPherson,spec-table
ContactCars,https://www.contactcars.com/en/new-cars/baic-bj30/de1c239ec6b4,"Fri, 25 Sep 2026 12:32:03 GMT",59ecaf5738543262ffa2b57c4c10a0921dcea98cb5ceda0c8fb534b0f1480de2,BAIC,BJ30,,Pro,2026,d7a33f9ff1ff,Rear Suspension Type,Multi-Link,spec-table
ContactCars,https://www.contactcars.com/en/new-cars/baic-bj30/de1c239ec6b4,"Fri, 25 Sep 2026 12:32:03 GMT",59ecaf5738543262ffa2b57c4c10a0921dcea98cb5ceda0c8fb534b0f1480de2,BAIC,BJ30,,Pro,2026,58f344b6ff55,Front Brakes Type,Ventilated Disc Brakes,spec-table
ContactCars,https://www.contactcars.com/en/new-cars/baic-bj30/de1c239ec6b4,"Fri, 25 Sep 2026 12:32:03 GMT",59ecaf5738543262ffa2b57c4c10a0921dcea98cb5ceda0c8fb534b0f1480de2,BAIC,BJ30,,Pro,2026,eb24327dbe4e,Rear Brakes Type,Solid Disc Brakes,spec-table
ContactCars,https://www.contactcars.com/en/new-cars/baic-bj30/de1c239ec6b4,"Fri, 25 Sep 2026 12:32:03 GMT",59ecaf5738543262ffa2b57c4c10a0921dcea98cb5ceda0c8fb534b0f1480de2,BAIC,BJ30,,Pro,2026,4ed8405e7e5b,Hand Brake Type,Electronic,spec-table
ContactCars,https://www.contactcars.com/en/new-cars/baic-bj30/de1c239ec6b4,"Fri, 25 Sep 2026 12:32:03 GMT",59ecaf5738543262ffa2b57c4c10a0921dcea98cb5ceda0c8fb534b0f1480de2,BAIC,BJ30,,Pro,2026,d4b30096d663,Wheel Type,Alloy,spec-table
ContactCars,https://www.contactcars.com/en/new-cars/baic-bj30/de1c239ec6b4,"Fri, 25 Sep 2026 12:32:03 GMT",59ecaf5738543262ffa2b57c4c10a0921dcea98cb5ceda0c8fb534b0f1480de2,BAIC,BJ30,,Pro,2026,1831c41b7b17,Front Wheel Size,19,spec-table
ContactCars,https://www.contactcars.com/en/new-cars/baic-bj30/de1c239ec6b4,"Fri, 25 Sep 2026 12:32:03 GMT",59ecaf5738543262ffa2b57c4c10a0921dcea98cb5ceda0c8fb534b0f1480de2,BAIC,BJ30,,Pro,2026,1f4797b49117,Rear Wheel Size,19,spec-table
ContactCars,https://www.contactcars.com/en/new-cars/baic-bj30/de1c239ec6b4,"Fri, 25 Sep 2026 12:32:03 GMT",59ecaf5738543262ffa2b57c4c10a0921dcea98cb5ceda0c8fb534b0f1480de2,BAIC,BJ30,,Pro,2026,60199ad52a420993a3e82372,Front Tire Size, 235/60 R19,spec-table
ContactCars,https://www.contactcars.com/en/new-cars/baic-bj30/de1c239ec6b4,"Fri, 25 Sep 2026 12:32:03 GMT",59ecaf5738543262ffa2b57c4c10a0921dcea98cb5ceda0c8fb534b0f1480de2,BAIC,BJ30,,Pro,2026,2076fe4abba4,Rear Tire Size, 235/60 R19,spec-table
ContactCars,https://www.contactcars.com/en/new-cars/baic-bj30/de1c239ec6b4,"Fri, 25 Sep 2026 12:32:03 GMT",59ecaf5738543262ffa2b57c4c10a0921dcea98cb5ceda0c8fb534b0f1480de2,BAIC,BJ30,,Pro,2026,cb68666c87e5,Tire Type,All-Season,spec-table
ContactCars,https://www.contactcars.com/en/new-cars/baic-bj30/de1c239ec6b4,"Fri, 25 Sep 2026 12:32:03 GMT",59ecaf5738543262ffa2b57c4c10a0921dcea98cb5ceda0c8fb534b0f1480de2,BAIC,BJ30,,Pro,2026,60199ad52a420993a3e8236a,Airbag Count,6,spec-table
ContactCars,https://www.contactcars.com/en/new-cars/baic-bj30/de1c239ec6b4,"Fri, 25 Sep 2026 12:32:03 GMT",59ecaf5738543262ffa2b57c4c10a0921dcea98cb5ceda0c8fb534b0f1480de2,BAIC,BJ30,,Pro,2026,72fbbbfbb11f,Seat Upholestry,Leather,spec-table
ContactCars,https://www.contactcars.com/en/new-cars/baic-bj30/de1c239ec6b4,"Fri, 25 Sep 2026 12:32:03 GMT",59ecaf5738543262ffa2b57c4c10a0921dcea98cb5ceda0c8fb534b0f1480de2,BAIC,BJ30,,Pro,2026,40e24a4a83e0,Gearbox Selector,Shift By Wire,spec-table
ContactCars,https://www.contactcars.com/en/new-cars/baic-bj30/de1c239ec6b4,"Fri, 25 Sep 2026 12:32:03 GMT",59ecaf5738543262ffa2b57c4c10a0921dcea98cb5ceda0c8fb534b0f1480de2,BAIC,BJ30,,Pro,2026,60199ad52a420993a3e82383,Ambient Lighting,Multi Color,spec-table
ContactCars,https://www.contactcars.com/en/new-cars/baic-bj30/de1c239ec6b4,"Fri, 25 Sep 2026 12:32:03 GMT",59ecaf5738543262ffa2b57c4c10a0921dcea98cb5ceda0c8fb534b0f1480de2,BAIC,BJ30,,Pro,2026,60199ad52a420993a3e8238f,Driver Seat,Electric With Memory,spec-table
ContactCars,https://www.contactcars.com/en/new-cars/baic-bj30/de1c239ec6b4,"Fri, 25 Sep 2026 12:32:03 GMT",59ecaf5738543262ffa2b57c4c10a0921dcea98cb5ceda0c8fb534b0f1480de2,BAIC,BJ30,,Pro,2026,624473faba30183d77919443,Int. Trim,Leather,spec-table
ContactCars,https://www.contactcars.com/en/new-cars/baic-bj30/de1c239ec6b4,"Fri, 25 Sep 2026 12:32:03 GMT",59ecaf5738543262ffa2b57c4c10a0921dcea98cb5ceda0c8fb534b0f1480de2,BAIC,BJ30,,Pro,2026,60199ad52a420993a3e8239d,Infotainment Display Size,14٫6,spec-table
ContactCars,https://www.contactcars.com/en/new-cars/baic-bj30/de1c239ec6b4,"Fri, 25 Sep 2026 12:32:03 GMT",59ecaf5738543262ffa2b57c4c10a0921dcea98cb5ceda0c8fb534b0f1480de2,BAIC,BJ30,,Pro,2026,60199ad52a420993a3e8237c,Instrument Cluster Type,Digital,spec-table
ContactCars,https://www.contactcars.com/en/new-cars/baic-bj30/de1c239ec6b4,"Fri, 25 Sep 2026 12:32:03 GMT",59ecaf5738543262ffa2b57c4c10a0921dcea98cb5ceda0c8fb534b0f1480de2,BAIC,BJ30,,Pro,2026,75fe2b7d7bc2,Instrument Cluster Size,10٫25,spec-table
ContactCars,https://www.contactcars.com/en/new-cars/baic-bj30/de1c239ec6b4,"Fri, 25 Sep 2026 12:32:03 GMT",59ecaf5738543262ffa2b57c4c10a0921dcea98cb5ceda0c8fb534b0f1480de2,BAIC,BJ30,,Pro,2026,60199ad52a420993a3e8239c,Smartphone Integration,Android Auto/Apple Car Play,spec-table
ContactCars,https://www.contactcars.com/en/new-cars/baic-bj30/de1c239ec6b4,"Fri, 25 Sep 2026 12:32:03 GMT",59ecaf5738543262ffa2b57c4c10a0921dcea98cb5ceda0c8fb534b0f1480de2,BAIC,BJ30,,Pro,2026,60199ad52a420993a3e823a2,Number of Speakers,8,spec-table
ContactCars,https://www.contactcars.com/en/new-cars/baic-bj30/de1c239ec6b4,"Fri, 25 Sep 2026 12:32:03 GMT",59ecaf5738543262ffa2b57c4c10a0921dcea98cb5ceda0c8fb534b0f1480de2,BAIC,BJ30,,Pro,2026,858d92859fe6,Foglights,LED,spec-table
ContactCars,https://www.contactcars.com/en/new-cars/baic-bj30/de1c239ec6b4,"Fri, 25 Sep 2026 12:32:03 GMT",59ecaf5738543262ffa2b57c4c10a0921dcea98cb5ceda0c8fb534b0f1480de2,BAIC,BJ30,,Pro,2026,60199ad52a420993a3e82376,Rims,R19,spec-table
ContactCars,https://www.contactcars.com/en/new-cars/baic-bj30/de1c239ec6b4,"Fri, 25 Sep 2026 12:32:03 GMT",59ecaf5738543262ffa2b57c4c10a0921dcea98cb5ceda0c8fb534b0f1480de2,BAIC,BJ30,,Pro,2026,60199ad52a420993a3e8236d,Headlamps,LED,spec-table
ContactCars,https://www.contactcars.com/en/new-cars/baic-bj30/de1c239ec6b4,"Fri, 25 Sep 2026 12:32:03 GMT",59ecaf5738543262ffa2b57c4c10a0921dcea98cb5ceda0c8fb534b0f1480de2,BAIC,BJ30,,Pro,2026,60199ad52a420993a3e8236e,Tail Lights,LED,spec-table
ContactCars,https://www.contactcars.com/en/new-cars/baic-bj30/de1c239ec6b4,"Fri, 25 Sep 2026 12:32:03 GMT",59ecaf5738543262ffa2b57c4c10a0921dcea98cb5ceda0c8fb534b0f1480de2,BAIC,BJ30,,Pro,2026,62a5f51c3b190c24efacbe38,Basic Vehicle Warranty,6 سنوات أو 150 ألف كيلو متر أيهما أقرب,spec-table
ContactCars,https://www.contactcars.com/en/new-cars/chery-tiggo_8_pro_max/3b30f2ee5347,"Fri, 25 Sep 2026 12:32:05 GMT",e86a0e25ab0acea8466ebc07644b670d5c9d03beb4891c1594c72df881e01c90,Chery,Tiggo 8 Pro Max,,1.6T 6DCT Luxury,2027,jsonld:offer_price_egp,offer_price_egp,1620000,json-ld
ContactCars,https://www.contactcars.com/en/new-cars/chery-tiggo_8_pro_max/3b30f2ee5347,"Fri, 25 Sep 2026 12:32:05 GMT",e86a0e25ab0acea8466ebc07644b670d5c9d03beb4891c1594c72df881e01c90,Chery,Tiggo 8 Pro Max,,1.6T 6DCT Luxury,2027,jsonld:fuelType,fuelType,Gas,json-ld
ContactCars,https://www.contactcars.com/en/new-cars/chery-tiggo_8_pro_max/3b30f2ee5347,"Fri, 25 Sep 2026 12:32:05 GMT",e86a0e25ab0acea8466ebc07644b670d5c9d03beb4891c1594c72df881e01c90,Chery,Tiggo 8 Pro Max,,1.6T 6DCT Luxury,2027,jsonld:engineDisplacement,engineDisplacement,1500,json-ld
ContactCars,https://www.contactcars.com/en/new-cars/chery-tiggo_8_pro_max/3b30f2ee5347,"Fri, 25 Sep 2026 12:32:05 GMT",e86a0e25ab0acea8466ebc07644b670d5c9d03beb4891c1594c72df881e01c90,Chery,Tiggo 8 Pro Max,,1.6T 6DCT Luxury,2027,jsonld:vehicleTransmission,vehicleTransmission,Dual Clutch,json-ld
ContactCars,https://www.contactcars.com/en/new-cars/chery-tiggo_8_pro_max/3b30f2ee5347,"Fri, 25 Sep 2026 12:32:05 GMT",e86a0e25ab0acea8466ebc07644b670d5c9d03beb4891c1594c72df881e01c90,Chery,Tiggo 8 Pro Max,,1.6T 6DCT Luxury,2027,jsonld:bodyType,bodyType,SUV,json-ld
ContactCars,https://www.contactcars.com/en/new-cars/chery-tiggo_8_pro_max/3b30f2ee5347,"Fri, 25 Sep 2026 12:32:05 GMT",e86a0e25ab0acea8466ebc07644b670d5c9d03beb4891c1594c72df881e01c90,Chery,Tiggo 8 Pro Max,,1.6T 6DCT Luxury,2027,jsonld:assembly_country,assembly_country,China,json-ld
ContactCars,https://www.contactcars.com/en/new-cars/chery-tiggo_8_pro_max/3b30f2ee5347,"Fri, 25 Sep 2026 12:32:05 GMT",e86a0e25ab0acea8466ebc07644b670d5c9d03beb4891c1594c72df881e01c90,Chery,Tiggo 8 Pro Max,,1.6T 6DCT Luxury,2027,1cff89624677,Vehicle Size Class,Compact,spec-table
ContactCars,https://www.contactcars.com/en/new-cars/chery-tiggo_8_pro_max/3b30f2ee5347,"Fri, 25 Sep 2026 12:32:05 GMT",e86a0e25ab0acea8466ebc07644b670d5c9d03beb4891c1594c72df881e01c90,Chery,Tiggo 8 Pro Max,,1.6T 6DCT Luxury,2027,5bedd1146e88,Body Style,SUV,spec-table
ContactCars,https://www.contactcars.com/en/new-cars/chery-tiggo_8_pro_max/3b30f2ee5347,"Fri, 25 Sep 2026 12:32:05 GMT",e86a0e25ab0acea8466ebc07644b670d5c9d03beb4891c1594c72df881e01c90,Chery,Tiggo 8 Pro Max,,1.6T 6DCT Luxury,2027,13a10f395a87,Number of Doors,5,spec-table
ContactCars,https://www.contactcars.com/en/new-cars/chery-tiggo_8_pro_max/3b30f2ee5347,"Fri, 25 Sep 2026 12:32:05 GMT",e86a0e25ab0acea8466ebc07644b670d5c9d03beb4891c1594c72df881e01c90,Chery,Tiggo 8 Pro Max,,1.6T 6DCT Luxury,2027,60199ad52a420993a3e82387,Number of Seats,7,spec-table
ContactCars,https://www.contactcars.com/en/new-cars/chery-tiggo_8_pro_max/3b30f2ee5347,"Fri, 25 Sep 2026 12:32:05 GMT",e86a0e25ab0acea8466ebc07644b670d5c9d03beb4891c1594c72df881e01c90,Chery,Tiggo 8 Pro Max,,1.6T 6DCT Luxury,2027,60199ad52a420993a3e823a4,Rear Trunk Capacity (Liter),739,spec-table
ContactCars,https://www.contactcars.com/en/new-cars/chery-tiggo_8_pro_max/3b30f2ee5347,"Fri, 25 Sep 2026 12:32:05 GMT",e86a0e25ab0acea8466ebc07644b670d5c9d03beb4891c1594c72df881e01c90,Chery,Tiggo 8 Pro Max,,1.6T 6DCT Luxury,2027,603647429f57461ab1a74148,Length (mm),4720,spec-table
ContactCars,https://www.contactcars.com/en/new-cars/chery-tiggo_8_pro_max/3b30f2ee5347,"Fri, 25 Sep 2026 12:32:05 GMT",e86a0e25ab0acea8466ebc07644b670d5c9d03beb4891c1594c72df881e01c90,Chery,Tiggo 8 Pro Max,,1.6T 6DCT Luxury,2027,6036477d9f57461ab1a74149,Width (mm),1860,spec-table
ContactCars,https://www.contactcars.com/en/new-cars/chery-tiggo_8_pro_max/3b30f2ee5347,"Fri, 25 Sep 2026 12:32:05 GMT",e86a0e25ab0acea8466ebc07644b670d5c9d03beb4891c1594c72df881e01c90,Chery,Tiggo 8 Pro Max,,1.6T 6DCT Luxury,2027,603647a49f57461ab1a7414a,Height (mm),1705,spec-table
ContactCars,https://www.contactcars.com/en/new-cars/chery-tiggo_8_pro_max/3b30f2ee5347,"Fri, 25 Sep 2026 12:32:05 GMT",e86a0e25ab0acea8466ebc07644b670d5c9d03beb4891c1594c72df881e01c90,Chery,Tiggo 8 Pro Max,,1.6T 6DCT Luxury,2027,6033cae86136e6f66151c687,Wheelbase (mm),2710,spec-table
ContactCars,https://www.contactcars.com/en/new-cars/chery-tiggo_8_pro_max/3b30f2ee5347,"Fri, 25 Sep 2026 12:32:05 GMT",e86a0e25ab0acea8466ebc07644b670d5c9d03beb4891c1594c72df881e01c90,Chery,Tiggo 8 Pro Max,,1.6T 6DCT Luxury,2027,6244612fba30183d7791942e,Curb Weight (KG),1607,spec-table
ContactCars,https://www.contactcars.com/en/new-cars/chery-tiggo_8_pro_max/3b30f2ee5347,"Fri, 25 Sep 2026 12:32:05 GMT",e86a0e25ab0acea8466ebc07644b670d5c9d03beb4891c1594c72df881e01c90,Chery,Tiggo 8 Pro Max,,1.6T 6DCT Luxury,2027,624443c0ba30183d77919424,Generation,1st,spec-table
ContactCars,https://www.contactcars.com/en/new-cars/chery-tiggo_8_pro_max/3b30f2ee5347,"Fri, 25 Sep 2026 12:32:05 GMT",e86a0e25ab0acea8466ebc07644b670d5c9d03beb4891c1594c72df881e01c90,Chery,Tiggo 8 Pro Max,,1.6T 6DCT Luxury,2027,60199ad52a420993a3e82359,Fuel Tank Capacity (Litre),51,spec-table
ContactCars,https://www.contactcars.com/en/new-cars/chery-tiggo_8_pro_max/3b30f2ee5347,"Fri, 25 Sep 2026 12:32:05 GMT",e86a0e25ab0acea8466ebc07644b670d5c9d03beb4891c1594c72df881e01c90,Chery,Tiggo 8 Pro Max,,1.6T 6DCT Luxury,2027,bc8f5919d91f,Engine Type,Inline-4,spec-table
ContactCars,https://www.contactcars.com/en/new-cars/chery-tiggo_8_pro_max/3b30f2ee5347,"Fri, 25 Sep 2026 12:32:05 GMT",e86a0e25ab0acea8466ebc07644b670d5c9d03beb4891c1594c72df881e01c90,Chery,Tiggo 8 Pro Max,,1.6T 6DCT Luxury,2027,0922a30a7f46,Engine Function,Drive Wheels,spec-table
ContactCars,https://www.contactcars.com/en/new-cars/chery-tiggo_8_pro_max/3b30f2ee5347,"Fri, 25 Sep 2026 12:32:05 GMT",e86a0e25ab0acea8466ebc07644b670d5c9d03beb4891c1594c72df881e01c90,Chery,Tiggo 8 Pro Max,,1.6T 6DCT Luxury,2027,60199ad52a420993a3e82352,Cylinders,4,spec-table
ContactCars,https://www.contactcars.com/en/new-cars/chery-tiggo_8_pro_max/3b30f2ee5347,"Fri, 25 Sep 2026 12:32:05 GMT",e86a0e25ab0acea8466ebc07644b670d5c9d03beb4891c1594c72df881e01c90,Chery,Tiggo 8 Pro Max,,1.6T 6DCT Luxury,2027,62445feaba30183d7791942d,Engine Capacity (CC),1600,spec-table
ContactCars,https://www.contactcars.com/en/new-cars/chery-tiggo_8_pro_max/3b30f2ee5347,"Fri, 25 Sep 2026 12:32:05 GMT",e86a0e25ab0acea8466ebc07644b670d5c9d03beb4891c1594c72df881e01c90,Chery,Tiggo 8 Pro Max,,1.6T 6DCT Luxury,2027,6244616cba30183d7791942f,Induction Type,Turbocharged,spec-table
ContactCars,https://www.contactcars.com/en/new-cars/chery-tiggo_8_pro_max/3b30f2ee5347,"Fri, 25 Sep 2026 12:32:05 GMT",e86a0e25ab0acea8466ebc07644b670d5c9d03beb4891c1594c72df881e01c90,Chery,Tiggo 8 Pro Max,,1.6T 6DCT Luxury,2027,626916559ba5,Maximum Power Output (hp),197,spec-table
ContactCars,https://www.contactcars.com/en/new-cars/chery-tiggo_8_pro_max/3b30f2ee5347,"Fri, 25 Sep 2026 12:32:05 GMT",e86a0e25ab0acea8466ebc07644b670d5c9d03beb4891c1594c72df881e01c90,Chery,Tiggo 8 Pro Max,,1.6T 6DCT Luxury,2027,60d3a866c259,Maximum Torque (Nm),290,spec-table
ContactCars,https://www.contactcars.com/en/new-cars/chery-tiggo_8_pro_max/3b30f2ee5347,"Fri, 25 Sep 2026 12:32:05 GMT",e86a0e25ab0acea8466ebc07644b670d5c9d03beb4891c1594c72df881e01c90,Chery,Tiggo 8 Pro Max,,1.6T 6DCT Luxury,2027,62445f6cba30183d7791942c,Engine Layout,Front,spec-table
ContactCars,https://www.contactcars.com/en/new-cars/chery-tiggo_8_pro_max/3b30f2ee5347,"Fri, 25 Sep 2026 12:32:05 GMT",e86a0e25ab0acea8466ebc07644b670d5c9d03beb4891c1594c72df881e01c90,Chery,Tiggo 8 Pro Max,,1.6T 6DCT Luxury,2027,ae3798f5fd83,Drivetrain Type,FWD (Front-Wheel Drive),spec-table
ContactCars,https://www.contactcars.com/en/new-cars/chery-tiggo_8_pro_max/3b30f2ee5347,"Fri, 25 Sep 2026 12:32:05 GMT",e86a0e25ab0acea8466ebc07644b670d5c9d03beb4891c1594c72df881e01c90,Chery,Tiggo 8 Pro Max,,1.6T 6DCT Luxury,2027,fd8d1904b500,Transmission Type,Automatic,spec-table
ContactCars,https://www.contactcars.com/en/new-cars/chery-tiggo_8_pro_max/3b30f2ee5347,"Fri, 25 Sep 2026 12:32:05 GMT",e86a0e25ab0acea8466ebc07644b670d5c9d03beb4891c1594c72df881e01c90,Chery,Tiggo 8 Pro Max,,1.6T 6DCT Luxury,2027,5229867ce0fa,Transmission Technology,Wet DCT (Dual-Clutch Transmission),spec-table
ContactCars,https://www.contactcars.com/en/new-cars/chery-tiggo_8_pro_max/3b30f2ee5347,"Fri, 25 Sep 2026 12:32:05 GMT",e86a0e25ab0acea8466ebc07644b670d5c9d03beb4891c1594c72df881e01c90,Chery,Tiggo 8 Pro Max,,1.6T 6DCT Luxury,2027,60199ad52a420993a3e8235a,Number of Gears,7,spec-table
ContactCars,https://www.contactcars.com/en/new-cars/chery-tiggo_8_pro_max/3b30f2ee5347,"Fri, 25 Sep 2026 12:32:05 GMT",e86a0e25ab0acea8466ebc07644b670d5c9d03beb4891c1594c72df881e01c90,Chery,Tiggo 8 Pro Max,,1.6T 6DCT Luxury,2027,60199ad52a420993a3e8235d,Power Steering Type,Electric,spec-table
ContactCars,https://www.contactcars.com/en/new-cars/chery-tiggo_8_pro_max/3b30f2ee5347,"Fri, 25 Sep 2026 12:32:05 GMT",e86a0e25ab0acea8466ebc07644b670d5c9d03beb4891c1594c72df881e01c90,Chery,Tiggo 8 Pro Max,,1.6T 6DCT Luxury,2027,602fa37cd768,Steering Adjustment Ops,Manual,spec-table
ContactCars,https://www.contactcars.com/en/new-cars/chery-tiggo_8_pro_max/3b30f2ee5347,"Fri, 25 Sep 2026 12:32:05 GMT",e86a0e25ab0acea8466ebc07644b670d5c9d03beb4891c1594c72df881e01c90,Chery,Tiggo 8 Pro Max,,1.6T 6DCT Luxury,2027,7c8ae7912edf,Steering Modes,"Comfort, Sport, Normal, Eco",spec-table
ContactCars,https://www.contactcars.com/en/new-cars/chery-tiggo_8_pro_max/3b30f2ee5347,"Fri, 25 Sep 2026 12:32:05 GMT",e86a0e25ab0acea8466ebc07644b670d5c9d03beb4891c1594c72df881e01c90,Chery,Tiggo 8 Pro Max,,1.6T 6DCT Luxury,2027,e78c472170c2,Front Suspension Type,MacPherson,spec-table
ContactCars,https://www.contactcars.com/en/new-cars/chery-tiggo_8_pro_max/3b30f2ee5347,"Fri, 25 Sep 2026 12:32:05 GMT",e86a0e25ab0acea8466ebc07644b670d5c9d03beb4891c1594c72df881e01c90,Chery,Tiggo 8 Pro Max,,1.6T 6DCT Luxury,2027,d7a33f9ff1ff,Rear Suspension Type,Multi-Link,spec-table
ContactCars,https://www.contactcars.com/en/new-cars/chery-tiggo_8_pro_max/3b30f2ee5347,"Fri, 25 Sep 2026 12:32:05 GMT",e86a0e25ab0acea8466ebc07644b670d5c9d03beb4891c1594c72df881e01c90,Chery,Tiggo 8 Pro Max,,1.6T 6DCT Luxury,2027,58f344b6ff55,Front Brakes Type,Solid Disc Brakes,spec-table
ContactCars,https://www.contactcars.com/en/new-cars/chery-tiggo_8_pro_max/3b30f2ee5347,"Fri, 25 Sep 2026 12:32:05 GMT",e86a0e25ab0acea8466ebc07644b670d5c9d03beb4891c1594c72df881e01c90,Chery,Tiggo 8 Pro Max,,1.6T 6DCT Luxury,2027,eb24327dbe4e,Rear Brakes Type,Solid Disc Brakes,spec-table
ContactCars,https://www.contactcars.com/en/new-cars/chery-tiggo_8_pro_max/3b30f2ee5347,"Fri, 25 Sep 2026 12:32:05 GMT",e86a0e25ab0acea8466ebc07644b670d5c9d03beb4891c1594c72df881e01c90,Chery,Tiggo 8 Pro Max,,1.6T 6DCT Luxury,2027,4ed8405e7e5b,Hand Brake Type,Electronic,spec-table
ContactCars,https://www.contactcars.com/en/new-cars/chery-tiggo_8_pro_max/3b30f2ee5347,"Fri, 25 Sep 2026 12:32:05 GMT",e86a0e25ab0acea8466ebc07644b670d5c9d03beb4891c1594c72df881e01c90,Chery,Tiggo 8 Pro Max,,1.6T 6DCT Luxury,2027,d4b30096d663,Wheel Type,Alloy,spec-table
ContactCars,https://www.contactcars.com/en/new-cars/chery-tiggo_8_pro_max/3b30f2ee5347,"Fri, 25 Sep 2026 12:32:05 GMT",e86a0e25ab0acea8466ebc07644b670d5c9d03beb4891c1594c72df881e01c90,Chery,Tiggo 8 Pro Max,,1.6T 6DCT Luxury,2027,1831c41b7b17,Front Wheel Size,18,spec-table
ContactCars,https://www.contactcars.com/en/new-cars/chery-tiggo_8_pro_max/3b30f2ee5347,"Fri, 25 Sep 2026 12:32:05 GMT",e86a0e25ab0acea8466ebc07644b670d5c9d03beb4891c1594c72df881e01c90,Chery,Tiggo 8 Pro Max,,1.6T 6DCT Luxury,2027,1f4797b49117,Rear Wheel Size,18,spec-table
ContactCars,https://www.contactcars.com/en/new-cars/chery-tiggo_8_pro_max/3b30f2ee5347,"Fri, 25 Sep 2026 12:32:05 GMT",e86a0e25ab0acea8466ebc07644b670d5c9d03beb4891c1594c72df881e01c90,Chery,Tiggo 8 Pro Max,,1.6T 6DCT Luxury,2027,60199ad52a420993a3e82372,Front Tire Size,235/55 R18,spec-table
ContactCars,https://www.contactcars.com/en/new-cars/chery-tiggo_8_pro_max/3b30f2ee5347,"Fri, 25 Sep 2026 12:32:05 GMT",e86a0e25ab0acea8466ebc07644b670d5c9d03beb4891c1594c72df881e01c90,Chery,Tiggo 8 Pro Max,,1.6T 6DCT Luxury,2027,2076fe4abba4,Rear Tire Size,235/55 R18,spec-table
ContactCars,https://www.contactcars.com/en/new-cars/chery-tiggo_8_pro_max/3b30f2ee5347,"Fri, 25 Sep 2026 12:32:05 GMT",e86a0e25ab0acea8466ebc07644b670d5c9d03beb4891c1594c72df881e01c90,Chery,Tiggo 8 Pro Max,,1.6T 6DCT Luxury,2027,cb68666c87e5,Tire Type,All-Season,spec-table
ContactCars,https://www.contactcars.com/en/new-cars/chery-tiggo_8_pro_max/3b30f2ee5347,"Fri, 25 Sep 2026 12:32:05 GMT",e86a0e25ab0acea8466ebc07644b670d5c9d03beb4891c1594c72df881e01c90,Chery,Tiggo 8 Pro Max,,1.6T 6DCT Luxury,2027,56a59f46e398,Euro NCAP Results,4,spec-table
ContactCars,https://www.contactcars.com/en/new-cars/chery-tiggo_8_pro_max/3b30f2ee5347,"Fri, 25 Sep 2026 12:32:05 GMT",e86a0e25ab0acea8466ebc07644b670d5c9d03beb4891c1594c72df881e01c90,Chery,Tiggo 8 Pro Max,,1.6T 6DCT Luxury,2027,60199ad52a420993a3e8236a,Airbag Count,6,spec-table
ContactCars,https://www.contactcars.com/en/new-cars/chery-tiggo_8_pro_max/3b30f2ee5347,"Fri, 25 Sep 2026 12:32:05 GMT",e86a0e25ab0acea8466ebc07644b670d5c9d03beb4891c1594c72df881e01c90,Chery,Tiggo 8 Pro Max,,1.6T 6DCT Luxury,2027,72fbbbfbb11f,Seat Upholestry,Leather,spec-table
ContactCars,https://www.contactcars.com/en/new-cars/chery-tiggo_8_pro_max/3b30f2ee5347,"Fri, 25 Sep 2026 12:32:05 GMT",e86a0e25ab0acea8466ebc07644b670d5c9d03beb4891c1594c72df881e01c90,Chery,Tiggo 8 Pro Max,,1.6T 6DCT Luxury,2027,60199ad52a420993a3e82383,Ambient Lighting,Multi Color,spec-table
ContactCars,https://www.contactcars.com/en/new-cars/chery-tiggo_8_pro_max/3b30f2ee5347,"Fri, 25 Sep 2026 12:32:05 GMT",e86a0e25ab0acea8466ebc07644b670d5c9d03beb4891c1594c72df881e01c90,Chery,Tiggo 8 Pro Max,,1.6T 6DCT Luxury,2027,60199ad52a420993a3e8238f,Driver Seat,Driver Seat Electric,spec-table
ContactCars,https://www.contactcars.com/en/new-cars/chery-tiggo_8_pro_max/3b30f2ee5347,"Fri, 25 Sep 2026 12:32:05 GMT",e86a0e25ab0acea8466ebc07644b670d5c9d03beb4891c1594c72df881e01c90,Chery,Tiggo 8 Pro Max,,1.6T 6DCT Luxury,2027,625be8b2b21da3ebf03c43b0,Upholstery,Leather,spec-table
ContactCars,https://www.contactcars.com/en/new-cars/chery-tiggo_8_pro_max/3b30f2ee5347,"Fri, 25 Sep 2026 12:32:05 GMT",e86a0e25ab0acea8466ebc07644b670d5c9d03beb4891c1594c72df881e01c90,Chery,Tiggo 8 Pro Max,,1.6T 6DCT Luxury,2027,d9630e463440,Center Information Display,12٫3,spec-table
ContactCars,https://www.contactcars.com/en/new-cars/chery-tiggo_8_pro_max/3b30f2ee5347,"Fri, 25 Sep 2026 12:32:05 GMT",e86a0e25ab0acea8466ebc07644b670d5c9d03beb4891c1594c72df881e01c90,Chery,Tiggo 8 Pro Max,,1.6T 6DCT Luxury,2027,60199ad52a420993a3e8239d,Infotainment Display Size,12٫3,spec-table
ContactCars,https://www.contactcars.com/en/new-cars/chery-tiggo_8_pro_max/3b30f2ee5347,"Fri, 25 Sep 2026 12:32:05 GMT",e86a0e25ab0acea8466ebc07644b670d5c9d03beb4891c1594c72df881e01c90,Chery,Tiggo 8 Pro Max,,1.6T 6DCT Luxury,2027,60199ad52a420993a3e8237c,Instrument Cluster Type,Digital,spec-table
ContactCars,https://www.contactcars.com/en/new-cars/chery-tiggo_8_pro_max/3b30f2ee5347,"Fri, 25 Sep 2026 12:32:05 GMT",e86a0e25ab0acea8466ebc07644b670d5c9d03beb4891c1594c72df881e01c90,Chery,Tiggo 8 Pro Max,,1.6T 6DCT Luxury,2027,75fe2b7d7bc2,Instrument Cluster Size,12٫3,spec-table
ContactCars,https://www.contactcars.com/en/new-cars/chery-tiggo_8_pro_max/3b30f2ee5347,"Fri, 25 Sep 2026 12:32:05 GMT",e86a0e25ab0acea8466ebc07644b670d5c9d03beb4891c1594c72df881e01c90,Chery,Tiggo 8 Pro Max,,1.6T 6DCT Luxury,2027,60199ad52a420993a3e8239c,Smartphone Integration,Android Auto/Apple Car Play,spec-table
ContactCars,https://www.contactcars.com/en/new-cars/chery-tiggo_8_pro_max/3b30f2ee5347,"Fri, 25 Sep 2026 12:32:05 GMT",e86a0e25ab0acea8466ebc07644b670d5c9d03beb4891c1594c72df881e01c90,Chery,Tiggo 8 Pro Max,,1.6T 6DCT Luxury,2027,60199ad52a420993a3e823a2,Number of Speakers,8,spec-table
ContactCars,https://www.contactcars.com/en/new-cars/chery-tiggo_8_pro_max/3b30f2ee5347,"Fri, 25 Sep 2026 12:32:05 GMT",e86a0e25ab0acea8466ebc07644b670d5c9d03beb4891c1594c72df881e01c90,Chery,Tiggo 8 Pro Max,,1.6T 6DCT Luxury,2027,60199ad52a420993a3e8236d,Headlamps,LED,spec-table
ContactCars,https://www.contactcars.com/en/new-cars/chery-tiggo_8_pro_max/3b30f2ee5347,"Fri, 25 Sep 2026 12:32:05 GMT",e86a0e25ab0acea8466ebc07644b670d5c9d03beb4891c1594c72df881e01c90,Chery,Tiggo 8 Pro Max,,1.6T 6DCT Luxury,2027,60199ad52a420993a3e8236e,Tail Lights,LED,spec-table
ContactCars,https://www.contactcars.com/en/new-cars/chery-tiggo_8_pro_max/3b30f2ee5347,"Fri, 25 Sep 2026 12:32:05 GMT",e86a0e25ab0acea8466ebc07644b670d5c9d03beb4891c1594c72df881e01c90,Chery,Tiggo 8 Pro Max,,1.6T 6DCT Luxury,2027,62d57953644fb1f973ba7c3d,Additional Colors, أسود  كاربون كريستال،  أبيض نيو كاكي،  أزرق - راين بلو،  رمادي تِك جراي، فضي ناسداك، أخضر  أورورا,spec-table
ContactCars,https://www.contactcars.com/en/new-cars/chery-tiggo_8_pro_max/3b30f2ee5347,"Fri, 25 Sep 2026 12:32:05 GMT",e86a0e25ab0acea8466ebc07644b670d5c9d03beb4891c1594c72df881e01c90,Chery,Tiggo 8 Pro Max,,1.6T 6DCT Luxury,2027,62a5f51c3b190c24efacbe38,Basic Vehicle Warranty,6 سنوات أو 150 ألف كم,spec-table
ContactCars,https://www.contactcars.com/en/new-cars/chery-tiggo_8_pro_max/b17ce207472c,"Fri, 25 Sep 2026 12:32:06 GMT",0e88140fe2b62044b2750ed5164cdfad9a0767c2d873c8ab6ce0841060ee96b4,Chery,Tiggo 8 Pro Max,,1.6T 6DCT Flagship,2027,jsonld:offer_price_egp,offer_price_egp,1720000,json-ld
ContactCars,https://www.contactcars.com/en/new-cars/chery-tiggo_8_pro_max/b17ce207472c,"Fri, 25 Sep 2026 12:32:06 GMT",0e88140fe2b62044b2750ed5164cdfad9a0767c2d873c8ab6ce0841060ee96b4,Chery,Tiggo 8 Pro Max,,1.6T 6DCT Flagship,2027,jsonld:fuelType,fuelType,Gas,json-ld
ContactCars,https://www.contactcars.com/en/new-cars/chery-tiggo_8_pro_max/b17ce207472c,"Fri, 25 Sep 2026 12:32:06 GMT",0e88140fe2b62044b2750ed5164cdfad9a0767c2d873c8ab6ce0841060ee96b4,Chery,Tiggo 8 Pro Max,,1.6T 6DCT Flagship,2027,jsonld:engineDisplacement,engineDisplacement,1600,json-ld
ContactCars,https://www.contactcars.com/en/new-cars/chery-tiggo_8_pro_max/b17ce207472c,"Fri, 25 Sep 2026 12:32:06 GMT",0e88140fe2b62044b2750ed5164cdfad9a0767c2d873c8ab6ce0841060ee96b4,Chery,Tiggo 8 Pro Max,,1.6T 6DCT Flagship,2027,jsonld:vehicleTransmission,vehicleTransmission,Dual Clutch,json-ld
ContactCars,https://www.contactcars.com/en/new-cars/chery-tiggo_8_pro_max/b17ce207472c,"Fri, 25 Sep 2026 12:32:06 GMT",0e88140fe2b62044b2750ed5164cdfad9a0767c2d873c8ab6ce0841060ee96b4,Chery,Tiggo 8 Pro Max,,1.6T 6DCT Flagship,2027,jsonld:bodyType,bodyType,SUV,json-ld
ContactCars,https://www.contactcars.com/en/new-cars/chery-tiggo_8_pro_max/b17ce207472c,"Fri, 25 Sep 2026 12:32:06 GMT",0e88140fe2b62044b2750ed5164cdfad9a0767c2d873c8ab6ce0841060ee96b4,Chery,Tiggo 8 Pro Max,,1.6T 6DCT Flagship,2027,jsonld:assembly_country,assembly_country,China,json-ld
ContactCars,https://www.contactcars.com/en/new-cars/chery-tiggo_8_pro_max/b17ce207472c,"Fri, 25 Sep 2026 12:32:06 GMT",0e88140fe2b62044b2750ed5164cdfad9a0767c2d873c8ab6ce0841060ee96b4,Chery,Tiggo 8 Pro Max,,1.6T 6DCT Flagship,2027,1cff89624677,Vehicle Size Class,Compact,spec-table
ContactCars,https://www.contactcars.com/en/new-cars/chery-tiggo_8_pro_max/b17ce207472c,"Fri, 25 Sep 2026 12:32:06 GMT",0e88140fe2b62044b2750ed5164cdfad9a0767c2d873c8ab6ce0841060ee96b4,Chery,Tiggo 8 Pro Max,,1.6T 6DCT Flagship,2027,5bedd1146e88,Body Style,SUV,spec-table
ContactCars,https://www.contactcars.com/en/new-cars/chery-tiggo_8_pro_max/b17ce207472c,"Fri, 25 Sep 2026 12:32:06 GMT",0e88140fe2b62044b2750ed5164cdfad9a0767c2d873c8ab6ce0841060ee96b4,Chery,Tiggo 8 Pro Max,,1.6T 6DCT Flagship,2027,13a10f395a87,Number of Doors,5,spec-table
ContactCars,https://www.contactcars.com/en/new-cars/chery-tiggo_8_pro_max/b17ce207472c,"Fri, 25 Sep 2026 12:32:06 GMT",0e88140fe2b62044b2750ed5164cdfad9a0767c2d873c8ab6ce0841060ee96b4,Chery,Tiggo 8 Pro Max,,1.6T 6DCT Flagship,2027,60199ad52a420993a3e82387,Number of Seats,7,spec-table
ContactCars,https://www.contactcars.com/en/new-cars/chery-tiggo_8_pro_max/b17ce207472c,"Fri, 25 Sep 2026 12:32:06 GMT",0e88140fe2b62044b2750ed5164cdfad9a0767c2d873c8ab6ce0841060ee96b4,Chery,Tiggo 8 Pro Max,,1.6T 6DCT Flagship,2027,60199ad52a420993a3e823a4,Rear Trunk Capacity (Liter),739,spec-table
ContactCars,https://www.contactcars.com/en/new-cars/chery-tiggo_8_pro_max/b17ce207472c,"Fri, 25 Sep 2026 12:32:06 GMT",0e88140fe2b62044b2750ed5164cdfad9a0767c2d873c8ab6ce0841060ee96b4,Chery,Tiggo 8 Pro Max,,1.6T 6DCT Flagship,2027,603647429f57461ab1a74148,Length (mm),4720,spec-table
ContactCars,https://www.contactcars.com/en/new-cars/chery-tiggo_8_pro_max/b17ce207472c,"Fri, 25 Sep 2026 12:32:06 GMT",0e88140fe2b62044b2750ed5164cdfad9a0767c2d873c8ab6ce0841060ee96b4,Chery,Tiggo 8 Pro Max,,1.6T 6DCT Flagship,2027,6036477d9f57461ab1a74149,Width (mm),1860,spec-table
ContactCars,https://www.contactcars.com/en/new-cars/chery-tiggo_8_pro_max/b17ce207472c,"Fri, 25 Sep 2026 12:32:06 GMT",0e88140fe2b62044b2750ed5164cdfad9a0767c2d873c8ab6ce0841060ee96b4,Chery,Tiggo 8 Pro Max,,1.6T 6DCT Flagship,2027,603647a49f57461ab1a7414a,Height (mm),1705,spec-table
ContactCars,https://www.contactcars.com/en/new-cars/chery-tiggo_8_pro_max/b17ce207472c,"Fri, 25 Sep 2026 12:32:06 GMT",0e88140fe2b62044b2750ed5164cdfad9a0767c2d873c8ab6ce0841060ee96b4,Chery,Tiggo 8 Pro Max,,1.6T 6DCT Flagship,2027,6033cae86136e6f66151c687,Wheelbase (mm),2710,spec-table
ContactCars,https://www.contactcars.com/en/new-cars/chery-tiggo_8_pro_max/b17ce207472c,"Fri, 25 Sep 2026 12:32:06 GMT",0e88140fe2b62044b2750ed5164cdfad9a0767c2d873c8ab6ce0841060ee96b4,Chery,Tiggo 8 Pro Max,,1.6T 6DCT Flagship,2027,6244612fba30183d7791942e,Curb Weight (KG),1607,spec-table
ContactCars,https://www.contactcars.com/en/new-cars/chery-tiggo_8_pro_max/b17ce207472c,"Fri, 25 Sep 2026 12:32:06 GMT",0e88140fe2b62044b2750ed5164cdfad9a0767c2d873c8ab6ce0841060ee96b4,Chery,Tiggo 8 Pro Max,,1.6T 6DCT Flagship,2027,624443c0ba30183d77919424,Generation,1st,spec-table
ContactCars,https://www.contactcars.com/en/new-cars/chery-tiggo_8_pro_max/b17ce207472c,"Fri, 25 Sep 2026 12:32:06 GMT",0e88140fe2b62044b2750ed5164cdfad9a0767c2d873c8ab6ce0841060ee96b4,Chery,Tiggo 8 Pro Max,,1.6T 6DCT Flagship,2027,60199ad52a420993a3e82359,Fuel Tank Capacity (Litre),51,spec-table
ContactCars,https://www.contactcars.com/en/new-cars/chery-tiggo_8_pro_max/b17ce207472c,"Fri, 25 Sep 2026 12:32:06 GMT",0e88140fe2b62044b2750ed5164cdfad9a0767c2d873c8ab6ce0841060ee96b4,Chery,Tiggo 8 Pro Max,,1.6T 6DCT Flagship,2027,bc8f5919d91f,Engine Type,Inline-4,spec-table
ContactCars,https://www.contactcars.com/en/new-cars/chery-tiggo_8_pro_max/b17ce207472c,"Fri, 25 Sep 2026 12:32:06 GMT",0e88140fe2b62044b2750ed5164cdfad9a0767c2d873c8ab6ce0841060ee96b4,Chery,Tiggo 8 Pro Max,,1.6T 6DCT Flagship,2027,0922a30a7f46,Engine Function,Drive Wheels,spec-table
ContactCars,https://www.contactcars.com/en/new-cars/chery-tiggo_8_pro_max/b17ce207472c,"Fri, 25 Sep 2026 12:32:06 GMT",0e88140fe2b62044b2750ed5164cdfad9a0767c2d873c8ab6ce0841060ee96b4,Chery,Tiggo 8 Pro Max,,1.6T 6DCT Flagship,2027,60199ad52a420993a3e82352,Cylinders,4,spec-table
ContactCars,https://www.contactcars.com/en/new-cars/chery-tiggo_8_pro_max/b17ce207472c,"Fri, 25 Sep 2026 12:32:06 GMT",0e88140fe2b62044b2750ed5164cdfad9a0767c2d873c8ab6ce0841060ee96b4,Chery,Tiggo 8 Pro Max,,1.6T 6DCT Flagship,2027,62445feaba30183d7791942d,Engine Capacity (CC),1600,spec-table
ContactCars,https://www.contactcars.com/en/new-cars/chery-tiggo_8_pro_max/b17ce207472c,"Fri, 25 Sep 2026 12:32:06 GMT",0e88140fe2b62044b2750ed5164cdfad9a0767c2d873c8ab6ce0841060ee96b4,Chery,Tiggo 8 Pro Max,,1.6T 6DCT Flagship,2027,6244616cba30183d7791942f,Induction Type,Turbocharged,spec-table
ContactCars,https://www.contactcars.com/en/new-cars/chery-tiggo_8_pro_max/b17ce207472c,"Fri, 25 Sep 2026 12:32:06 GMT",0e88140fe2b62044b2750ed5164cdfad9a0767c2d873c8ab6ce0841060ee96b4,Chery,Tiggo 8 Pro Max,,1.6T 6DCT Flagship,2027,626916559ba5,Maximum Power Output (hp),197,spec-table
ContactCars,https://www.contactcars.com/en/new-cars/chery-tiggo_8_pro_max/b17ce207472c,"Fri, 25 Sep 2026 12:32:06 GMT",0e88140fe2b62044b2750ed5164cdfad9a0767c2d873c8ab6ce0841060ee96b4,Chery,Tiggo 8 Pro Max,,1.6T 6DCT Flagship,2027,60d3a866c259,Maximum Torque (Nm),290,spec-table
ContactCars,https://www.contactcars.com/en/new-cars/chery-tiggo_8_pro_max/b17ce207472c,"Fri, 25 Sep 2026 12:32:06 GMT",0e88140fe2b62044b2750ed5164cdfad9a0767c2d873c8ab6ce0841060ee96b4,Chery,Tiggo 8 Pro Max,,1.6T 6DCT Flagship,2027,62445f6cba30183d7791942c,Engine Layout,Front,spec-table
ContactCars,https://www.contactcars.com/en/new-cars/chery-tiggo_8_pro_max/b17ce207472c,"Fri, 25 Sep 2026 12:32:06 GMT",0e88140fe2b62044b2750ed5164cdfad9a0767c2d873c8ab6ce0841060ee96b4,Chery,Tiggo 8 Pro Max,,1.6T 6DCT Flagship,2027,ae3798f5fd83,Drivetrain Type,FWD (Front-Wheel Drive),spec-table
ContactCars,https://www.contactcars.com/en/new-cars/chery-tiggo_8_pro_max/b17ce207472c,"Fri, 25 Sep 2026 12:32:06 GMT",0e88140fe2b62044b2750ed5164cdfad9a0767c2d873c8ab6ce0841060ee96b4,Chery,Tiggo 8 Pro Max,,1.6T 6DCT Flagship,2027,fd8d1904b500,Transmission Type,Automatic,spec-table
ContactCars,https://www.contactcars.com/en/new-cars/chery-tiggo_8_pro_max/b17ce207472c,"Fri, 25 Sep 2026 12:32:06 GMT",0e88140fe2b62044b2750ed5164cdfad9a0767c2d873c8ab6ce0841060ee96b4,Chery,Tiggo 8 Pro Max,,1.6T 6DCT Flagship,2027,5229867ce0fa,Transmission Technology,Wet DCT (Dual-Clutch Transmission),spec-table
ContactCars,https://www.contactcars.com/en/new-cars/chery-tiggo_8_pro_max/b17ce207472c,"Fri, 25 Sep 2026 12:32:06 GMT",0e88140fe2b62044b2750ed5164cdfad9a0767c2d873c8ab6ce0841060ee96b4,Chery,Tiggo 8 Pro Max,,1.6T 6DCT Flagship,2027,60199ad52a420993a3e8235a,Number of Gears,7,spec-table
ContactCars,https://www.contactcars.com/en/new-cars/chery-tiggo_8_pro_max/b17ce207472c,"Fri, 25 Sep 2026 12:32:06 GMT",0e88140fe2b62044b2750ed5164cdfad9a0767c2d873c8ab6ce0841060ee96b4,Chery,Tiggo 8 Pro Max,,1.6T 6DCT Flagship,2027,60199ad52a420993a3e8235d,Power Steering Type,Electric,spec-table
ContactCars,https://www.contactcars.com/en/new-cars/chery-tiggo_8_pro_max/b17ce207472c,"Fri, 25 Sep 2026 12:32:06 GMT",0e88140fe2b62044b2750ed5164cdfad9a0767c2d873c8ab6ce0841060ee96b4,Chery,Tiggo 8 Pro Max,,1.6T 6DCT Flagship,2027,602fa37cd768,Steering Adjustment Ops,Manual,spec-table
ContactCars,https://www.contactcars.com/en/new-cars/chery-tiggo_8_pro_max/b17ce207472c,"Fri, 25 Sep 2026 12:32:06 GMT",0e88140fe2b62044b2750ed5164cdfad9a0767c2d873c8ab6ce0841060ee96b4,Chery,Tiggo 8 Pro Max,,1.6T 6DCT Flagship,2027,7c8ae7912edf,Steering Modes,"Comfort, Sport, Normal, Eco",spec-table
ContactCars,https://www.contactcars.com/en/new-cars/chery-tiggo_8_pro_max/b17ce207472c,"Fri, 25 Sep 2026 12:32:06 GMT",0e88140fe2b62044b2750ed5164cdfad9a0767c2d873c8ab6ce0841060ee96b4,Chery,Tiggo 8 Pro Max,,1.6T 6DCT Flagship,2027,e78c472170c2,Front Suspension Type,MacPherson,spec-table
ContactCars,https://www.contactcars.com/en/new-cars/chery-tiggo_8_pro_max/b17ce207472c,"Fri, 25 Sep 2026 12:32:06 GMT",0e88140fe2b62044b2750ed5164cdfad9a0767c2d873c8ab6ce0841060ee96b4,Chery,Tiggo 8 Pro Max,,1.6T 6DCT Flagship,2027,d7a33f9ff1ff,Rear Suspension Type,Multi-Link,spec-table
ContactCars,https://www.contactcars.com/en/new-cars/chery-tiggo_8_pro_max/b17ce207472c,"Fri, 25 Sep 2026 12:32:06 GMT",0e88140fe2b62044b2750ed5164cdfad9a0767c2d873c8ab6ce0841060ee96b4,Chery,Tiggo 8 Pro Max,,1.6T 6DCT Flagship,2027,58f344b6ff55,Front Brakes Type,Solid Disc Brakes,spec-table
ContactCars,https://www.contactcars.com/en/new-cars/chery-tiggo_8_pro_max/b17ce207472c,"Fri, 25 Sep 2026 12:32:06 GMT",0e88140fe2b62044b2750ed5164cdfad9a0767c2d873c8ab6ce0841060ee96b4,Chery,Tiggo 8 Pro Max,,1.6T 6DCT Flagship,2027,eb24327dbe4e,Rear Brakes Type,Solid Disc Brakes,spec-table
ContactCars,https://www.contactcars.com/en/new-cars/chery-tiggo_8_pro_max/b17ce207472c,"Fri, 25 Sep 2026 12:32:06 GMT",0e88140fe2b62044b2750ed5164cdfad9a0767c2d873c8ab6ce0841060ee96b4,Chery,Tiggo 8 Pro Max,,1.6T 6DCT Flagship,2027,4ed8405e7e5b,Hand Brake Type,Electronic,spec-table
ContactCars,https://www.contactcars.com/en/new-cars/chery-tiggo_8_pro_max/b17ce207472c,"Fri, 25 Sep 2026 12:32:06 GMT",0e88140fe2b62044b2750ed5164cdfad9a0767c2d873c8ab6ce0841060ee96b4,Chery,Tiggo 8 Pro Max,,1.6T 6DCT Flagship,2027,d4b30096d663,Wheel Type,Alloy,spec-table
ContactCars,https://www.contactcars.com/en/new-cars/chery-tiggo_8_pro_max/b17ce207472c,"Fri, 25 Sep 2026 12:32:06 GMT",0e88140fe2b62044b2750ed5164cdfad9a0767c2d873c8ab6ce0841060ee96b4,Chery,Tiggo 8 Pro Max,,1.6T 6DCT Flagship,2027,1831c41b7b17,Front Wheel Size,19,spec-table
ContactCars,https://www.contactcars.com/en/new-cars/chery-tiggo_8_pro_max/b17ce207472c,"Fri, 25 Sep 2026 12:32:06 GMT",0e88140fe2b62044b2750ed5164cdfad9a0767c2d873c8ab6ce0841060ee96b4,Chery,Tiggo 8 Pro Max,,1.6T 6DCT Flagship,2027,1f4797b49117,Rear Wheel Size,19,spec-table
ContactCars,https://www.contactcars.com/en/new-cars/chery-tiggo_8_pro_max/b17ce207472c,"Fri, 25 Sep 2026 12:32:06 GMT",0e88140fe2b62044b2750ed5164cdfad9a0767c2d873c8ab6ce0841060ee96b4,Chery,Tiggo 8 Pro Max,,1.6T 6DCT Flagship,2027,60199ad52a420993a3e82372,Front Tire Size,235/50 R19,spec-table
ContactCars,https://www.contactcars.com/en/new-cars/chery-tiggo_8_pro_max/b17ce207472c,"Fri, 25 Sep 2026 12:32:06 GMT",0e88140fe2b62044b2750ed5164cdfad9a0767c2d873c8ab6ce0841060ee96b4,Chery,Tiggo 8 Pro Max,,1.6T 6DCT Flagship,2027,2076fe4abba4,Rear Tire Size,235/50 R19,spec-table
ContactCars,https://www.contactcars.com/en/new-cars/chery-tiggo_8_pro_max/b17ce207472c,"Fri, 25 Sep 2026 12:32:06 GMT",0e88140fe2b62044b2750ed5164cdfad9a0767c2d873c8ab6ce0841060ee96b4,Chery,Tiggo 8 Pro Max,,1.6T 6DCT Flagship,2027,cb68666c87e5,Tire Type,All-Season,spec-table
ContactCars,https://www.contactcars.com/en/new-cars/chery-tiggo_8_pro_max/b17ce207472c,"Fri, 25 Sep 2026 12:32:06 GMT",0e88140fe2b62044b2750ed5164cdfad9a0767c2d873c8ab6ce0841060ee96b4,Chery,Tiggo 8 Pro Max,,1.6T 6DCT Flagship,2027,56a59f46e398,Euro NCAP Results,4,spec-table
ContactCars,https://www.contactcars.com/en/new-cars/chery-tiggo_8_pro_max/b17ce207472c,"Fri, 25 Sep 2026 12:32:06 GMT",0e88140fe2b62044b2750ed5164cdfad9a0767c2d873c8ab6ce0841060ee96b4,Chery,Tiggo 8 Pro Max,,1.6T 6DCT Flagship,2027,60199ad52a420993a3e8236a,Airbag Count,9,spec-table
ContactCars,https://www.contactcars.com/en/new-cars/chery-tiggo_8_pro_max/b17ce207472c,"Fri, 25 Sep 2026 12:32:06 GMT",0e88140fe2b62044b2750ed5164cdfad9a0767c2d873c8ab6ce0841060ee96b4,Chery,Tiggo 8 Pro Max,,1.6T 6DCT Flagship,2027,72fbbbfbb11f,Seat Upholestry,Leather,spec-table
ContactCars,https://www.contactcars.com/en/new-cars/chery-tiggo_8_pro_max/b17ce207472c,"Fri, 25 Sep 2026 12:32:06 GMT",0e88140fe2b62044b2750ed5164cdfad9a0767c2d873c8ab6ce0841060ee96b4,Chery,Tiggo 8 Pro Max,,1.6T 6DCT Flagship,2027,60199ad52a420993a3e82383,Ambient Lighting,Multi Color,spec-table
ContactCars,https://www.contactcars.com/en/new-cars/chery-tiggo_8_pro_max/b17ce207472c,"Fri, 25 Sep 2026 12:32:06 GMT",0e88140fe2b62044b2750ed5164cdfad9a0767c2d873c8ab6ce0841060ee96b4,Chery,Tiggo 8 Pro Max,,1.6T 6DCT Flagship,2027,60199ad52a420993a3e8238f,Driver Seat,Driver Seat Electric,spec-table
ContactCars,https://www.contactcars.com/en/new-cars/chery-tiggo_8_pro_max/b17ce207472c,"Fri, 25 Sep 2026 12:32:06 GMT",0e88140fe2b62044b2750ed5164cdfad9a0767c2d873c8ab6ce0841060ee96b4,Chery,Tiggo 8 Pro Max,,1.6T 6DCT Flagship,2027,625be8b2b21da3ebf03c43b0,Upholstery,Leather,spec-table
ContactCars,https://www.contactcars.com/en/new-cars/chery-tiggo_8_pro_max/b17ce207472c,"Fri, 25 Sep 2026 12:32:06 GMT",0e88140fe2b62044b2750ed5164cdfad9a0767c2d873c8ab6ce0841060ee96b4,Chery,Tiggo 8 Pro Max,,1.6T 6DCT Flagship,2027,d9630e463440,Center Information Display,12٫3,spec-table
ContactCars,https://www.contactcars.com/en/new-cars/chery-tiggo_8_pro_max/b17ce207472c,"Fri, 25 Sep 2026 12:32:06 GMT",0e88140fe2b62044b2750ed5164cdfad9a0767c2d873c8ab6ce0841060ee96b4,Chery,Tiggo 8 Pro Max,,1.6T 6DCT Flagship,2027,60199ad52a420993a3e8239d,Infotainment Display Size,12٫3,spec-table
ContactCars,https://www.contactcars.com/en/new-cars/chery-tiggo_8_pro_max/b17ce207472c,"Fri, 25 Sep 2026 12:32:06 GMT",0e88140fe2b62044b2750ed5164cdfad9a0767c2d873c8ab6ce0841060ee96b4,Chery,Tiggo 8 Pro Max,,1.6T 6DCT Flagship,2027,60199ad52a420993a3e8237c,Instrument Cluster Type,Digital,spec-table
ContactCars,https://www.contactcars.com/en/new-cars/chery-tiggo_8_pro_max/b17ce207472c,"Fri, 25 Sep 2026 12:32:06 GMT",0e88140fe2b62044b2750ed5164cdfad9a0767c2d873c8ab6ce0841060ee96b4,Chery,Tiggo 8 Pro Max,,1.6T 6DCT Flagship,2027,75fe2b7d7bc2,Instrument Cluster Size,12٫3,spec-table
ContactCars,https://www.contactcars.com/en/new-cars/chery-tiggo_8_pro_max/b17ce207472c,"Fri, 25 Sep 2026 12:32:06 GMT",0e88140fe2b62044b2750ed5164cdfad9a0767c2d873c8ab6ce0841060ee96b4,Chery,Tiggo 8 Pro Max,,1.6T 6DCT Flagship,2027,60199ad52a420993a3e8239c,Smartphone Integration,Android Auto/Apple Car Play,spec-table
ContactCars,https://www.contactcars.com/en/new-cars/chery-tiggo_8_pro_max/b17ce207472c,"Fri, 25 Sep 2026 12:32:06 GMT",0e88140fe2b62044b2750ed5164cdfad9a0767c2d873c8ab6ce0841060ee96b4,Chery,Tiggo 8 Pro Max,,1.6T 6DCT Flagship,2027,60199ad52a420993a3e823a2,Number of Speakers,10,spec-table
ContactCars,https://www.contactcars.com/en/new-cars/chery-tiggo_8_pro_max/b17ce207472c,"Fri, 25 Sep 2026 12:32:06 GMT",0e88140fe2b62044b2750ed5164cdfad9a0767c2d873c8ab6ce0841060ee96b4,Chery,Tiggo 8 Pro Max,,1.6T 6DCT Flagship,2027,872802aacccf,Sound System Brand,SONY,spec-table
ContactCars,https://www.contactcars.com/en/new-cars/chery-tiggo_8_pro_max/b17ce207472c,"Fri, 25 Sep 2026 12:32:06 GMT",0e88140fe2b62044b2750ed5164cdfad9a0767c2d873c8ab6ce0841060ee96b4,Chery,Tiggo 8 Pro Max,,1.6T 6DCT Flagship,2027,60199ad52a420993a3e8236d,Headlamps,LED,spec-table
ContactCars,https://www.contactcars.com/en/new-cars/chery-tiggo_8_pro_max/b17ce207472c,"Fri, 25 Sep 2026 12:32:06 GMT",0e88140fe2b62044b2750ed5164cdfad9a0767c2d873c8ab6ce0841060ee96b4,Chery,Tiggo 8 Pro Max,,1.6T 6DCT Flagship,2027,60199ad52a420993a3e8236e,Tail Lights,LED,spec-table
ContactCars,https://www.contactcars.com/en/new-cars/chery-tiggo_8_pro_max/b17ce207472c,"Fri, 25 Sep 2026 12:32:06 GMT",0e88140fe2b62044b2750ed5164cdfad9a0767c2d873c8ab6ce0841060ee96b4,Chery,Tiggo 8 Pro Max,,1.6T 6DCT Flagship,2027,62d57953644fb1f973ba7c3d,Additional Colors, أسود  كاربون كريستال،  أبيض نيو كاكي،  أزرق - راين بلو،  رمادي تِك جراي، فضي ناسداك، أخضر  أورورا,spec-table
ContactCars,https://www.contactcars.com/en/new-cars/chery-tiggo_8_pro_max/b17ce207472c,"Fri, 25 Sep 2026 12:32:06 GMT",0e88140fe2b62044b2750ed5164cdfad9a0767c2d873c8ab6ce0841060ee96b4,Chery,Tiggo 8 Pro Max,,1.6T 6DCT Flagship,2027,62a5f51c3b190c24efacbe38,Basic Vehicle Warranty,6 سنوات أو 150 ألف كم,spec-table
ContactCars,https://www.contactcars.com/en/new-cars/hyundai-tucson/07b6ff51878a,"Fri, 25 Sep 2026 12:32:07 GMT",72872d9daab75628bf2ff97bfb89ea3b3b09522565bf8e755e8510599d70bd0c,Hyundai,Tucson,,REDLINE,2026,jsonld:offer_price_egp,offer_price_egp,1950000,json-ld
ContactCars,https://www.contactcars.com/en/new-cars/hyundai-tucson/07b6ff51878a,"Fri, 25 Sep 2026 12:32:07 GMT",72872d9daab75628bf2ff97bfb89ea3b3b09522565bf8e755e8510599d70bd0c,Hyundai,Tucson,,REDLINE,2026,jsonld:fuelType,fuelType,Gas,json-ld
ContactCars,https://www.contactcars.com/en/new-cars/hyundai-tucson/07b6ff51878a,"Fri, 25 Sep 2026 12:32:07 GMT",72872d9daab75628bf2ff97bfb89ea3b3b09522565bf8e755e8510599d70bd0c,Hyundai,Tucson,,REDLINE,2026,jsonld:engineDisplacement,engineDisplacement,1600,json-ld
ContactCars,https://www.contactcars.com/en/new-cars/hyundai-tucson/07b6ff51878a,"Fri, 25 Sep 2026 12:32:07 GMT",72872d9daab75628bf2ff97bfb89ea3b3b09522565bf8e755e8510599d70bd0c,Hyundai,Tucson,,REDLINE,2026,jsonld:vehicleTransmission,vehicleTransmission,Dual Clutch,json-ld
ContactCars,https://www.contactcars.com/en/new-cars/hyundai-tucson/07b6ff51878a,"Fri, 25 Sep 2026 12:32:07 GMT",72872d9daab75628bf2ff97bfb89ea3b3b09522565bf8e755e8510599d70bd0c,Hyundai,Tucson,,REDLINE,2026,jsonld:bodyType,bodyType,SUV,json-ld
ContactCars,https://www.contactcars.com/en/new-cars/hyundai-tucson/07b6ff51878a,"Fri, 25 Sep 2026 12:32:07 GMT",72872d9daab75628bf2ff97bfb89ea3b3b09522565bf8e755e8510599d70bd0c,Hyundai,Tucson,,REDLINE,2026,jsonld:assembly_country,assembly_country,Czechia,json-ld
ContactCars,https://www.contactcars.com/en/new-cars/hyundai-tucson/07b6ff51878a,"Fri, 25 Sep 2026 12:32:07 GMT",72872d9daab75628bf2ff97bfb89ea3b3b09522565bf8e755e8510599d70bd0c,Hyundai,Tucson,,REDLINE,2026,1cff89624677,Vehicle Size Class,Compact,spec-table
ContactCars,https://www.contactcars.com/en/new-cars/hyundai-tucson/07b6ff51878a,"Fri, 25 Sep 2026 12:32:07 GMT",72872d9daab75628bf2ff97bfb89ea3b3b09522565bf8e755e8510599d70bd0c,Hyundai,Tucson,,REDLINE,2026,5bedd1146e88,Body Style,SUV,spec-table
ContactCars,https://www.contactcars.com/en/new-cars/hyundai-tucson/07b6ff51878a,"Fri, 25 Sep 2026 12:32:07 GMT",72872d9daab75628bf2ff97bfb89ea3b3b09522565bf8e755e8510599d70bd0c,Hyundai,Tucson,,REDLINE,2026,13a10f395a87,Number of Doors,5,spec-table
ContactCars,https://www.contactcars.com/en/new-cars/hyundai-tucson/07b6ff51878a,"Fri, 25 Sep 2026 12:32:07 GMT",72872d9daab75628bf2ff97bfb89ea3b3b09522565bf8e755e8510599d70bd0c,Hyundai,Tucson,,REDLINE,2026,60199ad52a420993a3e82387,Number of Seats,5,spec-table
ContactCars,https://www.contactcars.com/en/new-cars/hyundai-tucson/07b6ff51878a,"Fri, 25 Sep 2026 12:32:07 GMT",72872d9daab75628bf2ff97bfb89ea3b3b09522565bf8e755e8510599d70bd0c,Hyundai,Tucson,,REDLINE,2026,60199ad52a420993a3e823a4,Rear Trunk Capacity (Liter),503,spec-table
ContactCars,https://www.contactcars.com/en/new-cars/hyundai-tucson/07b6ff51878a,"Fri, 25 Sep 2026 12:32:07 GMT",72872d9daab75628bf2ff97bfb89ea3b3b09522565bf8e755e8510599d70bd0c,Hyundai,Tucson,,REDLINE,2026,2cd960af118a,"Rear Trunk Capacity, Seats Folded (Liter)",1799,spec-table
ContactCars,https://www.contactcars.com/en/new-cars/hyundai-tucson/07b6ff51878a,"Fri, 25 Sep 2026 12:32:07 GMT",72872d9daab75628bf2ff97bfb89ea3b3b09522565bf8e755e8510599d70bd0c,Hyundai,Tucson,,REDLINE,2026,603647429f57461ab1a74148,Length (mm),4510,spec-table
ContactCars,https://www.contactcars.com/en/new-cars/hyundai-tucson/07b6ff51878a,"Fri, 25 Sep 2026 12:32:07 GMT",72872d9daab75628bf2ff97bfb89ea3b3b09522565bf8e755e8510599d70bd0c,Hyundai,Tucson,,REDLINE,2026,6036477d9f57461ab1a74149,Width (mm),1865,spec-table
ContactCars,https://www.contactcars.com/en/new-cars/hyundai-tucson/07b6ff51878a,"Fri, 25 Sep 2026 12:32:07 GMT",72872d9daab75628bf2ff97bfb89ea3b3b09522565bf8e755e8510599d70bd0c,Hyundai,Tucson,,REDLINE,2026,603647a49f57461ab1a7414a,Height (mm),1650,spec-table
ContactCars,https://www.contactcars.com/en/new-cars/hyundai-tucson/07b6ff51878a,"Fri, 25 Sep 2026 12:32:07 GMT",72872d9daab75628bf2ff97bfb89ea3b3b09522565bf8e755e8510599d70bd0c,Hyundai,Tucson,,REDLINE,2026,6033cae86136e6f66151c687,Wheelbase (mm),2680,spec-table
ContactCars,https://www.contactcars.com/en/new-cars/hyundai-tucson/07b6ff51878a,"Fri, 25 Sep 2026 12:32:07 GMT",72872d9daab75628bf2ff97bfb89ea3b3b09522565bf8e755e8510599d70bd0c,Hyundai,Tucson,,REDLINE,2026,6033cbc86136e6f66151c688,Ground Clearance (mm),170,spec-table
ContactCars,https://www.contactcars.com/en/new-cars/hyundai-tucson/07b6ff51878a,"Fri, 25 Sep 2026 12:32:07 GMT",72872d9daab75628bf2ff97bfb89ea3b3b09522565bf8e755e8510599d70bd0c,Hyundai,Tucson,,REDLINE,2026,6244612fba30183d7791942e,Curb Weight (KG),"1,466",spec-table
ContactCars,https://www.contactcars.com/en/new-cars/hyundai-tucson/07b6ff51878a,"Fri, 25 Sep 2026 12:32:07 GMT",72872d9daab75628bf2ff97bfb89ea3b3b09522565bf8e755e8510599d70bd0c,Hyundai,Tucson,,REDLINE,2026,624443c0ba30183d77919424,Generation,4th,spec-table
ContactCars,https://www.contactcars.com/en/new-cars/hyundai-tucson/07b6ff51878a,"Fri, 25 Sep 2026 12:32:07 GMT",72872d9daab75628bf2ff97bfb89ea3b3b09522565bf8e755e8510599d70bd0c,Hyundai,Tucson,,REDLINE,2026,1b9f93607f48,Powertrain Type,ICE (Petrol),spec-table
ContactCars,https://www.contactcars.com/en/new-cars/hyundai-tucson/07b6ff51878a,"Fri, 25 Sep 2026 12:32:07 GMT",72872d9daab75628bf2ff97bfb89ea3b3b09522565bf8e755e8510599d70bd0c,Hyundai,Tucson,,REDLINE,2026,60199ad52a420993a3e82353,Combined Maximum Power (HP @ RPM),"180 / 5,500",spec-table
ContactCars,https://www.contactcars.com/en/new-cars/hyundai-tucson/07b6ff51878a,"Fri, 25 Sep 2026 12:32:07 GMT",72872d9daab75628bf2ff97bfb89ea3b3b09522565bf8e755e8510599d70bd0c,Hyundai,Tucson,,REDLINE,2026,60199ad52a420993a3e82354,Combined Maximum Torque (N.m @ RPM),265  / 1500 - 4500,spec-table
ContactCars,https://www.contactcars.com/en/new-cars/hyundai-tucson/07b6ff51878a,"Fri, 25 Sep 2026 12:32:07 GMT",72872d9daab75628bf2ff97bfb89ea3b3b09522565bf8e755e8510599d70bd0c,Hyundai,Tucson,,REDLINE,2026,60199ad52a420993a3e82359,Fuel Tank Capacity (Litre),54,spec-table
ContactCars,https://www.contactcars.com/en/new-cars/hyundai-tucson/07b6ff51878a,"Fri, 25 Sep 2026 12:32:07 GMT",72872d9daab75628bf2ff97bfb89ea3b3b09522565bf8e755e8510599d70bd0c,Hyundai,Tucson,,REDLINE,2026,60199ad52a420993a3e82356,Combined Fuel/Energy Consumption (Liter/100 KM),6٫1,spec-table
ContactCars,https://www.contactcars.com/en/new-cars/hyundai-tucson/07b6ff51878a,"Fri, 25 Sep 2026 12:32:07 GMT",72872d9daab75628bf2ff97bfb89ea3b3b09522565bf8e755e8510599d70bd0c,Hyundai,Tucson,,REDLINE,2026,bc8f5919d91f,Engine Type,Inline-4,spec-table
ContactCars,https://www.contactcars.com/en/new-cars/hyundai-tucson/07b6ff51878a,"Fri, 25 Sep 2026 12:32:07 GMT",72872d9daab75628bf2ff97bfb89ea3b3b09522565bf8e755e8510599d70bd0c,Hyundai,Tucson,,REDLINE,2026,0922a30a7f46,Engine Function,Drive Wheels,spec-table
ContactCars,https://www.contactcars.com/en/new-cars/hyundai-tucson/07b6ff51878a,"Fri, 25 Sep 2026 12:32:07 GMT",72872d9daab75628bf2ff97bfb89ea3b3b09522565bf8e755e8510599d70bd0c,Hyundai,Tucson,,REDLINE,2026,60199ad52a420993a3e82352,Cylinders,4,spec-table
ContactCars,https://www.contactcars.com/en/new-cars/hyundai-tucson/07b6ff51878a,"Fri, 25 Sep 2026 12:32:07 GMT",72872d9daab75628bf2ff97bfb89ea3b3b09522565bf8e755e8510599d70bd0c,Hyundai,Tucson,,REDLINE,2026,62445feaba30183d7791942d,Engine Capacity (CC),1600,spec-table
ContactCars,https://www.contactcars.com/en/new-cars/hyundai-tucson/07b6ff51878a,"Fri, 25 Sep 2026 12:32:07 GMT",72872d9daab75628bf2ff97bfb89ea3b3b09522565bf8e755e8510599d70bd0c,Hyundai,Tucson,,REDLINE,2026,6244616cba30183d7791942f,Induction Type,Turbocharged,spec-table
ContactCars,https://www.contactcars.com/en/new-cars/hyundai-tucson/07b6ff51878a,"Fri, 25 Sep 2026 12:32:07 GMT",72872d9daab75628bf2ff97bfb89ea3b3b09522565bf8e755e8510599d70bd0c,Hyundai,Tucson,,REDLINE,2026,62445f6cba30183d7791942c,Engine Layout,Front,spec-table
ContactCars,https://www.contactcars.com/en/new-cars/hyundai-tucson/07b6ff51878a,"Fri, 25 Sep 2026 12:32:07 GMT",72872d9daab75628bf2ff97bfb89ea3b3b09522565bf8e755e8510599d70bd0c,Hyundai,Tucson,,REDLINE,2026,ae3798f5fd83,Drivetrain Type,FWD (Front-Wheel Drive),spec-table
ContactCars,https://www.contactcars.com/en/new-cars/hyundai-tucson/07b6ff51878a,"Fri, 25 Sep 2026 12:32:07 GMT",72872d9daab75628bf2ff97bfb89ea3b3b09522565bf8e755e8510599d70bd0c,Hyundai,Tucson,,REDLINE,2026,fd8d1904b500,Transmission Type,Automatic,spec-table
ContactCars,https://www.contactcars.com/en/new-cars/hyundai-tucson/07b6ff51878a,"Fri, 25 Sep 2026 12:32:07 GMT",72872d9daab75628bf2ff97bfb89ea3b3b09522565bf8e755e8510599d70bd0c,Hyundai,Tucson,,REDLINE,2026,5229867ce0fa,Transmission Technology,Dry DCT (Dual-Clutch Transmission),spec-table
ContactCars,https://www.contactcars.com/en/new-cars/hyundai-tucson/07b6ff51878a,"Fri, 25 Sep 2026 12:32:07 GMT",72872d9daab75628bf2ff97bfb89ea3b3b09522565bf8e755e8510599d70bd0c,Hyundai,Tucson,,REDLINE,2026,60199ad52a420993a3e8235a,Number of Gears,7,spec-table
ContactCars,https://www.contactcars.com/en/new-cars/hyundai-tucson/07b6ff51878a,"Fri, 25 Sep 2026 12:32:07 GMT",72872d9daab75628bf2ff97bfb89ea3b3b09522565bf8e755e8510599d70bd0c,Hyundai,Tucson,,REDLINE,2026,60199ad52a420993a3e82385,Steering Wheel,Leather 4 Spoke,spec-table
ContactCars,https://www.contactcars.com/en/new-cars/hyundai-tucson/07b6ff51878a,"Fri, 25 Sep 2026 12:32:07 GMT",72872d9daab75628bf2ff97bfb89ea3b3b09522565bf8e755e8510599d70bd0c,Hyundai,Tucson,,REDLINE,2026,60199ad52a420993a3e8235d,Power Steering Type,Electric,spec-table
ContactCars,https://www.contactcars.com/en/new-cars/hyundai-tucson/07b6ff51878a,"Fri, 25 Sep 2026 12:32:07 GMT",72872d9daab75628bf2ff97bfb89ea3b3b09522565bf8e755e8510599d70bd0c,Hyundai,Tucson,,REDLINE,2026,602fa37cd768,Steering Adjustment Ops,Manual,spec-table
ContactCars,https://www.contactcars.com/en/new-cars/hyundai-tucson/07b6ff51878a,"Fri, 25 Sep 2026 12:32:07 GMT",72872d9daab75628bf2ff97bfb89ea3b3b09522565bf8e755e8510599d70bd0c,Hyundai,Tucson,,REDLINE,2026,7c8ae7912edf,Steering Modes,"Comfort, Sport, Normal, Eco",spec-table
ContactCars,https://www.contactcars.com/en/new-cars/hyundai-tucson/07b6ff51878a,"Fri, 25 Sep 2026 12:32:07 GMT",72872d9daab75628bf2ff97bfb89ea3b3b09522565bf8e755e8510599d70bd0c,Hyundai,Tucson,,REDLINE,2026,e78c472170c2,Front Suspension Type,MacPherson,spec-table
ContactCars,https://www.contactcars.com/en/new-cars/hyundai-tucson/07b6ff51878a,"Fri, 25 Sep 2026 12:32:07 GMT",72872d9daab75628bf2ff97bfb89ea3b3b09522565bf8e755e8510599d70bd0c,Hyundai,Tucson,,REDLINE,2026,d7a33f9ff1ff,Rear Suspension Type,Multi-Link,spec-table
ContactCars,https://www.contactcars.com/en/new-cars/hyundai-tucson/07b6ff51878a,"Fri, 25 Sep 2026 12:32:07 GMT",72872d9daab75628bf2ff97bfb89ea3b3b09522565bf8e755e8510599d70bd0c,Hyundai,Tucson,,REDLINE,2026,58f344b6ff55,Front Brakes Type,Solid Disc Brakes,spec-table
ContactCars,https://www.contactcars.com/en/new-cars/hyundai-tucson/07b6ff51878a,"Fri, 25 Sep 2026 12:32:07 GMT",72872d9daab75628bf2ff97bfb89ea3b3b09522565bf8e755e8510599d70bd0c,Hyundai,Tucson,,REDLINE,2026,eb24327dbe4e,Rear Brakes Type,Solid Disc Brakes,spec-table
ContactCars,https://www.contactcars.com/en/new-cars/hyundai-tucson/07b6ff51878a,"Fri, 25 Sep 2026 12:32:07 GMT",72872d9daab75628bf2ff97bfb89ea3b3b09522565bf8e755e8510599d70bd0c,Hyundai,Tucson,,REDLINE,2026,4ed8405e7e5b,Hand Brake Type,Electronic,spec-table
ContactCars,https://www.contactcars.com/en/new-cars/hyundai-tucson/07b6ff51878a,"Fri, 25 Sep 2026 12:32:07 GMT",72872d9daab75628bf2ff97bfb89ea3b3b09522565bf8e755e8510599d70bd0c,Hyundai,Tucson,,REDLINE,2026,d4b30096d663,Wheel Type,Alloy,spec-table
ContactCars,https://www.contactcars.com/en/new-cars/hyundai-tucson/07b6ff51878a,"Fri, 25 Sep 2026 12:32:07 GMT",72872d9daab75628bf2ff97bfb89ea3b3b09522565bf8e755e8510599d70bd0c,Hyundai,Tucson,,REDLINE,2026,1831c41b7b17,Front Wheel Size,18,spec-table
ContactCars,https://www.contactcars.com/en/new-cars/hyundai-tucson/07b6ff51878a,"Fri, 25 Sep 2026 12:32:07 GMT",72872d9daab75628bf2ff97bfb89ea3b3b09522565bf8e755e8510599d70bd0c,Hyundai,Tucson,,REDLINE,2026,1f4797b49117,Rear Wheel Size,18,spec-table
ContactCars,https://www.contactcars.com/en/new-cars/hyundai-tucson/07b6ff51878a,"Fri, 25 Sep 2026 12:32:07 GMT",72872d9daab75628bf2ff97bfb89ea3b3b09522565bf8e755e8510599d70bd0c,Hyundai,Tucson,,REDLINE,2026,60199ad52a420993a3e82372,Front Tire Size,235 /55 R18,spec-table
ContactCars,https://www.contactcars.com/en/new-cars/hyundai-tucson/07b6ff51878a,"Fri, 25 Sep 2026 12:32:07 GMT",72872d9daab75628bf2ff97bfb89ea3b3b09522565bf8e755e8510599d70bd0c,Hyundai,Tucson,,REDLINE,2026,2076fe4abba4,Rear Tire Size,235 /55 R18,spec-table
ContactCars,https://www.contactcars.com/en/new-cars/hyundai-tucson/07b6ff51878a,"Fri, 25 Sep 2026 12:32:07 GMT",72872d9daab75628bf2ff97bfb89ea3b3b09522565bf8e755e8510599d70bd0c,Hyundai,Tucson,,REDLINE,2026,cb68666c87e5,Tire Type,All-Season,spec-table
ContactCars,https://www.contactcars.com/en/new-cars/hyundai-tucson/07b6ff51878a,"Fri, 25 Sep 2026 12:32:07 GMT",72872d9daab75628bf2ff97bfb89ea3b3b09522565bf8e755e8510599d70bd0c,Hyundai,Tucson,,REDLINE,2026,ba2239f5bba2,IIHS Results,Top Safety Pick+,spec-table
ContactCars,https://www.contactcars.com/en/new-cars/hyundai-tucson/07b6ff51878a,"Fri, 25 Sep 2026 12:32:07 GMT",72872d9daab75628bf2ff97bfb89ea3b3b09522565bf8e755e8510599d70bd0c,Hyundai,Tucson,,REDLINE,2026,56a59f46e398,Euro NCAP Results,5,spec-table
ContactCars,https://www.contactcars.com/en/new-cars/hyundai-tucson/07b6ff51878a,"Fri, 25 Sep 2026 12:32:07 GMT",72872d9daab75628bf2ff97bfb89ea3b3b09522565bf8e755e8510599d70bd0c,Hyundai,Tucson,,REDLINE,2026,60199ad52a420993a3e8236a,Airbag Count,6,spec-table
ContactCars,https://www.contactcars.com/en/new-cars/hyundai-tucson/07b6ff51878a,"Fri, 25 Sep 2026 12:32:07 GMT",72872d9daab75628bf2ff97bfb89ea3b3b09522565bf8e755e8510599d70bd0c,Hyundai,Tucson,,REDLINE,2026,72fbbbfbb11f,Seat Upholestry,Cloth,spec-table
ContactCars,https://www.contactcars.com/en/new-cars/hyundai-tucson/07b6ff51878a,"Fri, 25 Sep 2026 12:32:07 GMT",72872d9daab75628bf2ff97bfb89ea3b3b09522565bf8e755e8510599d70bd0c,Hyundai,Tucson,,REDLINE,2026,60199ad52a420993a3e82383,Ambient Lighting,Multi Color,spec-table
ContactCars,https://www.contactcars.com/en/new-cars/hyundai-tucson/07b6ff51878a,"Fri, 25 Sep 2026 12:32:07 GMT",72872d9daab75628bf2ff97bfb89ea3b3b09522565bf8e755e8510599d70bd0c,Hyundai,Tucson,,REDLINE,2026,d9630e463440,Center Information Display,12٫3,spec-table
ContactCars,https://www.contactcars.com/en/new-cars/hyundai-tucson/07b6ff51878a,"Fri, 25 Sep 2026 12:32:07 GMT",72872d9daab75628bf2ff97bfb89ea3b3b09522565bf8e755e8510599d70bd0c,Hyundai,Tucson,,REDLINE,2026,60199ad52a420993a3e8237c,Instrument Cluster Type,Digital,spec-table
ContactCars,https://www.contactcars.com/en/new-cars/hyundai-tucson/07b6ff51878a,"Fri, 25 Sep 2026 12:32:07 GMT",72872d9daab75628bf2ff97bfb89ea3b3b09522565bf8e755e8510599d70bd0c,Hyundai,Tucson,,REDLINE,2026,75fe2b7d7bc2,Instrument Cluster Size,12٫3,spec-table
ContactCars,https://www.contactcars.com/en/new-cars/hyundai-tucson/07b6ff51878a,"Fri, 25 Sep 2026 12:32:07 GMT",72872d9daab75628bf2ff97bfb89ea3b3b09522565bf8e755e8510599d70bd0c,Hyundai,Tucson,,REDLINE,2026,60199ad52a420993a3e8239c,Smartphone Integration,Android Auto/Apple Car Play,spec-table
ContactCars,https://www.contactcars.com/en/new-cars/hyundai-tucson/07b6ff51878a,"Fri, 25 Sep 2026 12:32:07 GMT",72872d9daab75628bf2ff97bfb89ea3b3b09522565bf8e755e8510599d70bd0c,Hyundai,Tucson,,REDLINE,2026,60199ad52a420993a3e823a2,Number of Speakers,6,spec-table
ContactCars,https://www.contactcars.com/en/new-cars/hyundai-tucson/07b6ff51878a,"Fri, 25 Sep 2026 12:32:07 GMT",72872d9daab75628bf2ff97bfb89ea3b3b09522565bf8e755e8510599d70bd0c,Hyundai,Tucson,,REDLINE,2026,60199ad52a420993a3e8236d,Headlamps,LED,spec-table
ContactCars,https://www.contactcars.com/en/new-cars/hyundai-tucson/07b6ff51878a,"Fri, 25 Sep 2026 12:32:07 GMT",72872d9daab75628bf2ff97bfb89ea3b3b09522565bf8e755e8510599d70bd0c,Hyundai,Tucson,,REDLINE,2026,60199ad52a420993a3e8236e,Tail Lights,LED,spec-table
ContactCars,https://www.contactcars.com/en/new-cars/hyundai-tucson/07b6ff51878a,"Fri, 25 Sep 2026 12:32:07 GMT",72872d9daab75628bf2ff97bfb89ea3b3b09522565bf8e755e8510599d70bd0c,Hyundai,Tucson,,REDLINE,2026,62d57953644fb1f973ba7c3d,Additional Colors,رمادي لؤلؤي إيكوترونيك، برتقالي جوبيتر، فضي لامع، أحمر ألتيميت، أبيض سيرينيتي، أسود أبيس، أخضر لؤلؤي سبيرز، أحمر إنجن، أزرق لؤلؤي سالينج،  ,spec-table
ContactCars,https://www.contactcars.com/en/new-cars/hyundai-tucson/07b6ff51878a,"Fri, 25 Sep 2026 12:32:07 GMT",72872d9daab75628bf2ff97bfb89ea3b3b09522565bf8e755e8510599d70bd0c,Hyundai,Tucson,,REDLINE,2026,62a5f51c3b190c24efacbe38,Basic Vehicle Warranty,5 سنوات أو 100 ألف كم ,spec-table
ContactCars,https://www.contactcars.com/en/new-cars/hyundai-tucson/1c0aef2e9e29,"Fri, 25 Sep 2026 12:32:08 GMT",3aa4002b938e8fb923d074bc2dbd59d08cf7e94ac7753cd60a4d13743ef14391,Hyundai,Tucson,,BLACK DIAMOND,2026,jsonld:offer_price_egp,offer_price_egp,2200000,json-ld
ContactCars,https://www.contactcars.com/en/new-cars/hyundai-tucson/1c0aef2e9e29,"Fri, 25 Sep 2026 12:32:08 GMT",3aa4002b938e8fb923d074bc2dbd59d08cf7e94ac7753cd60a4d13743ef14391,Hyundai,Tucson,,BLACK DIAMOND,2026,jsonld:fuelType,fuelType,Gas,json-ld
ContactCars,https://www.contactcars.com/en/new-cars/hyundai-tucson/1c0aef2e9e29,"Fri, 25 Sep 2026 12:32:08 GMT",3aa4002b938e8fb923d074bc2dbd59d08cf7e94ac7753cd60a4d13743ef14391,Hyundai,Tucson,,BLACK DIAMOND,2026,jsonld:engineDisplacement,engineDisplacement,1600,json-ld
ContactCars,https://www.contactcars.com/en/new-cars/hyundai-tucson/1c0aef2e9e29,"Fri, 25 Sep 2026 12:32:08 GMT",3aa4002b938e8fb923d074bc2dbd59d08cf7e94ac7753cd60a4d13743ef14391,Hyundai,Tucson,,BLACK DIAMOND,2026,jsonld:vehicleTransmission,vehicleTransmission,Dual Clutch,json-ld
ContactCars,https://www.contactcars.com/en/new-cars/hyundai-tucson/1c0aef2e9e29,"Fri, 25 Sep 2026 12:32:08 GMT",3aa4002b938e8fb923d074bc2dbd59d08cf7e94ac7753cd60a4d13743ef14391,Hyundai,Tucson,,BLACK DIAMOND,2026,jsonld:bodyType,bodyType,SUV,json-ld
ContactCars,https://www.contactcars.com/en/new-cars/hyundai-tucson/1c0aef2e9e29,"Fri, 25 Sep 2026 12:32:08 GMT",3aa4002b938e8fb923d074bc2dbd59d08cf7e94ac7753cd60a4d13743ef14391,Hyundai,Tucson,,BLACK DIAMOND,2026,jsonld:assembly_country,assembly_country,Czechia,json-ld
ContactCars,https://www.contactcars.com/en/new-cars/hyundai-tucson/1c0aef2e9e29,"Fri, 25 Sep 2026 12:32:08 GMT",3aa4002b938e8fb923d074bc2dbd59d08cf7e94ac7753cd60a4d13743ef14391,Hyundai,Tucson,,BLACK DIAMOND,2026,1cff89624677,Vehicle Size Class,Compact,spec-table
ContactCars,https://www.contactcars.com/en/new-cars/hyundai-tucson/1c0aef2e9e29,"Fri, 25 Sep 2026 12:32:08 GMT",3aa4002b938e8fb923d074bc2dbd59d08cf7e94ac7753cd60a4d13743ef14391,Hyundai,Tucson,,BLACK DIAMOND,2026,5bedd1146e88,Body Style,SUV,spec-table
ContactCars,https://www.contactcars.com/en/new-cars/hyundai-tucson/1c0aef2e9e29,"Fri, 25 Sep 2026 12:32:08 GMT",3aa4002b938e8fb923d074bc2dbd59d08cf7e94ac7753cd60a4d13743ef14391,Hyundai,Tucson,,BLACK DIAMOND,2026,13a10f395a87,Number of Doors,5,spec-table
ContactCars,https://www.contactcars.com/en/new-cars/hyundai-tucson/1c0aef2e9e29,"Fri, 25 Sep 2026 12:32:08 GMT",3aa4002b938e8fb923d074bc2dbd59d08cf7e94ac7753cd60a4d13743ef14391,Hyundai,Tucson,,BLACK DIAMOND,2026,60199ad52a420993a3e82387,Number of Seats,5,spec-table
ContactCars,https://www.contactcars.com/en/new-cars/hyundai-tucson/1c0aef2e9e29,"Fri, 25 Sep 2026 12:32:08 GMT",3aa4002b938e8fb923d074bc2dbd59d08cf7e94ac7753cd60a4d13743ef14391,Hyundai,Tucson,,BLACK DIAMOND,2026,60199ad52a420993a3e823a4,Rear Trunk Capacity (Liter),503,spec-table
ContactCars,https://www.contactcars.com/en/new-cars/hyundai-tucson/1c0aef2e9e29,"Fri, 25 Sep 2026 12:32:08 GMT",3aa4002b938e8fb923d074bc2dbd59d08cf7e94ac7753cd60a4d13743ef14391,Hyundai,Tucson,,BLACK DIAMOND,2026,2cd960af118a,"Rear Trunk Capacity, Seats Folded (Liter)",1799,spec-table
ContactCars,https://www.contactcars.com/en/new-cars/hyundai-tucson/1c0aef2e9e29,"Fri, 25 Sep 2026 12:32:08 GMT",3aa4002b938e8fb923d074bc2dbd59d08cf7e94ac7753cd60a4d13743ef14391,Hyundai,Tucson,,BLACK DIAMOND,2026,603647429f57461ab1a74148,Length (mm),4510,spec-table
ContactCars,https://www.contactcars.com/en/new-cars/hyundai-tucson/1c0aef2e9e29,"Fri, 25 Sep 2026 12:32:08 GMT",3aa4002b938e8fb923d074bc2dbd59d08cf7e94ac7753cd60a4d13743ef14391,Hyundai,Tucson,,BLACK DIAMOND,2026,6036477d9f57461ab1a74149,Width (mm),1865,spec-table
ContactCars,https://www.contactcars.com/en/new-cars/hyundai-tucson/1c0aef2e9e29,"Fri, 25 Sep 2026 12:32:08 GMT",3aa4002b938e8fb923d074bc2dbd59d08cf7e94ac7753cd60a4d13743ef14391,Hyundai,Tucson,,BLACK DIAMOND,2026,603647a49f57461ab1a7414a,Height (mm),1650,spec-table
ContactCars,https://www.contactcars.com/en/new-cars/hyundai-tucson/1c0aef2e9e29,"Fri, 25 Sep 2026 12:32:08 GMT",3aa4002b938e8fb923d074bc2dbd59d08cf7e94ac7753cd60a4d13743ef14391,Hyundai,Tucson,,BLACK DIAMOND,2026,6033cae86136e6f66151c687,Wheelbase (mm),2680,spec-table
ContactCars,https://www.contactcars.com/en/new-cars/hyundai-tucson/1c0aef2e9e29,"Fri, 25 Sep 2026 12:32:08 GMT",3aa4002b938e8fb923d074bc2dbd59d08cf7e94ac7753cd60a4d13743ef14391,Hyundai,Tucson,,BLACK DIAMOND,2026,6033cbc86136e6f66151c688,Ground Clearance (mm),170,spec-table
ContactCars,https://www.contactcars.com/en/new-cars/hyundai-tucson/1c0aef2e9e29,"Fri, 25 Sep 2026 12:32:08 GMT",3aa4002b938e8fb923d074bc2dbd59d08cf7e94ac7753cd60a4d13743ef14391,Hyundai,Tucson,,BLACK DIAMOND,2026,6244612fba30183d7791942e,Curb Weight (KG),"1,466",spec-table
ContactCars,https://www.contactcars.com/en/new-cars/hyundai-tucson/1c0aef2e9e29,"Fri, 25 Sep 2026 12:32:08 GMT",3aa4002b938e8fb923d074bc2dbd59d08cf7e94ac7753cd60a4d13743ef14391,Hyundai,Tucson,,BLACK DIAMOND,2026,624443c0ba30183d77919424,Generation,4th,spec-table
ContactCars,https://www.contactcars.com/en/new-cars/hyundai-tucson/1c0aef2e9e29,"Fri, 25 Sep 2026 12:32:08 GMT",3aa4002b938e8fb923d074bc2dbd59d08cf7e94ac7753cd60a4d13743ef14391,Hyundai,Tucson,,BLACK DIAMOND,2026,1b9f93607f48,Powertrain Type,ICE (Petrol),spec-table
ContactCars,https://www.contactcars.com/en/new-cars/hyundai-tucson/1c0aef2e9e29,"Fri, 25 Sep 2026 12:32:08 GMT",3aa4002b938e8fb923d074bc2dbd59d08cf7e94ac7753cd60a4d13743ef14391,Hyundai,Tucson,,BLACK DIAMOND,2026,60199ad52a420993a3e82353,Combined Maximum Power (HP @ RPM),"180 / 5,500",spec-table
ContactCars,https://www.contactcars.com/en/new-cars/hyundai-tucson/1c0aef2e9e29,"Fri, 25 Sep 2026 12:32:08 GMT",3aa4002b938e8fb923d074bc2dbd59d08cf7e94ac7753cd60a4d13743ef14391,Hyundai,Tucson,,BLACK DIAMOND,2026,60199ad52a420993a3e82354,Combined Maximum Torque (N.m @ RPM),265  / 1500 - 4500,spec-table
ContactCars,https://www.contactcars.com/en/new-cars/hyundai-tucson/1c0aef2e9e29,"Fri, 25 Sep 2026 12:32:08 GMT",3aa4002b938e8fb923d074bc2dbd59d08cf7e94ac7753cd60a4d13743ef14391,Hyundai,Tucson,,BLACK DIAMOND,2026,60199ad52a420993a3e82359,Fuel Tank Capacity (Litre),54,spec-table
ContactCars,https://www.contactcars.com/en/new-cars/hyundai-tucson/1c0aef2e9e29,"Fri, 25 Sep 2026 12:32:08 GMT",3aa4002b938e8fb923d074bc2dbd59d08cf7e94ac7753cd60a4d13743ef14391,Hyundai,Tucson,,BLACK DIAMOND,2026,60199ad52a420993a3e82356,Combined Fuel/Energy Consumption (Liter/100 KM),6٫1,spec-table
ContactCars,https://www.contactcars.com/en/new-cars/hyundai-tucson/1c0aef2e9e29,"Fri, 25 Sep 2026 12:32:08 GMT",3aa4002b938e8fb923d074bc2dbd59d08cf7e94ac7753cd60a4d13743ef14391,Hyundai,Tucson,,BLACK DIAMOND,2026,bc8f5919d91f,Engine Type,Inline-4,spec-table
ContactCars,https://www.contactcars.com/en/new-cars/hyundai-tucson/1c0aef2e9e29,"Fri, 25 Sep 2026 12:32:08 GMT",3aa4002b938e8fb923d074bc2dbd59d08cf7e94ac7753cd60a4d13743ef14391,Hyundai,Tucson,,BLACK DIAMOND,2026,0922a30a7f46,Engine Function,Drive Wheels,spec-table
ContactCars,https://www.contactcars.com/en/new-cars/hyundai-tucson/1c0aef2e9e29,"Fri, 25 Sep 2026 12:32:08 GMT",3aa4002b938e8fb923d074bc2dbd59d08cf7e94ac7753cd60a4d13743ef14391,Hyundai,Tucson,,BLACK DIAMOND,2026,60199ad52a420993a3e82352,Cylinders,4,spec-table
ContactCars,https://www.contactcars.com/en/new-cars/hyundai-tucson/1c0aef2e9e29,"Fri, 25 Sep 2026 12:32:08 GMT",3aa4002b938e8fb923d074bc2dbd59d08cf7e94ac7753cd60a4d13743ef14391,Hyundai,Tucson,,BLACK DIAMOND,2026,62445feaba30183d7791942d,Engine Capacity (CC),1600,spec-table
ContactCars,https://www.contactcars.com/en/new-cars/hyundai-tucson/1c0aef2e9e29,"Fri, 25 Sep 2026 12:32:08 GMT",3aa4002b938e8fb923d074bc2dbd59d08cf7e94ac7753cd60a4d13743ef14391,Hyundai,Tucson,,BLACK DIAMOND,2026,6244616cba30183d7791942f,Induction Type,Turbocharged,spec-table
ContactCars,https://www.contactcars.com/en/new-cars/hyundai-tucson/1c0aef2e9e29,"Fri, 25 Sep 2026 12:32:08 GMT",3aa4002b938e8fb923d074bc2dbd59d08cf7e94ac7753cd60a4d13743ef14391,Hyundai,Tucson,,BLACK DIAMOND,2026,62445f6cba30183d7791942c,Engine Layout,Front,spec-table
ContactCars,https://www.contactcars.com/en/new-cars/hyundai-tucson/1c0aef2e9e29,"Fri, 25 Sep 2026 12:32:08 GMT",3aa4002b938e8fb923d074bc2dbd59d08cf7e94ac7753cd60a4d13743ef14391,Hyundai,Tucson,,BLACK DIAMOND,2026,ae3798f5fd83,Drivetrain Type,FWD (Front-Wheel Drive),spec-table
ContactCars,https://www.contactcars.com/en/new-cars/hyundai-tucson/1c0aef2e9e29,"Fri, 25 Sep 2026 12:32:08 GMT",3aa4002b938e8fb923d074bc2dbd59d08cf7e94ac7753cd60a4d13743ef14391,Hyundai,Tucson,,BLACK DIAMOND,2026,fd8d1904b500,Transmission Type,Automatic,spec-table
ContactCars,https://www.contactcars.com/en/new-cars/hyundai-tucson/1c0aef2e9e29,"Fri, 25 Sep 2026 12:32:08 GMT",3aa4002b938e8fb923d074bc2dbd59d08cf7e94ac7753cd60a4d13743ef14391,Hyundai,Tucson,,BLACK DIAMOND,2026,5229867ce0fa,Transmission Technology,Dry DCT (Dual-Clutch Transmission),spec-table
ContactCars,https://www.contactcars.com/en/new-cars/hyundai-tucson/1c0aef2e9e29,"Fri, 25 Sep 2026 12:32:08 GMT",3aa4002b938e8fb923d074bc2dbd59d08cf7e94ac7753cd60a4d13743ef14391,Hyundai,Tucson,,BLACK DIAMOND,2026,60199ad52a420993a3e8235a,Number of Gears,7,spec-table
ContactCars,https://www.contactcars.com/en/new-cars/hyundai-tucson/1c0aef2e9e29,"Fri, 25 Sep 2026 12:32:08 GMT",3aa4002b938e8fb923d074bc2dbd59d08cf7e94ac7753cd60a4d13743ef14391,Hyundai,Tucson,,BLACK DIAMOND,2026,60199ad52a420993a3e82385,Steering Wheel,Leather 4 Spoke,spec-table
ContactCars,https://www.contactcars.com/en/new-cars/hyundai-tucson/1c0aef2e9e29,"Fri, 25 Sep 2026 12:32:08 GMT",3aa4002b938e8fb923d074bc2dbd59d08cf7e94ac7753cd60a4d13743ef14391,Hyundai,Tucson,,BLACK DIAMOND,2026,60199ad52a420993a3e8235d,Power Steering Type,Electric,spec-table
ContactCars,https://www.contactcars.com/en/new-cars/hyundai-tucson/1c0aef2e9e29,"Fri, 25 Sep 2026 12:32:08 GMT",3aa4002b938e8fb923d074bc2dbd59d08cf7e94ac7753cd60a4d13743ef14391,Hyundai,Tucson,,BLACK DIAMOND,2026,602fa37cd768,Steering Adjustment Ops,Manual,spec-table
ContactCars,https://www.contactcars.com/en/new-cars/hyundai-tucson/1c0aef2e9e29,"Fri, 25 Sep 2026 12:32:08 GMT",3aa4002b938e8fb923d074bc2dbd59d08cf7e94ac7753cd60a4d13743ef14391,Hyundai,Tucson,,BLACK DIAMOND,2026,7c8ae7912edf,Steering Modes,"Comfort, Sport, Normal, Eco",spec-table
ContactCars,https://www.contactcars.com/en/new-cars/hyundai-tucson/1c0aef2e9e29,"Fri, 25 Sep 2026 12:32:08 GMT",3aa4002b938e8fb923d074bc2dbd59d08cf7e94ac7753cd60a4d13743ef14391,Hyundai,Tucson,,BLACK DIAMOND,2026,e78c472170c2,Front Suspension Type,MacPherson,spec-table
ContactCars,https://www.contactcars.com/en/new-cars/hyundai-tucson/1c0aef2e9e29,"Fri, 25 Sep 2026 12:32:08 GMT",3aa4002b938e8fb923d074bc2dbd59d08cf7e94ac7753cd60a4d13743ef14391,Hyundai,Tucson,,BLACK DIAMOND,2026,d7a33f9ff1ff,Rear Suspension Type,Multi-Link,spec-table
ContactCars,https://www.contactcars.com/en/new-cars/hyundai-tucson/1c0aef2e9e29,"Fri, 25 Sep 2026 12:32:08 GMT",3aa4002b938e8fb923d074bc2dbd59d08cf7e94ac7753cd60a4d13743ef14391,Hyundai,Tucson,,BLACK DIAMOND,2026,58f344b6ff55,Front Brakes Type,Ventilated Disc Brakes,spec-table
ContactCars,https://www.contactcars.com/en/new-cars/hyundai-tucson/1c0aef2e9e29,"Fri, 25 Sep 2026 12:32:08 GMT",3aa4002b938e8fb923d074bc2dbd59d08cf7e94ac7753cd60a4d13743ef14391,Hyundai,Tucson,,BLACK DIAMOND,2026,eb24327dbe4e,Rear Brakes Type,Solid Disc Brakes,spec-table
ContactCars,https://www.contactcars.com/en/new-cars/hyundai-tucson/1c0aef2e9e29,"Fri, 25 Sep 2026 12:32:08 GMT",3aa4002b938e8fb923d074bc2dbd59d08cf7e94ac7753cd60a4d13743ef14391,Hyundai,Tucson,,BLACK DIAMOND,2026,4ed8405e7e5b,Hand Brake Type,Electronic,spec-table
ContactCars,https://www.contactcars.com/en/new-cars/hyundai-tucson/1c0aef2e9e29,"Fri, 25 Sep 2026 12:32:08 GMT",3aa4002b938e8fb923d074bc2dbd59d08cf7e94ac7753cd60a4d13743ef14391,Hyundai,Tucson,,BLACK DIAMOND,2026,d4b30096d663,Wheel Type,Alloy,spec-table
ContactCars,https://www.contactcars.com/en/new-cars/hyundai-tucson/1c0aef2e9e29,"Fri, 25 Sep 2026 12:32:08 GMT",3aa4002b938e8fb923d074bc2dbd59d08cf7e94ac7753cd60a4d13743ef14391,Hyundai,Tucson,,BLACK DIAMOND,2026,1831c41b7b17,Front Wheel Size,18,spec-table
ContactCars,https://www.contactcars.com/en/new-cars/hyundai-tucson/1c0aef2e9e29,"Fri, 25 Sep 2026 12:32:08 GMT",3aa4002b938e8fb923d074bc2dbd59d08cf7e94ac7753cd60a4d13743ef14391,Hyundai,Tucson,,BLACK DIAMOND,2026,1f4797b49117,Rear Wheel Size,18,spec-table
ContactCars,https://www.contactcars.com/en/new-cars/hyundai-tucson/1c0aef2e9e29,"Fri, 25 Sep 2026 12:32:08 GMT",3aa4002b938e8fb923d074bc2dbd59d08cf7e94ac7753cd60a4d13743ef14391,Hyundai,Tucson,,BLACK DIAMOND,2026,60199ad52a420993a3e82372,Front Tire Size,235 /55 R18,spec-table
ContactCars,https://www.contactcars.com/en/new-cars/hyundai-tucson/1c0aef2e9e29,"Fri, 25 Sep 2026 12:32:08 GMT",3aa4002b938e8fb923d074bc2dbd59d08cf7e94ac7753cd60a4d13743ef14391,Hyundai,Tucson,,BLACK DIAMOND,2026,2076fe4abba4,Rear Tire Size,235 /55 R18,spec-table
ContactCars,https://www.contactcars.com/en/new-cars/hyundai-tucson/1c0aef2e9e29,"Fri, 25 Sep 2026 12:32:08 GMT",3aa4002b938e8fb923d074bc2dbd59d08cf7e94ac7753cd60a4d13743ef14391,Hyundai,Tucson,,BLACK DIAMOND,2026,cb68666c87e5,Tire Type,All-Season,spec-table
ContactCars,https://www.contactcars.com/en/new-cars/hyundai-tucson/1c0aef2e9e29,"Fri, 25 Sep 2026 12:32:08 GMT",3aa4002b938e8fb923d074bc2dbd59d08cf7e94ac7753cd60a4d13743ef14391,Hyundai,Tucson,,BLACK DIAMOND,2026,ba2239f5bba2,IIHS Results,Top Safety Pick+,spec-table
ContactCars,https://www.contactcars.com/en/new-cars/hyundai-tucson/1c0aef2e9e29,"Fri, 25 Sep 2026 12:32:08 GMT",3aa4002b938e8fb923d074bc2dbd59d08cf7e94ac7753cd60a4d13743ef14391,Hyundai,Tucson,,BLACK DIAMOND,2026,56a59f46e398,Euro NCAP Results,5,spec-table
ContactCars,https://www.contactcars.com/en/new-cars/hyundai-tucson/1c0aef2e9e29,"Fri, 25 Sep 2026 12:32:08 GMT",3aa4002b938e8fb923d074bc2dbd59d08cf7e94ac7753cd60a4d13743ef14391,Hyundai,Tucson,,BLACK DIAMOND,2026,60199ad52a420993a3e8236a,Airbag Count,6,spec-table
ContactCars,https://www.contactcars.com/en/new-cars/hyundai-tucson/1c0aef2e9e29,"Fri, 25 Sep 2026 12:32:08 GMT",3aa4002b938e8fb923d074bc2dbd59d08cf7e94ac7753cd60a4d13743ef14391,Hyundai,Tucson,,BLACK DIAMOND,2026,72fbbbfbb11f,Seat Upholestry,Leather,spec-table
ContactCars,https://www.contactcars.com/en/new-cars/hyundai-tucson/1c0aef2e9e29,"Fri, 25 Sep 2026 12:32:08 GMT",3aa4002b938e8fb923d074bc2dbd59d08cf7e94ac7753cd60a4d13743ef14391,Hyundai,Tucson,,BLACK DIAMOND,2026,40e24a4a83e0,Gearbox Selector,Shift By Wire,spec-table
ContactCars,https://www.contactcars.com/en/new-cars/hyundai-tucson/1c0aef2e9e29,"Fri, 25 Sep 2026 12:32:08 GMT",3aa4002b938e8fb923d074bc2dbd59d08cf7e94ac7753cd60a4d13743ef14391,Hyundai,Tucson,,BLACK DIAMOND,2026,60199ad52a420993a3e82383,Ambient Lighting,Multi Color,spec-table
ContactCars,https://www.contactcars.com/en/new-cars/hyundai-tucson/1c0aef2e9e29,"Fri, 25 Sep 2026 12:32:08 GMT",3aa4002b938e8fb923d074bc2dbd59d08cf7e94ac7753cd60a4d13743ef14391,Hyundai,Tucson,,BLACK DIAMOND,2026,60199ad52a420993a3e8238f,Driver Seat,Electric With Memory,spec-table
ContactCars,https://www.contactcars.com/en/new-cars/hyundai-tucson/1c0aef2e9e29,"Fri, 25 Sep 2026 12:32:08 GMT",3aa4002b938e8fb923d074bc2dbd59d08cf7e94ac7753cd60a4d13743ef14391,Hyundai,Tucson,,BLACK DIAMOND,2026,625be8b2b21da3ebf03c43b0,Upholstery,Black interior with Green paint,spec-table
ContactCars,https://www.contactcars.com/en/new-cars/hyundai-tucson/1c0aef2e9e29,"Fri, 25 Sep 2026 12:32:08 GMT",3aa4002b938e8fb923d074bc2dbd59d08cf7e94ac7753cd60a4d13743ef14391,Hyundai,Tucson,,BLACK DIAMOND,2026,60199ad52a420993a3e8239d,Infotainment Display Size,12٫3,spec-table
ContactCars,https://www.contactcars.com/en/new-cars/hyundai-tucson/1c0aef2e9e29,"Fri, 25 Sep 2026 12:32:08 GMT",3aa4002b938e8fb923d074bc2dbd59d08cf7e94ac7753cd60a4d13743ef14391,Hyundai,Tucson,,BLACK DIAMOND,2026,60199ad52a420993a3e8237c,Instrument Cluster Type,Digital,spec-table
ContactCars,https://www.contactcars.com/en/new-cars/hyundai-tucson/1c0aef2e9e29,"Fri, 25 Sep 2026 12:32:08 GMT",3aa4002b938e8fb923d074bc2dbd59d08cf7e94ac7753cd60a4d13743ef14391,Hyundai,Tucson,,BLACK DIAMOND,2026,75fe2b7d7bc2,Instrument Cluster Size,12٫3,spec-table
ContactCars,https://www.contactcars.com/en/new-cars/hyundai-tucson/1c0aef2e9e29,"Fri, 25 Sep 2026 12:32:08 GMT",3aa4002b938e8fb923d074bc2dbd59d08cf7e94ac7753cd60a4d13743ef14391,Hyundai,Tucson,,BLACK DIAMOND,2026,60199ad52a420993a3e8239c,Smartphone Integration,Android Auto/Apple Car Play,spec-table
ContactCars,https://www.contactcars.com/en/new-cars/hyundai-tucson/1c0aef2e9e29,"Fri, 25 Sep 2026 12:32:08 GMT",3aa4002b938e8fb923d074bc2dbd59d08cf7e94ac7753cd60a4d13743ef14391,Hyundai,Tucson,,BLACK DIAMOND,2026,60199ad52a420993a3e823a2,Number of Speakers,7,spec-table
ContactCars,https://www.contactcars.com/en/new-cars/hyundai-tucson/1c0aef2e9e29,"Fri, 25 Sep 2026 12:32:08 GMT",3aa4002b938e8fb923d074bc2dbd59d08cf7e94ac7753cd60a4d13743ef14391,Hyundai,Tucson,,BLACK DIAMOND,2026,872802aacccf,Sound System Brand,BOSE,spec-table
ContactCars,https://www.contactcars.com/en/new-cars/hyundai-tucson/1c0aef2e9e29,"Fri, 25 Sep 2026 12:32:08 GMT",3aa4002b938e8fb923d074bc2dbd59d08cf7e94ac7753cd60a4d13743ef14391,Hyundai,Tucson,,BLACK DIAMOND,2026,60199ad52a420993a3e82376,Rims,R19,spec-table
ContactCars,https://www.contactcars.com/en/new-cars/hyundai-tucson/1c0aef2e9e29,"Fri, 25 Sep 2026 12:32:08 GMT",3aa4002b938e8fb923d074bc2dbd59d08cf7e94ac7753cd60a4d13743ef14391,Hyundai,Tucson,,BLACK DIAMOND,2026,60199ad52a420993a3e8236d,Headlamps,Matrix LED,spec-table
ContactCars,https://www.contactcars.com/en/new-cars/hyundai-tucson/1c0aef2e9e29,"Fri, 25 Sep 2026 12:32:08 GMT",3aa4002b938e8fb923d074bc2dbd59d08cf7e94ac7753cd60a4d13743ef14391,Hyundai,Tucson,,BLACK DIAMOND,2026,60199ad52a420993a3e8236e,Tail Lights,LED,spec-table
ContactCars,https://www.contactcars.com/en/new-cars/hyundai-tucson/1c0aef2e9e29,"Fri, 25 Sep 2026 12:32:08 GMT",3aa4002b938e8fb923d074bc2dbd59d08cf7e94ac7753cd60a4d13743ef14391,Hyundai,Tucson,,BLACK DIAMOND,2026,62d57953644fb1f973ba7c3d,Additional Colors,رمادي لؤلؤي إيكوترونيك، برتقالي جوبيتر، فضي لامع، أحمر ألتيميت، أبيض سيرينيتي، أسود أبيس، أخضر لؤلؤي سبيرز، أحمر إنجن، أزرق لؤلؤي سالينج،  ,spec-table
ContactCars,https://www.contactcars.com/en/new-cars/hyundai-tucson/1c0aef2e9e29,"Fri, 25 Sep 2026 12:32:08 GMT",3aa4002b938e8fb923d074bc2dbd59d08cf7e94ac7753cd60a4d13743ef14391,Hyundai,Tucson,,BLACK DIAMOND,2026,62a5f51c3b190c24efacbe38,Basic Vehicle Warranty,5 سنوات أو 100 ألف كم ,spec-table
ContactCars,https://www.contactcars.com/en/new-cars/hyundai-tucson/1def13da17e4,"Fri, 25 Sep 2026 12:32:10 GMT",4705bf4664222de2a27be672debb608c066a1f0d16c8ce32ae5fe4e27a15f889,Hyundai,Tucson,,SHADOW,2027,jsonld:offer_price_egp,offer_price_egp,1800000,json-ld
ContactCars,https://www.contactcars.com/en/new-cars/hyundai-tucson/1def13da17e4,"Fri, 25 Sep 2026 12:32:10 GMT",4705bf4664222de2a27be672debb608c066a1f0d16c8ce32ae5fe4e27a15f889,Hyundai,Tucson,,SHADOW,2027,jsonld:fuelType,fuelType,Gas,json-ld
ContactCars,https://www.contactcars.com/en/new-cars/hyundai-tucson/1def13da17e4,"Fri, 25 Sep 2026 12:32:10 GMT",4705bf4664222de2a27be672debb608c066a1f0d16c8ce32ae5fe4e27a15f889,Hyundai,Tucson,,SHADOW,2027,jsonld:engineDisplacement,engineDisplacement,1600,json-ld
ContactCars,https://www.contactcars.com/en/new-cars/hyundai-tucson/1def13da17e4,"Fri, 25 Sep 2026 12:32:10 GMT",4705bf4664222de2a27be672debb608c066a1f0d16c8ce32ae5fe4e27a15f889,Hyundai,Tucson,,SHADOW,2027,jsonld:vehicleTransmission,vehicleTransmission,Dual Clutch,json-ld
ContactCars,https://www.contactcars.com/en/new-cars/hyundai-tucson/1def13da17e4,"Fri, 25 Sep 2026 12:32:10 GMT",4705bf4664222de2a27be672debb608c066a1f0d16c8ce32ae5fe4e27a15f889,Hyundai,Tucson,,SHADOW,2027,jsonld:bodyType,bodyType,SUV,json-ld
ContactCars,https://www.contactcars.com/en/new-cars/hyundai-tucson/1def13da17e4,"Fri, 25 Sep 2026 12:32:10 GMT",4705bf4664222de2a27be672debb608c066a1f0d16c8ce32ae5fe4e27a15f889,Hyundai,Tucson,,SHADOW,2027,jsonld:assembly_country,assembly_country,Czechia,json-ld
ContactCars,https://www.contactcars.com/en/new-cars/hyundai-tucson/1def13da17e4,"Fri, 25 Sep 2026 12:32:10 GMT",4705bf4664222de2a27be672debb608c066a1f0d16c8ce32ae5fe4e27a15f889,Hyundai,Tucson,,SHADOW,2027,1cff89624677,Vehicle Size Class,Compact,spec-table
ContactCars,https://www.contactcars.com/en/new-cars/hyundai-tucson/1def13da17e4,"Fri, 25 Sep 2026 12:32:10 GMT",4705bf4664222de2a27be672debb608c066a1f0d16c8ce32ae5fe4e27a15f889,Hyundai,Tucson,,SHADOW,2027,5bedd1146e88,Body Style,SUV,spec-table
ContactCars,https://www.contactcars.com/en/new-cars/hyundai-tucson/1def13da17e4,"Fri, 25 Sep 2026 12:32:10 GMT",4705bf4664222de2a27be672debb608c066a1f0d16c8ce32ae5fe4e27a15f889,Hyundai,Tucson,,SHADOW,2027,13a10f395a87,Number of Doors,5,spec-table
ContactCars,https://www.contactcars.com/en/new-cars/hyundai-tucson/1def13da17e4,"Fri, 25 Sep 2026 12:32:10 GMT",4705bf4664222de2a27be672debb608c066a1f0d16c8ce32ae5fe4e27a15f889,Hyundai,Tucson,,SHADOW,2027,60199ad52a420993a3e82387,Number of Seats,5,spec-table
ContactCars,https://www.contactcars.com/en/new-cars/hyundai-tucson/1def13da17e4,"Fri, 25 Sep 2026 12:32:10 GMT",4705bf4664222de2a27be672debb608c066a1f0d16c8ce32ae5fe4e27a15f889,Hyundai,Tucson,,SHADOW,2027,60199ad52a420993a3e823a4,Rear Trunk Capacity (Liter),503,spec-table
ContactCars,https://www.contactcars.com/en/new-cars/hyundai-tucson/1def13da17e4,"Fri, 25 Sep 2026 12:32:10 GMT",4705bf4664222de2a27be672debb608c066a1f0d16c8ce32ae5fe4e27a15f889,Hyundai,Tucson,,SHADOW,2027,2cd960af118a,"Rear Trunk Capacity, Seats Folded (Liter)",1799,spec-table
ContactCars,https://www.contactcars.com/en/new-cars/hyundai-tucson/1def13da17e4,"Fri, 25 Sep 2026 12:32:10 GMT",4705bf4664222de2a27be672debb608c066a1f0d16c8ce32ae5fe4e27a15f889,Hyundai,Tucson,,SHADOW,2027,603647429f57461ab1a74148,Length (mm),4510,spec-table
ContactCars,https://www.contactcars.com/en/new-cars/hyundai-tucson/1def13da17e4,"Fri, 25 Sep 2026 12:32:10 GMT",4705bf4664222de2a27be672debb608c066a1f0d16c8ce32ae5fe4e27a15f889,Hyundai,Tucson,,SHADOW,2027,6036477d9f57461ab1a74149,Width (mm),1865,spec-table
ContactCars,https://www.contactcars.com/en/new-cars/hyundai-tucson/1def13da17e4,"Fri, 25 Sep 2026 12:32:10 GMT",4705bf4664222de2a27be672debb608c066a1f0d16c8ce32ae5fe4e27a15f889,Hyundai,Tucson,,SHADOW,2027,603647a49f57461ab1a7414a,Height (mm),1650,spec-table
ContactCars,https://www.contactcars.com/en/new-cars/hyundai-tucson/1def13da17e4,"Fri, 25 Sep 2026 12:32:10 GMT",4705bf4664222de2a27be672debb608c066a1f0d16c8ce32ae5fe4e27a15f889,Hyundai,Tucson,,SHADOW,2027,6033cae86136e6f66151c687,Wheelbase (mm),2680,spec-table
ContactCars,https://www.contactcars.com/en/new-cars/hyundai-tucson/1def13da17e4,"Fri, 25 Sep 2026 12:32:10 GMT",4705bf4664222de2a27be672debb608c066a1f0d16c8ce32ae5fe4e27a15f889,Hyundai,Tucson,,SHADOW,2027,6033cbc86136e6f66151c688,Ground Clearance (mm),170,spec-table
ContactCars,https://www.contactcars.com/en/new-cars/hyundai-tucson/1def13da17e4,"Fri, 25 Sep 2026 12:32:10 GMT",4705bf4664222de2a27be672debb608c066a1f0d16c8ce32ae5fe4e27a15f889,Hyundai,Tucson,,SHADOW,2027,6244612fba30183d7791942e,Curb Weight (KG),"1,466",spec-table
ContactCars,https://www.contactcars.com/en/new-cars/hyundai-tucson/1def13da17e4,"Fri, 25 Sep 2026 12:32:10 GMT",4705bf4664222de2a27be672debb608c066a1f0d16c8ce32ae5fe4e27a15f889,Hyundai,Tucson,,SHADOW,2027,624443c0ba30183d77919424,Generation,4th,spec-table
ContactCars,https://www.contactcars.com/en/new-cars/hyundai-tucson/1def13da17e4,"Fri, 25 Sep 2026 12:32:10 GMT",4705bf4664222de2a27be672debb608c066a1f0d16c8ce32ae5fe4e27a15f889,Hyundai,Tucson,,SHADOW,2027,1b9f93607f48,Powertrain Type,ICE (Petrol),spec-table
ContactCars,https://www.contactcars.com/en/new-cars/hyundai-tucson/1def13da17e4,"Fri, 25 Sep 2026 12:32:10 GMT",4705bf4664222de2a27be672debb608c066a1f0d16c8ce32ae5fe4e27a15f889,Hyundai,Tucson,,SHADOW,2027,60199ad52a420993a3e82353,Combined Maximum Power (HP @ RPM),"180 / 5,500",spec-table
ContactCars,https://www.contactcars.com/en/new-cars/hyundai-tucson/1def13da17e4,"Fri, 25 Sep 2026 12:32:10 GMT",4705bf4664222de2a27be672debb608c066a1f0d16c8ce32ae5fe4e27a15f889,Hyundai,Tucson,,SHADOW,2027,60199ad52a420993a3e82354,Combined Maximum Torque (N.m @ RPM),265  / 1500 - 4500,spec-table
ContactCars,https://www.contactcars.com/en/new-cars/hyundai-tucson/1def13da17e4,"Fri, 25 Sep 2026 12:32:10 GMT",4705bf4664222de2a27be672debb608c066a1f0d16c8ce32ae5fe4e27a15f889,Hyundai,Tucson,,SHADOW,2027,60199ad52a420993a3e82359,Fuel Tank Capacity (Litre),54,spec-table
ContactCars,https://www.contactcars.com/en/new-cars/hyundai-tucson/1def13da17e4,"Fri, 25 Sep 2026 12:32:10 GMT",4705bf4664222de2a27be672debb608c066a1f0d16c8ce32ae5fe4e27a15f889,Hyundai,Tucson,,SHADOW,2027,60199ad52a420993a3e82356,Combined Fuel/Energy Consumption (Liter/100 KM),6٫1,spec-table
ContactCars,https://www.contactcars.com/en/new-cars/hyundai-tucson/1def13da17e4,"Fri, 25 Sep 2026 12:32:10 GMT",4705bf4664222de2a27be672debb608c066a1f0d16c8ce32ae5fe4e27a15f889,Hyundai,Tucson,,SHADOW,2027,bc8f5919d91f,Engine Type,Inline-4,spec-table
ContactCars,https://www.contactcars.com/en/new-cars/hyundai-tucson/1def13da17e4,"Fri, 25 Sep 2026 12:32:10 GMT",4705bf4664222de2a27be672debb608c066a1f0d16c8ce32ae5fe4e27a15f889,Hyundai,Tucson,,SHADOW,2027,0922a30a7f46,Engine Function,Drive Wheels,spec-table
ContactCars,https://www.contactcars.com/en/new-cars/hyundai-tucson/1def13da17e4,"Fri, 25 Sep 2026 12:32:10 GMT",4705bf4664222de2a27be672debb608c066a1f0d16c8ce32ae5fe4e27a15f889,Hyundai,Tucson,,SHADOW,2027,60199ad52a420993a3e82352,Cylinders,4,spec-table
ContactCars,https://www.contactcars.com/en/new-cars/hyundai-tucson/1def13da17e4,"Fri, 25 Sep 2026 12:32:10 GMT",4705bf4664222de2a27be672debb608c066a1f0d16c8ce32ae5fe4e27a15f889,Hyundai,Tucson,,SHADOW,2027,62445feaba30183d7791942d,Engine Capacity (CC),1600,spec-table
ContactCars,https://www.contactcars.com/en/new-cars/hyundai-tucson/1def13da17e4,"Fri, 25 Sep 2026 12:32:10 GMT",4705bf4664222de2a27be672debb608c066a1f0d16c8ce32ae5fe4e27a15f889,Hyundai,Tucson,,SHADOW,2027,6244616cba30183d7791942f,Induction Type,Turbocharged,spec-table
ContactCars,https://www.contactcars.com/en/new-cars/hyundai-tucson/1def13da17e4,"Fri, 25 Sep 2026 12:32:10 GMT",4705bf4664222de2a27be672debb608c066a1f0d16c8ce32ae5fe4e27a15f889,Hyundai,Tucson,,SHADOW,2027,626916559ba5,Maximum Power Output (hp),180,spec-table
ContactCars,https://www.contactcars.com/en/new-cars/hyundai-tucson/1def13da17e4,"Fri, 25 Sep 2026 12:32:10 GMT",4705bf4664222de2a27be672debb608c066a1f0d16c8ce32ae5fe4e27a15f889,Hyundai,Tucson,,SHADOW,2027,60d3a866c259,Maximum Torque (Nm),265,spec-table
ContactCars,https://www.contactcars.com/en/new-cars/hyundai-tucson/1def13da17e4,"Fri, 25 Sep 2026 12:32:10 GMT",4705bf4664222de2a27be672debb608c066a1f0d16c8ce32ae5fe4e27a15f889,Hyundai,Tucson,,SHADOW,2027,60199ad52a420993a3e82358,Recommend Fuel Grade,95,spec-table
ContactCars,https://www.contactcars.com/en/new-cars/hyundai-tucson/1def13da17e4,"Fri, 25 Sep 2026 12:32:10 GMT",4705bf4664222de2a27be672debb608c066a1f0d16c8ce32ae5fe4e27a15f889,Hyundai,Tucson,,SHADOW,2027,62445f6cba30183d7791942c,Engine Layout,Front,spec-table
ContactCars,https://www.contactcars.com/en/new-cars/hyundai-tucson/1def13da17e4,"Fri, 25 Sep 2026 12:32:10 GMT",4705bf4664222de2a27be672debb608c066a1f0d16c8ce32ae5fe4e27a15f889,Hyundai,Tucson,,SHADOW,2027,ae3798f5fd83,Drivetrain Type,FWD (Front-Wheel Drive),spec-table
ContactCars,https://www.contactcars.com/en/new-cars/hyundai-tucson/1def13da17e4,"Fri, 25 Sep 2026 12:32:10 GMT",4705bf4664222de2a27be672debb608c066a1f0d16c8ce32ae5fe4e27a15f889,Hyundai,Tucson,,SHADOW,2027,fd8d1904b500,Transmission Type,Automatic,spec-table
ContactCars,https://www.contactcars.com/en/new-cars/hyundai-tucson/1def13da17e4,"Fri, 25 Sep 2026 12:32:10 GMT",4705bf4664222de2a27be672debb608c066a1f0d16c8ce32ae5fe4e27a15f889,Hyundai,Tucson,,SHADOW,2027,5229867ce0fa,Transmission Technology,Dry DCT (Dual-Clutch Transmission),spec-table
ContactCars,https://www.contactcars.com/en/new-cars/hyundai-tucson/1def13da17e4,"Fri, 25 Sep 2026 12:32:10 GMT",4705bf4664222de2a27be672debb608c066a1f0d16c8ce32ae5fe4e27a15f889,Hyundai,Tucson,,SHADOW,2027,60199ad52a420993a3e8235a,Number of Gears,7,spec-table
ContactCars,https://www.contactcars.com/en/new-cars/hyundai-tucson/1def13da17e4,"Fri, 25 Sep 2026 12:32:10 GMT",4705bf4664222de2a27be672debb608c066a1f0d16c8ce32ae5fe4e27a15f889,Hyundai,Tucson,,SHADOW,2027,60199ad52a420993a3e82385,Steering Wheel,Leather 4 Spoke,spec-table
ContactCars,https://www.contactcars.com/en/new-cars/hyundai-tucson/1def13da17e4,"Fri, 25 Sep 2026 12:32:10 GMT",4705bf4664222de2a27be672debb608c066a1f0d16c8ce32ae5fe4e27a15f889,Hyundai,Tucson,,SHADOW,2027,60199ad52a420993a3e8235d,Power Steering Type,Electric,spec-table
ContactCars,https://www.contactcars.com/en/new-cars/hyundai-tucson/1def13da17e4,"Fri, 25 Sep 2026 12:32:10 GMT",4705bf4664222de2a27be672debb608c066a1f0d16c8ce32ae5fe4e27a15f889,Hyundai,Tucson,,SHADOW,2027,602fa37cd768,Steering Adjustment Ops,Manual,spec-table
ContactCars,https://www.contactcars.com/en/new-cars/hyundai-tucson/1def13da17e4,"Fri, 25 Sep 2026 12:32:10 GMT",4705bf4664222de2a27be672debb608c066a1f0d16c8ce32ae5fe4e27a15f889,Hyundai,Tucson,,SHADOW,2027,7c8ae7912edf,Steering Modes,"Comfort, Sport, Normal, Eco",spec-table
ContactCars,https://www.contactcars.com/en/new-cars/hyundai-tucson/1def13da17e4,"Fri, 25 Sep 2026 12:32:10 GMT",4705bf4664222de2a27be672debb608c066a1f0d16c8ce32ae5fe4e27a15f889,Hyundai,Tucson,,SHADOW,2027,e78c472170c2,Front Suspension Type,MacPherson,spec-table
ContactCars,https://www.contactcars.com/en/new-cars/hyundai-tucson/1def13da17e4,"Fri, 25 Sep 2026 12:32:10 GMT",4705bf4664222de2a27be672debb608c066a1f0d16c8ce32ae5fe4e27a15f889,Hyundai,Tucson,,SHADOW,2027,d7a33f9ff1ff,Rear Suspension Type,Multi-Link,spec-table
ContactCars,https://www.contactcars.com/en/new-cars/hyundai-tucson/1def13da17e4,"Fri, 25 Sep 2026 12:32:10 GMT",4705bf4664222de2a27be672debb608c066a1f0d16c8ce32ae5fe4e27a15f889,Hyundai,Tucson,,SHADOW,2027,58f344b6ff55,Front Brakes Type,Ventilated Disc Brakes,spec-table
ContactCars,https://www.contactcars.com/en/new-cars/hyundai-tucson/1def13da17e4,"Fri, 25 Sep 2026 12:32:10 GMT",4705bf4664222de2a27be672debb608c066a1f0d16c8ce32ae5fe4e27a15f889,Hyundai,Tucson,,SHADOW,2027,eb24327dbe4e,Rear Brakes Type,Solid Disc Brakes,spec-table
ContactCars,https://www.contactcars.com/en/new-cars/hyundai-tucson/1def13da17e4,"Fri, 25 Sep 2026 12:32:10 GMT",4705bf4664222de2a27be672debb608c066a1f0d16c8ce32ae5fe4e27a15f889,Hyundai,Tucson,,SHADOW,2027,4ed8405e7e5b,Hand Brake Type,Electronic,spec-table
ContactCars,https://www.contactcars.com/en/new-cars/hyundai-tucson/1def13da17e4,"Fri, 25 Sep 2026 12:32:10 GMT",4705bf4664222de2a27be672debb608c066a1f0d16c8ce32ae5fe4e27a15f889,Hyundai,Tucson,,SHADOW,2027,d4b30096d663,Wheel Type,Alloy,spec-table
ContactCars,https://www.contactcars.com/en/new-cars/hyundai-tucson/1def13da17e4,"Fri, 25 Sep 2026 12:32:10 GMT",4705bf4664222de2a27be672debb608c066a1f0d16c8ce32ae5fe4e27a15f889,Hyundai,Tucson,,SHADOW,2027,1831c41b7b17,Front Wheel Size,17,spec-table
ContactCars,https://www.contactcars.com/en/new-cars/hyundai-tucson/1def13da17e4,"Fri, 25 Sep 2026 12:32:10 GMT",4705bf4664222de2a27be672debb608c066a1f0d16c8ce32ae5fe4e27a15f889,Hyundai,Tucson,,SHADOW,2027,1f4797b49117,Rear Wheel Size,17,spec-table
ContactCars,https://www.contactcars.com/en/new-cars/hyundai-tucson/1def13da17e4,"Fri, 25 Sep 2026 12:32:10 GMT",4705bf4664222de2a27be672debb608c066a1f0d16c8ce32ae5fe4e27a15f889,Hyundai,Tucson,,SHADOW,2027,60199ad52a420993a3e82372,Front Tire Size,235/55R17,spec-table
ContactCars,https://www.contactcars.com/en/new-cars/hyundai-tucson/1def13da17e4,"Fri, 25 Sep 2026 12:32:10 GMT",4705bf4664222de2a27be672debb608c066a1f0d16c8ce32ae5fe4e27a15f889,Hyundai,Tucson,,SHADOW,2027,2076fe4abba4,Rear Tire Size,235/55R17,spec-table
ContactCars,https://www.contactcars.com/en/new-cars/hyundai-tucson/1def13da17e4,"Fri, 25 Sep 2026 12:32:10 GMT",4705bf4664222de2a27be672debb608c066a1f0d16c8ce32ae5fe4e27a15f889,Hyundai,Tucson,,SHADOW,2027,cb68666c87e5,Tire Type,All-Season,spec-table
ContactCars,https://www.contactcars.com/en/new-cars/hyundai-tucson/1def13da17e4,"Fri, 25 Sep 2026 12:32:10 GMT",4705bf4664222de2a27be672debb608c066a1f0d16c8ce32ae5fe4e27a15f889,Hyundai,Tucson,,SHADOW,2027,7dc8980c1bea,Spare Tire Type,Full-size,spec-table
ContactCars,https://www.contactcars.com/en/new-cars/hyundai-tucson/1def13da17e4,"Fri, 25 Sep 2026 12:32:10 GMT",4705bf4664222de2a27be672debb608c066a1f0d16c8ce32ae5fe4e27a15f889,Hyundai,Tucson,,SHADOW,2027,ba2239f5bba2,IIHS Results,Top Safety Pick+,spec-table
ContactCars,https://www.contactcars.com/en/new-cars/hyundai-tucson/1def13da17e4,"Fri, 25 Sep 2026 12:32:10 GMT",4705bf4664222de2a27be672debb608c066a1f0d16c8ce32ae5fe4e27a15f889,Hyundai,Tucson,,SHADOW,2027,56a59f46e398,Euro NCAP Results,5,spec-table
ContactCars,https://www.contactcars.com/en/new-cars/hyundai-tucson/1def13da17e4,"Fri, 25 Sep 2026 12:32:10 GMT",4705bf4664222de2a27be672debb608c066a1f0d16c8ce32ae5fe4e27a15f889,Hyundai,Tucson,,SHADOW,2027,60199ad52a420993a3e8236a,Airbag Count,2,spec-table
ContactCars,https://www.contactcars.com/en/new-cars/hyundai-tucson/1def13da17e4,"Fri, 25 Sep 2026 12:32:10 GMT",4705bf4664222de2a27be672debb608c066a1f0d16c8ce32ae5fe4e27a15f889,Hyundai,Tucson,,SHADOW,2027,72fbbbfbb11f,Seat Upholestry,Cloth,spec-table
ContactCars,https://www.contactcars.com/en/new-cars/hyundai-tucson/1def13da17e4,"Fri, 25 Sep 2026 12:32:10 GMT",4705bf4664222de2a27be672debb608c066a1f0d16c8ce32ae5fe4e27a15f889,Hyundai,Tucson,,SHADOW,2027,40e24a4a83e0,Gearbox Selector,Shift By Wire,spec-table
ContactCars,https://www.contactcars.com/en/new-cars/hyundai-tucson/1def13da17e4,"Fri, 25 Sep 2026 12:32:10 GMT",4705bf4664222de2a27be672debb608c066a1f0d16c8ce32ae5fe4e27a15f889,Hyundai,Tucson,,SHADOW,2027,60199ad52a420993a3e8238f,Driver Seat,Manual,spec-table
ContactCars,https://www.contactcars.com/en/new-cars/hyundai-tucson/1def13da17e4,"Fri, 25 Sep 2026 12:32:10 GMT",4705bf4664222de2a27be672debb608c066a1f0d16c8ce32ae5fe4e27a15f889,Hyundai,Tucson,,SHADOW,2027,625be8b2b21da3ebf03c43b0,Upholstery,Cloth,spec-table
ContactCars,https://www.contactcars.com/en/new-cars/hyundai-tucson/1def13da17e4,"Fri, 25 Sep 2026 12:32:10 GMT",4705bf4664222de2a27be672debb608c066a1f0d16c8ce32ae5fe4e27a15f889,Hyundai,Tucson,,SHADOW,2027,d9630e463440,Center Information Display,12٫3,spec-table
ContactCars,https://www.contactcars.com/en/new-cars/hyundai-tucson/1def13da17e4,"Fri, 25 Sep 2026 12:32:10 GMT",4705bf4664222de2a27be672debb608c066a1f0d16c8ce32ae5fe4e27a15f889,Hyundai,Tucson,,SHADOW,2027,60199ad52a420993a3e8239d,Infotainment Display Size,12٫3,spec-table
ContactCars,https://www.contactcars.com/en/new-cars/hyundai-tucson/1def13da17e4,"Fri, 25 Sep 2026 12:32:10 GMT",4705bf4664222de2a27be672debb608c066a1f0d16c8ce32ae5fe4e27a15f889,Hyundai,Tucson,,SHADOW,2027,60199ad52a420993a3e8237c,Instrument Cluster Type,Partial Digital,spec-table
ContactCars,https://www.contactcars.com/en/new-cars/hyundai-tucson/1def13da17e4,"Fri, 25 Sep 2026 12:32:10 GMT",4705bf4664222de2a27be672debb608c066a1f0d16c8ce32ae5fe4e27a15f889,Hyundai,Tucson,,SHADOW,2027,75fe2b7d7bc2,Instrument Cluster Size,4,spec-table
ContactCars,https://www.contactcars.com/en/new-cars/hyundai-tucson/1def13da17e4,"Fri, 25 Sep 2026 12:32:10 GMT",4705bf4664222de2a27be672debb608c066a1f0d16c8ce32ae5fe4e27a15f889,Hyundai,Tucson,,SHADOW,2027,60199ad52a420993a3e8239c,Smartphone Integration,Android Auto/Apple Car Play,spec-table
ContactCars,https://www.contactcars.com/en/new-cars/hyundai-tucson/1def13da17e4,"Fri, 25 Sep 2026 12:32:10 GMT",4705bf4664222de2a27be672debb608c066a1f0d16c8ce32ae5fe4e27a15f889,Hyundai,Tucson,,SHADOW,2027,60199ad52a420993a3e823a2,Number of Speakers,6,spec-table
ContactCars,https://www.contactcars.com/en/new-cars/hyundai-tucson/1def13da17e4,"Fri, 25 Sep 2026 12:32:10 GMT",4705bf4664222de2a27be672debb608c066a1f0d16c8ce32ae5fe4e27a15f889,Hyundai,Tucson,,SHADOW,2027,858d92859fe6,Foglights,LED,spec-table
ContactCars,https://www.contactcars.com/en/new-cars/hyundai-tucson/1def13da17e4,"Fri, 25 Sep 2026 12:32:10 GMT",4705bf4664222de2a27be672debb608c066a1f0d16c8ce32ae5fe4e27a15f889,Hyundai,Tucson,,SHADOW,2027,60199ad52a420993a3e82376,Rims,R17,spec-table
ContactCars,https://www.contactcars.com/en/new-cars/hyundai-tucson/1def13da17e4,"Fri, 25 Sep 2026 12:32:10 GMT",4705bf4664222de2a27be672debb608c066a1f0d16c8ce32ae5fe4e27a15f889,Hyundai,Tucson,,SHADOW,2027,60199ad52a420993a3e8236d,Headlamps,LED,spec-table
ContactCars,https://www.contactcars.com/en/new-cars/hyundai-tucson/1def13da17e4,"Fri, 25 Sep 2026 12:32:10 GMT",4705bf4664222de2a27be672debb608c066a1f0d16c8ce32ae5fe4e27a15f889,Hyundai,Tucson,,SHADOW,2027,60199ad52a420993a3e8236e,Tail Lights,Halogen,spec-table
ContactCars,https://www.contactcars.com/en/new-cars/hyundai-tucson/1def13da17e4,"Fri, 25 Sep 2026 12:32:10 GMT",4705bf4664222de2a27be672debb608c066a1f0d16c8ce32ae5fe4e27a15f889,Hyundai,Tucson,,SHADOW,2027,62d57953644fb1f973ba7c3d,Additional Colors,رمادي لؤلؤي إيكوترونيك، برتقالي جوبيتر، فضي لامع، أحمر ألتيميت، أبيض سيرينيتي، أسود أبيس، أخضر لؤلؤي سبيرز، أحمر إنجن، أزرق لؤلؤي سالينج،  ,spec-table
ContactCars,https://www.contactcars.com/en/new-cars/hyundai-tucson/1def13da17e4,"Fri, 25 Sep 2026 12:32:10 GMT",4705bf4664222de2a27be672debb608c066a1f0d16c8ce32ae5fe4e27a15f889,Hyundai,Tucson,,SHADOW,2027,62a5f51c3b190c24efacbe38,Basic Vehicle Warranty,5 سنوات أو 100 ألف كم ,spec-table
ContactCars,https://www.contactcars.com/en/new-cars/hyundai-tucson/2355eb50bb1e,"Fri, 25 Sep 2026 12:32:11 GMT",841a29416e0b66ea35499b8732babbaf53705ee4a4d1fdb47ffade6376a02316,Hyundai,Tucson,,NLINE (AWD),2026,jsonld:offer_price_egp,offer_price_egp,2300000,json-ld
ContactCars,https://www.contactcars.com/en/new-cars/hyundai-tucson/2355eb50bb1e,"Fri, 25 Sep 2026 12:32:11 GMT",841a29416e0b66ea35499b8732babbaf53705ee4a4d1fdb47ffade6376a02316,Hyundai,Tucson,,NLINE (AWD),2026,jsonld:fuelType,fuelType,Gas,json-ld
ContactCars,https://www.contactcars.com/en/new-cars/hyundai-tucson/2355eb50bb1e,"Fri, 25 Sep 2026 12:32:11 GMT",841a29416e0b66ea35499b8732babbaf53705ee4a4d1fdb47ffade6376a02316,Hyundai,Tucson,,NLINE (AWD),2026,jsonld:engineDisplacement,engineDisplacement,1600,json-ld
ContactCars,https://www.contactcars.com/en/new-cars/hyundai-tucson/2355eb50bb1e,"Fri, 25 Sep 2026 12:32:11 GMT",841a29416e0b66ea35499b8732babbaf53705ee4a4d1fdb47ffade6376a02316,Hyundai,Tucson,,NLINE (AWD),2026,jsonld:vehicleTransmission,vehicleTransmission,Dual Clutch,json-ld
ContactCars,https://www.contactcars.com/en/new-cars/hyundai-tucson/2355eb50bb1e,"Fri, 25 Sep 2026 12:32:11 GMT",841a29416e0b66ea35499b8732babbaf53705ee4a4d1fdb47ffade6376a02316,Hyundai,Tucson,,NLINE (AWD),2026,jsonld:bodyType,bodyType,SUV,json-ld
ContactCars,https://www.contactcars.com/en/new-cars/hyundai-tucson/2355eb50bb1e,"Fri, 25 Sep 2026 12:32:11 GMT",841a29416e0b66ea35499b8732babbaf53705ee4a4d1fdb47ffade6376a02316,Hyundai,Tucson,,NLINE (AWD),2026,jsonld:assembly_country,assembly_country,Czechia,json-ld
ContactCars,https://www.contactcars.com/en/new-cars/hyundai-tucson/2355eb50bb1e,"Fri, 25 Sep 2026 12:32:11 GMT",841a29416e0b66ea35499b8732babbaf53705ee4a4d1fdb47ffade6376a02316,Hyundai,Tucson,,NLINE (AWD),2026,1cff89624677,Vehicle Size Class,Compact,spec-table
ContactCars,https://www.contactcars.com/en/new-cars/hyundai-tucson/2355eb50bb1e,"Fri, 25 Sep 2026 12:32:11 GMT",841a29416e0b66ea35499b8732babbaf53705ee4a4d1fdb47ffade6376a02316,Hyundai,Tucson,,NLINE (AWD),2026,5bedd1146e88,Body Style,SUV,spec-table
ContactCars,https://www.contactcars.com/en/new-cars/hyundai-tucson/2355eb50bb1e,"Fri, 25 Sep 2026 12:32:11 GMT",841a29416e0b66ea35499b8732babbaf53705ee4a4d1fdb47ffade6376a02316,Hyundai,Tucson,,NLINE (AWD),2026,13a10f395a87,Number of Doors,5,spec-table
ContactCars,https://www.contactcars.com/en/new-cars/hyundai-tucson/2355eb50bb1e,"Fri, 25 Sep 2026 12:32:11 GMT",841a29416e0b66ea35499b8732babbaf53705ee4a4d1fdb47ffade6376a02316,Hyundai,Tucson,,NLINE (AWD),2026,60199ad52a420993a3e82387,Number of Seats,5,spec-table
ContactCars,https://www.contactcars.com/en/new-cars/hyundai-tucson/2355eb50bb1e,"Fri, 25 Sep 2026 12:32:11 GMT",841a29416e0b66ea35499b8732babbaf53705ee4a4d1fdb47ffade6376a02316,Hyundai,Tucson,,NLINE (AWD),2026,60199ad52a420993a3e823a4,Rear Trunk Capacity (Liter),503,spec-table
ContactCars,https://www.contactcars.com/en/new-cars/hyundai-tucson/2355eb50bb1e,"Fri, 25 Sep 2026 12:32:11 GMT",841a29416e0b66ea35499b8732babbaf53705ee4a4d1fdb47ffade6376a02316,Hyundai,Tucson,,NLINE (AWD),2026,2cd960af118a,"Rear Trunk Capacity, Seats Folded (Liter)",1799,spec-table
ContactCars,https://www.contactcars.com/en/new-cars/hyundai-tucson/2355eb50bb1e,"Fri, 25 Sep 2026 12:32:11 GMT",841a29416e0b66ea35499b8732babbaf53705ee4a4d1fdb47ffade6376a02316,Hyundai,Tucson,,NLINE (AWD),2026,603647429f57461ab1a74148,Length (mm),4510,spec-table
ContactCars,https://www.contactcars.com/en/new-cars/hyundai-tucson/2355eb50bb1e,"Fri, 25 Sep 2026 12:32:11 GMT",841a29416e0b66ea35499b8732babbaf53705ee4a4d1fdb47ffade6376a02316,Hyundai,Tucson,,NLINE (AWD),2026,6036477d9f57461ab1a74149,Width (mm),1865,spec-table
ContactCars,https://www.contactcars.com/en/new-cars/hyundai-tucson/2355eb50bb1e,"Fri, 25 Sep 2026 12:32:11 GMT",841a29416e0b66ea35499b8732babbaf53705ee4a4d1fdb47ffade6376a02316,Hyundai,Tucson,,NLINE (AWD),2026,603647a49f57461ab1a7414a,Height (mm),1650,spec-table
ContactCars,https://www.contactcars.com/en/new-cars/hyundai-tucson/2355eb50bb1e,"Fri, 25 Sep 2026 12:32:11 GMT",841a29416e0b66ea35499b8732babbaf53705ee4a4d1fdb47ffade6376a02316,Hyundai,Tucson,,NLINE (AWD),2026,6033cae86136e6f66151c687,Wheelbase (mm),2680,spec-table
ContactCars,https://www.contactcars.com/en/new-cars/hyundai-tucson/2355eb50bb1e,"Fri, 25 Sep 2026 12:32:11 GMT",841a29416e0b66ea35499b8732babbaf53705ee4a4d1fdb47ffade6376a02316,Hyundai,Tucson,,NLINE (AWD),2026,6033cbc86136e6f66151c688,Ground Clearance (mm),170,spec-table
ContactCars,https://www.contactcars.com/en/new-cars/hyundai-tucson/2355eb50bb1e,"Fri, 25 Sep 2026 12:32:11 GMT",841a29416e0b66ea35499b8732babbaf53705ee4a4d1fdb47ffade6376a02316,Hyundai,Tucson,,NLINE (AWD),2026,6244612fba30183d7791942e,Curb Weight (KG),"1,466",spec-table
ContactCars,https://www.contactcars.com/en/new-cars/hyundai-tucson/2355eb50bb1e,"Fri, 25 Sep 2026 12:32:11 GMT",841a29416e0b66ea35499b8732babbaf53705ee4a4d1fdb47ffade6376a02316,Hyundai,Tucson,,NLINE (AWD),2026,624443c0ba30183d77919424,Generation,4th,spec-table
ContactCars,https://www.contactcars.com/en/new-cars/hyundai-tucson/2355eb50bb1e,"Fri, 25 Sep 2026 12:32:11 GMT",841a29416e0b66ea35499b8732babbaf53705ee4a4d1fdb47ffade6376a02316,Hyundai,Tucson,,NLINE (AWD),2026,1b9f93607f48,Powertrain Type,ICE (Petrol),spec-table
ContactCars,https://www.contactcars.com/en/new-cars/hyundai-tucson/2355eb50bb1e,"Fri, 25 Sep 2026 12:32:11 GMT",841a29416e0b66ea35499b8732babbaf53705ee4a4d1fdb47ffade6376a02316,Hyundai,Tucson,,NLINE (AWD),2026,60199ad52a420993a3e82353,Combined Maximum Power (HP @ RPM),"180 / 5,500",spec-table
ContactCars,https://www.contactcars.com/en/new-cars/hyundai-tucson/2355eb50bb1e,"Fri, 25 Sep 2026 12:32:11 GMT",841a29416e0b66ea35499b8732babbaf53705ee4a4d1fdb47ffade6376a02316,Hyundai,Tucson,,NLINE (AWD),2026,60199ad52a420993a3e82354,Combined Maximum Torque (N.m @ RPM),265  / 1500 - 4500,spec-table
ContactCars,https://www.contactcars.com/en/new-cars/hyundai-tucson/2355eb50bb1e,"Fri, 25 Sep 2026 12:32:11 GMT",841a29416e0b66ea35499b8732babbaf53705ee4a4d1fdb47ffade6376a02316,Hyundai,Tucson,,NLINE (AWD),2026,60199ad52a420993a3e82359,Fuel Tank Capacity (Litre),54,spec-table
ContactCars,https://www.contactcars.com/en/new-cars/hyundai-tucson/2355eb50bb1e,"Fri, 25 Sep 2026 12:32:11 GMT",841a29416e0b66ea35499b8732babbaf53705ee4a4d1fdb47ffade6376a02316,Hyundai,Tucson,,NLINE (AWD),2026,60199ad52a420993a3e82356,Combined Fuel/Energy Consumption (Liter/100 KM),6٫1,spec-table
ContactCars,https://www.contactcars.com/en/new-cars/hyundai-tucson/2355eb50bb1e,"Fri, 25 Sep 2026 12:32:11 GMT",841a29416e0b66ea35499b8732babbaf53705ee4a4d1fdb47ffade6376a02316,Hyundai,Tucson,,NLINE (AWD),2026,bc8f5919d91f,Engine Type,Inline-4,spec-table
ContactCars,https://www.contactcars.com/en/new-cars/hyundai-tucson/2355eb50bb1e,"Fri, 25 Sep 2026 12:32:11 GMT",841a29416e0b66ea35499b8732babbaf53705ee4a4d1fdb47ffade6376a02316,Hyundai,Tucson,,NLINE (AWD),2026,0922a30a7f46,Engine Function,Drive Wheels,spec-table
ContactCars,https://www.contactcars.com/en/new-cars/hyundai-tucson/2355eb50bb1e,"Fri, 25 Sep 2026 12:32:11 GMT",841a29416e0b66ea35499b8732babbaf53705ee4a4d1fdb47ffade6376a02316,Hyundai,Tucson,,NLINE (AWD),2026,60199ad52a420993a3e82352,Cylinders,4,spec-table
ContactCars,https://www.contactcars.com/en/new-cars/hyundai-tucson/2355eb50bb1e,"Fri, 25 Sep 2026 12:32:11 GMT",841a29416e0b66ea35499b8732babbaf53705ee4a4d1fdb47ffade6376a02316,Hyundai,Tucson,,NLINE (AWD),2026,62445feaba30183d7791942d,Engine Capacity (CC),1600,spec-table
ContactCars,https://www.contactcars.com/en/new-cars/hyundai-tucson/2355eb50bb1e,"Fri, 25 Sep 2026 12:32:11 GMT",841a29416e0b66ea35499b8732babbaf53705ee4a4d1fdb47ffade6376a02316,Hyundai,Tucson,,NLINE (AWD),2026,6244616cba30183d7791942f,Induction Type,Turbocharged,spec-table
ContactCars,https://www.contactcars.com/en/new-cars/hyundai-tucson/2355eb50bb1e,"Fri, 25 Sep 2026 12:32:11 GMT",841a29416e0b66ea35499b8732babbaf53705ee4a4d1fdb47ffade6376a02316,Hyundai,Tucson,,NLINE (AWD),2026,62445f6cba30183d7791942c,Engine Layout,Front,spec-table
ContactCars,https://www.contactcars.com/en/new-cars/hyundai-tucson/2355eb50bb1e,"Fri, 25 Sep 2026 12:32:11 GMT",841a29416e0b66ea35499b8732babbaf53705ee4a4d1fdb47ffade6376a02316,Hyundai,Tucson,,NLINE (AWD),2026,ae3798f5fd83,Drivetrain Type,4WD (Four-Wheel Drive),spec-table
ContactCars,https://www.contactcars.com/en/new-cars/hyundai-tucson/2355eb50bb1e,"Fri, 25 Sep 2026 12:32:11 GMT",841a29416e0b66ea35499b8732babbaf53705ee4a4d1fdb47ffade6376a02316,Hyundai,Tucson,,NLINE (AWD),2026,fd8d1904b500,Transmission Type,Automatic,spec-table
ContactCars,https://www.contactcars.com/en/new-cars/hyundai-tucson/2355eb50bb1e,"Fri, 25 Sep 2026 12:32:11 GMT",841a29416e0b66ea35499b8732babbaf53705ee4a4d1fdb47ffade6376a02316,Hyundai,Tucson,,NLINE (AWD),2026,5229867ce0fa,Transmission Technology,Dry DCT (Dual-Clutch Transmission),spec-table
ContactCars,https://www.contactcars.com/en/new-cars/hyundai-tucson/2355eb50bb1e,"Fri, 25 Sep 2026 12:32:11 GMT",841a29416e0b66ea35499b8732babbaf53705ee4a4d1fdb47ffade6376a02316,Hyundai,Tucson,,NLINE (AWD),2026,60199ad52a420993a3e8235a,Number of Gears,7,spec-table
ContactCars,https://www.contactcars.com/en/new-cars/hyundai-tucson/2355eb50bb1e,"Fri, 25 Sep 2026 12:32:11 GMT",841a29416e0b66ea35499b8732babbaf53705ee4a4d1fdb47ffade6376a02316,Hyundai,Tucson,,NLINE (AWD),2026,60199ad52a420993a3e82385,Steering Wheel,Line N ,spec-table
ContactCars,https://www.contactcars.com/en/new-cars/hyundai-tucson/2355eb50bb1e,"Fri, 25 Sep 2026 12:32:11 GMT",841a29416e0b66ea35499b8732babbaf53705ee4a4d1fdb47ffade6376a02316,Hyundai,Tucson,,NLINE (AWD),2026,60199ad52a420993a3e8235d,Power Steering Type,Electric,spec-table
ContactCars,https://www.contactcars.com/en/new-cars/hyundai-tucson/2355eb50bb1e,"Fri, 25 Sep 2026 12:32:11 GMT",841a29416e0b66ea35499b8732babbaf53705ee4a4d1fdb47ffade6376a02316,Hyundai,Tucson,,NLINE (AWD),2026,602fa37cd768,Steering Adjustment Ops,Manual,spec-table
ContactCars,https://www.contactcars.com/en/new-cars/hyundai-tucson/2355eb50bb1e,"Fri, 25 Sep 2026 12:32:11 GMT",841a29416e0b66ea35499b8732babbaf53705ee4a4d1fdb47ffade6376a02316,Hyundai,Tucson,,NLINE (AWD),2026,e78c472170c2,Front Suspension Type,MacPherson,spec-table
ContactCars,https://www.contactcars.com/en/new-cars/hyundai-tucson/2355eb50bb1e,"Fri, 25 Sep 2026 12:32:11 GMT",841a29416e0b66ea35499b8732babbaf53705ee4a4d1fdb47ffade6376a02316,Hyundai,Tucson,,NLINE (AWD),2026,d7a33f9ff1ff,Rear Suspension Type,Multi-Link,spec-table
ContactCars,https://www.contactcars.com/en/new-cars/hyundai-tucson/2355eb50bb1e,"Fri, 25 Sep 2026 12:32:11 GMT",841a29416e0b66ea35499b8732babbaf53705ee4a4d1fdb47ffade6376a02316,Hyundai,Tucson,,NLINE (AWD),2026,58f344b6ff55,Front Brakes Type,Solid Disc Brakes,spec-table
ContactCars,https://www.contactcars.com/en/new-cars/hyundai-tucson/2355eb50bb1e,"Fri, 25 Sep 2026 12:32:11 GMT",841a29416e0b66ea35499b8732babbaf53705ee4a4d1fdb47ffade6376a02316,Hyundai,Tucson,,NLINE (AWD),2026,eb24327dbe4e,Rear Brakes Type,Solid Disc Brakes,spec-table
ContactCars,https://www.contactcars.com/en/new-cars/hyundai-tucson/2355eb50bb1e,"Fri, 25 Sep 2026 12:32:11 GMT",841a29416e0b66ea35499b8732babbaf53705ee4a4d1fdb47ffade6376a02316,Hyundai,Tucson,,NLINE (AWD),2026,4ed8405e7e5b,Hand Brake Type,Electronic,spec-table
ContactCars,https://www.contactcars.com/en/new-cars/hyundai-tucson/2355eb50bb1e,"Fri, 25 Sep 2026 12:32:11 GMT",841a29416e0b66ea35499b8732babbaf53705ee4a4d1fdb47ffade6376a02316,Hyundai,Tucson,,NLINE (AWD),2026,d4b30096d663,Wheel Type,Dual Tone Alloy,spec-table
ContactCars,https://www.contactcars.com/en/new-cars/hyundai-tucson/2355eb50bb1e,"Fri, 25 Sep 2026 12:32:11 GMT",841a29416e0b66ea35499b8732babbaf53705ee4a4d1fdb47ffade6376a02316,Hyundai,Tucson,,NLINE (AWD),2026,1831c41b7b17,Front Wheel Size,18,spec-table
ContactCars,https://www.contactcars.com/en/new-cars/hyundai-tucson/2355eb50bb1e,"Fri, 25 Sep 2026 12:32:11 GMT",841a29416e0b66ea35499b8732babbaf53705ee4a4d1fdb47ffade6376a02316,Hyundai,Tucson,,NLINE (AWD),2026,1f4797b49117,Rear Wheel Size,18,spec-table
ContactCars,https://www.contactcars.com/en/new-cars/hyundai-tucson/2355eb50bb1e,"Fri, 25 Sep 2026 12:32:11 GMT",841a29416e0b66ea35499b8732babbaf53705ee4a4d1fdb47ffade6376a02316,Hyundai,Tucson,,NLINE (AWD),2026,60199ad52a420993a3e82372,Front Tire Size,235 /55 R18,spec-table
ContactCars,https://www.contactcars.com/en/new-cars/hyundai-tucson/2355eb50bb1e,"Fri, 25 Sep 2026 12:32:11 GMT",841a29416e0b66ea35499b8732babbaf53705ee4a4d1fdb47ffade6376a02316,Hyundai,Tucson,,NLINE (AWD),2026,2076fe4abba4,Rear Tire Size,235 /55 R18,spec-table
ContactCars,https://www.contactcars.com/en/new-cars/hyundai-tucson/2355eb50bb1e,"Fri, 25 Sep 2026 12:32:11 GMT",841a29416e0b66ea35499b8732babbaf53705ee4a4d1fdb47ffade6376a02316,Hyundai,Tucson,,NLINE (AWD),2026,cb68666c87e5,Tire Type,All-Season,spec-table
ContactCars,https://www.contactcars.com/en/new-cars/hyundai-tucson/2355eb50bb1e,"Fri, 25 Sep 2026 12:32:11 GMT",841a29416e0b66ea35499b8732babbaf53705ee4a4d1fdb47ffade6376a02316,Hyundai,Tucson,,NLINE (AWD),2026,ba2239f5bba2,IIHS Results,Top Safety Pick+,spec-table
ContactCars,https://www.contactcars.com/en/new-cars/hyundai-tucson/2355eb50bb1e,"Fri, 25 Sep 2026 12:32:11 GMT",841a29416e0b66ea35499b8732babbaf53705ee4a4d1fdb47ffade6376a02316,Hyundai,Tucson,,NLINE (AWD),2026,56a59f46e398,Euro NCAP Results,5,spec-table
ContactCars,https://www.contactcars.com/en/new-cars/hyundai-tucson/2355eb50bb1e,"Fri, 25 Sep 2026 12:32:11 GMT",841a29416e0b66ea35499b8732babbaf53705ee4a4d1fdb47ffade6376a02316,Hyundai,Tucson,,NLINE (AWD),2026,60199ad52a420993a3e8236a,Airbag Count,6,spec-table
ContactCars,https://www.contactcars.com/en/new-cars/hyundai-tucson/2355eb50bb1e,"Fri, 25 Sep 2026 12:32:11 GMT",841a29416e0b66ea35499b8732babbaf53705ee4a4d1fdb47ffade6376a02316,Hyundai,Tucson,,NLINE (AWD),2026,72fbbbfbb11f,Seat Upholestry,Leather with Alcantara,spec-table
ContactCars,https://www.contactcars.com/en/new-cars/hyundai-tucson/2355eb50bb1e,"Fri, 25 Sep 2026 12:32:11 GMT",841a29416e0b66ea35499b8732babbaf53705ee4a4d1fdb47ffade6376a02316,Hyundai,Tucson,,NLINE (AWD),2026,40e24a4a83e0,Gearbox Selector,Shift By Wire,spec-table
ContactCars,https://www.contactcars.com/en/new-cars/hyundai-tucson/2355eb50bb1e,"Fri, 25 Sep 2026 12:32:11 GMT",841a29416e0b66ea35499b8732babbaf53705ee4a4d1fdb47ffade6376a02316,Hyundai,Tucson,,NLINE (AWD),2026,60199ad52a420993a3e82383,Ambient Lighting,Multi Color,spec-table
ContactCars,https://www.contactcars.com/en/new-cars/hyundai-tucson/2355eb50bb1e,"Fri, 25 Sep 2026 12:32:11 GMT",841a29416e0b66ea35499b8732babbaf53705ee4a4d1fdb47ffade6376a02316,Hyundai,Tucson,,NLINE (AWD),2026,60199ad52a420993a3e8238f,Driver Seat,Electric With Memory,spec-table
ContactCars,https://www.contactcars.com/en/new-cars/hyundai-tucson/2355eb50bb1e,"Fri, 25 Sep 2026 12:32:11 GMT",841a29416e0b66ea35499b8732babbaf53705ee4a4d1fdb47ffade6376a02316,Hyundai,Tucson,,NLINE (AWD),2026,60199ad52a420993a3e8239d,Infotainment Display Size,12٫3,spec-table
ContactCars,https://www.contactcars.com/en/new-cars/hyundai-tucson/2355eb50bb1e,"Fri, 25 Sep 2026 12:32:11 GMT",841a29416e0b66ea35499b8732babbaf53705ee4a4d1fdb47ffade6376a02316,Hyundai,Tucson,,NLINE (AWD),2026,60199ad52a420993a3e8237c,Instrument Cluster Type,Digital,spec-table
ContactCars,https://www.contactcars.com/en/new-cars/hyundai-tucson/2355eb50bb1e,"Fri, 25 Sep 2026 12:32:11 GMT",841a29416e0b66ea35499b8732babbaf53705ee4a4d1fdb47ffade6376a02316,Hyundai,Tucson,,NLINE (AWD),2026,75fe2b7d7bc2,Instrument Cluster Size,12٫3,spec-table
ContactCars,https://www.contactcars.com/en/new-cars/hyundai-tucson/2355eb50bb1e,"Fri, 25 Sep 2026 12:32:11 GMT",841a29416e0b66ea35499b8732babbaf53705ee4a4d1fdb47ffade6376a02316,Hyundai,Tucson,,NLINE (AWD),2026,60199ad52a420993a3e8239c,Smartphone Integration,Android Auto/Apple Car Play,spec-table
ContactCars,https://www.contactcars.com/en/new-cars/hyundai-tucson/2355eb50bb1e,"Fri, 25 Sep 2026 12:32:11 GMT",841a29416e0b66ea35499b8732babbaf53705ee4a4d1fdb47ffade6376a02316,Hyundai,Tucson,,NLINE (AWD),2026,60199ad52a420993a3e823a2,Number of Speakers,7,spec-table
ContactCars,https://www.contactcars.com/en/new-cars/hyundai-tucson/2355eb50bb1e,"Fri, 25 Sep 2026 12:32:11 GMT",841a29416e0b66ea35499b8732babbaf53705ee4a4d1fdb47ffade6376a02316,Hyundai,Tucson,,NLINE (AWD),2026,872802aacccf,Sound System Brand,BOSE,spec-table
ContactCars,https://www.contactcars.com/en/new-cars/hyundai-tucson/2355eb50bb1e,"Fri, 25 Sep 2026 12:32:11 GMT",841a29416e0b66ea35499b8732babbaf53705ee4a4d1fdb47ffade6376a02316,Hyundai,Tucson,,NLINE (AWD),2026,60199ad52a420993a3e82376,Rims,"جنوط مقاس 19"" رياضية مخصصة لباقة Package Line N®",spec-table
ContactCars,https://www.contactcars.com/en/new-cars/hyundai-tucson/2355eb50bb1e,"Fri, 25 Sep 2026 12:32:11 GMT",841a29416e0b66ea35499b8732babbaf53705ee4a4d1fdb47ffade6376a02316,Hyundai,Tucson,,NLINE (AWD),2026,60199ad52a420993a3e8236d,Headlamps,Matrix LED,spec-table
ContactCars,https://www.contactcars.com/en/new-cars/hyundai-tucson/2355eb50bb1e,"Fri, 25 Sep 2026 12:32:11 GMT",841a29416e0b66ea35499b8732babbaf53705ee4a4d1fdb47ffade6376a02316,Hyundai,Tucson,,NLINE (AWD),2026,60199ad52a420993a3e8236e,Tail Lights,LED,spec-table
ContactCars,https://www.contactcars.com/en/new-cars/hyundai-tucson/2355eb50bb1e,"Fri, 25 Sep 2026 12:32:11 GMT",841a29416e0b66ea35499b8732babbaf53705ee4a4d1fdb47ffade6376a02316,Hyundai,Tucson,,NLINE (AWD),2026,62448521ba30183d77919447,Body Stitching,تجهيزات رياضية خارجية Package® Line N,spec-table
ContactCars,https://www.contactcars.com/en/new-cars/hyundai-tucson/2355eb50bb1e,"Fri, 25 Sep 2026 12:32:11 GMT",841a29416e0b66ea35499b8732babbaf53705ee4a4d1fdb47ffade6376a02316,Hyundai,Tucson,,NLINE (AWD),2026,62d57953644fb1f973ba7c3d,Additional Colors,رمادي لؤلؤي إيكوترونيك، برتقالي جوبيتر، فضي لامع، أحمر ألتيميت، أبيض سيرينيتي، أسود أبيس، أخضر لؤلؤي سبيرز، أحمر إنجن، أزرق لؤلؤي سالينج،  ,spec-table
ContactCars,https://www.contactcars.com/en/new-cars/hyundai-tucson/2355eb50bb1e,"Fri, 25 Sep 2026 12:32:11 GMT",841a29416e0b66ea35499b8732babbaf53705ee4a4d1fdb47ffade6376a02316,Hyundai,Tucson,,NLINE (AWD),2026,62a5f51c3b190c24efacbe38,Basic Vehicle Warranty,"5 years or 100,000 KM",spec-table
ContactCars,https://www.contactcars.com/en/new-cars/hyundai-tucson/271abc86c3fb,"Fri, 25 Sep 2026 12:32:12 GMT",632a36bd622c4ae7b4ce6f7e422df2c2d84fc0fbfc05a319ca5b265b45978155,Hyundai,Tucson,,NLINE (AWD),2027,jsonld:offer_price_egp,offer_price_egp,2400000,json-ld
ContactCars,https://www.contactcars.com/en/new-cars/hyundai-tucson/271abc86c3fb,"Fri, 25 Sep 2026 12:32:12 GMT",632a36bd622c4ae7b4ce6f7e422df2c2d84fc0fbfc05a319ca5b265b45978155,Hyundai,Tucson,,NLINE (AWD),2027,jsonld:fuelType,fuelType,Gas,json-ld
ContactCars,https://www.contactcars.com/en/new-cars/hyundai-tucson/271abc86c3fb,"Fri, 25 Sep 2026 12:32:12 GMT",632a36bd622c4ae7b4ce6f7e422df2c2d84fc0fbfc05a319ca5b265b45978155,Hyundai,Tucson,,NLINE (AWD),2027,jsonld:engineDisplacement,engineDisplacement,1600,json-ld
ContactCars,https://www.contactcars.com/en/new-cars/hyundai-tucson/271abc86c3fb,"Fri, 25 Sep 2026 12:32:12 GMT",632a36bd622c4ae7b4ce6f7e422df2c2d84fc0fbfc05a319ca5b265b45978155,Hyundai,Tucson,,NLINE (AWD),2027,jsonld:vehicleTransmission,vehicleTransmission,Dual Clutch,json-ld
ContactCars,https://www.contactcars.com/en/new-cars/hyundai-tucson/271abc86c3fb,"Fri, 25 Sep 2026 12:32:12 GMT",632a36bd622c4ae7b4ce6f7e422df2c2d84fc0fbfc05a319ca5b265b45978155,Hyundai,Tucson,,NLINE (AWD),2027,jsonld:bodyType,bodyType,SUV,json-ld
ContactCars,https://www.contactcars.com/en/new-cars/hyundai-tucson/271abc86c3fb,"Fri, 25 Sep 2026 12:32:12 GMT",632a36bd622c4ae7b4ce6f7e422df2c2d84fc0fbfc05a319ca5b265b45978155,Hyundai,Tucson,,NLINE (AWD),2027,jsonld:assembly_country,assembly_country,Czechia,json-ld
ContactCars,https://www.contactcars.com/en/new-cars/hyundai-tucson/271abc86c3fb,"Fri, 25 Sep 2026 12:32:12 GMT",632a36bd622c4ae7b4ce6f7e422df2c2d84fc0fbfc05a319ca5b265b45978155,Hyundai,Tucson,,NLINE (AWD),2027,1cff89624677,Vehicle Size Class,Compact,spec-table
ContactCars,https://www.contactcars.com/en/new-cars/hyundai-tucson/271abc86c3fb,"Fri, 25 Sep 2026 12:32:12 GMT",632a36bd622c4ae7b4ce6f7e422df2c2d84fc0fbfc05a319ca5b265b45978155,Hyundai,Tucson,,NLINE (AWD),2027,5bedd1146e88,Body Style,SUV,spec-table
ContactCars,https://www.contactcars.com/en/new-cars/hyundai-tucson/271abc86c3fb,"Fri, 25 Sep 2026 12:32:12 GMT",632a36bd622c4ae7b4ce6f7e422df2c2d84fc0fbfc05a319ca5b265b45978155,Hyundai,Tucson,,NLINE (AWD),2027,13a10f395a87,Number of Doors,5,spec-table
ContactCars,https://www.contactcars.com/en/new-cars/hyundai-tucson/271abc86c3fb,"Fri, 25 Sep 2026 12:32:12 GMT",632a36bd622c4ae7b4ce6f7e422df2c2d84fc0fbfc05a319ca5b265b45978155,Hyundai,Tucson,,NLINE (AWD),2027,60199ad52a420993a3e82387,Number of Seats,5,spec-table
ContactCars,https://www.contactcars.com/en/new-cars/hyundai-tucson/271abc86c3fb,"Fri, 25 Sep 2026 12:32:12 GMT",632a36bd622c4ae7b4ce6f7e422df2c2d84fc0fbfc05a319ca5b265b45978155,Hyundai,Tucson,,NLINE (AWD),2027,60199ad52a420993a3e823a4,Rear Trunk Capacity (Liter),503,spec-table
ContactCars,https://www.contactcars.com/en/new-cars/hyundai-tucson/271abc86c3fb,"Fri, 25 Sep 2026 12:32:12 GMT",632a36bd622c4ae7b4ce6f7e422df2c2d84fc0fbfc05a319ca5b265b45978155,Hyundai,Tucson,,NLINE (AWD),2027,2cd960af118a,"Rear Trunk Capacity, Seats Folded (Liter)",1799,spec-table
ContactCars,https://www.contactcars.com/en/new-cars/hyundai-tucson/271abc86c3fb,"Fri, 25 Sep 2026 12:32:12 GMT",632a36bd622c4ae7b4ce6f7e422df2c2d84fc0fbfc05a319ca5b265b45978155,Hyundai,Tucson,,NLINE (AWD),2027,603647429f57461ab1a74148,Length (mm),4510,spec-table
ContactCars,https://www.contactcars.com/en/new-cars/hyundai-tucson/271abc86c3fb,"Fri, 25 Sep 2026 12:32:12 GMT",632a36bd622c4ae7b4ce6f7e422df2c2d84fc0fbfc05a319ca5b265b45978155,Hyundai,Tucson,,NLINE (AWD),2027,6036477d9f57461ab1a74149,Width (mm),1865,spec-table
ContactCars,https://www.contactcars.com/en/new-cars/hyundai-tucson/271abc86c3fb,"Fri, 25 Sep 2026 12:32:12 GMT",632a36bd622c4ae7b4ce6f7e422df2c2d84fc0fbfc05a319ca5b265b45978155,Hyundai,Tucson,,NLINE (AWD),2027,603647a49f57461ab1a7414a,Height (mm),1650,spec-table
ContactCars,https://www.contactcars.com/en/new-cars/hyundai-tucson/271abc86c3fb,"Fri, 25 Sep 2026 12:32:12 GMT",632a36bd622c4ae7b4ce6f7e422df2c2d84fc0fbfc05a319ca5b265b45978155,Hyundai,Tucson,,NLINE (AWD),2027,6033cae86136e6f66151c687,Wheelbase (mm),2680,spec-table
ContactCars,https://www.contactcars.com/en/new-cars/hyundai-tucson/271abc86c3fb,"Fri, 25 Sep 2026 12:32:12 GMT",632a36bd622c4ae7b4ce6f7e422df2c2d84fc0fbfc05a319ca5b265b45978155,Hyundai,Tucson,,NLINE (AWD),2027,6033cbc86136e6f66151c688,Ground Clearance (mm),170,spec-table
ContactCars,https://www.contactcars.com/en/new-cars/hyundai-tucson/271abc86c3fb,"Fri, 25 Sep 2026 12:32:12 GMT",632a36bd622c4ae7b4ce6f7e422df2c2d84fc0fbfc05a319ca5b265b45978155,Hyundai,Tucson,,NLINE (AWD),2027,6244612fba30183d7791942e,Curb Weight (KG),"1,466",spec-table
ContactCars,https://www.contactcars.com/en/new-cars/hyundai-tucson/271abc86c3fb,"Fri, 25 Sep 2026 12:32:12 GMT",632a36bd622c4ae7b4ce6f7e422df2c2d84fc0fbfc05a319ca5b265b45978155,Hyundai,Tucson,,NLINE (AWD),2027,624443c0ba30183d77919424,Generation,4th,spec-table
ContactCars,https://www.contactcars.com/en/new-cars/hyundai-tucson/271abc86c3fb,"Fri, 25 Sep 2026 12:32:12 GMT",632a36bd622c4ae7b4ce6f7e422df2c2d84fc0fbfc05a319ca5b265b45978155,Hyundai,Tucson,,NLINE (AWD),2027,1b9f93607f48,Powertrain Type,ICE (Petrol),spec-table
ContactCars,https://www.contactcars.com/en/new-cars/hyundai-tucson/271abc86c3fb,"Fri, 25 Sep 2026 12:32:12 GMT",632a36bd622c4ae7b4ce6f7e422df2c2d84fc0fbfc05a319ca5b265b45978155,Hyundai,Tucson,,NLINE (AWD),2027,60199ad52a420993a3e82353,Combined Maximum Power (HP @ RPM),"180 / 5,500",spec-table
ContactCars,https://www.contactcars.com/en/new-cars/hyundai-tucson/271abc86c3fb,"Fri, 25 Sep 2026 12:32:12 GMT",632a36bd622c4ae7b4ce6f7e422df2c2d84fc0fbfc05a319ca5b265b45978155,Hyundai,Tucson,,NLINE (AWD),2027,60199ad52a420993a3e82354,Combined Maximum Torque (N.m @ RPM),265  / 1500 - 4500,spec-table
ContactCars,https://www.contactcars.com/en/new-cars/hyundai-tucson/271abc86c3fb,"Fri, 25 Sep 2026 12:32:12 GMT",632a36bd622c4ae7b4ce6f7e422df2c2d84fc0fbfc05a319ca5b265b45978155,Hyundai,Tucson,,NLINE (AWD),2027,60199ad52a420993a3e82359,Fuel Tank Capacity (Litre),54,spec-table
ContactCars,https://www.contactcars.com/en/new-cars/hyundai-tucson/271abc86c3fb,"Fri, 25 Sep 2026 12:32:12 GMT",632a36bd622c4ae7b4ce6f7e422df2c2d84fc0fbfc05a319ca5b265b45978155,Hyundai,Tucson,,NLINE (AWD),2027,60199ad52a420993a3e82356,Combined Fuel/Energy Consumption (Liter/100 KM),6٫1,spec-table
ContactCars,https://www.contactcars.com/en/new-cars/hyundai-tucson/271abc86c3fb,"Fri, 25 Sep 2026 12:32:12 GMT",632a36bd622c4ae7b4ce6f7e422df2c2d84fc0fbfc05a319ca5b265b45978155,Hyundai,Tucson,,NLINE (AWD),2027,bc8f5919d91f,Engine Type,Inline-4,spec-table
ContactCars,https://www.contactcars.com/en/new-cars/hyundai-tucson/271abc86c3fb,"Fri, 25 Sep 2026 12:32:12 GMT",632a36bd622c4ae7b4ce6f7e422df2c2d84fc0fbfc05a319ca5b265b45978155,Hyundai,Tucson,,NLINE (AWD),2027,0922a30a7f46,Engine Function,Drive Wheels,spec-table
ContactCars,https://www.contactcars.com/en/new-cars/hyundai-tucson/271abc86c3fb,"Fri, 25 Sep 2026 12:32:12 GMT",632a36bd622c4ae7b4ce6f7e422df2c2d84fc0fbfc05a319ca5b265b45978155,Hyundai,Tucson,,NLINE (AWD),2027,60199ad52a420993a3e82352,Cylinders,4,spec-table
ContactCars,https://www.contactcars.com/en/new-cars/hyundai-tucson/271abc86c3fb,"Fri, 25 Sep 2026 12:32:12 GMT",632a36bd622c4ae7b4ce6f7e422df2c2d84fc0fbfc05a319ca5b265b45978155,Hyundai,Tucson,,NLINE (AWD),2027,62445feaba30183d7791942d,Engine Capacity (CC),1600,spec-table
ContactCars,https://www.contactcars.com/en/new-cars/hyundai-tucson/271abc86c3fb,"Fri, 25 Sep 2026 12:32:12 GMT",632a36bd622c4ae7b4ce6f7e422df2c2d84fc0fbfc05a319ca5b265b45978155,Hyundai,Tucson,,NLINE (AWD),2027,6244616cba30183d7791942f,Induction Type,Turbocharged,spec-table
ContactCars,https://www.contactcars.com/en/new-cars/hyundai-tucson/271abc86c3fb,"Fri, 25 Sep 2026 12:32:12 GMT",632a36bd622c4ae7b4ce6f7e422df2c2d84fc0fbfc05a319ca5b265b45978155,Hyundai,Tucson,,NLINE (AWD),2027,626916559ba5,Maximum Power Output (hp),180,spec-table
ContactCars,https://www.contactcars.com/en/new-cars/hyundai-tucson/271abc86c3fb,"Fri, 25 Sep 2026 12:32:12 GMT",632a36bd622c4ae7b4ce6f7e422df2c2d84fc0fbfc05a319ca5b265b45978155,Hyundai,Tucson,,NLINE (AWD),2027,60d3a866c259,Maximum Torque (Nm),265,spec-table
ContactCars,https://www.contactcars.com/en/new-cars/hyundai-tucson/271abc86c3fb,"Fri, 25 Sep 2026 12:32:12 GMT",632a36bd622c4ae7b4ce6f7e422df2c2d84fc0fbfc05a319ca5b265b45978155,Hyundai,Tucson,,NLINE (AWD),2027,60199ad52a420993a3e82358,Recommend Fuel Grade,95,spec-table
ContactCars,https://www.contactcars.com/en/new-cars/hyundai-tucson/271abc86c3fb,"Fri, 25 Sep 2026 12:32:12 GMT",632a36bd622c4ae7b4ce6f7e422df2c2d84fc0fbfc05a319ca5b265b45978155,Hyundai,Tucson,,NLINE (AWD),2027,62445f6cba30183d7791942c,Engine Layout,Front,spec-table
ContactCars,https://www.contactcars.com/en/new-cars/hyundai-tucson/271abc86c3fb,"Fri, 25 Sep 2026 12:32:12 GMT",632a36bd622c4ae7b4ce6f7e422df2c2d84fc0fbfc05a319ca5b265b45978155,Hyundai,Tucson,,NLINE (AWD),2027,ae3798f5fd83,Drivetrain Type,4WD (Four-Wheel Drive),spec-table
ContactCars,https://www.contactcars.com/en/new-cars/hyundai-tucson/271abc86c3fb,"Fri, 25 Sep 2026 12:32:12 GMT",632a36bd622c4ae7b4ce6f7e422df2c2d84fc0fbfc05a319ca5b265b45978155,Hyundai,Tucson,,NLINE (AWD),2027,fd8d1904b500,Transmission Type,Automatic,spec-table
ContactCars,https://www.contactcars.com/en/new-cars/hyundai-tucson/271abc86c3fb,"Fri, 25 Sep 2026 12:32:12 GMT",632a36bd622c4ae7b4ce6f7e422df2c2d84fc0fbfc05a319ca5b265b45978155,Hyundai,Tucson,,NLINE (AWD),2027,5229867ce0fa,Transmission Technology,Dry DCT (Dual-Clutch Transmission),spec-table
ContactCars,https://www.contactcars.com/en/new-cars/hyundai-tucson/271abc86c3fb,"Fri, 25 Sep 2026 12:32:12 GMT",632a36bd622c4ae7b4ce6f7e422df2c2d84fc0fbfc05a319ca5b265b45978155,Hyundai,Tucson,,NLINE (AWD),2027,60199ad52a420993a3e8235a,Number of Gears,7,spec-table
ContactCars,https://www.contactcars.com/en/new-cars/hyundai-tucson/271abc86c3fb,"Fri, 25 Sep 2026 12:32:12 GMT",632a36bd622c4ae7b4ce6f7e422df2c2d84fc0fbfc05a319ca5b265b45978155,Hyundai,Tucson,,NLINE (AWD),2027,60199ad52a420993a3e82385,Steering Wheel,Line N ,spec-table
ContactCars,https://www.contactcars.com/en/new-cars/hyundai-tucson/271abc86c3fb,"Fri, 25 Sep 2026 12:32:12 GMT",632a36bd622c4ae7b4ce6f7e422df2c2d84fc0fbfc05a319ca5b265b45978155,Hyundai,Tucson,,NLINE (AWD),2027,60199ad52a420993a3e8235d,Power Steering Type,Electric,spec-table
ContactCars,https://www.contactcars.com/en/new-cars/hyundai-tucson/271abc86c3fb,"Fri, 25 Sep 2026 12:32:12 GMT",632a36bd622c4ae7b4ce6f7e422df2c2d84fc0fbfc05a319ca5b265b45978155,Hyundai,Tucson,,NLINE (AWD),2027,602fa37cd768,Steering Adjustment Ops,Manual,spec-table
ContactCars,https://www.contactcars.com/en/new-cars/hyundai-tucson/271abc86c3fb,"Fri, 25 Sep 2026 12:32:12 GMT",632a36bd622c4ae7b4ce6f7e422df2c2d84fc0fbfc05a319ca5b265b45978155,Hyundai,Tucson,,NLINE (AWD),2027,7c8ae7912edf,Steering Modes,"Comfort, Sport, Normal, Eco",spec-table
ContactCars,https://www.contactcars.com/en/new-cars/hyundai-tucson/271abc86c3fb,"Fri, 25 Sep 2026 12:32:12 GMT",632a36bd622c4ae7b4ce6f7e422df2c2d84fc0fbfc05a319ca5b265b45978155,Hyundai,Tucson,,NLINE (AWD),2027,e78c472170c2,Front Suspension Type,MacPherson,spec-table
ContactCars,https://www.contactcars.com/en/new-cars/hyundai-tucson/271abc86c3fb,"Fri, 25 Sep 2026 12:32:12 GMT",632a36bd622c4ae7b4ce6f7e422df2c2d84fc0fbfc05a319ca5b265b45978155,Hyundai,Tucson,,NLINE (AWD),2027,d7a33f9ff1ff,Rear Suspension Type,Multi-Link,spec-table
ContactCars,https://www.contactcars.com/en/new-cars/hyundai-tucson/271abc86c3fb,"Fri, 25 Sep 2026 12:32:12 GMT",632a36bd622c4ae7b4ce6f7e422df2c2d84fc0fbfc05a319ca5b265b45978155,Hyundai,Tucson,,NLINE (AWD),2027,58f344b6ff55,Front Brakes Type,Ventilated Disc Brakes,spec-table
ContactCars,https://www.contactcars.com/en/new-cars/hyundai-tucson/271abc86c3fb,"Fri, 25 Sep 2026 12:32:12 GMT",632a36bd622c4ae7b4ce6f7e422df2c2d84fc0fbfc05a319ca5b265b45978155,Hyundai,Tucson,,NLINE (AWD),2027,eb24327dbe4e,Rear Brakes Type,Solid Disc Brakes,spec-table
ContactCars,https://www.contactcars.com/en/new-cars/hyundai-tucson/271abc86c3fb,"Fri, 25 Sep 2026 12:32:12 GMT",632a36bd622c4ae7b4ce6f7e422df2c2d84fc0fbfc05a319ca5b265b45978155,Hyundai,Tucson,,NLINE (AWD),2027,4ed8405e7e5b,Hand Brake Type,Electronic,spec-table
ContactCars,https://www.contactcars.com/en/new-cars/hyundai-tucson/271abc86c3fb,"Fri, 25 Sep 2026 12:32:12 GMT",632a36bd622c4ae7b4ce6f7e422df2c2d84fc0fbfc05a319ca5b265b45978155,Hyundai,Tucson,,NLINE (AWD),2027,d4b30096d663,Wheel Type,Dual Tone Alloy,spec-table
ContactCars,https://www.contactcars.com/en/new-cars/hyundai-tucson/271abc86c3fb,"Fri, 25 Sep 2026 12:32:12 GMT",632a36bd622c4ae7b4ce6f7e422df2c2d84fc0fbfc05a319ca5b265b45978155,Hyundai,Tucson,,NLINE (AWD),2027,1831c41b7b17,Front Wheel Size,19,spec-table
ContactCars,https://www.contactcars.com/en/new-cars/hyundai-tucson/271abc86c3fb,"Fri, 25 Sep 2026 12:32:12 GMT",632a36bd622c4ae7b4ce6f7e422df2c2d84fc0fbfc05a319ca5b265b45978155,Hyundai,Tucson,,NLINE (AWD),2027,1f4797b49117,Rear Wheel Size,19,spec-table
ContactCars,https://www.contactcars.com/en/new-cars/hyundai-tucson/271abc86c3fb,"Fri, 25 Sep 2026 12:32:12 GMT",632a36bd622c4ae7b4ce6f7e422df2c2d84fc0fbfc05a319ca5b265b45978155,Hyundai,Tucson,,NLINE (AWD),2027,60199ad52a420993a3e82372,Front Tire Size,235/50 R20,spec-table
ContactCars,https://www.contactcars.com/en/new-cars/hyundai-tucson/271abc86c3fb,"Fri, 25 Sep 2026 12:32:12 GMT",632a36bd622c4ae7b4ce6f7e422df2c2d84fc0fbfc05a319ca5b265b45978155,Hyundai,Tucson,,NLINE (AWD),2027,2076fe4abba4,Rear Tire Size,235/50 R20,spec-table
ContactCars,https://www.contactcars.com/en/new-cars/hyundai-tucson/271abc86c3fb,"Fri, 25 Sep 2026 12:32:12 GMT",632a36bd622c4ae7b4ce6f7e422df2c2d84fc0fbfc05a319ca5b265b45978155,Hyundai,Tucson,,NLINE (AWD),2027,cb68666c87e5,Tire Type,All-Season,spec-table
ContactCars,https://www.contactcars.com/en/new-cars/hyundai-tucson/271abc86c3fb,"Fri, 25 Sep 2026 12:32:12 GMT",632a36bd622c4ae7b4ce6f7e422df2c2d84fc0fbfc05a319ca5b265b45978155,Hyundai,Tucson,,NLINE (AWD),2027,ba2239f5bba2,IIHS Results,Top Safety Pick+,spec-table
ContactCars,https://www.contactcars.com/en/new-cars/hyundai-tucson/271abc86c3fb,"Fri, 25 Sep 2026 12:32:12 GMT",632a36bd622c4ae7b4ce6f7e422df2c2d84fc0fbfc05a319ca5b265b45978155,Hyundai,Tucson,,NLINE (AWD),2027,56a59f46e398,Euro NCAP Results,5,spec-table
ContactCars,https://www.contactcars.com/en/new-cars/hyundai-tucson/271abc86c3fb,"Fri, 25 Sep 2026 12:32:12 GMT",632a36bd622c4ae7b4ce6f7e422df2c2d84fc0fbfc05a319ca5b265b45978155,Hyundai,Tucson,,NLINE (AWD),2027,60199ad52a420993a3e8236a,Airbag Count,6,spec-table
ContactCars,https://www.contactcars.com/en/new-cars/hyundai-tucson/271abc86c3fb,"Fri, 25 Sep 2026 12:32:12 GMT",632a36bd622c4ae7b4ce6f7e422df2c2d84fc0fbfc05a319ca5b265b45978155,Hyundai,Tucson,,NLINE (AWD),2027,72fbbbfbb11f,Seat Upholestry,Leather with Alcantara,spec-table
ContactCars,https://www.contactcars.com/en/new-cars/hyundai-tucson/271abc86c3fb,"Fri, 25 Sep 2026 12:32:12 GMT",632a36bd622c4ae7b4ce6f7e422df2c2d84fc0fbfc05a319ca5b265b45978155,Hyundai,Tucson,,NLINE (AWD),2027,40e24a4a83e0,Gearbox Selector,Shift By Wire,spec-table
ContactCars,https://www.contactcars.com/en/new-cars/hyundai-tucson/271abc86c3fb,"Fri, 25 Sep 2026 12:32:12 GMT",632a36bd622c4ae7b4ce6f7e422df2c2d84fc0fbfc05a319ca5b265b45978155,Hyundai,Tucson,,NLINE (AWD),2027,60199ad52a420993a3e82383,Ambient Lighting,Multi Color,spec-table
ContactCars,https://www.contactcars.com/en/new-cars/hyundai-tucson/271abc86c3fb,"Fri, 25 Sep 2026 12:32:12 GMT",632a36bd622c4ae7b4ce6f7e422df2c2d84fc0fbfc05a319ca5b265b45978155,Hyundai,Tucson,,NLINE (AWD),2027,60199ad52a420993a3e8238f,Driver Seat,Electric With Memory,spec-table
ContactCars,https://www.contactcars.com/en/new-cars/hyundai-tucson/271abc86c3fb,"Fri, 25 Sep 2026 12:32:12 GMT",632a36bd622c4ae7b4ce6f7e422df2c2d84fc0fbfc05a319ca5b265b45978155,Hyundai,Tucson,,NLINE (AWD),2027,60199ad52a420993a3e8239d,Infotainment Display Size,12٫3,spec-table
ContactCars,https://www.contactcars.com/en/new-cars/hyundai-tucson/271abc86c3fb,"Fri, 25 Sep 2026 12:32:12 GMT",632a36bd622c4ae7b4ce6f7e422df2c2d84fc0fbfc05a319ca5b265b45978155,Hyundai,Tucson,,NLINE (AWD),2027,60199ad52a420993a3e8237c,Instrument Cluster Type,Digital,spec-table
ContactCars,https://www.contactcars.com/en/new-cars/hyundai-tucson/271abc86c3fb,"Fri, 25 Sep 2026 12:32:12 GMT",632a36bd622c4ae7b4ce6f7e422df2c2d84fc0fbfc05a319ca5b265b45978155,Hyundai,Tucson,,NLINE (AWD),2027,75fe2b7d7bc2,Instrument Cluster Size,12٫3,spec-table
ContactCars,https://www.contactcars.com/en/new-cars/hyundai-tucson/271abc86c3fb,"Fri, 25 Sep 2026 12:32:12 GMT",632a36bd622c4ae7b4ce6f7e422df2c2d84fc0fbfc05a319ca5b265b45978155,Hyundai,Tucson,,NLINE (AWD),2027,60199ad52a420993a3e8239c,Smartphone Integration,Android Auto/Apple Car Play,spec-table
ContactCars,https://www.contactcars.com/en/new-cars/hyundai-tucson/271abc86c3fb,"Fri, 25 Sep 2026 12:32:12 GMT",632a36bd622c4ae7b4ce6f7e422df2c2d84fc0fbfc05a319ca5b265b45978155,Hyundai,Tucson,,NLINE (AWD),2027,60199ad52a420993a3e823a2,Number of Speakers,7,spec-table
ContactCars,https://www.contactcars.com/en/new-cars/hyundai-tucson/271abc86c3fb,"Fri, 25 Sep 2026 12:32:12 GMT",632a36bd622c4ae7b4ce6f7e422df2c2d84fc0fbfc05a319ca5b265b45978155,Hyundai,Tucson,,NLINE (AWD),2027,872802aacccf,Sound System Brand,BOSE,spec-table
ContactCars,https://www.contactcars.com/en/new-cars/hyundai-tucson/271abc86c3fb,"Fri, 25 Sep 2026 12:32:12 GMT",632a36bd622c4ae7b4ce6f7e422df2c2d84fc0fbfc05a319ca5b265b45978155,Hyundai,Tucson,,NLINE (AWD),2027,60199ad52a420993a3e82376,Rims,19 inch N-Line alloy wheels ,spec-table
ContactCars,https://www.contactcars.com/en/new-cars/hyundai-tucson/271abc86c3fb,"Fri, 25 Sep 2026 12:32:12 GMT",632a36bd622c4ae7b4ce6f7e422df2c2d84fc0fbfc05a319ca5b265b45978155,Hyundai,Tucson,,NLINE (AWD),2027,60199ad52a420993a3e8236d,Headlamps,Matrix LED,spec-table
ContactCars,https://www.contactcars.com/en/new-cars/hyundai-tucson/271abc86c3fb,"Fri, 25 Sep 2026 12:32:12 GMT",632a36bd622c4ae7b4ce6f7e422df2c2d84fc0fbfc05a319ca5b265b45978155,Hyundai,Tucson,,NLINE (AWD),2027,60199ad52a420993a3e8236e,Tail Lights,LED,spec-table
ContactCars,https://www.contactcars.com/en/new-cars/hyundai-tucson/271abc86c3fb,"Fri, 25 Sep 2026 12:32:12 GMT",632a36bd622c4ae7b4ce6f7e422df2c2d84fc0fbfc05a319ca5b265b45978155,Hyundai,Tucson,,NLINE (AWD),2027,62448521ba30183d77919447,Body Stitching,تجهيزات رياضية خارجية Package® Line N,spec-table
ContactCars,https://www.contactcars.com/en/new-cars/hyundai-tucson/271abc86c3fb,"Fri, 25 Sep 2026 12:32:12 GMT",632a36bd622c4ae7b4ce6f7e422df2c2d84fc0fbfc05a319ca5b265b45978155,Hyundai,Tucson,,NLINE (AWD),2027,62d57953644fb1f973ba7c3d,Additional Colors,رمادي لؤلؤي إيكوترونيك، برتقالي جوبيتر، فضي لامع، أحمر ألتيميت، أبيض سيرينيتي، أسود أبيس، أخضر لؤلؤي سبيرز، أحمر إنجن، أزرق لؤلؤي سالينج،  ,spec-table
ContactCars,https://www.contactcars.com/en/new-cars/hyundai-tucson/271abc86c3fb,"Fri, 25 Sep 2026 12:32:12 GMT",632a36bd622c4ae7b4ce6f7e422df2c2d84fc0fbfc05a319ca5b265b45978155,Hyundai,Tucson,,NLINE (AWD),2027,62a5f51c3b190c24efacbe38,Basic Vehicle Warranty,"5 years or 100,000 KM",spec-table
ContactCars,https://www.contactcars.com/en/new-cars/hyundai-tucson/2f2b8263b3e0,"Fri, 25 Sep 2026 12:32:13 GMT",dd7037c04cac327b0600e0c13ac990346ef2e383973623fa6de2fb7d4ccac8ec,Hyundai,Tucson,,REDLINE,2027,jsonld:offer_price_egp,offer_price_egp,2050000,json-ld
ContactCars,https://www.contactcars.com/en/new-cars/hyundai-tucson/2f2b8263b3e0,"Fri, 25 Sep 2026 12:32:13 GMT",dd7037c04cac327b0600e0c13ac990346ef2e383973623fa6de2fb7d4ccac8ec,Hyundai,Tucson,,REDLINE,2027,jsonld:fuelType,fuelType,Gas,json-ld
ContactCars,https://www.contactcars.com/en/new-cars/hyundai-tucson/2f2b8263b3e0,"Fri, 25 Sep 2026 12:32:13 GMT",dd7037c04cac327b0600e0c13ac990346ef2e383973623fa6de2fb7d4ccac8ec,Hyundai,Tucson,,REDLINE,2027,jsonld:engineDisplacement,engineDisplacement,1600,json-ld
ContactCars,https://www.contactcars.com/en/new-cars/hyundai-tucson/2f2b8263b3e0,"Fri, 25 Sep 2026 12:32:13 GMT",dd7037c04cac327b0600e0c13ac990346ef2e383973623fa6de2fb7d4ccac8ec,Hyundai,Tucson,,REDLINE,2027,jsonld:vehicleTransmission,vehicleTransmission,Dual Clutch,json-ld
ContactCars,https://www.contactcars.com/en/new-cars/hyundai-tucson/2f2b8263b3e0,"Fri, 25 Sep 2026 12:32:13 GMT",dd7037c04cac327b0600e0c13ac990346ef2e383973623fa6de2fb7d4ccac8ec,Hyundai,Tucson,,REDLINE,2027,jsonld:bodyType,bodyType,SUV,json-ld
ContactCars,https://www.contactcars.com/en/new-cars/hyundai-tucson/2f2b8263b3e0,"Fri, 25 Sep 2026 12:32:13 GMT",dd7037c04cac327b0600e0c13ac990346ef2e383973623fa6de2fb7d4ccac8ec,Hyundai,Tucson,,REDLINE,2027,jsonld:assembly_country,assembly_country,Czechia,json-ld
ContactCars,https://www.contactcars.com/en/new-cars/hyundai-tucson/2f2b8263b3e0,"Fri, 25 Sep 2026 12:32:13 GMT",dd7037c04cac327b0600e0c13ac990346ef2e383973623fa6de2fb7d4ccac8ec,Hyundai,Tucson,,REDLINE,2027,1cff89624677,Vehicle Size Class,Compact,spec-table
ContactCars,https://www.contactcars.com/en/new-cars/hyundai-tucson/2f2b8263b3e0,"Fri, 25 Sep 2026 12:32:13 GMT",dd7037c04cac327b0600e0c13ac990346ef2e383973623fa6de2fb7d4ccac8ec,Hyundai,Tucson,,REDLINE,2027,5bedd1146e88,Body Style,SUV,spec-table
ContactCars,https://www.contactcars.com/en/new-cars/hyundai-tucson/2f2b8263b3e0,"Fri, 25 Sep 2026 12:32:13 GMT",dd7037c04cac327b0600e0c13ac990346ef2e383973623fa6de2fb7d4ccac8ec,Hyundai,Tucson,,REDLINE,2027,13a10f395a87,Number of Doors,5,spec-table
ContactCars,https://www.contactcars.com/en/new-cars/hyundai-tucson/2f2b8263b3e0,"Fri, 25 Sep 2026 12:32:13 GMT",dd7037c04cac327b0600e0c13ac990346ef2e383973623fa6de2fb7d4ccac8ec,Hyundai,Tucson,,REDLINE,2027,60199ad52a420993a3e82387,Number of Seats,5,spec-table
ContactCars,https://www.contactcars.com/en/new-cars/hyundai-tucson/2f2b8263b3e0,"Fri, 25 Sep 2026 12:32:13 GMT",dd7037c04cac327b0600e0c13ac990346ef2e383973623fa6de2fb7d4ccac8ec,Hyundai,Tucson,,REDLINE,2027,60199ad52a420993a3e823a4,Rear Trunk Capacity (Liter),503,spec-table
ContactCars,https://www.contactcars.com/en/new-cars/hyundai-tucson/2f2b8263b3e0,"Fri, 25 Sep 2026 12:32:13 GMT",dd7037c04cac327b0600e0c13ac990346ef2e383973623fa6de2fb7d4ccac8ec,Hyundai,Tucson,,REDLINE,2027,2cd960af118a,"Rear Trunk Capacity, Seats Folded (Liter)",1799,spec-table
ContactCars,https://www.contactcars.com/en/new-cars/hyundai-tucson/2f2b8263b3e0,"Fri, 25 Sep 2026 12:32:13 GMT",dd7037c04cac327b0600e0c13ac990346ef2e383973623fa6de2fb7d4ccac8ec,Hyundai,Tucson,,REDLINE,2027,603647429f57461ab1a74148,Length (mm),4510,spec-table
ContactCars,https://www.contactcars.com/en/new-cars/hyundai-tucson/2f2b8263b3e0,"Fri, 25 Sep 2026 12:32:13 GMT",dd7037c04cac327b0600e0c13ac990346ef2e383973623fa6de2fb7d4ccac8ec,Hyundai,Tucson,,REDLINE,2027,6036477d9f57461ab1a74149,Width (mm),1865,spec-table
ContactCars,https://www.contactcars.com/en/new-cars/hyundai-tucson/2f2b8263b3e0,"Fri, 25 Sep 2026 12:32:13 GMT",dd7037c04cac327b0600e0c13ac990346ef2e383973623fa6de2fb7d4ccac8ec,Hyundai,Tucson,,REDLINE,2027,603647a49f57461ab1a7414a,Height (mm),1650,spec-table
ContactCars,https://www.contactcars.com/en/new-cars/hyundai-tucson/2f2b8263b3e0,"Fri, 25 Sep 2026 12:32:13 GMT",dd7037c04cac327b0600e0c13ac990346ef2e383973623fa6de2fb7d4ccac8ec,Hyundai,Tucson,,REDLINE,2027,6033cae86136e6f66151c687,Wheelbase (mm),2680,spec-table
ContactCars,https://www.contactcars.com/en/new-cars/hyundai-tucson/2f2b8263b3e0,"Fri, 25 Sep 2026 12:32:13 GMT",dd7037c04cac327b0600e0c13ac990346ef2e383973623fa6de2fb7d4ccac8ec,Hyundai,Tucson,,REDLINE,2027,6033cbc86136e6f66151c688,Ground Clearance (mm),170,spec-table
ContactCars,https://www.contactcars.com/en/new-cars/hyundai-tucson/2f2b8263b3e0,"Fri, 25 Sep 2026 12:32:13 GMT",dd7037c04cac327b0600e0c13ac990346ef2e383973623fa6de2fb7d4ccac8ec,Hyundai,Tucson,,REDLINE,2027,6244612fba30183d7791942e,Curb Weight (KG),"1,466",spec-table
ContactCars,https://www.contactcars.com/en/new-cars/hyundai-tucson/2f2b8263b3e0,"Fri, 25 Sep 2026 12:32:13 GMT",dd7037c04cac327b0600e0c13ac990346ef2e383973623fa6de2fb7d4ccac8ec,Hyundai,Tucson,,REDLINE,2027,624443c0ba30183d77919424,Generation,4th,spec-table
ContactCars,https://www.contactcars.com/en/new-cars/hyundai-tucson/2f2b8263b3e0,"Fri, 25 Sep 2026 12:32:13 GMT",dd7037c04cac327b0600e0c13ac990346ef2e383973623fa6de2fb7d4ccac8ec,Hyundai,Tucson,,REDLINE,2027,1b9f93607f48,Powertrain Type,ICE (Petrol),spec-table
ContactCars,https://www.contactcars.com/en/new-cars/hyundai-tucson/2f2b8263b3e0,"Fri, 25 Sep 2026 12:32:13 GMT",dd7037c04cac327b0600e0c13ac990346ef2e383973623fa6de2fb7d4ccac8ec,Hyundai,Tucson,,REDLINE,2027,60199ad52a420993a3e82353,Combined Maximum Power (HP @ RPM),"180 / 5,500",spec-table
ContactCars,https://www.contactcars.com/en/new-cars/hyundai-tucson/2f2b8263b3e0,"Fri, 25 Sep 2026 12:32:13 GMT",dd7037c04cac327b0600e0c13ac990346ef2e383973623fa6de2fb7d4ccac8ec,Hyundai,Tucson,,REDLINE,2027,60199ad52a420993a3e82354,Combined Maximum Torque (N.m @ RPM),265  / 1500 - 4500,spec-table
ContactCars,https://www.contactcars.com/en/new-cars/hyundai-tucson/2f2b8263b3e0,"Fri, 25 Sep 2026 12:32:13 GMT",dd7037c04cac327b0600e0c13ac990346ef2e383973623fa6de2fb7d4ccac8ec,Hyundai,Tucson,,REDLINE,2027,60199ad52a420993a3e82359,Fuel Tank Capacity (Litre),54,spec-table
ContactCars,https://www.contactcars.com/en/new-cars/hyundai-tucson/2f2b8263b3e0,"Fri, 25 Sep 2026 12:32:13 GMT",dd7037c04cac327b0600e0c13ac990346ef2e383973623fa6de2fb7d4ccac8ec,Hyundai,Tucson,,REDLINE,2027,60199ad52a420993a3e82356,Combined Fuel/Energy Consumption (Liter/100 KM),6٫1,spec-table
ContactCars,https://www.contactcars.com/en/new-cars/hyundai-tucson/2f2b8263b3e0,"Fri, 25 Sep 2026 12:32:13 GMT",dd7037c04cac327b0600e0c13ac990346ef2e383973623fa6de2fb7d4ccac8ec,Hyundai,Tucson,,REDLINE,2027,bc8f5919d91f,Engine Type,Inline-4,spec-table
ContactCars,https://www.contactcars.com/en/new-cars/hyundai-tucson/2f2b8263b3e0,"Fri, 25 Sep 2026 12:32:13 GMT",dd7037c04cac327b0600e0c13ac990346ef2e383973623fa6de2fb7d4ccac8ec,Hyundai,Tucson,,REDLINE,2027,0922a30a7f46,Engine Function,Drive Wheels,spec-table
ContactCars,https://www.contactcars.com/en/new-cars/hyundai-tucson/2f2b8263b3e0,"Fri, 25 Sep 2026 12:32:13 GMT",dd7037c04cac327b0600e0c13ac990346ef2e383973623fa6de2fb7d4ccac8ec,Hyundai,Tucson,,REDLINE,2027,60199ad52a420993a3e82352,Cylinders,4,spec-table
ContactCars,https://www.contactcars.com/en/new-cars/hyundai-tucson/2f2b8263b3e0,"Fri, 25 Sep 2026 12:32:13 GMT",dd7037c04cac327b0600e0c13ac990346ef2e383973623fa6de2fb7d4ccac8ec,Hyundai,Tucson,,REDLINE,2027,62445feaba30183d7791942d,Engine Capacity (CC),1600,spec-table
ContactCars,https://www.contactcars.com/en/new-cars/hyundai-tucson/2f2b8263b3e0,"Fri, 25 Sep 2026 12:32:13 GMT",dd7037c04cac327b0600e0c13ac990346ef2e383973623fa6de2fb7d4ccac8ec,Hyundai,Tucson,,REDLINE,2027,6244616cba30183d7791942f,Induction Type,Turbocharged,spec-table
ContactCars,https://www.contactcars.com/en/new-cars/hyundai-tucson/2f2b8263b3e0,"Fri, 25 Sep 2026 12:32:13 GMT",dd7037c04cac327b0600e0c13ac990346ef2e383973623fa6de2fb7d4ccac8ec,Hyundai,Tucson,,REDLINE,2027,62445f6cba30183d7791942c,Engine Layout,Front,spec-table
ContactCars,https://www.contactcars.com/en/new-cars/hyundai-tucson/2f2b8263b3e0,"Fri, 25 Sep 2026 12:32:13 GMT",dd7037c04cac327b0600e0c13ac990346ef2e383973623fa6de2fb7d4ccac8ec,Hyundai,Tucson,,REDLINE,2027,ae3798f5fd83,Drivetrain Type,FWD (Front-Wheel Drive),spec-table
ContactCars,https://www.contactcars.com/en/new-cars/hyundai-tucson/2f2b8263b3e0,"Fri, 25 Sep 2026 12:32:13 GMT",dd7037c04cac327b0600e0c13ac990346ef2e383973623fa6de2fb7d4ccac8ec,Hyundai,Tucson,,REDLINE,2027,fd8d1904b500,Transmission Type,Automatic,spec-table
ContactCars,https://www.contactcars.com/en/new-cars/hyundai-tucson/2f2b8263b3e0,"Fri, 25 Sep 2026 12:32:13 GMT",dd7037c04cac327b0600e0c13ac990346ef2e383973623fa6de2fb7d4ccac8ec,Hyundai,Tucson,,REDLINE,2027,5229867ce0fa,Transmission Technology,Dry DCT (Dual-Clutch Transmission),spec-table
ContactCars,https://www.contactcars.com/en/new-cars/hyundai-tucson/2f2b8263b3e0,"Fri, 25 Sep 2026 12:32:13 GMT",dd7037c04cac327b0600e0c13ac990346ef2e383973623fa6de2fb7d4ccac8ec,Hyundai,Tucson,,REDLINE,2027,60199ad52a420993a3e8235a,Number of Gears,7,spec-table
ContactCars,https://www.contactcars.com/en/new-cars/hyundai-tucson/2f2b8263b3e0,"Fri, 25 Sep 2026 12:32:13 GMT",dd7037c04cac327b0600e0c13ac990346ef2e383973623fa6de2fb7d4ccac8ec,Hyundai,Tucson,,REDLINE,2027,60199ad52a420993a3e82385,Steering Wheel,Leather 4 Spoke,spec-table
ContactCars,https://www.contactcars.com/en/new-cars/hyundai-tucson/2f2b8263b3e0,"Fri, 25 Sep 2026 12:32:13 GMT",dd7037c04cac327b0600e0c13ac990346ef2e383973623fa6de2fb7d4ccac8ec,Hyundai,Tucson,,REDLINE,2027,60199ad52a420993a3e8235d,Power Steering Type,Electric,spec-table
ContactCars,https://www.contactcars.com/en/new-cars/hyundai-tucson/2f2b8263b3e0,"Fri, 25 Sep 2026 12:32:13 GMT",dd7037c04cac327b0600e0c13ac990346ef2e383973623fa6de2fb7d4ccac8ec,Hyundai,Tucson,,REDLINE,2027,602fa37cd768,Steering Adjustment Ops,Manual,spec-table
ContactCars,https://www.contactcars.com/en/new-cars/hyundai-tucson/2f2b8263b3e0,"Fri, 25 Sep 2026 12:32:13 GMT",dd7037c04cac327b0600e0c13ac990346ef2e383973623fa6de2fb7d4ccac8ec,Hyundai,Tucson,,REDLINE,2027,7c8ae7912edf,Steering Modes,"Comfort, Sport, Normal, Eco",spec-table
ContactCars,https://www.contactcars.com/en/new-cars/hyundai-tucson/2f2b8263b3e0,"Fri, 25 Sep 2026 12:32:13 GMT",dd7037c04cac327b0600e0c13ac990346ef2e383973623fa6de2fb7d4ccac8ec,Hyundai,Tucson,,REDLINE,2027,e78c472170c2,Front Suspension Type,MacPherson,spec-table
ContactCars,https://www.contactcars.com/en/new-cars/hyundai-tucson/2f2b8263b3e0,"Fri, 25 Sep 2026 12:32:13 GMT",dd7037c04cac327b0600e0c13ac990346ef2e383973623fa6de2fb7d4ccac8ec,Hyundai,Tucson,,REDLINE,2027,d7a33f9ff1ff,Rear Suspension Type,Multi-Link,spec-table
ContactCars,https://www.contactcars.com/en/new-cars/hyundai-tucson/2f2b8263b3e0,"Fri, 25 Sep 2026 12:32:13 GMT",dd7037c04cac327b0600e0c13ac990346ef2e383973623fa6de2fb7d4ccac8ec,Hyundai,Tucson,,REDLINE,2027,58f344b6ff55,Front Brakes Type,Ventilated Disc Brakes,spec-table
ContactCars,https://www.contactcars.com/en/new-cars/hyundai-tucson/2f2b8263b3e0,"Fri, 25 Sep 2026 12:32:13 GMT",dd7037c04cac327b0600e0c13ac990346ef2e383973623fa6de2fb7d4ccac8ec,Hyundai,Tucson,,REDLINE,2027,eb24327dbe4e,Rear Brakes Type,Solid Disc Brakes,spec-table
ContactCars,https://www.contactcars.com/en/new-cars/hyundai-tucson/2f2b8263b3e0,"Fri, 25 Sep 2026 12:32:13 GMT",dd7037c04cac327b0600e0c13ac990346ef2e383973623fa6de2fb7d4ccac8ec,Hyundai,Tucson,,REDLINE,2027,4ed8405e7e5b,Hand Brake Type,Electronic,spec-table
ContactCars,https://www.contactcars.com/en/new-cars/hyundai-tucson/2f2b8263b3e0,"Fri, 25 Sep 2026 12:32:13 GMT",dd7037c04cac327b0600e0c13ac990346ef2e383973623fa6de2fb7d4ccac8ec,Hyundai,Tucson,,REDLINE,2027,d4b30096d663,Wheel Type,Alloy,spec-table
ContactCars,https://www.contactcars.com/en/new-cars/hyundai-tucson/2f2b8263b3e0,"Fri, 25 Sep 2026 12:32:13 GMT",dd7037c04cac327b0600e0c13ac990346ef2e383973623fa6de2fb7d4ccac8ec,Hyundai,Tucson,,REDLINE,2027,1831c41b7b17,Front Wheel Size,18,spec-table
ContactCars,https://www.contactcars.com/en/new-cars/hyundai-tucson/2f2b8263b3e0,"Fri, 25 Sep 2026 12:32:13 GMT",dd7037c04cac327b0600e0c13ac990346ef2e383973623fa6de2fb7d4ccac8ec,Hyundai,Tucson,,REDLINE,2027,1f4797b49117,Rear Wheel Size,18,spec-table
ContactCars,https://www.contactcars.com/en/new-cars/hyundai-tucson/2f2b8263b3e0,"Fri, 25 Sep 2026 12:32:13 GMT",dd7037c04cac327b0600e0c13ac990346ef2e383973623fa6de2fb7d4ccac8ec,Hyundai,Tucson,,REDLINE,2027,60199ad52a420993a3e82372,Front Tire Size,235 /55 R18,spec-table
ContactCars,https://www.contactcars.com/en/new-cars/hyundai-tucson/2f2b8263b3e0,"Fri, 25 Sep 2026 12:32:13 GMT",dd7037c04cac327b0600e0c13ac990346ef2e383973623fa6de2fb7d4ccac8ec,Hyundai,Tucson,,REDLINE,2027,2076fe4abba4,Rear Tire Size,235 /55 R18,spec-table
ContactCars,https://www.contactcars.com/en/new-cars/hyundai-tucson/2f2b8263b3e0,"Fri, 25 Sep 2026 12:32:13 GMT",dd7037c04cac327b0600e0c13ac990346ef2e383973623fa6de2fb7d4ccac8ec,Hyundai,Tucson,,REDLINE,2027,cb68666c87e5,Tire Type,All-Season,spec-table
ContactCars,https://www.contactcars.com/en/new-cars/hyundai-tucson/2f2b8263b3e0,"Fri, 25 Sep 2026 12:32:13 GMT",dd7037c04cac327b0600e0c13ac990346ef2e383973623fa6de2fb7d4ccac8ec,Hyundai,Tucson,,REDLINE,2027,ba2239f5bba2,IIHS Results,Top Safety Pick+,spec-table
ContactCars,https://www.contactcars.com/en/new-cars/hyundai-tucson/2f2b8263b3e0,"Fri, 25 Sep 2026 12:32:13 GMT",dd7037c04cac327b0600e0c13ac990346ef2e383973623fa6de2fb7d4ccac8ec,Hyundai,Tucson,,REDLINE,2027,56a59f46e398,Euro NCAP Results,5,spec-table
ContactCars,https://www.contactcars.com/en/new-cars/hyundai-tucson/2f2b8263b3e0,"Fri, 25 Sep 2026 12:32:13 GMT",dd7037c04cac327b0600e0c13ac990346ef2e383973623fa6de2fb7d4ccac8ec,Hyundai,Tucson,,REDLINE,2027,60199ad52a420993a3e8236a,Airbag Count,6,spec-table
ContactCars,https://www.contactcars.com/en/new-cars/hyundai-tucson/2f2b8263b3e0,"Fri, 25 Sep 2026 12:32:13 GMT",dd7037c04cac327b0600e0c13ac990346ef2e383973623fa6de2fb7d4ccac8ec,Hyundai,Tucson,,REDLINE,2027,72fbbbfbb11f,Seat Upholestry,Cloth,spec-table
ContactCars,https://www.contactcars.com/en/new-cars/hyundai-tucson/2f2b8263b3e0,"Fri, 25 Sep 2026 12:32:13 GMT",dd7037c04cac327b0600e0c13ac990346ef2e383973623fa6de2fb7d4ccac8ec,Hyundai,Tucson,,REDLINE,2027,40e24a4a83e0,Gearbox Selector,Shift By Wire,spec-table
ContactCars,https://www.contactcars.com/en/new-cars/hyundai-tucson/2f2b8263b3e0,"Fri, 25 Sep 2026 12:32:13 GMT",dd7037c04cac327b0600e0c13ac990346ef2e383973623fa6de2fb7d4ccac8ec,Hyundai,Tucson,,REDLINE,2027,60199ad52a420993a3e82383,Ambient Lighting,Multi Color,spec-table
ContactCars,https://www.contactcars.com/en/new-cars/hyundai-tucson/2f2b8263b3e0,"Fri, 25 Sep 2026 12:32:13 GMT",dd7037c04cac327b0600e0c13ac990346ef2e383973623fa6de2fb7d4ccac8ec,Hyundai,Tucson,,REDLINE,2027,60199ad52a420993a3e8238f,Driver Seat,Driver Seat Electric,spec-table
ContactCars,https://www.contactcars.com/en/new-cars/hyundai-tucson/2f2b8263b3e0,"Fri, 25 Sep 2026 12:32:13 GMT",dd7037c04cac327b0600e0c13ac990346ef2e383973623fa6de2fb7d4ccac8ec,Hyundai,Tucson,,REDLINE,2027,d9630e463440,Center Information Display,12٫3,spec-table
ContactCars,https://www.contactcars.com/en/new-cars/hyundai-tucson/2f2b8263b3e0,"Fri, 25 Sep 2026 12:32:13 GMT",dd7037c04cac327b0600e0c13ac990346ef2e383973623fa6de2fb7d4ccac8ec,Hyundai,Tucson,,REDLINE,2027,60199ad52a420993a3e8239d,Infotainment Display Size,12٫3,spec-table
ContactCars,https://www.contactcars.com/en/new-cars/hyundai-tucson/2f2b8263b3e0,"Fri, 25 Sep 2026 12:32:13 GMT",dd7037c04cac327b0600e0c13ac990346ef2e383973623fa6de2fb7d4ccac8ec,Hyundai,Tucson,,REDLINE,2027,60199ad52a420993a3e8237c,Instrument Cluster Type,Digital,spec-table
ContactCars,https://www.contactcars.com/en/new-cars/hyundai-tucson/2f2b8263b3e0,"Fri, 25 Sep 2026 12:32:13 GMT",dd7037c04cac327b0600e0c13ac990346ef2e383973623fa6de2fb7d4ccac8ec,Hyundai,Tucson,,REDLINE,2027,75fe2b7d7bc2,Instrument Cluster Size,12٫3,spec-table
ContactCars,https://www.contactcars.com/en/new-cars/hyundai-tucson/2f2b8263b3e0,"Fri, 25 Sep 2026 12:32:13 GMT",dd7037c04cac327b0600e0c13ac990346ef2e383973623fa6de2fb7d4ccac8ec,Hyundai,Tucson,,REDLINE,2027,60199ad52a420993a3e8239c,Smartphone Integration,Android Auto/Apple Car Play,spec-table
ContactCars,https://www.contactcars.com/en/new-cars/hyundai-tucson/2f2b8263b3e0,"Fri, 25 Sep 2026 12:32:13 GMT",dd7037c04cac327b0600e0c13ac990346ef2e383973623fa6de2fb7d4ccac8ec,Hyundai,Tucson,,REDLINE,2027,60199ad52a420993a3e823a2,Number of Speakers,6,spec-table
ContactCars,https://www.contactcars.com/en/new-cars/hyundai-tucson/2f2b8263b3e0,"Fri, 25 Sep 2026 12:32:13 GMT",dd7037c04cac327b0600e0c13ac990346ef2e383973623fa6de2fb7d4ccac8ec,Hyundai,Tucson,,REDLINE,2027,60199ad52a420993a3e8236d,Headlamps,LED,spec-table
ContactCars,https://www.contactcars.com/en/new-cars/hyundai-tucson/2f2b8263b3e0,"Fri, 25 Sep 2026 12:32:13 GMT",dd7037c04cac327b0600e0c13ac990346ef2e383973623fa6de2fb7d4ccac8ec,Hyundai,Tucson,,REDLINE,2027,60199ad52a420993a3e8236e,Tail Lights,LED,spec-table
ContactCars,https://www.contactcars.com/en/new-cars/hyundai-tucson/2f2b8263b3e0,"Fri, 25 Sep 2026 12:32:13 GMT",dd7037c04cac327b0600e0c13ac990346ef2e383973623fa6de2fb7d4ccac8ec,Hyundai,Tucson,,REDLINE,2027,62d57953644fb1f973ba7c3d,Additional Colors,رمادي لؤلؤي إيكوترونيك، برتقالي جوبيتر، فضي لامع، أحمر ألتيميت، أبيض سيرينيتي، أسود أبيس، أخضر لؤلؤي سبيرز، أحمر إنجن، أزرق لؤلؤي سالينج،  ,spec-table
ContactCars,https://www.contactcars.com/en/new-cars/hyundai-tucson/2f2b8263b3e0,"Fri, 25 Sep 2026 12:32:13 GMT",dd7037c04cac327b0600e0c13ac990346ef2e383973623fa6de2fb7d4ccac8ec,Hyundai,Tucson,,REDLINE,2027,62a5f51c3b190c24efacbe38,Basic Vehicle Warranty,5 سنوات أو 100 ألف كم ,spec-table
ContactCars,https://www.contactcars.com/en/new-cars/hyundai-tucson/646e5a7f690f,"Fri, 25 Sep 2026 12:32:15 GMT",b860e027d668040bf8148b5347bb4d588756462e94fc2a5211871a7a2c9a1750,Hyundai,Tucson,,NIGHT,2027,jsonld:offer_price_egp,offer_price_egp,2200000,json-ld
ContactCars,https://www.contactcars.com/en/new-cars/hyundai-tucson/646e5a7f690f,"Fri, 25 Sep 2026 12:32:15 GMT",b860e027d668040bf8148b5347bb4d588756462e94fc2a5211871a7a2c9a1750,Hyundai,Tucson,,NIGHT,2027,jsonld:fuelType,fuelType,Gas,json-ld
ContactCars,https://www.contactcars.com/en/new-cars/hyundai-tucson/646e5a7f690f,"Fri, 25 Sep 2026 12:32:15 GMT",b860e027d668040bf8148b5347bb4d588756462e94fc2a5211871a7a2c9a1750,Hyundai,Tucson,,NIGHT,2027,jsonld:engineDisplacement,engineDisplacement,1600,json-ld
ContactCars,https://www.contactcars.com/en/new-cars/hyundai-tucson/646e5a7f690f,"Fri, 25 Sep 2026 12:32:15 GMT",b860e027d668040bf8148b5347bb4d588756462e94fc2a5211871a7a2c9a1750,Hyundai,Tucson,,NIGHT,2027,jsonld:vehicleTransmission,vehicleTransmission,Dual Clutch,json-ld
ContactCars,https://www.contactcars.com/en/new-cars/hyundai-tucson/646e5a7f690f,"Fri, 25 Sep 2026 12:32:15 GMT",b860e027d668040bf8148b5347bb4d588756462e94fc2a5211871a7a2c9a1750,Hyundai,Tucson,,NIGHT,2027,jsonld:bodyType,bodyType,SUV,json-ld
ContactCars,https://www.contactcars.com/en/new-cars/hyundai-tucson/646e5a7f690f,"Fri, 25 Sep 2026 12:32:15 GMT",b860e027d668040bf8148b5347bb4d588756462e94fc2a5211871a7a2c9a1750,Hyundai,Tucson,,NIGHT,2027,jsonld:assembly_country,assembly_country,Czechia,json-ld
ContactCars,https://www.contactcars.com/en/new-cars/hyundai-tucson/646e5a7f690f,"Fri, 25 Sep 2026 12:32:15 GMT",b860e027d668040bf8148b5347bb4d588756462e94fc2a5211871a7a2c9a1750,Hyundai,Tucson,,NIGHT,2027,1cff89624677,Vehicle Size Class,Compact,spec-table
ContactCars,https://www.contactcars.com/en/new-cars/hyundai-tucson/646e5a7f690f,"Fri, 25 Sep 2026 12:32:15 GMT",b860e027d668040bf8148b5347bb4d588756462e94fc2a5211871a7a2c9a1750,Hyundai,Tucson,,NIGHT,2027,5bedd1146e88,Body Style,SUV,spec-table
ContactCars,https://www.contactcars.com/en/new-cars/hyundai-tucson/646e5a7f690f,"Fri, 25 Sep 2026 12:32:15 GMT",b860e027d668040bf8148b5347bb4d588756462e94fc2a5211871a7a2c9a1750,Hyundai,Tucson,,NIGHT,2027,13a10f395a87,Number of Doors,5,spec-table
ContactCars,https://www.contactcars.com/en/new-cars/hyundai-tucson/646e5a7f690f,"Fri, 25 Sep 2026 12:32:15 GMT",b860e027d668040bf8148b5347bb4d588756462e94fc2a5211871a7a2c9a1750,Hyundai,Tucson,,NIGHT,2027,60199ad52a420993a3e82387,Number of Seats,5,spec-table
ContactCars,https://www.contactcars.com/en/new-cars/hyundai-tucson/646e5a7f690f,"Fri, 25 Sep 2026 12:32:15 GMT",b860e027d668040bf8148b5347bb4d588756462e94fc2a5211871a7a2c9a1750,Hyundai,Tucson,,NIGHT,2027,60199ad52a420993a3e823a4,Rear Trunk Capacity (Liter),503,spec-table
ContactCars,https://www.contactcars.com/en/new-cars/hyundai-tucson/646e5a7f690f,"Fri, 25 Sep 2026 12:32:15 GMT",b860e027d668040bf8148b5347bb4d588756462e94fc2a5211871a7a2c9a1750,Hyundai,Tucson,,NIGHT,2027,2cd960af118a,"Rear Trunk Capacity, Seats Folded (Liter)",1799,spec-table
ContactCars,https://www.contactcars.com/en/new-cars/hyundai-tucson/646e5a7f690f,"Fri, 25 Sep 2026 12:32:15 GMT",b860e027d668040bf8148b5347bb4d588756462e94fc2a5211871a7a2c9a1750,Hyundai,Tucson,,NIGHT,2027,603647429f57461ab1a74148,Length (mm),4510,spec-table
ContactCars,https://www.contactcars.com/en/new-cars/hyundai-tucson/646e5a7f690f,"Fri, 25 Sep 2026 12:32:15 GMT",b860e027d668040bf8148b5347bb4d588756462e94fc2a5211871a7a2c9a1750,Hyundai,Tucson,,NIGHT,2027,6036477d9f57461ab1a74149,Width (mm),1865,spec-table
ContactCars,https://www.contactcars.com/en/new-cars/hyundai-tucson/646e5a7f690f,"Fri, 25 Sep 2026 12:32:15 GMT",b860e027d668040bf8148b5347bb4d588756462e94fc2a5211871a7a2c9a1750,Hyundai,Tucson,,NIGHT,2027,603647a49f57461ab1a7414a,Height (mm),1650,spec-table
ContactCars,https://www.contactcars.com/en/new-cars/hyundai-tucson/646e5a7f690f,"Fri, 25 Sep 2026 12:32:15 GMT",b860e027d668040bf8148b5347bb4d588756462e94fc2a5211871a7a2c9a1750,Hyundai,Tucson,,NIGHT,2027,6033cae86136e6f66151c687,Wheelbase (mm),2680,spec-table
ContactCars,https://www.contactcars.com/en/new-cars/hyundai-tucson/646e5a7f690f,"Fri, 25 Sep 2026 12:32:15 GMT",b860e027d668040bf8148b5347bb4d588756462e94fc2a5211871a7a2c9a1750,Hyundai,Tucson,,NIGHT,2027,6033cbc86136e6f66151c688,Ground Clearance (mm),170,spec-table
ContactCars,https://www.contactcars.com/en/new-cars/hyundai-tucson/646e5a7f690f,"Fri, 25 Sep 2026 12:32:15 GMT",b860e027d668040bf8148b5347bb4d588756462e94fc2a5211871a7a2c9a1750,Hyundai,Tucson,,NIGHT,2027,6244612fba30183d7791942e,Curb Weight (KG),"1,466",spec-table
ContactCars,https://www.contactcars.com/en/new-cars/hyundai-tucson/646e5a7f690f,"Fri, 25 Sep 2026 12:32:15 GMT",b860e027d668040bf8148b5347bb4d588756462e94fc2a5211871a7a2c9a1750,Hyundai,Tucson,,NIGHT,2027,624443c0ba30183d77919424,Generation,4th,spec-table
ContactCars,https://www.contactcars.com/en/new-cars/hyundai-tucson/646e5a7f690f,"Fri, 25 Sep 2026 12:32:15 GMT",b860e027d668040bf8148b5347bb4d588756462e94fc2a5211871a7a2c9a1750,Hyundai,Tucson,,NIGHT,2027,1b9f93607f48,Powertrain Type,ICE (Petrol),spec-table
ContactCars,https://www.contactcars.com/en/new-cars/hyundai-tucson/646e5a7f690f,"Fri, 25 Sep 2026 12:32:15 GMT",b860e027d668040bf8148b5347bb4d588756462e94fc2a5211871a7a2c9a1750,Hyundai,Tucson,,NIGHT,2027,60199ad52a420993a3e82353,Combined Maximum Power (HP @ RPM),"180 / 5,500",spec-table
ContactCars,https://www.contactcars.com/en/new-cars/hyundai-tucson/646e5a7f690f,"Fri, 25 Sep 2026 12:32:15 GMT",b860e027d668040bf8148b5347bb4d588756462e94fc2a5211871a7a2c9a1750,Hyundai,Tucson,,NIGHT,2027,60199ad52a420993a3e82354,Combined Maximum Torque (N.m @ RPM),265  / 1500 - 4500,spec-table
ContactCars,https://www.contactcars.com/en/new-cars/hyundai-tucson/646e5a7f690f,"Fri, 25 Sep 2026 12:32:15 GMT",b860e027d668040bf8148b5347bb4d588756462e94fc2a5211871a7a2c9a1750,Hyundai,Tucson,,NIGHT,2027,60199ad52a420993a3e82359,Fuel Tank Capacity (Litre),54,spec-table
ContactCars,https://www.contactcars.com/en/new-cars/hyundai-tucson/646e5a7f690f,"Fri, 25 Sep 2026 12:32:15 GMT",b860e027d668040bf8148b5347bb4d588756462e94fc2a5211871a7a2c9a1750,Hyundai,Tucson,,NIGHT,2027,60199ad52a420993a3e82356,Combined Fuel/Energy Consumption (Liter/100 KM),6٫1,spec-table
ContactCars,https://www.contactcars.com/en/new-cars/hyundai-tucson/646e5a7f690f,"Fri, 25 Sep 2026 12:32:15 GMT",b860e027d668040bf8148b5347bb4d588756462e94fc2a5211871a7a2c9a1750,Hyundai,Tucson,,NIGHT,2027,bc8f5919d91f,Engine Type,Inline-4,spec-table
ContactCars,https://www.contactcars.com/en/new-cars/hyundai-tucson/646e5a7f690f,"Fri, 25 Sep 2026 12:32:15 GMT",b860e027d668040bf8148b5347bb4d588756462e94fc2a5211871a7a2c9a1750,Hyundai,Tucson,,NIGHT,2027,0922a30a7f46,Engine Function,Drive Wheels,spec-table
ContactCars,https://www.contactcars.com/en/new-cars/hyundai-tucson/646e5a7f690f,"Fri, 25 Sep 2026 12:32:15 GMT",b860e027d668040bf8148b5347bb4d588756462e94fc2a5211871a7a2c9a1750,Hyundai,Tucson,,NIGHT,2027,60199ad52a420993a3e82352,Cylinders,4,spec-table
ContactCars,https://www.contactcars.com/en/new-cars/hyundai-tucson/646e5a7f690f,"Fri, 25 Sep 2026 12:32:15 GMT",b860e027d668040bf8148b5347bb4d588756462e94fc2a5211871a7a2c9a1750,Hyundai,Tucson,,NIGHT,2027,62445feaba30183d7791942d,Engine Capacity (CC),1600,spec-table
ContactCars,https://www.contactcars.com/en/new-cars/hyundai-tucson/646e5a7f690f,"Fri, 25 Sep 2026 12:32:15 GMT",b860e027d668040bf8148b5347bb4d588756462e94fc2a5211871a7a2c9a1750,Hyundai,Tucson,,NIGHT,2027,6244616cba30183d7791942f,Induction Type,Turbocharged,spec-table
ContactCars,https://www.contactcars.com/en/new-cars/hyundai-tucson/646e5a7f690f,"Fri, 25 Sep 2026 12:32:15 GMT",b860e027d668040bf8148b5347bb4d588756462e94fc2a5211871a7a2c9a1750,Hyundai,Tucson,,NIGHT,2027,626916559ba5,Maximum Power Output (hp),180,spec-table
ContactCars,https://www.contactcars.com/en/new-cars/hyundai-tucson/646e5a7f690f,"Fri, 25 Sep 2026 12:32:15 GMT",b860e027d668040bf8148b5347bb4d588756462e94fc2a5211871a7a2c9a1750,Hyundai,Tucson,,NIGHT,2027,60d3a866c259,Maximum Torque (Nm),265,spec-table
ContactCars,https://www.contactcars.com/en/new-cars/hyundai-tucson/646e5a7f690f,"Fri, 25 Sep 2026 12:32:15 GMT",b860e027d668040bf8148b5347bb4d588756462e94fc2a5211871a7a2c9a1750,Hyundai,Tucson,,NIGHT,2027,60199ad52a420993a3e82358,Recommend Fuel Grade,95,spec-table
ContactCars,https://www.contactcars.com/en/new-cars/hyundai-tucson/646e5a7f690f,"Fri, 25 Sep 2026 12:32:15 GMT",b860e027d668040bf8148b5347bb4d588756462e94fc2a5211871a7a2c9a1750,Hyundai,Tucson,,NIGHT,2027,62445f6cba30183d7791942c,Engine Layout,Front,spec-table
ContactCars,https://www.contactcars.com/en/new-cars/hyundai-tucson/646e5a7f690f,"Fri, 25 Sep 2026 12:32:15 GMT",b860e027d668040bf8148b5347bb4d588756462e94fc2a5211871a7a2c9a1750,Hyundai,Tucson,,NIGHT,2027,ae3798f5fd83,Drivetrain Type,FWD (Front-Wheel Drive),spec-table
ContactCars,https://www.contactcars.com/en/new-cars/hyundai-tucson/646e5a7f690f,"Fri, 25 Sep 2026 12:32:15 GMT",b860e027d668040bf8148b5347bb4d588756462e94fc2a5211871a7a2c9a1750,Hyundai,Tucson,,NIGHT,2027,fd8d1904b500,Transmission Type,Automatic,spec-table
ContactCars,https://www.contactcars.com/en/new-cars/hyundai-tucson/646e5a7f690f,"Fri, 25 Sep 2026 12:32:15 GMT",b860e027d668040bf8148b5347bb4d588756462e94fc2a5211871a7a2c9a1750,Hyundai,Tucson,,NIGHT,2027,5229867ce0fa,Transmission Technology,Dry DCT (Dual-Clutch Transmission),spec-table
ContactCars,https://www.contactcars.com/en/new-cars/hyundai-tucson/646e5a7f690f,"Fri, 25 Sep 2026 12:32:15 GMT",b860e027d668040bf8148b5347bb4d588756462e94fc2a5211871a7a2c9a1750,Hyundai,Tucson,,NIGHT,2027,60199ad52a420993a3e8235a,Number of Gears,7,spec-table
ContactCars,https://www.contactcars.com/en/new-cars/hyundai-tucson/646e5a7f690f,"Fri, 25 Sep 2026 12:32:15 GMT",b860e027d668040bf8148b5347bb4d588756462e94fc2a5211871a7a2c9a1750,Hyundai,Tucson,,NIGHT,2027,60199ad52a420993a3e82385,Steering Wheel,Leather 4 Spoke,spec-table
ContactCars,https://www.contactcars.com/en/new-cars/hyundai-tucson/646e5a7f690f,"Fri, 25 Sep 2026 12:32:15 GMT",b860e027d668040bf8148b5347bb4d588756462e94fc2a5211871a7a2c9a1750,Hyundai,Tucson,,NIGHT,2027,60199ad52a420993a3e8235d,Power Steering Type,Electric,spec-table
ContactCars,https://www.contactcars.com/en/new-cars/hyundai-tucson/646e5a7f690f,"Fri, 25 Sep 2026 12:32:15 GMT",b860e027d668040bf8148b5347bb4d588756462e94fc2a5211871a7a2c9a1750,Hyundai,Tucson,,NIGHT,2027,602fa37cd768,Steering Adjustment Ops,Manual,spec-table
ContactCars,https://www.contactcars.com/en/new-cars/hyundai-tucson/646e5a7f690f,"Fri, 25 Sep 2026 12:32:15 GMT",b860e027d668040bf8148b5347bb4d588756462e94fc2a5211871a7a2c9a1750,Hyundai,Tucson,,NIGHT,2027,7c8ae7912edf,Steering Modes,"Comfort, Sport, Normal, Eco",spec-table
ContactCars,https://www.contactcars.com/en/new-cars/hyundai-tucson/646e5a7f690f,"Fri, 25 Sep 2026 12:32:15 GMT",b860e027d668040bf8148b5347bb4d588756462e94fc2a5211871a7a2c9a1750,Hyundai,Tucson,,NIGHT,2027,e78c472170c2,Front Suspension Type,MacPherson,spec-table
ContactCars,https://www.contactcars.com/en/new-cars/hyundai-tucson/646e5a7f690f,"Fri, 25 Sep 2026 12:32:15 GMT",b860e027d668040bf8148b5347bb4d588756462e94fc2a5211871a7a2c9a1750,Hyundai,Tucson,,NIGHT,2027,d7a33f9ff1ff,Rear Suspension Type,Multi-Link,spec-table
ContactCars,https://www.contactcars.com/en/new-cars/hyundai-tucson/646e5a7f690f,"Fri, 25 Sep 2026 12:32:15 GMT",b860e027d668040bf8148b5347bb4d588756462e94fc2a5211871a7a2c9a1750,Hyundai,Tucson,,NIGHT,2027,58f344b6ff55,Front Brakes Type,Ventilated Disc Brakes,spec-table
ContactCars,https://www.contactcars.com/en/new-cars/hyundai-tucson/646e5a7f690f,"Fri, 25 Sep 2026 12:32:15 GMT",b860e027d668040bf8148b5347bb4d588756462e94fc2a5211871a7a2c9a1750,Hyundai,Tucson,,NIGHT,2027,eb24327dbe4e,Rear Brakes Type,Solid Disc Brakes,spec-table
ContactCars,https://www.contactcars.com/en/new-cars/hyundai-tucson/646e5a7f690f,"Fri, 25 Sep 2026 12:32:15 GMT",b860e027d668040bf8148b5347bb4d588756462e94fc2a5211871a7a2c9a1750,Hyundai,Tucson,,NIGHT,2027,4ed8405e7e5b,Hand Brake Type,Electronic,spec-table
ContactCars,https://www.contactcars.com/en/new-cars/hyundai-tucson/646e5a7f690f,"Fri, 25 Sep 2026 12:32:15 GMT",b860e027d668040bf8148b5347bb4d588756462e94fc2a5211871a7a2c9a1750,Hyundai,Tucson,,NIGHT,2027,d4b30096d663,Wheel Type,Alloy,spec-table
ContactCars,https://www.contactcars.com/en/new-cars/hyundai-tucson/646e5a7f690f,"Fri, 25 Sep 2026 12:32:15 GMT",b860e027d668040bf8148b5347bb4d588756462e94fc2a5211871a7a2c9a1750,Hyundai,Tucson,,NIGHT,2027,1831c41b7b17,Front Wheel Size,19,spec-table
ContactCars,https://www.contactcars.com/en/new-cars/hyundai-tucson/646e5a7f690f,"Fri, 25 Sep 2026 12:32:15 GMT",b860e027d668040bf8148b5347bb4d588756462e94fc2a5211871a7a2c9a1750,Hyundai,Tucson,,NIGHT,2027,1f4797b49117,Rear Wheel Size,19,spec-table
ContactCars,https://www.contactcars.com/en/new-cars/hyundai-tucson/646e5a7f690f,"Fri, 25 Sep 2026 12:32:15 GMT",b860e027d668040bf8148b5347bb4d588756462e94fc2a5211871a7a2c9a1750,Hyundai,Tucson,,NIGHT,2027,60199ad52a420993a3e82372,Front Tire Size,235/50 R19,spec-table
ContactCars,https://www.contactcars.com/en/new-cars/hyundai-tucson/646e5a7f690f,"Fri, 25 Sep 2026 12:32:15 GMT",b860e027d668040bf8148b5347bb4d588756462e94fc2a5211871a7a2c9a1750,Hyundai,Tucson,,NIGHT,2027,2076fe4abba4,Rear Tire Size,235/50 R19,spec-table
ContactCars,https://www.contactcars.com/en/new-cars/hyundai-tucson/646e5a7f690f,"Fri, 25 Sep 2026 12:32:15 GMT",b860e027d668040bf8148b5347bb4d588756462e94fc2a5211871a7a2c9a1750,Hyundai,Tucson,,NIGHT,2027,cb68666c87e5,Tire Type,All-Season,spec-table
ContactCars,https://www.contactcars.com/en/new-cars/hyundai-tucson/646e5a7f690f,"Fri, 25 Sep 2026 12:32:15 GMT",b860e027d668040bf8148b5347bb4d588756462e94fc2a5211871a7a2c9a1750,Hyundai,Tucson,,NIGHT,2027,7dc8980c1bea,Spare Tire Type,Full-size,spec-table
ContactCars,https://www.contactcars.com/en/new-cars/hyundai-tucson/646e5a7f690f,"Fri, 25 Sep 2026 12:32:15 GMT",b860e027d668040bf8148b5347bb4d588756462e94fc2a5211871a7a2c9a1750,Hyundai,Tucson,,NIGHT,2027,ba2239f5bba2,IIHS Results,Top Safety Pick+,spec-table
ContactCars,https://www.contactcars.com/en/new-cars/hyundai-tucson/646e5a7f690f,"Fri, 25 Sep 2026 12:32:15 GMT",b860e027d668040bf8148b5347bb4d588756462e94fc2a5211871a7a2c9a1750,Hyundai,Tucson,,NIGHT,2027,56a59f46e398,Euro NCAP Results,5,spec-table
ContactCars,https://www.contactcars.com/en/new-cars/hyundai-tucson/646e5a7f690f,"Fri, 25 Sep 2026 12:32:15 GMT",b860e027d668040bf8148b5347bb4d588756462e94fc2a5211871a7a2c9a1750,Hyundai,Tucson,,NIGHT,2027,60199ad52a420993a3e8236a,Airbag Count,6,spec-table
ContactCars,https://www.contactcars.com/en/new-cars/hyundai-tucson/646e5a7f690f,"Fri, 25 Sep 2026 12:32:15 GMT",b860e027d668040bf8148b5347bb4d588756462e94fc2a5211871a7a2c9a1750,Hyundai,Tucson,,NIGHT,2027,72fbbbfbb11f,Seat Upholestry,Leather,spec-table
ContactCars,https://www.contactcars.com/en/new-cars/hyundai-tucson/646e5a7f690f,"Fri, 25 Sep 2026 12:32:15 GMT",b860e027d668040bf8148b5347bb4d588756462e94fc2a5211871a7a2c9a1750,Hyundai,Tucson,,NIGHT,2027,40e24a4a83e0,Gearbox Selector,Shift By Wire,spec-table
ContactCars,https://www.contactcars.com/en/new-cars/hyundai-tucson/646e5a7f690f,"Fri, 25 Sep 2026 12:32:15 GMT",b860e027d668040bf8148b5347bb4d588756462e94fc2a5211871a7a2c9a1750,Hyundai,Tucson,,NIGHT,2027,60199ad52a420993a3e82383,Ambient Lighting,Multi Color,spec-table
ContactCars,https://www.contactcars.com/en/new-cars/hyundai-tucson/646e5a7f690f,"Fri, 25 Sep 2026 12:32:15 GMT",b860e027d668040bf8148b5347bb4d588756462e94fc2a5211871a7a2c9a1750,Hyundai,Tucson,,NIGHT,2027,60199ad52a420993a3e8238f,Driver Seat,Driver Seat Electric,spec-table
ContactCars,https://www.contactcars.com/en/new-cars/hyundai-tucson/646e5a7f690f,"Fri, 25 Sep 2026 12:32:15 GMT",b860e027d668040bf8148b5347bb4d588756462e94fc2a5211871a7a2c9a1750,Hyundai,Tucson,,NIGHT,2027,d9630e463440,Center Information Display,12٫3,spec-table
ContactCars,https://www.contactcars.com/en/new-cars/hyundai-tucson/646e5a7f690f,"Fri, 25 Sep 2026 12:32:15 GMT",b860e027d668040bf8148b5347bb4d588756462e94fc2a5211871a7a2c9a1750,Hyundai,Tucson,,NIGHT,2027,60199ad52a420993a3e8237c,Instrument Cluster Type,Digital,spec-table
ContactCars,https://www.contactcars.com/en/new-cars/hyundai-tucson/646e5a7f690f,"Fri, 25 Sep 2026 12:32:15 GMT",b860e027d668040bf8148b5347bb4d588756462e94fc2a5211871a7a2c9a1750,Hyundai,Tucson,,NIGHT,2027,75fe2b7d7bc2,Instrument Cluster Size,12٫3,spec-table
ContactCars,https://www.contactcars.com/en/new-cars/hyundai-tucson/646e5a7f690f,"Fri, 25 Sep 2026 12:32:15 GMT",b860e027d668040bf8148b5347bb4d588756462e94fc2a5211871a7a2c9a1750,Hyundai,Tucson,,NIGHT,2027,60199ad52a420993a3e8239c,Smartphone Integration,Android Auto/Apple Car Play,spec-table
ContactCars,https://www.contactcars.com/en/new-cars/hyundai-tucson/646e5a7f690f,"Fri, 25 Sep 2026 12:32:15 GMT",b860e027d668040bf8148b5347bb4d588756462e94fc2a5211871a7a2c9a1750,Hyundai,Tucson,,NIGHT,2027,60199ad52a420993a3e823a2,Number of Speakers,6,spec-table
ContactCars,https://www.contactcars.com/en/new-cars/hyundai-tucson/646e5a7f690f,"Fri, 25 Sep 2026 12:32:15 GMT",b860e027d668040bf8148b5347bb4d588756462e94fc2a5211871a7a2c9a1750,Hyundai,Tucson,,NIGHT,2027,60199ad52a420993a3e8236d,Headlamps,LED,spec-table
ContactCars,https://www.contactcars.com/en/new-cars/hyundai-tucson/646e5a7f690f,"Fri, 25 Sep 2026 12:32:15 GMT",b860e027d668040bf8148b5347bb4d588756462e94fc2a5211871a7a2c9a1750,Hyundai,Tucson,,NIGHT,2027,60199ad52a420993a3e8236e,Tail Lights,LED,spec-table
ContactCars,https://www.contactcars.com/en/new-cars/hyundai-tucson/646e5a7f690f,"Fri, 25 Sep 2026 12:32:15 GMT",b860e027d668040bf8148b5347bb4d588756462e94fc2a5211871a7a2c9a1750,Hyundai,Tucson,,NIGHT,2027,62d57953644fb1f973ba7c3d,Additional Colors,رمادي لؤلؤي إيكوترونيك، برتقالي جوبيتر، فضي لامع، أحمر ألتيميت، أبيض سيرينيتي، أسود أبيس، أخضر لؤلؤي سبيرز، أحمر إنجن، أزرق لؤلؤي سالينج،  ,spec-table
ContactCars,https://www.contactcars.com/en/new-cars/hyundai-tucson/646e5a7f690f,"Fri, 25 Sep 2026 12:32:15 GMT",b860e027d668040bf8148b5347bb4d588756462e94fc2a5211871a7a2c9a1750,Hyundai,Tucson,,NIGHT,2027,62a5f51c3b190c24efacbe38,Basic Vehicle Warranty,5 سنوات أو 100 ألف كم ,spec-table
ContactCars,https://www.contactcars.com/en/new-cars/hyundai-tucson/80de22b89792,"Fri, 25 Sep 2026 12:32:16 GMT",87cce42acbb5bc293d4ac74715ea545748b6464c8f066de6bffbb72007fe9577,Hyundai,Tucson,,REDLINE (N Pack),2027,jsonld:offer_price_egp,offer_price_egp,2125000,json-ld
ContactCars,https://www.contactcars.com/en/new-cars/hyundai-tucson/80de22b89792,"Fri, 25 Sep 2026 12:32:16 GMT",87cce42acbb5bc293d4ac74715ea545748b6464c8f066de6bffbb72007fe9577,Hyundai,Tucson,,REDLINE (N Pack),2027,jsonld:fuelType,fuelType,Gas,json-ld
ContactCars,https://www.contactcars.com/en/new-cars/hyundai-tucson/80de22b89792,"Fri, 25 Sep 2026 12:32:16 GMT",87cce42acbb5bc293d4ac74715ea545748b6464c8f066de6bffbb72007fe9577,Hyundai,Tucson,,REDLINE (N Pack),2027,jsonld:engineDisplacement,engineDisplacement,1600,json-ld
ContactCars,https://www.contactcars.com/en/new-cars/hyundai-tucson/80de22b89792,"Fri, 25 Sep 2026 12:32:16 GMT",87cce42acbb5bc293d4ac74715ea545748b6464c8f066de6bffbb72007fe9577,Hyundai,Tucson,,REDLINE (N Pack),2027,jsonld:vehicleTransmission,vehicleTransmission,Dual Clutch,json-ld
ContactCars,https://www.contactcars.com/en/new-cars/hyundai-tucson/80de22b89792,"Fri, 25 Sep 2026 12:32:16 GMT",87cce42acbb5bc293d4ac74715ea545748b6464c8f066de6bffbb72007fe9577,Hyundai,Tucson,,REDLINE (N Pack),2027,jsonld:bodyType,bodyType,SUV,json-ld
ContactCars,https://www.contactcars.com/en/new-cars/hyundai-tucson/80de22b89792,"Fri, 25 Sep 2026 12:32:16 GMT",87cce42acbb5bc293d4ac74715ea545748b6464c8f066de6bffbb72007fe9577,Hyundai,Tucson,,REDLINE (N Pack),2027,jsonld:assembly_country,assembly_country,Czechia,json-ld
ContactCars,https://www.contactcars.com/en/new-cars/hyundai-tucson/80de22b89792,"Fri, 25 Sep 2026 12:32:16 GMT",87cce42acbb5bc293d4ac74715ea545748b6464c8f066de6bffbb72007fe9577,Hyundai,Tucson,,REDLINE (N Pack),2027,1cff89624677,Vehicle Size Class,Compact,spec-table
ContactCars,https://www.contactcars.com/en/new-cars/hyundai-tucson/80de22b89792,"Fri, 25 Sep 2026 12:32:16 GMT",87cce42acbb5bc293d4ac74715ea545748b6464c8f066de6bffbb72007fe9577,Hyundai,Tucson,,REDLINE (N Pack),2027,5bedd1146e88,Body Style,SUV,spec-table
ContactCars,https://www.contactcars.com/en/new-cars/hyundai-tucson/80de22b89792,"Fri, 25 Sep 2026 12:32:16 GMT",87cce42acbb5bc293d4ac74715ea545748b6464c8f066de6bffbb72007fe9577,Hyundai,Tucson,,REDLINE (N Pack),2027,13a10f395a87,Number of Doors,5,spec-table
ContactCars,https://www.contactcars.com/en/new-cars/hyundai-tucson/80de22b89792,"Fri, 25 Sep 2026 12:32:16 GMT",87cce42acbb5bc293d4ac74715ea545748b6464c8f066de6bffbb72007fe9577,Hyundai,Tucson,,REDLINE (N Pack),2027,60199ad52a420993a3e82387,Number of Seats,5,spec-table
ContactCars,https://www.contactcars.com/en/new-cars/hyundai-tucson/80de22b89792,"Fri, 25 Sep 2026 12:32:16 GMT",87cce42acbb5bc293d4ac74715ea545748b6464c8f066de6bffbb72007fe9577,Hyundai,Tucson,,REDLINE (N Pack),2027,60199ad52a420993a3e823a4,Rear Trunk Capacity (Liter),503,spec-table
ContactCars,https://www.contactcars.com/en/new-cars/hyundai-tucson/80de22b89792,"Fri, 25 Sep 2026 12:32:16 GMT",87cce42acbb5bc293d4ac74715ea545748b6464c8f066de6bffbb72007fe9577,Hyundai,Tucson,,REDLINE (N Pack),2027,2cd960af118a,"Rear Trunk Capacity, Seats Folded (Liter)",1799,spec-table
ContactCars,https://www.contactcars.com/en/new-cars/hyundai-tucson/80de22b89792,"Fri, 25 Sep 2026 12:32:16 GMT",87cce42acbb5bc293d4ac74715ea545748b6464c8f066de6bffbb72007fe9577,Hyundai,Tucson,,REDLINE (N Pack),2027,603647429f57461ab1a74148,Length (mm),4510,spec-table
ContactCars,https://www.contactcars.com/en/new-cars/hyundai-tucson/80de22b89792,"Fri, 25 Sep 2026 12:32:16 GMT",87cce42acbb5bc293d4ac74715ea545748b6464c8f066de6bffbb72007fe9577,Hyundai,Tucson,,REDLINE (N Pack),2027,6036477d9f57461ab1a74149,Width (mm),1865,spec-table
ContactCars,https://www.contactcars.com/en/new-cars/hyundai-tucson/80de22b89792,"Fri, 25 Sep 2026 12:32:16 GMT",87cce42acbb5bc293d4ac74715ea545748b6464c8f066de6bffbb72007fe9577,Hyundai,Tucson,,REDLINE (N Pack),2027,603647a49f57461ab1a7414a,Height (mm),1650,spec-table
ContactCars,https://www.contactcars.com/en/new-cars/hyundai-tucson/80de22b89792,"Fri, 25 Sep 2026 12:32:16 GMT",87cce42acbb5bc293d4ac74715ea545748b6464c8f066de6bffbb72007fe9577,Hyundai,Tucson,,REDLINE (N Pack),2027,6033cae86136e6f66151c687,Wheelbase (mm),2680,spec-table
ContactCars,https://www.contactcars.com/en/new-cars/hyundai-tucson/80de22b89792,"Fri, 25 Sep 2026 12:32:16 GMT",87cce42acbb5bc293d4ac74715ea545748b6464c8f066de6bffbb72007fe9577,Hyundai,Tucson,,REDLINE (N Pack),2027,6033cbc86136e6f66151c688,Ground Clearance (mm),170,spec-table
ContactCars,https://www.contactcars.com/en/new-cars/hyundai-tucson/80de22b89792,"Fri, 25 Sep 2026 12:32:16 GMT",87cce42acbb5bc293d4ac74715ea545748b6464c8f066de6bffbb72007fe9577,Hyundai,Tucson,,REDLINE (N Pack),2027,6244612fba30183d7791942e,Curb Weight (KG),"1,466",spec-table
ContactCars,https://www.contactcars.com/en/new-cars/hyundai-tucson/80de22b89792,"Fri, 25 Sep 2026 12:32:16 GMT",87cce42acbb5bc293d4ac74715ea545748b6464c8f066de6bffbb72007fe9577,Hyundai,Tucson,,REDLINE (N Pack),2027,624443c0ba30183d77919424,Generation,4th,spec-table
ContactCars,https://www.contactcars.com/en/new-cars/hyundai-tucson/80de22b89792,"Fri, 25 Sep 2026 12:32:16 GMT",87cce42acbb5bc293d4ac74715ea545748b6464c8f066de6bffbb72007fe9577,Hyundai,Tucson,,REDLINE (N Pack),2027,1b9f93607f48,Powertrain Type,ICE (Petrol),spec-table
ContactCars,https://www.contactcars.com/en/new-cars/hyundai-tucson/80de22b89792,"Fri, 25 Sep 2026 12:32:16 GMT",87cce42acbb5bc293d4ac74715ea545748b6464c8f066de6bffbb72007fe9577,Hyundai,Tucson,,REDLINE (N Pack),2027,60199ad52a420993a3e82353,Combined Maximum Power (HP @ RPM),"180 / 5,500",spec-table
ContactCars,https://www.contactcars.com/en/new-cars/hyundai-tucson/80de22b89792,"Fri, 25 Sep 2026 12:32:16 GMT",87cce42acbb5bc293d4ac74715ea545748b6464c8f066de6bffbb72007fe9577,Hyundai,Tucson,,REDLINE (N Pack),2027,60199ad52a420993a3e82354,Combined Maximum Torque (N.m @ RPM),265  / 1500 - 4500,spec-table
ContactCars,https://www.contactcars.com/en/new-cars/hyundai-tucson/80de22b89792,"Fri, 25 Sep 2026 12:32:16 GMT",87cce42acbb5bc293d4ac74715ea545748b6464c8f066de6bffbb72007fe9577,Hyundai,Tucson,,REDLINE (N Pack),2027,60199ad52a420993a3e82359,Fuel Tank Capacity (Litre),54,spec-table
ContactCars,https://www.contactcars.com/en/new-cars/hyundai-tucson/80de22b89792,"Fri, 25 Sep 2026 12:32:16 GMT",87cce42acbb5bc293d4ac74715ea545748b6464c8f066de6bffbb72007fe9577,Hyundai,Tucson,,REDLINE (N Pack),2027,60199ad52a420993a3e82356,Combined Fuel/Energy Consumption (Liter/100 KM),6٫1,spec-table
ContactCars,https://www.contactcars.com/en/new-cars/hyundai-tucson/80de22b89792,"Fri, 25 Sep 2026 12:32:16 GMT",87cce42acbb5bc293d4ac74715ea545748b6464c8f066de6bffbb72007fe9577,Hyundai,Tucson,,REDLINE (N Pack),2027,bc8f5919d91f,Engine Type,Inline-4,spec-table
ContactCars,https://www.contactcars.com/en/new-cars/hyundai-tucson/80de22b89792,"Fri, 25 Sep 2026 12:32:16 GMT",87cce42acbb5bc293d4ac74715ea545748b6464c8f066de6bffbb72007fe9577,Hyundai,Tucson,,REDLINE (N Pack),2027,0922a30a7f46,Engine Function,Drive Wheels,spec-table
ContactCars,https://www.contactcars.com/en/new-cars/hyundai-tucson/80de22b89792,"Fri, 25 Sep 2026 12:32:16 GMT",87cce42acbb5bc293d4ac74715ea545748b6464c8f066de6bffbb72007fe9577,Hyundai,Tucson,,REDLINE (N Pack),2027,60199ad52a420993a3e82352,Cylinders,4,spec-table
ContactCars,https://www.contactcars.com/en/new-cars/hyundai-tucson/80de22b89792,"Fri, 25 Sep 2026 12:32:16 GMT",87cce42acbb5bc293d4ac74715ea545748b6464c8f066de6bffbb72007fe9577,Hyundai,Tucson,,REDLINE (N Pack),2027,62445feaba30183d7791942d,Engine Capacity (CC),1600,spec-table
ContactCars,https://www.contactcars.com/en/new-cars/hyundai-tucson/80de22b89792,"Fri, 25 Sep 2026 12:32:16 GMT",87cce42acbb5bc293d4ac74715ea545748b6464c8f066de6bffbb72007fe9577,Hyundai,Tucson,,REDLINE (N Pack),2027,6244616cba30183d7791942f,Induction Type,Turbocharged,spec-table
ContactCars,https://www.contactcars.com/en/new-cars/hyundai-tucson/80de22b89792,"Fri, 25 Sep 2026 12:32:16 GMT",87cce42acbb5bc293d4ac74715ea545748b6464c8f066de6bffbb72007fe9577,Hyundai,Tucson,,REDLINE (N Pack),2027,62445f6cba30183d7791942c,Engine Layout,Front,spec-table
ContactCars,https://www.contactcars.com/en/new-cars/hyundai-tucson/80de22b89792,"Fri, 25 Sep 2026 12:32:16 GMT",87cce42acbb5bc293d4ac74715ea545748b6464c8f066de6bffbb72007fe9577,Hyundai,Tucson,,REDLINE (N Pack),2027,ae3798f5fd83,Drivetrain Type,FWD (Front-Wheel Drive),spec-table
ContactCars,https://www.contactcars.com/en/new-cars/hyundai-tucson/80de22b89792,"Fri, 25 Sep 2026 12:32:16 GMT",87cce42acbb5bc293d4ac74715ea545748b6464c8f066de6bffbb72007fe9577,Hyundai,Tucson,,REDLINE (N Pack),2027,fd8d1904b500,Transmission Type,Automatic,spec-table
ContactCars,https://www.contactcars.com/en/new-cars/hyundai-tucson/80de22b89792,"Fri, 25 Sep 2026 12:32:16 GMT",87cce42acbb5bc293d4ac74715ea545748b6464c8f066de6bffbb72007fe9577,Hyundai,Tucson,,REDLINE (N Pack),2027,5229867ce0fa,Transmission Technology,Dry DCT (Dual-Clutch Transmission),spec-table
ContactCars,https://www.contactcars.com/en/new-cars/hyundai-tucson/80de22b89792,"Fri, 25 Sep 2026 12:32:16 GMT",87cce42acbb5bc293d4ac74715ea545748b6464c8f066de6bffbb72007fe9577,Hyundai,Tucson,,REDLINE (N Pack),2027,60199ad52a420993a3e8235a,Number of Gears,7,spec-table
ContactCars,https://www.contactcars.com/en/new-cars/hyundai-tucson/80de22b89792,"Fri, 25 Sep 2026 12:32:16 GMT",87cce42acbb5bc293d4ac74715ea545748b6464c8f066de6bffbb72007fe9577,Hyundai,Tucson,,REDLINE (N Pack),2027,60199ad52a420993a3e82385,Steering Wheel,Leather 4 Spoke,spec-table
ContactCars,https://www.contactcars.com/en/new-cars/hyundai-tucson/80de22b89792,"Fri, 25 Sep 2026 12:32:16 GMT",87cce42acbb5bc293d4ac74715ea545748b6464c8f066de6bffbb72007fe9577,Hyundai,Tucson,,REDLINE (N Pack),2027,60199ad52a420993a3e8235d,Power Steering Type,Electric,spec-table
ContactCars,https://www.contactcars.com/en/new-cars/hyundai-tucson/80de22b89792,"Fri, 25 Sep 2026 12:32:16 GMT",87cce42acbb5bc293d4ac74715ea545748b6464c8f066de6bffbb72007fe9577,Hyundai,Tucson,,REDLINE (N Pack),2027,602fa37cd768,Steering Adjustment Ops,Manual,spec-table
ContactCars,https://www.contactcars.com/en/new-cars/hyundai-tucson/80de22b89792,"Fri, 25 Sep 2026 12:32:16 GMT",87cce42acbb5bc293d4ac74715ea545748b6464c8f066de6bffbb72007fe9577,Hyundai,Tucson,,REDLINE (N Pack),2027,7c8ae7912edf,Steering Modes,"Comfort, Sport, Normal, Eco",spec-table
ContactCars,https://www.contactcars.com/en/new-cars/hyundai-tucson/80de22b89792,"Fri, 25 Sep 2026 12:32:16 GMT",87cce42acbb5bc293d4ac74715ea545748b6464c8f066de6bffbb72007fe9577,Hyundai,Tucson,,REDLINE (N Pack),2027,e78c472170c2,Front Suspension Type,MacPherson,spec-table
ContactCars,https://www.contactcars.com/en/new-cars/hyundai-tucson/80de22b89792,"Fri, 25 Sep 2026 12:32:16 GMT",87cce42acbb5bc293d4ac74715ea545748b6464c8f066de6bffbb72007fe9577,Hyundai,Tucson,,REDLINE (N Pack),2027,d7a33f9ff1ff,Rear Suspension Type,Multi-Link,spec-table
ContactCars,https://www.contactcars.com/en/new-cars/hyundai-tucson/80de22b89792,"Fri, 25 Sep 2026 12:32:16 GMT",87cce42acbb5bc293d4ac74715ea545748b6464c8f066de6bffbb72007fe9577,Hyundai,Tucson,,REDLINE (N Pack),2027,58f344b6ff55,Front Brakes Type,Ventilated Disc Brakes,spec-table
ContactCars,https://www.contactcars.com/en/new-cars/hyundai-tucson/80de22b89792,"Fri, 25 Sep 2026 12:32:16 GMT",87cce42acbb5bc293d4ac74715ea545748b6464c8f066de6bffbb72007fe9577,Hyundai,Tucson,,REDLINE (N Pack),2027,eb24327dbe4e,Rear Brakes Type,Solid Disc Brakes,spec-table
ContactCars,https://www.contactcars.com/en/new-cars/hyundai-tucson/80de22b89792,"Fri, 25 Sep 2026 12:32:16 GMT",87cce42acbb5bc293d4ac74715ea545748b6464c8f066de6bffbb72007fe9577,Hyundai,Tucson,,REDLINE (N Pack),2027,4ed8405e7e5b,Hand Brake Type,Electronic,spec-table
ContactCars,https://www.contactcars.com/en/new-cars/hyundai-tucson/80de22b89792,"Fri, 25 Sep 2026 12:32:16 GMT",87cce42acbb5bc293d4ac74715ea545748b6464c8f066de6bffbb72007fe9577,Hyundai,Tucson,,REDLINE (N Pack),2027,d4b30096d663,Wheel Type,Alloy,spec-table
ContactCars,https://www.contactcars.com/en/new-cars/hyundai-tucson/80de22b89792,"Fri, 25 Sep 2026 12:32:16 GMT",87cce42acbb5bc293d4ac74715ea545748b6464c8f066de6bffbb72007fe9577,Hyundai,Tucson,,REDLINE (N Pack),2027,1831c41b7b17,Front Wheel Size,18,spec-table
ContactCars,https://www.contactcars.com/en/new-cars/hyundai-tucson/80de22b89792,"Fri, 25 Sep 2026 12:32:16 GMT",87cce42acbb5bc293d4ac74715ea545748b6464c8f066de6bffbb72007fe9577,Hyundai,Tucson,,REDLINE (N Pack),2027,1f4797b49117,Rear Wheel Size,18,spec-table
ContactCars,https://www.contactcars.com/en/new-cars/hyundai-tucson/80de22b89792,"Fri, 25 Sep 2026 12:32:16 GMT",87cce42acbb5bc293d4ac74715ea545748b6464c8f066de6bffbb72007fe9577,Hyundai,Tucson,,REDLINE (N Pack),2027,60199ad52a420993a3e82372,Front Tire Size,235 /55 R18,spec-table
ContactCars,https://www.contactcars.com/en/new-cars/hyundai-tucson/80de22b89792,"Fri, 25 Sep 2026 12:32:16 GMT",87cce42acbb5bc293d4ac74715ea545748b6464c8f066de6bffbb72007fe9577,Hyundai,Tucson,,REDLINE (N Pack),2027,2076fe4abba4,Rear Tire Size,235 /55 R18,spec-table
ContactCars,https://www.contactcars.com/en/new-cars/hyundai-tucson/80de22b89792,"Fri, 25 Sep 2026 12:32:16 GMT",87cce42acbb5bc293d4ac74715ea545748b6464c8f066de6bffbb72007fe9577,Hyundai,Tucson,,REDLINE (N Pack),2027,cb68666c87e5,Tire Type,All-Season,spec-table
ContactCars,https://www.contactcars.com/en/new-cars/hyundai-tucson/80de22b89792,"Fri, 25 Sep 2026 12:32:16 GMT",87cce42acbb5bc293d4ac74715ea545748b6464c8f066de6bffbb72007fe9577,Hyundai,Tucson,,REDLINE (N Pack),2027,ba2239f5bba2,IIHS Results,Top Safety Pick+,spec-table
ContactCars,https://www.contactcars.com/en/new-cars/hyundai-tucson/80de22b89792,"Fri, 25 Sep 2026 12:32:16 GMT",87cce42acbb5bc293d4ac74715ea545748b6464c8f066de6bffbb72007fe9577,Hyundai,Tucson,,REDLINE (N Pack),2027,56a59f46e398,Euro NCAP Results,5,spec-table
ContactCars,https://www.contactcars.com/en/new-cars/hyundai-tucson/80de22b89792,"Fri, 25 Sep 2026 12:32:16 GMT",87cce42acbb5bc293d4ac74715ea545748b6464c8f066de6bffbb72007fe9577,Hyundai,Tucson,,REDLINE (N Pack),2027,60199ad52a420993a3e8236a,Airbag Count,6,spec-table
ContactCars,https://www.contactcars.com/en/new-cars/hyundai-tucson/80de22b89792,"Fri, 25 Sep 2026 12:32:16 GMT",87cce42acbb5bc293d4ac74715ea545748b6464c8f066de6bffbb72007fe9577,Hyundai,Tucson,,REDLINE (N Pack),2027,72fbbbfbb11f,Seat Upholestry,Cloth,spec-table
ContactCars,https://www.contactcars.com/en/new-cars/hyundai-tucson/80de22b89792,"Fri, 25 Sep 2026 12:32:16 GMT",87cce42acbb5bc293d4ac74715ea545748b6464c8f066de6bffbb72007fe9577,Hyundai,Tucson,,REDLINE (N Pack),2027,40e24a4a83e0,Gearbox Selector,Shift By Wire,spec-table
ContactCars,https://www.contactcars.com/en/new-cars/hyundai-tucson/80de22b89792,"Fri, 25 Sep 2026 12:32:16 GMT",87cce42acbb5bc293d4ac74715ea545748b6464c8f066de6bffbb72007fe9577,Hyundai,Tucson,,REDLINE (N Pack),2027,60199ad52a420993a3e82383,Ambient Lighting,Multi Color,spec-table
ContactCars,https://www.contactcars.com/en/new-cars/hyundai-tucson/80de22b89792,"Fri, 25 Sep 2026 12:32:16 GMT",87cce42acbb5bc293d4ac74715ea545748b6464c8f066de6bffbb72007fe9577,Hyundai,Tucson,,REDLINE (N Pack),2027,60199ad52a420993a3e8238f,Driver Seat,Driver Seat Electric,spec-table
ContactCars,https://www.contactcars.com/en/new-cars/hyundai-tucson/80de22b89792,"Fri, 25 Sep 2026 12:32:16 GMT",87cce42acbb5bc293d4ac74715ea545748b6464c8f066de6bffbb72007fe9577,Hyundai,Tucson,,REDLINE (N Pack),2027,d9630e463440,Center Information Display,12٫3,spec-table
ContactCars,https://www.contactcars.com/en/new-cars/hyundai-tucson/80de22b89792,"Fri, 25 Sep 2026 12:32:16 GMT",87cce42acbb5bc293d4ac74715ea545748b6464c8f066de6bffbb72007fe9577,Hyundai,Tucson,,REDLINE (N Pack),2027,60199ad52a420993a3e8239d,Infotainment Display Size,12٫3,spec-table
ContactCars,https://www.contactcars.com/en/new-cars/hyundai-tucson/80de22b89792,"Fri, 25 Sep 2026 12:32:16 GMT",87cce42acbb5bc293d4ac74715ea545748b6464c8f066de6bffbb72007fe9577,Hyundai,Tucson,,REDLINE (N Pack),2027,60199ad52a420993a3e8237c,Instrument Cluster Type,Digital,spec-table
ContactCars,https://www.contactcars.com/en/new-cars/hyundai-tucson/80de22b89792,"Fri, 25 Sep 2026 12:32:16 GMT",87cce42acbb5bc293d4ac74715ea545748b6464c8f066de6bffbb72007fe9577,Hyundai,Tucson,,REDLINE (N Pack),2027,75fe2b7d7bc2,Instrument Cluster Size,12٫3,spec-table
ContactCars,https://www.contactcars.com/en/new-cars/hyundai-tucson/80de22b89792,"Fri, 25 Sep 2026 12:32:16 GMT",87cce42acbb5bc293d4ac74715ea545748b6464c8f066de6bffbb72007fe9577,Hyundai,Tucson,,REDLINE (N Pack),2027,60199ad52a420993a3e8239c,Smartphone Integration,Android Auto/Apple Car Play,spec-table
ContactCars,https://www.contactcars.com/en/new-cars/hyundai-tucson/80de22b89792,"Fri, 25 Sep 2026 12:32:16 GMT",87cce42acbb5bc293d4ac74715ea545748b6464c8f066de6bffbb72007fe9577,Hyundai,Tucson,,REDLINE (N Pack),2027,60199ad52a420993a3e823a2,Number of Speakers,6,spec-table
ContactCars,https://www.contactcars.com/en/new-cars/hyundai-tucson/80de22b89792,"Fri, 25 Sep 2026 12:32:16 GMT",87cce42acbb5bc293d4ac74715ea545748b6464c8f066de6bffbb72007fe9577,Hyundai,Tucson,,REDLINE (N Pack),2027,60199ad52a420993a3e8236d,Headlamps,LED,spec-table
ContactCars,https://www.contactcars.com/en/new-cars/hyundai-tucson/80de22b89792,"Fri, 25 Sep 2026 12:32:16 GMT",87cce42acbb5bc293d4ac74715ea545748b6464c8f066de6bffbb72007fe9577,Hyundai,Tucson,,REDLINE (N Pack),2027,60199ad52a420993a3e8236e,Tail Lights,LED,spec-table
ContactCars,https://www.contactcars.com/en/new-cars/hyundai-tucson/80de22b89792,"Fri, 25 Sep 2026 12:32:16 GMT",87cce42acbb5bc293d4ac74715ea545748b6464c8f066de6bffbb72007fe9577,Hyundai,Tucson,,REDLINE (N Pack),2027,62448521ba30183d77919447,Body Stitching,N Pack,spec-table
ContactCars,https://www.contactcars.com/en/new-cars/hyundai-tucson/80de22b89792,"Fri, 25 Sep 2026 12:32:16 GMT",87cce42acbb5bc293d4ac74715ea545748b6464c8f066de6bffbb72007fe9577,Hyundai,Tucson,,REDLINE (N Pack),2027,62d57953644fb1f973ba7c3d,Additional Colors,رمادي لؤلؤي إيكوترونيك، برتقالي جوبيتر، فضي لامع، أحمر ألتيميت، أبيض سيرينيتي، أسود أبيس، أخضر لؤلؤي سبيرز، أحمر إنجن، أزرق لؤلؤي سالينج،  ,spec-table
ContactCars,https://www.contactcars.com/en/new-cars/hyundai-tucson/80de22b89792,"Fri, 25 Sep 2026 12:32:16 GMT",87cce42acbb5bc293d4ac74715ea545748b6464c8f066de6bffbb72007fe9577,Hyundai,Tucson,,REDLINE (N Pack),2027,62a5f51c3b190c24efacbe38,Basic Vehicle Warranty,5 سنوات أو 100 ألف كم ,spec-table
ContactCars,https://www.contactcars.com/en/new-cars/hyundai-tucson/a74266793c7f,"Fri, 25 Sep 2026 12:32:17 GMT",3a24bf5a57cddbb0c40e1eda6305b9fc2c8524cc3df4b30ca63f33d797cc82bb,Hyundai,Tucson,,NIGHT,2026,jsonld:offer_price_egp,offer_price_egp,2100000,json-ld
ContactCars,https://www.contactcars.com/en/new-cars/hyundai-tucson/a74266793c7f,"Fri, 25 Sep 2026 12:32:17 GMT",3a24bf5a57cddbb0c40e1eda6305b9fc2c8524cc3df4b30ca63f33d797cc82bb,Hyundai,Tucson,,NIGHT,2026,jsonld:fuelType,fuelType,Gas,json-ld
ContactCars,https://www.contactcars.com/en/new-cars/hyundai-tucson/a74266793c7f,"Fri, 25 Sep 2026 12:32:17 GMT",3a24bf5a57cddbb0c40e1eda6305b9fc2c8524cc3df4b30ca63f33d797cc82bb,Hyundai,Tucson,,NIGHT,2026,jsonld:engineDisplacement,engineDisplacement,1600,json-ld
ContactCars,https://www.contactcars.com/en/new-cars/hyundai-tucson/a74266793c7f,"Fri, 25 Sep 2026 12:32:17 GMT",3a24bf5a57cddbb0c40e1eda6305b9fc2c8524cc3df4b30ca63f33d797cc82bb,Hyundai,Tucson,,NIGHT,2026,jsonld:vehicleTransmission,vehicleTransmission,Dual Clutch,json-ld
ContactCars,https://www.contactcars.com/en/new-cars/hyundai-tucson/a74266793c7f,"Fri, 25 Sep 2026 12:32:17 GMT",3a24bf5a57cddbb0c40e1eda6305b9fc2c8524cc3df4b30ca63f33d797cc82bb,Hyundai,Tucson,,NIGHT,2026,jsonld:bodyType,bodyType,SUV,json-ld
ContactCars,https://www.contactcars.com/en/new-cars/hyundai-tucson/a74266793c7f,"Fri, 25 Sep 2026 12:32:17 GMT",3a24bf5a57cddbb0c40e1eda6305b9fc2c8524cc3df4b30ca63f33d797cc82bb,Hyundai,Tucson,,NIGHT,2026,jsonld:assembly_country,assembly_country,Czechia,json-ld
ContactCars,https://www.contactcars.com/en/new-cars/hyundai-tucson/a74266793c7f,"Fri, 25 Sep 2026 12:32:17 GMT",3a24bf5a57cddbb0c40e1eda6305b9fc2c8524cc3df4b30ca63f33d797cc82bb,Hyundai,Tucson,,NIGHT,2026,1cff89624677,Vehicle Size Class,Compact,spec-table
ContactCars,https://www.contactcars.com/en/new-cars/hyundai-tucson/a74266793c7f,"Fri, 25 Sep 2026 12:32:17 GMT",3a24bf5a57cddbb0c40e1eda6305b9fc2c8524cc3df4b30ca63f33d797cc82bb,Hyundai,Tucson,,NIGHT,2026,5bedd1146e88,Body Style,SUV,spec-table
ContactCars,https://www.contactcars.com/en/new-cars/hyundai-tucson/a74266793c7f,"Fri, 25 Sep 2026 12:32:17 GMT",3a24bf5a57cddbb0c40e1eda6305b9fc2c8524cc3df4b30ca63f33d797cc82bb,Hyundai,Tucson,,NIGHT,2026,13a10f395a87,Number of Doors,5,spec-table
ContactCars,https://www.contactcars.com/en/new-cars/hyundai-tucson/a74266793c7f,"Fri, 25 Sep 2026 12:32:17 GMT",3a24bf5a57cddbb0c40e1eda6305b9fc2c8524cc3df4b30ca63f33d797cc82bb,Hyundai,Tucson,,NIGHT,2026,60199ad52a420993a3e82387,Number of Seats,5,spec-table
ContactCars,https://www.contactcars.com/en/new-cars/hyundai-tucson/a74266793c7f,"Fri, 25 Sep 2026 12:32:17 GMT",3a24bf5a57cddbb0c40e1eda6305b9fc2c8524cc3df4b30ca63f33d797cc82bb,Hyundai,Tucson,,NIGHT,2026,60199ad52a420993a3e823a4,Rear Trunk Capacity (Liter),503,spec-table
ContactCars,https://www.contactcars.com/en/new-cars/hyundai-tucson/a74266793c7f,"Fri, 25 Sep 2026 12:32:17 GMT",3a24bf5a57cddbb0c40e1eda6305b9fc2c8524cc3df4b30ca63f33d797cc82bb,Hyundai,Tucson,,NIGHT,2026,2cd960af118a,"Rear Trunk Capacity, Seats Folded (Liter)",1799,spec-table
ContactCars,https://www.contactcars.com/en/new-cars/hyundai-tucson/a74266793c7f,"Fri, 25 Sep 2026 12:32:17 GMT",3a24bf5a57cddbb0c40e1eda6305b9fc2c8524cc3df4b30ca63f33d797cc82bb,Hyundai,Tucson,,NIGHT,2026,603647429f57461ab1a74148,Length (mm),4510,spec-table
ContactCars,https://www.contactcars.com/en/new-cars/hyundai-tucson/a74266793c7f,"Fri, 25 Sep 2026 12:32:17 GMT",3a24bf5a57cddbb0c40e1eda6305b9fc2c8524cc3df4b30ca63f33d797cc82bb,Hyundai,Tucson,,NIGHT,2026,6036477d9f57461ab1a74149,Width (mm),1865,spec-table
ContactCars,https://www.contactcars.com/en/new-cars/hyundai-tucson/a74266793c7f,"Fri, 25 Sep 2026 12:32:17 GMT",3a24bf5a57cddbb0c40e1eda6305b9fc2c8524cc3df4b30ca63f33d797cc82bb,Hyundai,Tucson,,NIGHT,2026,603647a49f57461ab1a7414a,Height (mm),1650,spec-table
ContactCars,https://www.contactcars.com/en/new-cars/hyundai-tucson/a74266793c7f,"Fri, 25 Sep 2026 12:32:17 GMT",3a24bf5a57cddbb0c40e1eda6305b9fc2c8524cc3df4b30ca63f33d797cc82bb,Hyundai,Tucson,,NIGHT,2026,6033cae86136e6f66151c687,Wheelbase (mm),2680,spec-table
ContactCars,https://www.contactcars.com/en/new-cars/hyundai-tucson/a74266793c7f,"Fri, 25 Sep 2026 12:32:17 GMT",3a24bf5a57cddbb0c40e1eda6305b9fc2c8524cc3df4b30ca63f33d797cc82bb,Hyundai,Tucson,,NIGHT,2026,6033cbc86136e6f66151c688,Ground Clearance (mm),170,spec-table
ContactCars,https://www.contactcars.com/en/new-cars/hyundai-tucson/a74266793c7f,"Fri, 25 Sep 2026 12:32:17 GMT",3a24bf5a57cddbb0c40e1eda6305b9fc2c8524cc3df4b30ca63f33d797cc82bb,Hyundai,Tucson,,NIGHT,2026,6244612fba30183d7791942e,Curb Weight (KG),"1,466",spec-table
ContactCars,https://www.contactcars.com/en/new-cars/hyundai-tucson/a74266793c7f,"Fri, 25 Sep 2026 12:32:17 GMT",3a24bf5a57cddbb0c40e1eda6305b9fc2c8524cc3df4b30ca63f33d797cc82bb,Hyundai,Tucson,,NIGHT,2026,624443c0ba30183d77919424,Generation,4th,spec-table
ContactCars,https://www.contactcars.com/en/new-cars/hyundai-tucson/a74266793c7f,"Fri, 25 Sep 2026 12:32:17 GMT",3a24bf5a57cddbb0c40e1eda6305b9fc2c8524cc3df4b30ca63f33d797cc82bb,Hyundai,Tucson,,NIGHT,2026,1b9f93607f48,Powertrain Type,ICE (Petrol),spec-table
ContactCars,https://www.contactcars.com/en/new-cars/hyundai-tucson/a74266793c7f,"Fri, 25 Sep 2026 12:32:17 GMT",3a24bf5a57cddbb0c40e1eda6305b9fc2c8524cc3df4b30ca63f33d797cc82bb,Hyundai,Tucson,,NIGHT,2026,60199ad52a420993a3e82353,Combined Maximum Power (HP @ RPM),"180 / 5,500",spec-table
ContactCars,https://www.contactcars.com/en/new-cars/hyundai-tucson/a74266793c7f,"Fri, 25 Sep 2026 12:32:17 GMT",3a24bf5a57cddbb0c40e1eda6305b9fc2c8524cc3df4b30ca63f33d797cc82bb,Hyundai,Tucson,,NIGHT,2026,60199ad52a420993a3e82354,Combined Maximum Torque (N.m @ RPM),265  / 1500 - 4500,spec-table
ContactCars,https://www.contactcars.com/en/new-cars/hyundai-tucson/a74266793c7f,"Fri, 25 Sep 2026 12:32:17 GMT",3a24bf5a57cddbb0c40e1eda6305b9fc2c8524cc3df4b30ca63f33d797cc82bb,Hyundai,Tucson,,NIGHT,2026,60199ad52a420993a3e82359,Fuel Tank Capacity (Litre),54,spec-table
ContactCars,https://www.contactcars.com/en/new-cars/hyundai-tucson/a74266793c7f,"Fri, 25 Sep 2026 12:32:17 GMT",3a24bf5a57cddbb0c40e1eda6305b9fc2c8524cc3df4b30ca63f33d797cc82bb,Hyundai,Tucson,,NIGHT,2026,60199ad52a420993a3e82356,Combined Fuel/Energy Consumption (Liter/100 KM),6٫1,spec-table
ContactCars,https://www.contactcars.com/en/new-cars/hyundai-tucson/a74266793c7f,"Fri, 25 Sep 2026 12:32:17 GMT",3a24bf5a57cddbb0c40e1eda6305b9fc2c8524cc3df4b30ca63f33d797cc82bb,Hyundai,Tucson,,NIGHT,2026,bc8f5919d91f,Engine Type,Inline-4,spec-table
ContactCars,https://www.contactcars.com/en/new-cars/hyundai-tucson/a74266793c7f,"Fri, 25 Sep 2026 12:32:17 GMT",3a24bf5a57cddbb0c40e1eda6305b9fc2c8524cc3df4b30ca63f33d797cc82bb,Hyundai,Tucson,,NIGHT,2026,0922a30a7f46,Engine Function,Drive Wheels,spec-table
ContactCars,https://www.contactcars.com/en/new-cars/hyundai-tucson/a74266793c7f,"Fri, 25 Sep 2026 12:32:17 GMT",3a24bf5a57cddbb0c40e1eda6305b9fc2c8524cc3df4b30ca63f33d797cc82bb,Hyundai,Tucson,,NIGHT,2026,60199ad52a420993a3e82352,Cylinders,4,spec-table
ContactCars,https://www.contactcars.com/en/new-cars/hyundai-tucson/a74266793c7f,"Fri, 25 Sep 2026 12:32:17 GMT",3a24bf5a57cddbb0c40e1eda6305b9fc2c8524cc3df4b30ca63f33d797cc82bb,Hyundai,Tucson,,NIGHT,2026,62445feaba30183d7791942d,Engine Capacity (CC),1600,spec-table
ContactCars,https://www.contactcars.com/en/new-cars/hyundai-tucson/a74266793c7f,"Fri, 25 Sep 2026 12:32:17 GMT",3a24bf5a57cddbb0c40e1eda6305b9fc2c8524cc3df4b30ca63f33d797cc82bb,Hyundai,Tucson,,NIGHT,2026,6244616cba30183d7791942f,Induction Type,Turbocharged,spec-table
ContactCars,https://www.contactcars.com/en/new-cars/hyundai-tucson/a74266793c7f,"Fri, 25 Sep 2026 12:32:17 GMT",3a24bf5a57cddbb0c40e1eda6305b9fc2c8524cc3df4b30ca63f33d797cc82bb,Hyundai,Tucson,,NIGHT,2026,62445f6cba30183d7791942c,Engine Layout,Front,spec-table
ContactCars,https://www.contactcars.com/en/new-cars/hyundai-tucson/a74266793c7f,"Fri, 25 Sep 2026 12:32:17 GMT",3a24bf5a57cddbb0c40e1eda6305b9fc2c8524cc3df4b30ca63f33d797cc82bb,Hyundai,Tucson,,NIGHT,2026,ae3798f5fd83,Drivetrain Type,FWD (Front-Wheel Drive),spec-table
ContactCars,https://www.contactcars.com/en/new-cars/hyundai-tucson/a74266793c7f,"Fri, 25 Sep 2026 12:32:17 GMT",3a24bf5a57cddbb0c40e1eda6305b9fc2c8524cc3df4b30ca63f33d797cc82bb,Hyundai,Tucson,,NIGHT,2026,fd8d1904b500,Transmission Type,Automatic,spec-table
ContactCars,https://www.contactcars.com/en/new-cars/hyundai-tucson/a74266793c7f,"Fri, 25 Sep 2026 12:32:17 GMT",3a24bf5a57cddbb0c40e1eda6305b9fc2c8524cc3df4b30ca63f33d797cc82bb,Hyundai,Tucson,,NIGHT,2026,5229867ce0fa,Transmission Technology,Dry DCT (Dual-Clutch Transmission),spec-table
ContactCars,https://www.contactcars.com/en/new-cars/hyundai-tucson/a74266793c7f,"Fri, 25 Sep 2026 12:32:17 GMT",3a24bf5a57cddbb0c40e1eda6305b9fc2c8524cc3df4b30ca63f33d797cc82bb,Hyundai,Tucson,,NIGHT,2026,60199ad52a420993a3e8235a,Number of Gears,7,spec-table
ContactCars,https://www.contactcars.com/en/new-cars/hyundai-tucson/a74266793c7f,"Fri, 25 Sep 2026 12:32:17 GMT",3a24bf5a57cddbb0c40e1eda6305b9fc2c8524cc3df4b30ca63f33d797cc82bb,Hyundai,Tucson,,NIGHT,2026,60199ad52a420993a3e82385,Steering Wheel,Leather 4 Spoke,spec-table
ContactCars,https://www.contactcars.com/en/new-cars/hyundai-tucson/a74266793c7f,"Fri, 25 Sep 2026 12:32:17 GMT",3a24bf5a57cddbb0c40e1eda6305b9fc2c8524cc3df4b30ca63f33d797cc82bb,Hyundai,Tucson,,NIGHT,2026,60199ad52a420993a3e8235d,Power Steering Type,Electric,spec-table
ContactCars,https://www.contactcars.com/en/new-cars/hyundai-tucson/a74266793c7f,"Fri, 25 Sep 2026 12:32:17 GMT",3a24bf5a57cddbb0c40e1eda6305b9fc2c8524cc3df4b30ca63f33d797cc82bb,Hyundai,Tucson,,NIGHT,2026,602fa37cd768,Steering Adjustment Ops,Manual,spec-table
ContactCars,https://www.contactcars.com/en/new-cars/hyundai-tucson/a74266793c7f,"Fri, 25 Sep 2026 12:32:17 GMT",3a24bf5a57cddbb0c40e1eda6305b9fc2c8524cc3df4b30ca63f33d797cc82bb,Hyundai,Tucson,,NIGHT,2026,7c8ae7912edf,Steering Modes,"Comfort, Sport, Normal, Eco",spec-table
ContactCars,https://www.contactcars.com/en/new-cars/hyundai-tucson/a74266793c7f,"Fri, 25 Sep 2026 12:32:17 GMT",3a24bf5a57cddbb0c40e1eda6305b9fc2c8524cc3df4b30ca63f33d797cc82bb,Hyundai,Tucson,,NIGHT,2026,e78c472170c2,Front Suspension Type,MacPherson,spec-table
ContactCars,https://www.contactcars.com/en/new-cars/hyundai-tucson/a74266793c7f,"Fri, 25 Sep 2026 12:32:17 GMT",3a24bf5a57cddbb0c40e1eda6305b9fc2c8524cc3df4b30ca63f33d797cc82bb,Hyundai,Tucson,,NIGHT,2026,d7a33f9ff1ff,Rear Suspension Type,Multi-Link,spec-table
ContactCars,https://www.contactcars.com/en/new-cars/hyundai-tucson/a74266793c7f,"Fri, 25 Sep 2026 12:32:17 GMT",3a24bf5a57cddbb0c40e1eda6305b9fc2c8524cc3df4b30ca63f33d797cc82bb,Hyundai,Tucson,,NIGHT,2026,58f344b6ff55,Front Brakes Type,Solid Disc Brakes,spec-table
ContactCars,https://www.contactcars.com/en/new-cars/hyundai-tucson/a74266793c7f,"Fri, 25 Sep 2026 12:32:17 GMT",3a24bf5a57cddbb0c40e1eda6305b9fc2c8524cc3df4b30ca63f33d797cc82bb,Hyundai,Tucson,,NIGHT,2026,eb24327dbe4e,Rear Brakes Type,Solid Disc Brakes,spec-table
ContactCars,https://www.contactcars.com/en/new-cars/hyundai-tucson/a74266793c7f,"Fri, 25 Sep 2026 12:32:17 GMT",3a24bf5a57cddbb0c40e1eda6305b9fc2c8524cc3df4b30ca63f33d797cc82bb,Hyundai,Tucson,,NIGHT,2026,d4b30096d663,Wheel Type,Alloy,spec-table
ContactCars,https://www.contactcars.com/en/new-cars/hyundai-tucson/a74266793c7f,"Fri, 25 Sep 2026 12:32:17 GMT",3a24bf5a57cddbb0c40e1eda6305b9fc2c8524cc3df4b30ca63f33d797cc82bb,Hyundai,Tucson,,NIGHT,2026,1831c41b7b17,Front Wheel Size,18,spec-table
ContactCars,https://www.contactcars.com/en/new-cars/hyundai-tucson/a74266793c7f,"Fri, 25 Sep 2026 12:32:17 GMT",3a24bf5a57cddbb0c40e1eda6305b9fc2c8524cc3df4b30ca63f33d797cc82bb,Hyundai,Tucson,,NIGHT,2026,1f4797b49117,Rear Wheel Size,18,spec-table
ContactCars,https://www.contactcars.com/en/new-cars/hyundai-tucson/a74266793c7f,"Fri, 25 Sep 2026 12:32:17 GMT",3a24bf5a57cddbb0c40e1eda6305b9fc2c8524cc3df4b30ca63f33d797cc82bb,Hyundai,Tucson,,NIGHT,2026,60199ad52a420993a3e82372,Front Tire Size,235 /55 R18,spec-table
ContactCars,https://www.contactcars.com/en/new-cars/hyundai-tucson/a74266793c7f,"Fri, 25 Sep 2026 12:32:17 GMT",3a24bf5a57cddbb0c40e1eda6305b9fc2c8524cc3df4b30ca63f33d797cc82bb,Hyundai,Tucson,,NIGHT,2026,2076fe4abba4,Rear Tire Size,235 /55 R18,spec-table
ContactCars,https://www.contactcars.com/en/new-cars/hyundai-tucson/a74266793c7f,"Fri, 25 Sep 2026 12:32:17 GMT",3a24bf5a57cddbb0c40e1eda6305b9fc2c8524cc3df4b30ca63f33d797cc82bb,Hyundai,Tucson,,NIGHT,2026,cb68666c87e5,Tire Type,All-Season,spec-table
ContactCars,https://www.contactcars.com/en/new-cars/hyundai-tucson/a74266793c7f,"Fri, 25 Sep 2026 12:32:17 GMT",3a24bf5a57cddbb0c40e1eda6305b9fc2c8524cc3df4b30ca63f33d797cc82bb,Hyundai,Tucson,,NIGHT,2026,ba2239f5bba2,IIHS Results,Top Safety Pick+,spec-table
ContactCars,https://www.contactcars.com/en/new-cars/hyundai-tucson/a74266793c7f,"Fri, 25 Sep 2026 12:32:17 GMT",3a24bf5a57cddbb0c40e1eda6305b9fc2c8524cc3df4b30ca63f33d797cc82bb,Hyundai,Tucson,,NIGHT,2026,56a59f46e398,Euro NCAP Results,5,spec-table
ContactCars,https://www.contactcars.com/en/new-cars/hyundai-tucson/a74266793c7f,"Fri, 25 Sep 2026 12:32:17 GMT",3a24bf5a57cddbb0c40e1eda6305b9fc2c8524cc3df4b30ca63f33d797cc82bb,Hyundai,Tucson,,NIGHT,2026,60199ad52a420993a3e8236a,Airbag Count,6,spec-table
ContactCars,https://www.contactcars.com/en/new-cars/hyundai-tucson/a74266793c7f,"Fri, 25 Sep 2026 12:32:17 GMT",3a24bf5a57cddbb0c40e1eda6305b9fc2c8524cc3df4b30ca63f33d797cc82bb,Hyundai,Tucson,,NIGHT,2026,72fbbbfbb11f,Seat Upholestry,Cloth,spec-table
ContactCars,https://www.contactcars.com/en/new-cars/hyundai-tucson/a74266793c7f,"Fri, 25 Sep 2026 12:32:17 GMT",3a24bf5a57cddbb0c40e1eda6305b9fc2c8524cc3df4b30ca63f33d797cc82bb,Hyundai,Tucson,,NIGHT,2026,60199ad52a420993a3e82383,Ambient Lighting,Multi Color,spec-table
ContactCars,https://www.contactcars.com/en/new-cars/hyundai-tucson/a74266793c7f,"Fri, 25 Sep 2026 12:32:17 GMT",3a24bf5a57cddbb0c40e1eda6305b9fc2c8524cc3df4b30ca63f33d797cc82bb,Hyundai,Tucson,,NIGHT,2026,60199ad52a420993a3e8238f,Driver Seat,Driver Seat Electric,spec-table
ContactCars,https://www.contactcars.com/en/new-cars/hyundai-tucson/a74266793c7f,"Fri, 25 Sep 2026 12:32:17 GMT",3a24bf5a57cddbb0c40e1eda6305b9fc2c8524cc3df4b30ca63f33d797cc82bb,Hyundai,Tucson,,NIGHT,2026,d9630e463440,Center Information Display,12٫3,spec-table
ContactCars,https://www.contactcars.com/en/new-cars/hyundai-tucson/a74266793c7f,"Fri, 25 Sep 2026 12:32:17 GMT",3a24bf5a57cddbb0c40e1eda6305b9fc2c8524cc3df4b30ca63f33d797cc82bb,Hyundai,Tucson,,NIGHT,2026,60199ad52a420993a3e8237c,Instrument Cluster Type,Digital,spec-table
ContactCars,https://www.contactcars.com/en/new-cars/hyundai-tucson/a74266793c7f,"Fri, 25 Sep 2026 12:32:17 GMT",3a24bf5a57cddbb0c40e1eda6305b9fc2c8524cc3df4b30ca63f33d797cc82bb,Hyundai,Tucson,,NIGHT,2026,75fe2b7d7bc2,Instrument Cluster Size,12٫3,spec-table
ContactCars,https://www.contactcars.com/en/new-cars/hyundai-tucson/a74266793c7f,"Fri, 25 Sep 2026 12:32:17 GMT",3a24bf5a57cddbb0c40e1eda6305b9fc2c8524cc3df4b30ca63f33d797cc82bb,Hyundai,Tucson,,NIGHT,2026,60199ad52a420993a3e8239c,Smartphone Integration,Android Auto/Apple Car Play,spec-table
ContactCars,https://www.contactcars.com/en/new-cars/hyundai-tucson/a74266793c7f,"Fri, 25 Sep 2026 12:32:17 GMT",3a24bf5a57cddbb0c40e1eda6305b9fc2c8524cc3df4b30ca63f33d797cc82bb,Hyundai,Tucson,,NIGHT,2026,60199ad52a420993a3e823a2,Number of Speakers,6,spec-table
ContactCars,https://www.contactcars.com/en/new-cars/hyundai-tucson/a74266793c7f,"Fri, 25 Sep 2026 12:32:17 GMT",3a24bf5a57cddbb0c40e1eda6305b9fc2c8524cc3df4b30ca63f33d797cc82bb,Hyundai,Tucson,,NIGHT,2026,60199ad52a420993a3e8236d,Headlamps,LED,spec-table
ContactCars,https://www.contactcars.com/en/new-cars/hyundai-tucson/a74266793c7f,"Fri, 25 Sep 2026 12:32:17 GMT",3a24bf5a57cddbb0c40e1eda6305b9fc2c8524cc3df4b30ca63f33d797cc82bb,Hyundai,Tucson,,NIGHT,2026,60199ad52a420993a3e8236e,Tail Lights,LED,spec-table
ContactCars,https://www.contactcars.com/en/new-cars/hyundai-tucson/a74266793c7f,"Fri, 25 Sep 2026 12:32:17 GMT",3a24bf5a57cddbb0c40e1eda6305b9fc2c8524cc3df4b30ca63f33d797cc82bb,Hyundai,Tucson,,NIGHT,2026,62d57953644fb1f973ba7c3d,Additional Colors,رمادي لؤلؤي إيكوترونيك، برتقالي جوبيتر، فضي لامع، أحمر ألتيميت، أبيض سيرينيتي، أسود أبيس، أخضر لؤلؤي سبيرز، أحمر إنجن، أزرق لؤلؤي سالينج،  ,spec-table
ContactCars,https://www.contactcars.com/en/new-cars/hyundai-tucson/a74266793c7f,"Fri, 25 Sep 2026 12:32:17 GMT",3a24bf5a57cddbb0c40e1eda6305b9fc2c8524cc3df4b30ca63f33d797cc82bb,Hyundai,Tucson,,NIGHT,2026,62a5f51c3b190c24efacbe38,Basic Vehicle Warranty,5 سنوات أو 100 ألف كم ,spec-table
ContactCars,https://www.contactcars.com/en/new-cars/hyundai-tucson/cc1e6820a5d9,"Fri, 25 Sep 2026 12:32:19 GMT",22dd6e601215c4b9709e0f75088bab2e2d347e409163c81cdfe78d10b6e6dbfa,Hyundai,Tucson,,SHADOW,2026,jsonld:offer_price_egp,offer_price_egp,1700000,json-ld
ContactCars,https://www.contactcars.com/en/new-cars/hyundai-tucson/cc1e6820a5d9,"Fri, 25 Sep 2026 12:32:19 GMT",22dd6e601215c4b9709e0f75088bab2e2d347e409163c81cdfe78d10b6e6dbfa,Hyundai,Tucson,,SHADOW,2026,jsonld:fuelType,fuelType,Gas,json-ld
ContactCars,https://www.contactcars.com/en/new-cars/hyundai-tucson/cc1e6820a5d9,"Fri, 25 Sep 2026 12:32:19 GMT",22dd6e601215c4b9709e0f75088bab2e2d347e409163c81cdfe78d10b6e6dbfa,Hyundai,Tucson,,SHADOW,2026,jsonld:engineDisplacement,engineDisplacement,1600,json-ld
ContactCars,https://www.contactcars.com/en/new-cars/hyundai-tucson/cc1e6820a5d9,"Fri, 25 Sep 2026 12:32:19 GMT",22dd6e601215c4b9709e0f75088bab2e2d347e409163c81cdfe78d10b6e6dbfa,Hyundai,Tucson,,SHADOW,2026,jsonld:vehicleTransmission,vehicleTransmission,Dual Clutch,json-ld
ContactCars,https://www.contactcars.com/en/new-cars/hyundai-tucson/cc1e6820a5d9,"Fri, 25 Sep 2026 12:32:19 GMT",22dd6e601215c4b9709e0f75088bab2e2d347e409163c81cdfe78d10b6e6dbfa,Hyundai,Tucson,,SHADOW,2026,jsonld:bodyType,bodyType,SUV,json-ld
ContactCars,https://www.contactcars.com/en/new-cars/hyundai-tucson/cc1e6820a5d9,"Fri, 25 Sep 2026 12:32:19 GMT",22dd6e601215c4b9709e0f75088bab2e2d347e409163c81cdfe78d10b6e6dbfa,Hyundai,Tucson,,SHADOW,2026,jsonld:assembly_country,assembly_country,Czechia,json-ld
ContactCars,https://www.contactcars.com/en/new-cars/hyundai-tucson/cc1e6820a5d9,"Fri, 25 Sep 2026 12:32:19 GMT",22dd6e601215c4b9709e0f75088bab2e2d347e409163c81cdfe78d10b6e6dbfa,Hyundai,Tucson,,SHADOW,2026,1cff89624677,Vehicle Size Class,Compact,spec-table
ContactCars,https://www.contactcars.com/en/new-cars/hyundai-tucson/cc1e6820a5d9,"Fri, 25 Sep 2026 12:32:19 GMT",22dd6e601215c4b9709e0f75088bab2e2d347e409163c81cdfe78d10b6e6dbfa,Hyundai,Tucson,,SHADOW,2026,5bedd1146e88,Body Style,SUV,spec-table
ContactCars,https://www.contactcars.com/en/new-cars/hyundai-tucson/cc1e6820a5d9,"Fri, 25 Sep 2026 12:32:19 GMT",22dd6e601215c4b9709e0f75088bab2e2d347e409163c81cdfe78d10b6e6dbfa,Hyundai,Tucson,,SHADOW,2026,13a10f395a87,Number of Doors,5,spec-table
ContactCars,https://www.contactcars.com/en/new-cars/hyundai-tucson/cc1e6820a5d9,"Fri, 25 Sep 2026 12:32:19 GMT",22dd6e601215c4b9709e0f75088bab2e2d347e409163c81cdfe78d10b6e6dbfa,Hyundai,Tucson,,SHADOW,2026,60199ad52a420993a3e82387,Number of Seats,5,spec-table
ContactCars,https://www.contactcars.com/en/new-cars/hyundai-tucson/cc1e6820a5d9,"Fri, 25 Sep 2026 12:32:19 GMT",22dd6e601215c4b9709e0f75088bab2e2d347e409163c81cdfe78d10b6e6dbfa,Hyundai,Tucson,,SHADOW,2026,60199ad52a420993a3e823a4,Rear Trunk Capacity (Liter),503,spec-table
ContactCars,https://www.contactcars.com/en/new-cars/hyundai-tucson/cc1e6820a5d9,"Fri, 25 Sep 2026 12:32:19 GMT",22dd6e601215c4b9709e0f75088bab2e2d347e409163c81cdfe78d10b6e6dbfa,Hyundai,Tucson,,SHADOW,2026,2cd960af118a,"Rear Trunk Capacity, Seats Folded (Liter)",1799,spec-table
ContactCars,https://www.contactcars.com/en/new-cars/hyundai-tucson/cc1e6820a5d9,"Fri, 25 Sep 2026 12:32:19 GMT",22dd6e601215c4b9709e0f75088bab2e2d347e409163c81cdfe78d10b6e6dbfa,Hyundai,Tucson,,SHADOW,2026,603647429f57461ab1a74148,Length (mm),4510,spec-table
ContactCars,https://www.contactcars.com/en/new-cars/hyundai-tucson/cc1e6820a5d9,"Fri, 25 Sep 2026 12:32:19 GMT",22dd6e601215c4b9709e0f75088bab2e2d347e409163c81cdfe78d10b6e6dbfa,Hyundai,Tucson,,SHADOW,2026,6036477d9f57461ab1a74149,Width (mm),1865,spec-table
ContactCars,https://www.contactcars.com/en/new-cars/hyundai-tucson/cc1e6820a5d9,"Fri, 25 Sep 2026 12:32:19 GMT",22dd6e601215c4b9709e0f75088bab2e2d347e409163c81cdfe78d10b6e6dbfa,Hyundai,Tucson,,SHADOW,2026,603647a49f57461ab1a7414a,Height (mm),1650,spec-table
ContactCars,https://www.contactcars.com/en/new-cars/hyundai-tucson/cc1e6820a5d9,"Fri, 25 Sep 2026 12:32:19 GMT",22dd6e601215c4b9709e0f75088bab2e2d347e409163c81cdfe78d10b6e6dbfa,Hyundai,Tucson,,SHADOW,2026,6033cae86136e6f66151c687,Wheelbase (mm),2680,spec-table
ContactCars,https://www.contactcars.com/en/new-cars/hyundai-tucson/cc1e6820a5d9,"Fri, 25 Sep 2026 12:32:19 GMT",22dd6e601215c4b9709e0f75088bab2e2d347e409163c81cdfe78d10b6e6dbfa,Hyundai,Tucson,,SHADOW,2026,6033cbc86136e6f66151c688,Ground Clearance (mm),170,spec-table
ContactCars,https://www.contactcars.com/en/new-cars/hyundai-tucson/cc1e6820a5d9,"Fri, 25 Sep 2026 12:32:19 GMT",22dd6e601215c4b9709e0f75088bab2e2d347e409163c81cdfe78d10b6e6dbfa,Hyundai,Tucson,,SHADOW,2026,6244612fba30183d7791942e,Curb Weight (KG),"1,466",spec-table
ContactCars,https://www.contactcars.com/en/new-cars/hyundai-tucson/cc1e6820a5d9,"Fri, 25 Sep 2026 12:32:19 GMT",22dd6e601215c4b9709e0f75088bab2e2d347e409163c81cdfe78d10b6e6dbfa,Hyundai,Tucson,,SHADOW,2026,624443c0ba30183d77919424,Generation,4th,spec-table
ContactCars,https://www.contactcars.com/en/new-cars/hyundai-tucson/cc1e6820a5d9,"Fri, 25 Sep 2026 12:32:19 GMT",22dd6e601215c4b9709e0f75088bab2e2d347e409163c81cdfe78d10b6e6dbfa,Hyundai,Tucson,,SHADOW,2026,60199ad52a420993a3e82353,Combined Maximum Power (HP @ RPM),"180 / 5,500",spec-table
ContactCars,https://www.contactcars.com/en/new-cars/hyundai-tucson/cc1e6820a5d9,"Fri, 25 Sep 2026 12:32:19 GMT",22dd6e601215c4b9709e0f75088bab2e2d347e409163c81cdfe78d10b6e6dbfa,Hyundai,Tucson,,SHADOW,2026,60199ad52a420993a3e82354,Combined Maximum Torque (N.m @ RPM),265  / 1500 - 4500,spec-table
ContactCars,https://www.contactcars.com/en/new-cars/hyundai-tucson/cc1e6820a5d9,"Fri, 25 Sep 2026 12:32:19 GMT",22dd6e601215c4b9709e0f75088bab2e2d347e409163c81cdfe78d10b6e6dbfa,Hyundai,Tucson,,SHADOW,2026,60199ad52a420993a3e82359,Fuel Tank Capacity (Litre),54,spec-table
ContactCars,https://www.contactcars.com/en/new-cars/hyundai-tucson/cc1e6820a5d9,"Fri, 25 Sep 2026 12:32:19 GMT",22dd6e601215c4b9709e0f75088bab2e2d347e409163c81cdfe78d10b6e6dbfa,Hyundai,Tucson,,SHADOW,2026,60199ad52a420993a3e82356,Combined Fuel/Energy Consumption (Liter/100 KM),6٫1,spec-table
ContactCars,https://www.contactcars.com/en/new-cars/hyundai-tucson/cc1e6820a5d9,"Fri, 25 Sep 2026 12:32:19 GMT",22dd6e601215c4b9709e0f75088bab2e2d347e409163c81cdfe78d10b6e6dbfa,Hyundai,Tucson,,SHADOW,2026,60199ad52a420993a3e82352,Cylinders,4,spec-table
ContactCars,https://www.contactcars.com/en/new-cars/hyundai-tucson/cc1e6820a5d9,"Fri, 25 Sep 2026 12:32:19 GMT",22dd6e601215c4b9709e0f75088bab2e2d347e409163c81cdfe78d10b6e6dbfa,Hyundai,Tucson,,SHADOW,2026,62445feaba30183d7791942d,Engine Capacity (CC),1600,spec-table
ContactCars,https://www.contactcars.com/en/new-cars/hyundai-tucson/cc1e6820a5d9,"Fri, 25 Sep 2026 12:32:19 GMT",22dd6e601215c4b9709e0f75088bab2e2d347e409163c81cdfe78d10b6e6dbfa,Hyundai,Tucson,,SHADOW,2026,6244616cba30183d7791942f,Induction Type,Turbocharged,spec-table
ContactCars,https://www.contactcars.com/en/new-cars/hyundai-tucson/cc1e6820a5d9,"Fri, 25 Sep 2026 12:32:19 GMT",22dd6e601215c4b9709e0f75088bab2e2d347e409163c81cdfe78d10b6e6dbfa,Hyundai,Tucson,,SHADOW,2026,62445f6cba30183d7791942c,Engine Layout,Front,spec-table
ContactCars,https://www.contactcars.com/en/new-cars/hyundai-tucson/cc1e6820a5d9,"Fri, 25 Sep 2026 12:32:19 GMT",22dd6e601215c4b9709e0f75088bab2e2d347e409163c81cdfe78d10b6e6dbfa,Hyundai,Tucson,,SHADOW,2026,ae3798f5fd83,Drivetrain Type,FWD (Front-Wheel Drive),spec-table
ContactCars,https://www.contactcars.com/en/new-cars/hyundai-tucson/cc1e6820a5d9,"Fri, 25 Sep 2026 12:32:19 GMT",22dd6e601215c4b9709e0f75088bab2e2d347e409163c81cdfe78d10b6e6dbfa,Hyundai,Tucson,,SHADOW,2026,fd8d1904b500,Transmission Type,Automatic,spec-table
ContactCars,https://www.contactcars.com/en/new-cars/hyundai-tucson/cc1e6820a5d9,"Fri, 25 Sep 2026 12:32:19 GMT",22dd6e601215c4b9709e0f75088bab2e2d347e409163c81cdfe78d10b6e6dbfa,Hyundai,Tucson,,SHADOW,2026,5229867ce0fa,Transmission Technology,Dry DCT (Dual-Clutch Transmission),spec-table
ContactCars,https://www.contactcars.com/en/new-cars/hyundai-tucson/cc1e6820a5d9,"Fri, 25 Sep 2026 12:32:19 GMT",22dd6e601215c4b9709e0f75088bab2e2d347e409163c81cdfe78d10b6e6dbfa,Hyundai,Tucson,,SHADOW,2026,60199ad52a420993a3e8235a,Number of Gears,7,spec-table
ContactCars,https://www.contactcars.com/en/new-cars/hyundai-tucson/cc1e6820a5d9,"Fri, 25 Sep 2026 12:32:19 GMT",22dd6e601215c4b9709e0f75088bab2e2d347e409163c81cdfe78d10b6e6dbfa,Hyundai,Tucson,,SHADOW,2026,60199ad52a420993a3e82385,Steering Wheel,Leather 4 Spoke,spec-table
ContactCars,https://www.contactcars.com/en/new-cars/hyundai-tucson/cc1e6820a5d9,"Fri, 25 Sep 2026 12:32:19 GMT",22dd6e601215c4b9709e0f75088bab2e2d347e409163c81cdfe78d10b6e6dbfa,Hyundai,Tucson,,SHADOW,2026,60199ad52a420993a3e8235d,Power Steering Type,Electric,spec-table
ContactCars,https://www.contactcars.com/en/new-cars/hyundai-tucson/cc1e6820a5d9,"Fri, 25 Sep 2026 12:32:19 GMT",22dd6e601215c4b9709e0f75088bab2e2d347e409163c81cdfe78d10b6e6dbfa,Hyundai,Tucson,,SHADOW,2026,602fa37cd768,Steering Adjustment Ops,Manual,spec-table
ContactCars,https://www.contactcars.com/en/new-cars/hyundai-tucson/cc1e6820a5d9,"Fri, 25 Sep 2026 12:32:19 GMT",22dd6e601215c4b9709e0f75088bab2e2d347e409163c81cdfe78d10b6e6dbfa,Hyundai,Tucson,,SHADOW,2026,7c8ae7912edf,Steering Modes,"Comfort, Sport, Normal, Eco",spec-table
ContactCars,https://www.contactcars.com/en/new-cars/hyundai-tucson/cc1e6820a5d9,"Fri, 25 Sep 2026 12:32:19 GMT",22dd6e601215c4b9709e0f75088bab2e2d347e409163c81cdfe78d10b6e6dbfa,Hyundai,Tucson,,SHADOW,2026,e78c472170c2,Front Suspension Type,MacPherson,spec-table
ContactCars,https://www.contactcars.com/en/new-cars/hyundai-tucson/cc1e6820a5d9,"Fri, 25 Sep 2026 12:32:19 GMT",22dd6e601215c4b9709e0f75088bab2e2d347e409163c81cdfe78d10b6e6dbfa,Hyundai,Tucson,,SHADOW,2026,d7a33f9ff1ff,Rear Suspension Type,Multi-Link,spec-table
ContactCars,https://www.contactcars.com/en/new-cars/hyundai-tucson/cc1e6820a5d9,"Fri, 25 Sep 2026 12:32:19 GMT",22dd6e601215c4b9709e0f75088bab2e2d347e409163c81cdfe78d10b6e6dbfa,Hyundai,Tucson,,SHADOW,2026,58f344b6ff55,Front Brakes Type,Solid Disc Brakes,spec-table
ContactCars,https://www.contactcars.com/en/new-cars/hyundai-tucson/cc1e6820a5d9,"Fri, 25 Sep 2026 12:32:19 GMT",22dd6e601215c4b9709e0f75088bab2e2d347e409163c81cdfe78d10b6e6dbfa,Hyundai,Tucson,,SHADOW,2026,eb24327dbe4e,Rear Brakes Type,Solid Disc Brakes,spec-table
ContactCars,https://www.contactcars.com/en/new-cars/hyundai-tucson/cc1e6820a5d9,"Fri, 25 Sep 2026 12:32:19 GMT",22dd6e601215c4b9709e0f75088bab2e2d347e409163c81cdfe78d10b6e6dbfa,Hyundai,Tucson,,SHADOW,2026,d4b30096d663,Wheel Type,Alloy,spec-table
ContactCars,https://www.contactcars.com/en/new-cars/hyundai-tucson/cc1e6820a5d9,"Fri, 25 Sep 2026 12:32:19 GMT",22dd6e601215c4b9709e0f75088bab2e2d347e409163c81cdfe78d10b6e6dbfa,Hyundai,Tucson,,SHADOW,2026,1831c41b7b17,Front Wheel Size,17,spec-table
ContactCars,https://www.contactcars.com/en/new-cars/hyundai-tucson/cc1e6820a5d9,"Fri, 25 Sep 2026 12:32:19 GMT",22dd6e601215c4b9709e0f75088bab2e2d347e409163c81cdfe78d10b6e6dbfa,Hyundai,Tucson,,SHADOW,2026,1f4797b49117,Rear Wheel Size,17,spec-table
ContactCars,https://www.contactcars.com/en/new-cars/hyundai-tucson/cc1e6820a5d9,"Fri, 25 Sep 2026 12:32:19 GMT",22dd6e601215c4b9709e0f75088bab2e2d347e409163c81cdfe78d10b6e6dbfa,Hyundai,Tucson,,SHADOW,2026,cb68666c87e5,Tire Type,All-Season,spec-table
ContactCars,https://www.contactcars.com/en/new-cars/hyundai-tucson/cc1e6820a5d9,"Fri, 25 Sep 2026 12:32:19 GMT",22dd6e601215c4b9709e0f75088bab2e2d347e409163c81cdfe78d10b6e6dbfa,Hyundai,Tucson,,SHADOW,2026,ba2239f5bba2,IIHS Results,Top Safety Pick+,spec-table
ContactCars,https://www.contactcars.com/en/new-cars/hyundai-tucson/cc1e6820a5d9,"Fri, 25 Sep 2026 12:32:19 GMT",22dd6e601215c4b9709e0f75088bab2e2d347e409163c81cdfe78d10b6e6dbfa,Hyundai,Tucson,,SHADOW,2026,56a59f46e398,Euro NCAP Results,5,spec-table
ContactCars,https://www.contactcars.com/en/new-cars/hyundai-tucson/cc1e6820a5d9,"Fri, 25 Sep 2026 12:32:19 GMT",22dd6e601215c4b9709e0f75088bab2e2d347e409163c81cdfe78d10b6e6dbfa,Hyundai,Tucson,,SHADOW,2026,60199ad52a420993a3e8236a,Airbag Count,2,spec-table
ContactCars,https://www.contactcars.com/en/new-cars/hyundai-tucson/cc1e6820a5d9,"Fri, 25 Sep 2026 12:32:19 GMT",22dd6e601215c4b9709e0f75088bab2e2d347e409163c81cdfe78d10b6e6dbfa,Hyundai,Tucson,,SHADOW,2026,72fbbbfbb11f,Seat Upholestry,Cloth,spec-table
ContactCars,https://www.contactcars.com/en/new-cars/hyundai-tucson/cc1e6820a5d9,"Fri, 25 Sep 2026 12:32:19 GMT",22dd6e601215c4b9709e0f75088bab2e2d347e409163c81cdfe78d10b6e6dbfa,Hyundai,Tucson,,SHADOW,2026,d9630e463440,Center Information Display,12٫3,spec-table
ContactCars,https://www.contactcars.com/en/new-cars/hyundai-tucson/cc1e6820a5d9,"Fri, 25 Sep 2026 12:32:19 GMT",22dd6e601215c4b9709e0f75088bab2e2d347e409163c81cdfe78d10b6e6dbfa,Hyundai,Tucson,,SHADOW,2026,60199ad52a420993a3e8237c,Instrument Cluster Type,Partial Digital,spec-table
ContactCars,https://www.contactcars.com/en/new-cars/hyundai-tucson/cc1e6820a5d9,"Fri, 25 Sep 2026 12:32:19 GMT",22dd6e601215c4b9709e0f75088bab2e2d347e409163c81cdfe78d10b6e6dbfa,Hyundai,Tucson,,SHADOW,2026,75fe2b7d7bc2,Instrument Cluster Size,4,spec-table
ContactCars,https://www.contactcars.com/en/new-cars/hyundai-tucson/cc1e6820a5d9,"Fri, 25 Sep 2026 12:32:19 GMT",22dd6e601215c4b9709e0f75088bab2e2d347e409163c81cdfe78d10b6e6dbfa,Hyundai,Tucson,,SHADOW,2026,60199ad52a420993a3e8239c,Smartphone Integration,Android Auto/Apple Car Play,spec-table
ContactCars,https://www.contactcars.com/en/new-cars/hyundai-tucson/cc1e6820a5d9,"Fri, 25 Sep 2026 12:32:19 GMT",22dd6e601215c4b9709e0f75088bab2e2d347e409163c81cdfe78d10b6e6dbfa,Hyundai,Tucson,,SHADOW,2026,60199ad52a420993a3e823a2,Number of Speakers,6,spec-table
ContactCars,https://www.contactcars.com/en/new-cars/hyundai-tucson/cc1e6820a5d9,"Fri, 25 Sep 2026 12:32:19 GMT",22dd6e601215c4b9709e0f75088bab2e2d347e409163c81cdfe78d10b6e6dbfa,Hyundai,Tucson,,SHADOW,2026,60199ad52a420993a3e82376,Rims,R17,spec-table
ContactCars,https://www.contactcars.com/en/new-cars/hyundai-tucson/cc1e6820a5d9,"Fri, 25 Sep 2026 12:32:19 GMT",22dd6e601215c4b9709e0f75088bab2e2d347e409163c81cdfe78d10b6e6dbfa,Hyundai,Tucson,,SHADOW,2026,60199ad52a420993a3e8236d,Headlamps,LED,spec-table
ContactCars,https://www.contactcars.com/en/new-cars/hyundai-tucson/cc1e6820a5d9,"Fri, 25 Sep 2026 12:32:19 GMT",22dd6e601215c4b9709e0f75088bab2e2d347e409163c81cdfe78d10b6e6dbfa,Hyundai,Tucson,,SHADOW,2026,60199ad52a420993a3e8236e,Tail Lights,Halogen,spec-table
ContactCars,https://www.contactcars.com/en/new-cars/hyundai-tucson/cc1e6820a5d9,"Fri, 25 Sep 2026 12:32:19 GMT",22dd6e601215c4b9709e0f75088bab2e2d347e409163c81cdfe78d10b6e6dbfa,Hyundai,Tucson,,SHADOW,2026,62d57953644fb1f973ba7c3d,Additional Colors,رمادي لؤلؤي إيكوترونيك، برتقالي جوبيتر، فضي لامع، أحمر ألتيميت، أبيض سيرينيتي، أسود أبيس، أخضر لؤلؤي سبيرز، أحمر إنجن، أزرق لؤلؤي سالينج،  ,spec-table
ContactCars,https://www.contactcars.com/en/new-cars/hyundai-tucson/cc1e6820a5d9,"Fri, 25 Sep 2026 12:32:19 GMT",22dd6e601215c4b9709e0f75088bab2e2d347e409163c81cdfe78d10b6e6dbfa,Hyundai,Tucson,,SHADOW,2026,62a5f51c3b190c24efacbe38,Basic Vehicle Warranty,5 سنوات أو 100 ألف كم ,spec-table
ContactCars,https://www.contactcars.com/en/new-cars/hyundai-tucson/cd17a617e273,"Fri, 25 Sep 2026 12:32:20 GMT",fe74eb93928699afa09c1c8223425a0f4a45a92f4a955a12bb05b52c56a6edf8,Hyundai,Tucson,,REDLINE - N PACK,2026,jsonld:offer_price_egp,offer_price_egp,2025000,json-ld
ContactCars,https://www.contactcars.com/en/new-cars/hyundai-tucson/cd17a617e273,"Fri, 25 Sep 2026 12:32:20 GMT",fe74eb93928699afa09c1c8223425a0f4a45a92f4a955a12bb05b52c56a6edf8,Hyundai,Tucson,,REDLINE - N PACK,2026,jsonld:fuelType,fuelType,Gas,json-ld
ContactCars,https://www.contactcars.com/en/new-cars/hyundai-tucson/cd17a617e273,"Fri, 25 Sep 2026 12:32:20 GMT",fe74eb93928699afa09c1c8223425a0f4a45a92f4a955a12bb05b52c56a6edf8,Hyundai,Tucson,,REDLINE - N PACK,2026,jsonld:engineDisplacement,engineDisplacement,1600,json-ld
ContactCars,https://www.contactcars.com/en/new-cars/hyundai-tucson/cd17a617e273,"Fri, 25 Sep 2026 12:32:20 GMT",fe74eb93928699afa09c1c8223425a0f4a45a92f4a955a12bb05b52c56a6edf8,Hyundai,Tucson,,REDLINE - N PACK,2026,jsonld:vehicleTransmission,vehicleTransmission,Dual Clutch,json-ld
ContactCars,https://www.contactcars.com/en/new-cars/hyundai-tucson/cd17a617e273,"Fri, 25 Sep 2026 12:32:20 GMT",fe74eb93928699afa09c1c8223425a0f4a45a92f4a955a12bb05b52c56a6edf8,Hyundai,Tucson,,REDLINE - N PACK,2026,jsonld:bodyType,bodyType,SUV,json-ld
ContactCars,https://www.contactcars.com/en/new-cars/hyundai-tucson/cd17a617e273,"Fri, 25 Sep 2026 12:32:20 GMT",fe74eb93928699afa09c1c8223425a0f4a45a92f4a955a12bb05b52c56a6edf8,Hyundai,Tucson,,REDLINE - N PACK,2026,jsonld:assembly_country,assembly_country,Czechia,json-ld
ContactCars,https://www.contactcars.com/en/new-cars/hyundai-tucson/cd17a617e273,"Fri, 25 Sep 2026 12:32:20 GMT",fe74eb93928699afa09c1c8223425a0f4a45a92f4a955a12bb05b52c56a6edf8,Hyundai,Tucson,,REDLINE - N PACK,2026,1cff89624677,Vehicle Size Class,Compact,spec-table
ContactCars,https://www.contactcars.com/en/new-cars/hyundai-tucson/cd17a617e273,"Fri, 25 Sep 2026 12:32:20 GMT",fe74eb93928699afa09c1c8223425a0f4a45a92f4a955a12bb05b52c56a6edf8,Hyundai,Tucson,,REDLINE - N PACK,2026,5bedd1146e88,Body Style,SUV,spec-table
ContactCars,https://www.contactcars.com/en/new-cars/hyundai-tucson/cd17a617e273,"Fri, 25 Sep 2026 12:32:20 GMT",fe74eb93928699afa09c1c8223425a0f4a45a92f4a955a12bb05b52c56a6edf8,Hyundai,Tucson,,REDLINE - N PACK,2026,13a10f395a87,Number of Doors,5,spec-table
ContactCars,https://www.contactcars.com/en/new-cars/hyundai-tucson/cd17a617e273,"Fri, 25 Sep 2026 12:32:20 GMT",fe74eb93928699afa09c1c8223425a0f4a45a92f4a955a12bb05b52c56a6edf8,Hyundai,Tucson,,REDLINE - N PACK,2026,60199ad52a420993a3e82387,Number of Seats,5,spec-table
ContactCars,https://www.contactcars.com/en/new-cars/hyundai-tucson/cd17a617e273,"Fri, 25 Sep 2026 12:32:20 GMT",fe74eb93928699afa09c1c8223425a0f4a45a92f4a955a12bb05b52c56a6edf8,Hyundai,Tucson,,REDLINE - N PACK,2026,60199ad52a420993a3e823a4,Rear Trunk Capacity (Liter),503,spec-table
ContactCars,https://www.contactcars.com/en/new-cars/hyundai-tucson/cd17a617e273,"Fri, 25 Sep 2026 12:32:20 GMT",fe74eb93928699afa09c1c8223425a0f4a45a92f4a955a12bb05b52c56a6edf8,Hyundai,Tucson,,REDLINE - N PACK,2026,2cd960af118a,"Rear Trunk Capacity, Seats Folded (Liter)",1799,spec-table
ContactCars,https://www.contactcars.com/en/new-cars/hyundai-tucson/cd17a617e273,"Fri, 25 Sep 2026 12:32:20 GMT",fe74eb93928699afa09c1c8223425a0f4a45a92f4a955a12bb05b52c56a6edf8,Hyundai,Tucson,,REDLINE - N PACK,2026,603647429f57461ab1a74148,Length (mm),4510,spec-table
ContactCars,https://www.contactcars.com/en/new-cars/hyundai-tucson/cd17a617e273,"Fri, 25 Sep 2026 12:32:20 GMT",fe74eb93928699afa09c1c8223425a0f4a45a92f4a955a12bb05b52c56a6edf8,Hyundai,Tucson,,REDLINE - N PACK,2026,6036477d9f57461ab1a74149,Width (mm),1865,spec-table
ContactCars,https://www.contactcars.com/en/new-cars/hyundai-tucson/cd17a617e273,"Fri, 25 Sep 2026 12:32:20 GMT",fe74eb93928699afa09c1c8223425a0f4a45a92f4a955a12bb05b52c56a6edf8,Hyundai,Tucson,,REDLINE - N PACK,2026,603647a49f57461ab1a7414a,Height (mm),1650,spec-table
ContactCars,https://www.contactcars.com/en/new-cars/hyundai-tucson/cd17a617e273,"Fri, 25 Sep 2026 12:32:20 GMT",fe74eb93928699afa09c1c8223425a0f4a45a92f4a955a12bb05b52c56a6edf8,Hyundai,Tucson,,REDLINE - N PACK,2026,6033cae86136e6f66151c687,Wheelbase (mm),2680,spec-table
ContactCars,https://www.contactcars.com/en/new-cars/hyundai-tucson/cd17a617e273,"Fri, 25 Sep 2026 12:32:20 GMT",fe74eb93928699afa09c1c8223425a0f4a45a92f4a955a12bb05b52c56a6edf8,Hyundai,Tucson,,REDLINE - N PACK,2026,6033cbc86136e6f66151c688,Ground Clearance (mm),170,spec-table
ContactCars,https://www.contactcars.com/en/new-cars/hyundai-tucson/cd17a617e273,"Fri, 25 Sep 2026 12:32:20 GMT",fe74eb93928699afa09c1c8223425a0f4a45a92f4a955a12bb05b52c56a6edf8,Hyundai,Tucson,,REDLINE - N PACK,2026,6244612fba30183d7791942e,Curb Weight (KG),"1,466",spec-table
ContactCars,https://www.contactcars.com/en/new-cars/hyundai-tucson/cd17a617e273,"Fri, 25 Sep 2026 12:32:20 GMT",fe74eb93928699afa09c1c8223425a0f4a45a92f4a955a12bb05b52c56a6edf8,Hyundai,Tucson,,REDLINE - N PACK,2026,624443c0ba30183d77919424,Generation,4th,spec-table
ContactCars,https://www.contactcars.com/en/new-cars/hyundai-tucson/cd17a617e273,"Fri, 25 Sep 2026 12:32:20 GMT",fe74eb93928699afa09c1c8223425a0f4a45a92f4a955a12bb05b52c56a6edf8,Hyundai,Tucson,,REDLINE - N PACK,2026,1b9f93607f48,Powertrain Type,ICE (Petrol),spec-table
ContactCars,https://www.contactcars.com/en/new-cars/hyundai-tucson/cd17a617e273,"Fri, 25 Sep 2026 12:32:20 GMT",fe74eb93928699afa09c1c8223425a0f4a45a92f4a955a12bb05b52c56a6edf8,Hyundai,Tucson,,REDLINE - N PACK,2026,60199ad52a420993a3e82353,Combined Maximum Power (HP @ RPM),"180 / 5,500",spec-table
ContactCars,https://www.contactcars.com/en/new-cars/hyundai-tucson/cd17a617e273,"Fri, 25 Sep 2026 12:32:20 GMT",fe74eb93928699afa09c1c8223425a0f4a45a92f4a955a12bb05b52c56a6edf8,Hyundai,Tucson,,REDLINE - N PACK,2026,60199ad52a420993a3e82354,Combined Maximum Torque (N.m @ RPM),265  / 1500 - 4500,spec-table
ContactCars,https://www.contactcars.com/en/new-cars/hyundai-tucson/cd17a617e273,"Fri, 25 Sep 2026 12:32:20 GMT",fe74eb93928699afa09c1c8223425a0f4a45a92f4a955a12bb05b52c56a6edf8,Hyundai,Tucson,,REDLINE - N PACK,2026,60199ad52a420993a3e82359,Fuel Tank Capacity (Litre),54,spec-table
ContactCars,https://www.contactcars.com/en/new-cars/hyundai-tucson/cd17a617e273,"Fri, 25 Sep 2026 12:32:20 GMT",fe74eb93928699afa09c1c8223425a0f4a45a92f4a955a12bb05b52c56a6edf8,Hyundai,Tucson,,REDLINE - N PACK,2026,60199ad52a420993a3e82356,Combined Fuel/Energy Consumption (Liter/100 KM),6٫1,spec-table
ContactCars,https://www.contactcars.com/en/new-cars/hyundai-tucson/cd17a617e273,"Fri, 25 Sep 2026 12:32:20 GMT",fe74eb93928699afa09c1c8223425a0f4a45a92f4a955a12bb05b52c56a6edf8,Hyundai,Tucson,,REDLINE - N PACK,2026,bc8f5919d91f,Engine Type,Inline-4,spec-table
ContactCars,https://www.contactcars.com/en/new-cars/hyundai-tucson/cd17a617e273,"Fri, 25 Sep 2026 12:32:20 GMT",fe74eb93928699afa09c1c8223425a0f4a45a92f4a955a12bb05b52c56a6edf8,Hyundai,Tucson,,REDLINE - N PACK,2026,0922a30a7f46,Engine Function,Drive Wheels,spec-table
ContactCars,https://www.contactcars.com/en/new-cars/hyundai-tucson/cd17a617e273,"Fri, 25 Sep 2026 12:32:20 GMT",fe74eb93928699afa09c1c8223425a0f4a45a92f4a955a12bb05b52c56a6edf8,Hyundai,Tucson,,REDLINE - N PACK,2026,60199ad52a420993a3e82352,Cylinders,4,spec-table
ContactCars,https://www.contactcars.com/en/new-cars/hyundai-tucson/cd17a617e273,"Fri, 25 Sep 2026 12:32:20 GMT",fe74eb93928699afa09c1c8223425a0f4a45a92f4a955a12bb05b52c56a6edf8,Hyundai,Tucson,,REDLINE - N PACK,2026,62445feaba30183d7791942d,Engine Capacity (CC),1600,spec-table
ContactCars,https://www.contactcars.com/en/new-cars/hyundai-tucson/cd17a617e273,"Fri, 25 Sep 2026 12:32:20 GMT",fe74eb93928699afa09c1c8223425a0f4a45a92f4a955a12bb05b52c56a6edf8,Hyundai,Tucson,,REDLINE - N PACK,2026,6244616cba30183d7791942f,Induction Type,Turbocharged,spec-table
ContactCars,https://www.contactcars.com/en/new-cars/hyundai-tucson/cd17a617e273,"Fri, 25 Sep 2026 12:32:20 GMT",fe74eb93928699afa09c1c8223425a0f4a45a92f4a955a12bb05b52c56a6edf8,Hyundai,Tucson,,REDLINE - N PACK,2026,62445f6cba30183d7791942c,Engine Layout,Front,spec-table
ContactCars,https://www.contactcars.com/en/new-cars/hyundai-tucson/cd17a617e273,"Fri, 25 Sep 2026 12:32:20 GMT",fe74eb93928699afa09c1c8223425a0f4a45a92f4a955a12bb05b52c56a6edf8,Hyundai,Tucson,,REDLINE - N PACK,2026,ae3798f5fd83,Drivetrain Type,FWD (Front-Wheel Drive),spec-table
ContactCars,https://www.contactcars.com/en/new-cars/hyundai-tucson/cd17a617e273,"Fri, 25 Sep 2026 12:32:20 GMT",fe74eb93928699afa09c1c8223425a0f4a45a92f4a955a12bb05b52c56a6edf8,Hyundai,Tucson,,REDLINE - N PACK,2026,fd8d1904b500,Transmission Type,Automatic,spec-table
ContactCars,https://www.contactcars.com/en/new-cars/hyundai-tucson/cd17a617e273,"Fri, 25 Sep 2026 12:32:20 GMT",fe74eb93928699afa09c1c8223425a0f4a45a92f4a955a12bb05b52c56a6edf8,Hyundai,Tucson,,REDLINE - N PACK,2026,5229867ce0fa,Transmission Technology,Dry DCT (Dual-Clutch Transmission),spec-table
ContactCars,https://www.contactcars.com/en/new-cars/hyundai-tucson/cd17a617e273,"Fri, 25 Sep 2026 12:32:20 GMT",fe74eb93928699afa09c1c8223425a0f4a45a92f4a955a12bb05b52c56a6edf8,Hyundai,Tucson,,REDLINE - N PACK,2026,60199ad52a420993a3e8235a,Number of Gears,7,spec-table
ContactCars,https://www.contactcars.com/en/new-cars/hyundai-tucson/cd17a617e273,"Fri, 25 Sep 2026 12:32:20 GMT",fe74eb93928699afa09c1c8223425a0f4a45a92f4a955a12bb05b52c56a6edf8,Hyundai,Tucson,,REDLINE - N PACK,2026,60199ad52a420993a3e82385,Steering Wheel,Leather 4 Spoke,spec-table
ContactCars,https://www.contactcars.com/en/new-cars/hyundai-tucson/cd17a617e273,"Fri, 25 Sep 2026 12:32:20 GMT",fe74eb93928699afa09c1c8223425a0f4a45a92f4a955a12bb05b52c56a6edf8,Hyundai,Tucson,,REDLINE - N PACK,2026,60199ad52a420993a3e8235d,Power Steering Type,Electric,spec-table
ContactCars,https://www.contactcars.com/en/new-cars/hyundai-tucson/cd17a617e273,"Fri, 25 Sep 2026 12:32:20 GMT",fe74eb93928699afa09c1c8223425a0f4a45a92f4a955a12bb05b52c56a6edf8,Hyundai,Tucson,,REDLINE - N PACK,2026,602fa37cd768,Steering Adjustment Ops,Manual,spec-table
ContactCars,https://www.contactcars.com/en/new-cars/hyundai-tucson/cd17a617e273,"Fri, 25 Sep 2026 12:32:20 GMT",fe74eb93928699afa09c1c8223425a0f4a45a92f4a955a12bb05b52c56a6edf8,Hyundai,Tucson,,REDLINE - N PACK,2026,7c8ae7912edf,Steering Modes,"Comfort, Sport, Normal, Eco",spec-table
ContactCars,https://www.contactcars.com/en/new-cars/hyundai-tucson/cd17a617e273,"Fri, 25 Sep 2026 12:32:20 GMT",fe74eb93928699afa09c1c8223425a0f4a45a92f4a955a12bb05b52c56a6edf8,Hyundai,Tucson,,REDLINE - N PACK,2026,e78c472170c2,Front Suspension Type,MacPherson,spec-table
ContactCars,https://www.contactcars.com/en/new-cars/hyundai-tucson/cd17a617e273,"Fri, 25 Sep 2026 12:32:20 GMT",fe74eb93928699afa09c1c8223425a0f4a45a92f4a955a12bb05b52c56a6edf8,Hyundai,Tucson,,REDLINE - N PACK,2026,d7a33f9ff1ff,Rear Suspension Type,Multi-Link,spec-table
ContactCars,https://www.contactcars.com/en/new-cars/hyundai-tucson/cd17a617e273,"Fri, 25 Sep 2026 12:32:20 GMT",fe74eb93928699afa09c1c8223425a0f4a45a92f4a955a12bb05b52c56a6edf8,Hyundai,Tucson,,REDLINE - N PACK,2026,58f344b6ff55,Front Brakes Type,Solid Disc Brakes,spec-table
ContactCars,https://www.contactcars.com/en/new-cars/hyundai-tucson/cd17a617e273,"Fri, 25 Sep 2026 12:32:20 GMT",fe74eb93928699afa09c1c8223425a0f4a45a92f4a955a12bb05b52c56a6edf8,Hyundai,Tucson,,REDLINE - N PACK,2026,eb24327dbe4e,Rear Brakes Type,Solid Disc Brakes,spec-table
ContactCars,https://www.contactcars.com/en/new-cars/hyundai-tucson/cd17a617e273,"Fri, 25 Sep 2026 12:32:20 GMT",fe74eb93928699afa09c1c8223425a0f4a45a92f4a955a12bb05b52c56a6edf8,Hyundai,Tucson,,REDLINE - N PACK,2026,4ed8405e7e5b,Hand Brake Type,Electronic,spec-table
ContactCars,https://www.contactcars.com/en/new-cars/hyundai-tucson/cd17a617e273,"Fri, 25 Sep 2026 12:32:20 GMT",fe74eb93928699afa09c1c8223425a0f4a45a92f4a955a12bb05b52c56a6edf8,Hyundai,Tucson,,REDLINE - N PACK,2026,d4b30096d663,Wheel Type,Alloy,spec-table
ContactCars,https://www.contactcars.com/en/new-cars/hyundai-tucson/cd17a617e273,"Fri, 25 Sep 2026 12:32:20 GMT",fe74eb93928699afa09c1c8223425a0f4a45a92f4a955a12bb05b52c56a6edf8,Hyundai,Tucson,,REDLINE - N PACK,2026,1831c41b7b17,Front Wheel Size,18,spec-table
ContactCars,https://www.contactcars.com/en/new-cars/hyundai-tucson/cd17a617e273,"Fri, 25 Sep 2026 12:32:20 GMT",fe74eb93928699afa09c1c8223425a0f4a45a92f4a955a12bb05b52c56a6edf8,Hyundai,Tucson,,REDLINE - N PACK,2026,1f4797b49117,Rear Wheel Size,18,spec-table
ContactCars,https://www.contactcars.com/en/new-cars/hyundai-tucson/cd17a617e273,"Fri, 25 Sep 2026 12:32:20 GMT",fe74eb93928699afa09c1c8223425a0f4a45a92f4a955a12bb05b52c56a6edf8,Hyundai,Tucson,,REDLINE - N PACK,2026,60199ad52a420993a3e82372,Front Tire Size,235 /55 R18,spec-table
ContactCars,https://www.contactcars.com/en/new-cars/hyundai-tucson/cd17a617e273,"Fri, 25 Sep 2026 12:32:20 GMT",fe74eb93928699afa09c1c8223425a0f4a45a92f4a955a12bb05b52c56a6edf8,Hyundai,Tucson,,REDLINE - N PACK,2026,2076fe4abba4,Rear Tire Size,235 /55 R18,spec-table
ContactCars,https://www.contactcars.com/en/new-cars/hyundai-tucson/cd17a617e273,"Fri, 25 Sep 2026 12:32:20 GMT",fe74eb93928699afa09c1c8223425a0f4a45a92f4a955a12bb05b52c56a6edf8,Hyundai,Tucson,,REDLINE - N PACK,2026,cb68666c87e5,Tire Type,All-Season,spec-table
ContactCars,https://www.contactcars.com/en/new-cars/hyundai-tucson/cd17a617e273,"Fri, 25 Sep 2026 12:32:20 GMT",fe74eb93928699afa09c1c8223425a0f4a45a92f4a955a12bb05b52c56a6edf8,Hyundai,Tucson,,REDLINE - N PACK,2026,ba2239f5bba2,IIHS Results,Top Safety Pick+,spec-table
ContactCars,https://www.contactcars.com/en/new-cars/hyundai-tucson/cd17a617e273,"Fri, 25 Sep 2026 12:32:20 GMT",fe74eb93928699afa09c1c8223425a0f4a45a92f4a955a12bb05b52c56a6edf8,Hyundai,Tucson,,REDLINE - N PACK,2026,56a59f46e398,Euro NCAP Results,5,spec-table
ContactCars,https://www.contactcars.com/en/new-cars/hyundai-tucson/cd17a617e273,"Fri, 25 Sep 2026 12:32:20 GMT",fe74eb93928699afa09c1c8223425a0f4a45a92f4a955a12bb05b52c56a6edf8,Hyundai,Tucson,,REDLINE - N PACK,2026,60199ad52a420993a3e8236a,Airbag Count,6,spec-table
ContactCars,https://www.contactcars.com/en/new-cars/hyundai-tucson/cd17a617e273,"Fri, 25 Sep 2026 12:32:20 GMT",fe74eb93928699afa09c1c8223425a0f4a45a92f4a955a12bb05b52c56a6edf8,Hyundai,Tucson,,REDLINE - N PACK,2026,72fbbbfbb11f,Seat Upholestry,Cloth,spec-table
ContactCars,https://www.contactcars.com/en/new-cars/hyundai-tucson/cd17a617e273,"Fri, 25 Sep 2026 12:32:20 GMT",fe74eb93928699afa09c1c8223425a0f4a45a92f4a955a12bb05b52c56a6edf8,Hyundai,Tucson,,REDLINE - N PACK,2026,40e24a4a83e0,Gearbox Selector,Shift By Wire,spec-table
ContactCars,https://www.contactcars.com/en/new-cars/hyundai-tucson/cd17a617e273,"Fri, 25 Sep 2026 12:32:20 GMT",fe74eb93928699afa09c1c8223425a0f4a45a92f4a955a12bb05b52c56a6edf8,Hyundai,Tucson,,REDLINE - N PACK,2026,60199ad52a420993a3e82383,Ambient Lighting,Multi Color,spec-table
ContactCars,https://www.contactcars.com/en/new-cars/hyundai-tucson/cd17a617e273,"Fri, 25 Sep 2026 12:32:20 GMT",fe74eb93928699afa09c1c8223425a0f4a45a92f4a955a12bb05b52c56a6edf8,Hyundai,Tucson,,REDLINE - N PACK,2026,d9630e463440,Center Information Display,12٫3,spec-table
ContactCars,https://www.contactcars.com/en/new-cars/hyundai-tucson/cd17a617e273,"Fri, 25 Sep 2026 12:32:20 GMT",fe74eb93928699afa09c1c8223425a0f4a45a92f4a955a12bb05b52c56a6edf8,Hyundai,Tucson,,REDLINE - N PACK,2026,60199ad52a420993a3e8237c,Instrument Cluster Type,Digital,spec-table
ContactCars,https://www.contactcars.com/en/new-cars/hyundai-tucson/cd17a617e273,"Fri, 25 Sep 2026 12:32:20 GMT",fe74eb93928699afa09c1c8223425a0f4a45a92f4a955a12bb05b52c56a6edf8,Hyundai,Tucson,,REDLINE - N PACK,2026,75fe2b7d7bc2,Instrument Cluster Size,12٫3,spec-table
ContactCars,https://www.contactcars.com/en/new-cars/hyundai-tucson/cd17a617e273,"Fri, 25 Sep 2026 12:32:20 GMT",fe74eb93928699afa09c1c8223425a0f4a45a92f4a955a12bb05b52c56a6edf8,Hyundai,Tucson,,REDLINE - N PACK,2026,60199ad52a420993a3e8239c,Smartphone Integration,Android Auto/Apple Car Play,spec-table
ContactCars,https://www.contactcars.com/en/new-cars/hyundai-tucson/cd17a617e273,"Fri, 25 Sep 2026 12:32:20 GMT",fe74eb93928699afa09c1c8223425a0f4a45a92f4a955a12bb05b52c56a6edf8,Hyundai,Tucson,,REDLINE - N PACK,2026,60199ad52a420993a3e823a2,Number of Speakers,6,spec-table
ContactCars,https://www.contactcars.com/en/new-cars/hyundai-tucson/cd17a617e273,"Fri, 25 Sep 2026 12:32:20 GMT",fe74eb93928699afa09c1c8223425a0f4a45a92f4a955a12bb05b52c56a6edf8,Hyundai,Tucson,,REDLINE - N PACK,2026,60199ad52a420993a3e8236d,Headlamps,LED,spec-table
ContactCars,https://www.contactcars.com/en/new-cars/hyundai-tucson/cd17a617e273,"Fri, 25 Sep 2026 12:32:20 GMT",fe74eb93928699afa09c1c8223425a0f4a45a92f4a955a12bb05b52c56a6edf8,Hyundai,Tucson,,REDLINE - N PACK,2026,60199ad52a420993a3e8236e,Tail Lights,LED,spec-table
ContactCars,https://www.contactcars.com/en/new-cars/hyundai-tucson/cd17a617e273,"Fri, 25 Sep 2026 12:32:20 GMT",fe74eb93928699afa09c1c8223425a0f4a45a92f4a955a12bb05b52c56a6edf8,Hyundai,Tucson,,REDLINE - N PACK,2026,62448521ba30183d77919447,Body Stitching,باقة N Pack الرياضية ,spec-table
ContactCars,https://www.contactcars.com/en/new-cars/hyundai-tucson/cd17a617e273,"Fri, 25 Sep 2026 12:32:20 GMT",fe74eb93928699afa09c1c8223425a0f4a45a92f4a955a12bb05b52c56a6edf8,Hyundai,Tucson,,REDLINE - N PACK,2026,62d57953644fb1f973ba7c3d,Additional Colors,رمادي لؤلؤي إيكوترونيك، برتقالي جوبيتر، فضي لامع، أحمر ألتيميت، أبيض سيرينيتي، أسود أبيس، أخضر لؤلؤي سبيرز، أحمر إنجن، أزرق لؤلؤي سالينج،  ,spec-table
ContactCars,https://www.contactcars.com/en/new-cars/hyundai-tucson/cd17a617e273,"Fri, 25 Sep 2026 12:32:20 GMT",fe74eb93928699afa09c1c8223425a0f4a45a92f4a955a12bb05b52c56a6edf8,Hyundai,Tucson,,REDLINE - N PACK,2026,62a5f51c3b190c24efacbe38,Basic Vehicle Warranty,5 سنوات أو 100 ألف كم ,spec-table
ContactCars,https://www.contactcars.com/en/new-cars/hyundai-tucson/d161a7926e04,"Fri, 25 Sep 2026 12:32:21 GMT",9ccae84ee830e4820167da34333f4b2554bb1bb3044476cd20ece9857e2503e1,Hyundai,Tucson,,BLACK DIAMOND,2027,jsonld:offer_price_egp,offer_price_egp,2300000,json-ld
ContactCars,https://www.contactcars.com/en/new-cars/hyundai-tucson/d161a7926e04,"Fri, 25 Sep 2026 12:32:21 GMT",9ccae84ee830e4820167da34333f4b2554bb1bb3044476cd20ece9857e2503e1,Hyundai,Tucson,,BLACK DIAMOND,2027,jsonld:fuelType,fuelType,Gas,json-ld
ContactCars,https://www.contactcars.com/en/new-cars/hyundai-tucson/d161a7926e04,"Fri, 25 Sep 2026 12:32:21 GMT",9ccae84ee830e4820167da34333f4b2554bb1bb3044476cd20ece9857e2503e1,Hyundai,Tucson,,BLACK DIAMOND,2027,jsonld:engineDisplacement,engineDisplacement,1600,json-ld
ContactCars,https://www.contactcars.com/en/new-cars/hyundai-tucson/d161a7926e04,"Fri, 25 Sep 2026 12:32:21 GMT",9ccae84ee830e4820167da34333f4b2554bb1bb3044476cd20ece9857e2503e1,Hyundai,Tucson,,BLACK DIAMOND,2027,jsonld:vehicleTransmission,vehicleTransmission,Dual Clutch,json-ld
ContactCars,https://www.contactcars.com/en/new-cars/hyundai-tucson/d161a7926e04,"Fri, 25 Sep 2026 12:32:21 GMT",9ccae84ee830e4820167da34333f4b2554bb1bb3044476cd20ece9857e2503e1,Hyundai,Tucson,,BLACK DIAMOND,2027,jsonld:bodyType,bodyType,SUV,json-ld
ContactCars,https://www.contactcars.com/en/new-cars/hyundai-tucson/d161a7926e04,"Fri, 25 Sep 2026 12:32:21 GMT",9ccae84ee830e4820167da34333f4b2554bb1bb3044476cd20ece9857e2503e1,Hyundai,Tucson,,BLACK DIAMOND,2027,jsonld:assembly_country,assembly_country,Czechia,json-ld
ContactCars,https://www.contactcars.com/en/new-cars/hyundai-tucson/d161a7926e04,"Fri, 25 Sep 2026 12:32:21 GMT",9ccae84ee830e4820167da34333f4b2554bb1bb3044476cd20ece9857e2503e1,Hyundai,Tucson,,BLACK DIAMOND,2027,1cff89624677,Vehicle Size Class,Compact,spec-table
ContactCars,https://www.contactcars.com/en/new-cars/hyundai-tucson/d161a7926e04,"Fri, 25 Sep 2026 12:32:21 GMT",9ccae84ee830e4820167da34333f4b2554bb1bb3044476cd20ece9857e2503e1,Hyundai,Tucson,,BLACK DIAMOND,2027,5bedd1146e88,Body Style,SUV,spec-table
ContactCars,https://www.contactcars.com/en/new-cars/hyundai-tucson/d161a7926e04,"Fri, 25 Sep 2026 12:32:21 GMT",9ccae84ee830e4820167da34333f4b2554bb1bb3044476cd20ece9857e2503e1,Hyundai,Tucson,,BLACK DIAMOND,2027,13a10f395a87,Number of Doors,5,spec-table
ContactCars,https://www.contactcars.com/en/new-cars/hyundai-tucson/d161a7926e04,"Fri, 25 Sep 2026 12:32:21 GMT",9ccae84ee830e4820167da34333f4b2554bb1bb3044476cd20ece9857e2503e1,Hyundai,Tucson,,BLACK DIAMOND,2027,60199ad52a420993a3e82387,Number of Seats,5,spec-table
ContactCars,https://www.contactcars.com/en/new-cars/hyundai-tucson/d161a7926e04,"Fri, 25 Sep 2026 12:32:21 GMT",9ccae84ee830e4820167da34333f4b2554bb1bb3044476cd20ece9857e2503e1,Hyundai,Tucson,,BLACK DIAMOND,2027,60199ad52a420993a3e823a4,Rear Trunk Capacity (Liter),503,spec-table
ContactCars,https://www.contactcars.com/en/new-cars/hyundai-tucson/d161a7926e04,"Fri, 25 Sep 2026 12:32:21 GMT",9ccae84ee830e4820167da34333f4b2554bb1bb3044476cd20ece9857e2503e1,Hyundai,Tucson,,BLACK DIAMOND,2027,2cd960af118a,"Rear Trunk Capacity, Seats Folded (Liter)",1799,spec-table
ContactCars,https://www.contactcars.com/en/new-cars/hyundai-tucson/d161a7926e04,"Fri, 25 Sep 2026 12:32:21 GMT",9ccae84ee830e4820167da34333f4b2554bb1bb3044476cd20ece9857e2503e1,Hyundai,Tucson,,BLACK DIAMOND,2027,603647429f57461ab1a74148,Length (mm),4510,spec-table
ContactCars,https://www.contactcars.com/en/new-cars/hyundai-tucson/d161a7926e04,"Fri, 25 Sep 2026 12:32:21 GMT",9ccae84ee830e4820167da34333f4b2554bb1bb3044476cd20ece9857e2503e1,Hyundai,Tucson,,BLACK DIAMOND,2027,6036477d9f57461ab1a74149,Width (mm),1865,spec-table
ContactCars,https://www.contactcars.com/en/new-cars/hyundai-tucson/d161a7926e04,"Fri, 25 Sep 2026 12:32:21 GMT",9ccae84ee830e4820167da34333f4b2554bb1bb3044476cd20ece9857e2503e1,Hyundai,Tucson,,BLACK DIAMOND,2027,603647a49f57461ab1a7414a,Height (mm),1650,spec-table
ContactCars,https://www.contactcars.com/en/new-cars/hyundai-tucson/d161a7926e04,"Fri, 25 Sep 2026 12:32:21 GMT",9ccae84ee830e4820167da34333f4b2554bb1bb3044476cd20ece9857e2503e1,Hyundai,Tucson,,BLACK DIAMOND,2027,6033cae86136e6f66151c687,Wheelbase (mm),2680,spec-table
ContactCars,https://www.contactcars.com/en/new-cars/hyundai-tucson/d161a7926e04,"Fri, 25 Sep 2026 12:32:21 GMT",9ccae84ee830e4820167da34333f4b2554bb1bb3044476cd20ece9857e2503e1,Hyundai,Tucson,,BLACK DIAMOND,2027,6033cbc86136e6f66151c688,Ground Clearance (mm),170,spec-table
ContactCars,https://www.contactcars.com/en/new-cars/hyundai-tucson/d161a7926e04,"Fri, 25 Sep 2026 12:32:21 GMT",9ccae84ee830e4820167da34333f4b2554bb1bb3044476cd20ece9857e2503e1,Hyundai,Tucson,,BLACK DIAMOND,2027,6244612fba30183d7791942e,Curb Weight (KG),"1,466",spec-table
ContactCars,https://www.contactcars.com/en/new-cars/hyundai-tucson/d161a7926e04,"Fri, 25 Sep 2026 12:32:21 GMT",9ccae84ee830e4820167da34333f4b2554bb1bb3044476cd20ece9857e2503e1,Hyundai,Tucson,,BLACK DIAMOND,2027,624443c0ba30183d77919424,Generation,4th,spec-table
ContactCars,https://www.contactcars.com/en/new-cars/hyundai-tucson/d161a7926e04,"Fri, 25 Sep 2026 12:32:21 GMT",9ccae84ee830e4820167da34333f4b2554bb1bb3044476cd20ece9857e2503e1,Hyundai,Tucson,,BLACK DIAMOND,2027,1b9f93607f48,Powertrain Type,ICE (Petrol),spec-table
ContactCars,https://www.contactcars.com/en/new-cars/hyundai-tucson/d161a7926e04,"Fri, 25 Sep 2026 12:32:21 GMT",9ccae84ee830e4820167da34333f4b2554bb1bb3044476cd20ece9857e2503e1,Hyundai,Tucson,,BLACK DIAMOND,2027,60199ad52a420993a3e82353,Combined Maximum Power (HP @ RPM),"180 / 5,500",spec-table
ContactCars,https://www.contactcars.com/en/new-cars/hyundai-tucson/d161a7926e04,"Fri, 25 Sep 2026 12:32:21 GMT",9ccae84ee830e4820167da34333f4b2554bb1bb3044476cd20ece9857e2503e1,Hyundai,Tucson,,BLACK DIAMOND,2027,60199ad52a420993a3e82354,Combined Maximum Torque (N.m @ RPM),265  / 1500 - 4500,spec-table
ContactCars,https://www.contactcars.com/en/new-cars/hyundai-tucson/d161a7926e04,"Fri, 25 Sep 2026 12:32:21 GMT",9ccae84ee830e4820167da34333f4b2554bb1bb3044476cd20ece9857e2503e1,Hyundai,Tucson,,BLACK DIAMOND,2027,60199ad52a420993a3e82359,Fuel Tank Capacity (Litre),54,spec-table
ContactCars,https://www.contactcars.com/en/new-cars/hyundai-tucson/d161a7926e04,"Fri, 25 Sep 2026 12:32:21 GMT",9ccae84ee830e4820167da34333f4b2554bb1bb3044476cd20ece9857e2503e1,Hyundai,Tucson,,BLACK DIAMOND,2027,60199ad52a420993a3e82356,Combined Fuel/Energy Consumption (Liter/100 KM),6٫1,spec-table
ContactCars,https://www.contactcars.com/en/new-cars/hyundai-tucson/d161a7926e04,"Fri, 25 Sep 2026 12:32:21 GMT",9ccae84ee830e4820167da34333f4b2554bb1bb3044476cd20ece9857e2503e1,Hyundai,Tucson,,BLACK DIAMOND,2027,bc8f5919d91f,Engine Type,Inline-4,spec-table
ContactCars,https://www.contactcars.com/en/new-cars/hyundai-tucson/d161a7926e04,"Fri, 25 Sep 2026 12:32:21 GMT",9ccae84ee830e4820167da34333f4b2554bb1bb3044476cd20ece9857e2503e1,Hyundai,Tucson,,BLACK DIAMOND,2027,0922a30a7f46,Engine Function,Drive Wheels,spec-table
ContactCars,https://www.contactcars.com/en/new-cars/hyundai-tucson/d161a7926e04,"Fri, 25 Sep 2026 12:32:21 GMT",9ccae84ee830e4820167da34333f4b2554bb1bb3044476cd20ece9857e2503e1,Hyundai,Tucson,,BLACK DIAMOND,2027,60199ad52a420993a3e82352,Cylinders,4,spec-table
ContactCars,https://www.contactcars.com/en/new-cars/hyundai-tucson/d161a7926e04,"Fri, 25 Sep 2026 12:32:21 GMT",9ccae84ee830e4820167da34333f4b2554bb1bb3044476cd20ece9857e2503e1,Hyundai,Tucson,,BLACK DIAMOND,2027,62445feaba30183d7791942d,Engine Capacity (CC),1600,spec-table
ContactCars,https://www.contactcars.com/en/new-cars/hyundai-tucson/d161a7926e04,"Fri, 25 Sep 2026 12:32:21 GMT",9ccae84ee830e4820167da34333f4b2554bb1bb3044476cd20ece9857e2503e1,Hyundai,Tucson,,BLACK DIAMOND,2027,6244616cba30183d7791942f,Induction Type,Turbocharged,spec-table
ContactCars,https://www.contactcars.com/en/new-cars/hyundai-tucson/d161a7926e04,"Fri, 25 Sep 2026 12:32:21 GMT",9ccae84ee830e4820167da34333f4b2554bb1bb3044476cd20ece9857e2503e1,Hyundai,Tucson,,BLACK DIAMOND,2027,62445f6cba30183d7791942c,Engine Layout,Front,spec-table
ContactCars,https://www.contactcars.com/en/new-cars/hyundai-tucson/d161a7926e04,"Fri, 25 Sep 2026 12:32:21 GMT",9ccae84ee830e4820167da34333f4b2554bb1bb3044476cd20ece9857e2503e1,Hyundai,Tucson,,BLACK DIAMOND,2027,ae3798f5fd83,Drivetrain Type,FWD (Front-Wheel Drive),spec-table
ContactCars,https://www.contactcars.com/en/new-cars/hyundai-tucson/d161a7926e04,"Fri, 25 Sep 2026 12:32:21 GMT",9ccae84ee830e4820167da34333f4b2554bb1bb3044476cd20ece9857e2503e1,Hyundai,Tucson,,BLACK DIAMOND,2027,fd8d1904b500,Transmission Type,Automatic,spec-table
ContactCars,https://www.contactcars.com/en/new-cars/hyundai-tucson/d161a7926e04,"Fri, 25 Sep 2026 12:32:21 GMT",9ccae84ee830e4820167da34333f4b2554bb1bb3044476cd20ece9857e2503e1,Hyundai,Tucson,,BLACK DIAMOND,2027,5229867ce0fa,Transmission Technology,Dry DCT (Dual-Clutch Transmission),spec-table
ContactCars,https://www.contactcars.com/en/new-cars/hyundai-tucson/d161a7926e04,"Fri, 25 Sep 2026 12:32:21 GMT",9ccae84ee830e4820167da34333f4b2554bb1bb3044476cd20ece9857e2503e1,Hyundai,Tucson,,BLACK DIAMOND,2027,60199ad52a420993a3e8235a,Number of Gears,7,spec-table
ContactCars,https://www.contactcars.com/en/new-cars/hyundai-tucson/d161a7926e04,"Fri, 25 Sep 2026 12:32:21 GMT",9ccae84ee830e4820167da34333f4b2554bb1bb3044476cd20ece9857e2503e1,Hyundai,Tucson,,BLACK DIAMOND,2027,60199ad52a420993a3e82385,Steering Wheel,Leather 4 Spoke,spec-table
ContactCars,https://www.contactcars.com/en/new-cars/hyundai-tucson/d161a7926e04,"Fri, 25 Sep 2026 12:32:21 GMT",9ccae84ee830e4820167da34333f4b2554bb1bb3044476cd20ece9857e2503e1,Hyundai,Tucson,,BLACK DIAMOND,2027,60199ad52a420993a3e8235d,Power Steering Type,Electric,spec-table
ContactCars,https://www.contactcars.com/en/new-cars/hyundai-tucson/d161a7926e04,"Fri, 25 Sep 2026 12:32:21 GMT",9ccae84ee830e4820167da34333f4b2554bb1bb3044476cd20ece9857e2503e1,Hyundai,Tucson,,BLACK DIAMOND,2027,602fa37cd768,Steering Adjustment Ops,Manual,spec-table
ContactCars,https://www.contactcars.com/en/new-cars/hyundai-tucson/d161a7926e04,"Fri, 25 Sep 2026 12:32:21 GMT",9ccae84ee830e4820167da34333f4b2554bb1bb3044476cd20ece9857e2503e1,Hyundai,Tucson,,BLACK DIAMOND,2027,7c8ae7912edf,Steering Modes,"Comfort, Sport, Normal, Eco",spec-table
ContactCars,https://www.contactcars.com/en/new-cars/hyundai-tucson/d161a7926e04,"Fri, 25 Sep 2026 12:32:21 GMT",9ccae84ee830e4820167da34333f4b2554bb1bb3044476cd20ece9857e2503e1,Hyundai,Tucson,,BLACK DIAMOND,2027,e78c472170c2,Front Suspension Type,MacPherson,spec-table
ContactCars,https://www.contactcars.com/en/new-cars/hyundai-tucson/d161a7926e04,"Fri, 25 Sep 2026 12:32:21 GMT",9ccae84ee830e4820167da34333f4b2554bb1bb3044476cd20ece9857e2503e1,Hyundai,Tucson,,BLACK DIAMOND,2027,d7a33f9ff1ff,Rear Suspension Type,Multi-Link,spec-table
ContactCars,https://www.contactcars.com/en/new-cars/hyundai-tucson/d161a7926e04,"Fri, 25 Sep 2026 12:32:21 GMT",9ccae84ee830e4820167da34333f4b2554bb1bb3044476cd20ece9857e2503e1,Hyundai,Tucson,,BLACK DIAMOND,2027,58f344b6ff55,Front Brakes Type,Ventilated Disc Brakes,spec-table
ContactCars,https://www.contactcars.com/en/new-cars/hyundai-tucson/d161a7926e04,"Fri, 25 Sep 2026 12:32:21 GMT",9ccae84ee830e4820167da34333f4b2554bb1bb3044476cd20ece9857e2503e1,Hyundai,Tucson,,BLACK DIAMOND,2027,eb24327dbe4e,Rear Brakes Type,Solid Disc Brakes,spec-table
ContactCars,https://www.contactcars.com/en/new-cars/hyundai-tucson/d161a7926e04,"Fri, 25 Sep 2026 12:32:21 GMT",9ccae84ee830e4820167da34333f4b2554bb1bb3044476cd20ece9857e2503e1,Hyundai,Tucson,,BLACK DIAMOND,2027,4ed8405e7e5b,Hand Brake Type,Electronic,spec-table
ContactCars,https://www.contactcars.com/en/new-cars/hyundai-tucson/d161a7926e04,"Fri, 25 Sep 2026 12:32:21 GMT",9ccae84ee830e4820167da34333f4b2554bb1bb3044476cd20ece9857e2503e1,Hyundai,Tucson,,BLACK DIAMOND,2027,d4b30096d663,Wheel Type,Alloy,spec-table
ContactCars,https://www.contactcars.com/en/new-cars/hyundai-tucson/d161a7926e04,"Fri, 25 Sep 2026 12:32:21 GMT",9ccae84ee830e4820167da34333f4b2554bb1bb3044476cd20ece9857e2503e1,Hyundai,Tucson,,BLACK DIAMOND,2027,1831c41b7b17,Front Wheel Size,19,spec-table
ContactCars,https://www.contactcars.com/en/new-cars/hyundai-tucson/d161a7926e04,"Fri, 25 Sep 2026 12:32:21 GMT",9ccae84ee830e4820167da34333f4b2554bb1bb3044476cd20ece9857e2503e1,Hyundai,Tucson,,BLACK DIAMOND,2027,1f4797b49117,Rear Wheel Size,19,spec-table
ContactCars,https://www.contactcars.com/en/new-cars/hyundai-tucson/d161a7926e04,"Fri, 25 Sep 2026 12:32:21 GMT",9ccae84ee830e4820167da34333f4b2554bb1bb3044476cd20ece9857e2503e1,Hyundai,Tucson,,BLACK DIAMOND,2027,60199ad52a420993a3e82372,Front Tire Size,235/50 R19,spec-table
ContactCars,https://www.contactcars.com/en/new-cars/hyundai-tucson/d161a7926e04,"Fri, 25 Sep 2026 12:32:21 GMT",9ccae84ee830e4820167da34333f4b2554bb1bb3044476cd20ece9857e2503e1,Hyundai,Tucson,,BLACK DIAMOND,2027,2076fe4abba4,Rear Tire Size,235/50 R19,spec-table
ContactCars,https://www.contactcars.com/en/new-cars/hyundai-tucson/d161a7926e04,"Fri, 25 Sep 2026 12:32:21 GMT",9ccae84ee830e4820167da34333f4b2554bb1bb3044476cd20ece9857e2503e1,Hyundai,Tucson,,BLACK DIAMOND,2027,cb68666c87e5,Tire Type,All-Season,spec-table
ContactCars,https://www.contactcars.com/en/new-cars/hyundai-tucson/d161a7926e04,"Fri, 25 Sep 2026 12:32:21 GMT",9ccae84ee830e4820167da34333f4b2554bb1bb3044476cd20ece9857e2503e1,Hyundai,Tucson,,BLACK DIAMOND,2027,ba2239f5bba2,IIHS Results,Top Safety Pick+,spec-table
ContactCars,https://www.contactcars.com/en/new-cars/hyundai-tucson/d161a7926e04,"Fri, 25 Sep 2026 12:32:21 GMT",9ccae84ee830e4820167da34333f4b2554bb1bb3044476cd20ece9857e2503e1,Hyundai,Tucson,,BLACK DIAMOND,2027,56a59f46e398,Euro NCAP Results,5,spec-table
ContactCars,https://www.contactcars.com/en/new-cars/hyundai-tucson/d161a7926e04,"Fri, 25 Sep 2026 12:32:21 GMT",9ccae84ee830e4820167da34333f4b2554bb1bb3044476cd20ece9857e2503e1,Hyundai,Tucson,,BLACK DIAMOND,2027,60199ad52a420993a3e8236a,Airbag Count,6,spec-table
ContactCars,https://www.contactcars.com/en/new-cars/hyundai-tucson/d161a7926e04,"Fri, 25 Sep 2026 12:32:21 GMT",9ccae84ee830e4820167da34333f4b2554bb1bb3044476cd20ece9857e2503e1,Hyundai,Tucson,,BLACK DIAMOND,2027,72fbbbfbb11f,Seat Upholestry,Leather,spec-table
ContactCars,https://www.contactcars.com/en/new-cars/hyundai-tucson/d161a7926e04,"Fri, 25 Sep 2026 12:32:21 GMT",9ccae84ee830e4820167da34333f4b2554bb1bb3044476cd20ece9857e2503e1,Hyundai,Tucson,,BLACK DIAMOND,2027,40e24a4a83e0,Gearbox Selector,Shift By Wire,spec-table
ContactCars,https://www.contactcars.com/en/new-cars/hyundai-tucson/d161a7926e04,"Fri, 25 Sep 2026 12:32:21 GMT",9ccae84ee830e4820167da34333f4b2554bb1bb3044476cd20ece9857e2503e1,Hyundai,Tucson,,BLACK DIAMOND,2027,60199ad52a420993a3e82383,Ambient Lighting,Multi Color,spec-table
ContactCars,https://www.contactcars.com/en/new-cars/hyundai-tucson/d161a7926e04,"Fri, 25 Sep 2026 12:32:21 GMT",9ccae84ee830e4820167da34333f4b2554bb1bb3044476cd20ece9857e2503e1,Hyundai,Tucson,,BLACK DIAMOND,2027,60199ad52a420993a3e8238f,Driver Seat,Electric With Memory,spec-table
ContactCars,https://www.contactcars.com/en/new-cars/hyundai-tucson/d161a7926e04,"Fri, 25 Sep 2026 12:32:21 GMT",9ccae84ee830e4820167da34333f4b2554bb1bb3044476cd20ece9857e2503e1,Hyundai,Tucson,,BLACK DIAMOND,2027,625be8b2b21da3ebf03c43b0,Upholstery,Black interior with Green paint,spec-table
ContactCars,https://www.contactcars.com/en/new-cars/hyundai-tucson/d161a7926e04,"Fri, 25 Sep 2026 12:32:21 GMT",9ccae84ee830e4820167da34333f4b2554bb1bb3044476cd20ece9857e2503e1,Hyundai,Tucson,,BLACK DIAMOND,2027,60199ad52a420993a3e8239d,Infotainment Display Size,12٫3,spec-table
ContactCars,https://www.contactcars.com/en/new-cars/hyundai-tucson/d161a7926e04,"Fri, 25 Sep 2026 12:32:21 GMT",9ccae84ee830e4820167da34333f4b2554bb1bb3044476cd20ece9857e2503e1,Hyundai,Tucson,,BLACK DIAMOND,2027,60199ad52a420993a3e8237c,Instrument Cluster Type,Digital,spec-table
ContactCars,https://www.contactcars.com/en/new-cars/hyundai-tucson/d161a7926e04,"Fri, 25 Sep 2026 12:32:21 GMT",9ccae84ee830e4820167da34333f4b2554bb1bb3044476cd20ece9857e2503e1,Hyundai,Tucson,,BLACK DIAMOND,2027,75fe2b7d7bc2,Instrument Cluster Size,12٫3,spec-table
ContactCars,https://www.contactcars.com/en/new-cars/hyundai-tucson/d161a7926e04,"Fri, 25 Sep 2026 12:32:21 GMT",9ccae84ee830e4820167da34333f4b2554bb1bb3044476cd20ece9857e2503e1,Hyundai,Tucson,,BLACK DIAMOND,2027,60199ad52a420993a3e8239c,Smartphone Integration,Android Auto/Apple Car Play,spec-table
ContactCars,https://www.contactcars.com/en/new-cars/hyundai-tucson/d161a7926e04,"Fri, 25 Sep 2026 12:32:21 GMT",9ccae84ee830e4820167da34333f4b2554bb1bb3044476cd20ece9857e2503e1,Hyundai,Tucson,,BLACK DIAMOND,2027,60199ad52a420993a3e823a2,Number of Speakers,7,spec-table
ContactCars,https://www.contactcars.com/en/new-cars/hyundai-tucson/d161a7926e04,"Fri, 25 Sep 2026 12:32:21 GMT",9ccae84ee830e4820167da34333f4b2554bb1bb3044476cd20ece9857e2503e1,Hyundai,Tucson,,BLACK DIAMOND,2027,872802aacccf,Sound System Brand,BOSE,spec-table
ContactCars,https://www.contactcars.com/en/new-cars/hyundai-tucson/d161a7926e04,"Fri, 25 Sep 2026 12:32:21 GMT",9ccae84ee830e4820167da34333f4b2554bb1bb3044476cd20ece9857e2503e1,Hyundai,Tucson,,BLACK DIAMOND,2027,60199ad52a420993a3e82376,Rims,R19,spec-table
ContactCars,https://www.contactcars.com/en/new-cars/hyundai-tucson/d161a7926e04,"Fri, 25 Sep 2026 12:32:21 GMT",9ccae84ee830e4820167da34333f4b2554bb1bb3044476cd20ece9857e2503e1,Hyundai,Tucson,,BLACK DIAMOND,2027,60199ad52a420993a3e8236d,Headlamps,Matrix LED,spec-table
ContactCars,https://www.contactcars.com/en/new-cars/hyundai-tucson/d161a7926e04,"Fri, 25 Sep 2026 12:32:21 GMT",9ccae84ee830e4820167da34333f4b2554bb1bb3044476cd20ece9857e2503e1,Hyundai,Tucson,,BLACK DIAMOND,2027,60199ad52a420993a3e8236e,Tail Lights,LED,spec-table
ContactCars,https://www.contactcars.com/en/new-cars/hyundai-tucson/d161a7926e04,"Fri, 25 Sep 2026 12:32:21 GMT",9ccae84ee830e4820167da34333f4b2554bb1bb3044476cd20ece9857e2503e1,Hyundai,Tucson,,BLACK DIAMOND,2027,62d57953644fb1f973ba7c3d,Additional Colors,رمادي لؤلؤي إيكوترونيك، برتقالي جوبيتر، فضي لامع، أحمر ألتيميت، أبيض سيرينيتي، أسود أبيس، أخضر لؤلؤي سبيرز، أحمر إنجن، أزرق لؤلؤي سالينج،  ,spec-table
ContactCars,https://www.contactcars.com/en/new-cars/hyundai-tucson/d161a7926e04,"Fri, 25 Sep 2026 12:32:21 GMT",9ccae84ee830e4820167da34333f4b2554bb1bb3044476cd20ece9857e2503e1,Hyundai,Tucson,,BLACK DIAMOND,2027,62a5f51c3b190c24efacbe38,Basic Vehicle Warranty,5 سنوات أو 100 ألف كم ,spec-table
ContactCars,https://www.contactcars.com/en/new-cars/hyundai-tucson/d9cd63546b3d,"Fri, 25 Sep 2026 12:32:22 GMT",83b3dda25903e1668ff40406a4394eb1a0df05db556bd307c549e406f8cb4d75,Hyundai,Tucson,,BLAZE,2026,jsonld:offer_price_egp,offer_price_egp,1850000,json-ld
ContactCars,https://www.contactcars.com/en/new-cars/hyundai-tucson/d9cd63546b3d,"Fri, 25 Sep 2026 12:32:22 GMT",83b3dda25903e1668ff40406a4394eb1a0df05db556bd307c549e406f8cb4d75,Hyundai,Tucson,,BLAZE,2026,jsonld:fuelType,fuelType,Gas,json-ld
ContactCars,https://www.contactcars.com/en/new-cars/hyundai-tucson/d9cd63546b3d,"Fri, 25 Sep 2026 12:32:22 GMT",83b3dda25903e1668ff40406a4394eb1a0df05db556bd307c549e406f8cb4d75,Hyundai,Tucson,,BLAZE,2026,jsonld:engineDisplacement,engineDisplacement,1600,json-ld
ContactCars,https://www.contactcars.com/en/new-cars/hyundai-tucson/d9cd63546b3d,"Fri, 25 Sep 2026 12:32:22 GMT",83b3dda25903e1668ff40406a4394eb1a0df05db556bd307c549e406f8cb4d75,Hyundai,Tucson,,BLAZE,2026,jsonld:vehicleTransmission,vehicleTransmission,Dual Clutch,json-ld
ContactCars,https://www.contactcars.com/en/new-cars/hyundai-tucson/d9cd63546b3d,"Fri, 25 Sep 2026 12:32:22 GMT",83b3dda25903e1668ff40406a4394eb1a0df05db556bd307c549e406f8cb4d75,Hyundai,Tucson,,BLAZE,2026,jsonld:bodyType,bodyType,SUV,json-ld
ContactCars,https://www.contactcars.com/en/new-cars/hyundai-tucson/d9cd63546b3d,"Fri, 25 Sep 2026 12:32:22 GMT",83b3dda25903e1668ff40406a4394eb1a0df05db556bd307c549e406f8cb4d75,Hyundai,Tucson,,BLAZE,2026,jsonld:assembly_country,assembly_country,Czechia,json-ld
ContactCars,https://www.contactcars.com/en/new-cars/hyundai-tucson/d9cd63546b3d,"Fri, 25 Sep 2026 12:32:22 GMT",83b3dda25903e1668ff40406a4394eb1a0df05db556bd307c549e406f8cb4d75,Hyundai,Tucson,,BLAZE,2026,1cff89624677,Vehicle Size Class,Compact,spec-table
ContactCars,https://www.contactcars.com/en/new-cars/hyundai-tucson/d9cd63546b3d,"Fri, 25 Sep 2026 12:32:22 GMT",83b3dda25903e1668ff40406a4394eb1a0df05db556bd307c549e406f8cb4d75,Hyundai,Tucson,,BLAZE,2026,5bedd1146e88,Body Style,SUV,spec-table
ContactCars,https://www.contactcars.com/en/new-cars/hyundai-tucson/d9cd63546b3d,"Fri, 25 Sep 2026 12:32:22 GMT",83b3dda25903e1668ff40406a4394eb1a0df05db556bd307c549e406f8cb4d75,Hyundai,Tucson,,BLAZE,2026,13a10f395a87,Number of Doors,5,spec-table
ContactCars,https://www.contactcars.com/en/new-cars/hyundai-tucson/d9cd63546b3d,"Fri, 25 Sep 2026 12:32:22 GMT",83b3dda25903e1668ff40406a4394eb1a0df05db556bd307c549e406f8cb4d75,Hyundai,Tucson,,BLAZE,2026,60199ad52a420993a3e82387,Number of Seats,5,spec-table
ContactCars,https://www.contactcars.com/en/new-cars/hyundai-tucson/d9cd63546b3d,"Fri, 25 Sep 2026 12:32:22 GMT",83b3dda25903e1668ff40406a4394eb1a0df05db556bd307c549e406f8cb4d75,Hyundai,Tucson,,BLAZE,2026,60199ad52a420993a3e823a4,Rear Trunk Capacity (Liter),503,spec-table
ContactCars,https://www.contactcars.com/en/new-cars/hyundai-tucson/d9cd63546b3d,"Fri, 25 Sep 2026 12:32:22 GMT",83b3dda25903e1668ff40406a4394eb1a0df05db556bd307c549e406f8cb4d75,Hyundai,Tucson,,BLAZE,2026,2cd960af118a,"Rear Trunk Capacity, Seats Folded (Liter)",1799,spec-table
ContactCars,https://www.contactcars.com/en/new-cars/hyundai-tucson/d9cd63546b3d,"Fri, 25 Sep 2026 12:32:22 GMT",83b3dda25903e1668ff40406a4394eb1a0df05db556bd307c549e406f8cb4d75,Hyundai,Tucson,,BLAZE,2026,603647429f57461ab1a74148,Length (mm),4510,spec-table
ContactCars,https://www.contactcars.com/en/new-cars/hyundai-tucson/d9cd63546b3d,"Fri, 25 Sep 2026 12:32:22 GMT",83b3dda25903e1668ff40406a4394eb1a0df05db556bd307c549e406f8cb4d75,Hyundai,Tucson,,BLAZE,2026,6036477d9f57461ab1a74149,Width (mm),1865,spec-table
ContactCars,https://www.contactcars.com/en/new-cars/hyundai-tucson/d9cd63546b3d,"Fri, 25 Sep 2026 12:32:22 GMT",83b3dda25903e1668ff40406a4394eb1a0df05db556bd307c549e406f8cb4d75,Hyundai,Tucson,,BLAZE,2026,603647a49f57461ab1a7414a,Height (mm),1650,spec-table
ContactCars,https://www.contactcars.com/en/new-cars/hyundai-tucson/d9cd63546b3d,"Fri, 25 Sep 2026 12:32:22 GMT",83b3dda25903e1668ff40406a4394eb1a0df05db556bd307c549e406f8cb4d75,Hyundai,Tucson,,BLAZE,2026,6033cae86136e6f66151c687,Wheelbase (mm),2680,spec-table
ContactCars,https://www.contactcars.com/en/new-cars/hyundai-tucson/d9cd63546b3d,"Fri, 25 Sep 2026 12:32:22 GMT",83b3dda25903e1668ff40406a4394eb1a0df05db556bd307c549e406f8cb4d75,Hyundai,Tucson,,BLAZE,2026,6033cbc86136e6f66151c688,Ground Clearance (mm),170,spec-table
ContactCars,https://www.contactcars.com/en/new-cars/hyundai-tucson/d9cd63546b3d,"Fri, 25 Sep 2026 12:32:22 GMT",83b3dda25903e1668ff40406a4394eb1a0df05db556bd307c549e406f8cb4d75,Hyundai,Tucson,,BLAZE,2026,6244612fba30183d7791942e,Curb Weight (KG),"1,466",spec-table
ContactCars,https://www.contactcars.com/en/new-cars/hyundai-tucson/d9cd63546b3d,"Fri, 25 Sep 2026 12:32:22 GMT",83b3dda25903e1668ff40406a4394eb1a0df05db556bd307c549e406f8cb4d75,Hyundai,Tucson,,BLAZE,2026,624443c0ba30183d77919424,Generation,4th,spec-table
ContactCars,https://www.contactcars.com/en/new-cars/hyundai-tucson/d9cd63546b3d,"Fri, 25 Sep 2026 12:32:22 GMT",83b3dda25903e1668ff40406a4394eb1a0df05db556bd307c549e406f8cb4d75,Hyundai,Tucson,,BLAZE,2026,1b9f93607f48,Powertrain Type,ICE (Petrol),spec-table
ContactCars,https://www.contactcars.com/en/new-cars/hyundai-tucson/d9cd63546b3d,"Fri, 25 Sep 2026 12:32:22 GMT",83b3dda25903e1668ff40406a4394eb1a0df05db556bd307c549e406f8cb4d75,Hyundai,Tucson,,BLAZE,2026,60199ad52a420993a3e82353,Combined Maximum Power (HP @ RPM),"180 / 5,500",spec-table
ContactCars,https://www.contactcars.com/en/new-cars/hyundai-tucson/d9cd63546b3d,"Fri, 25 Sep 2026 12:32:22 GMT",83b3dda25903e1668ff40406a4394eb1a0df05db556bd307c549e406f8cb4d75,Hyundai,Tucson,,BLAZE,2026,60199ad52a420993a3e82354,Combined Maximum Torque (N.m @ RPM),265  / 1500 - 4500,spec-table
ContactCars,https://www.contactcars.com/en/new-cars/hyundai-tucson/d9cd63546b3d,"Fri, 25 Sep 2026 12:32:22 GMT",83b3dda25903e1668ff40406a4394eb1a0df05db556bd307c549e406f8cb4d75,Hyundai,Tucson,,BLAZE,2026,60199ad52a420993a3e82359,Fuel Tank Capacity (Litre),54,spec-table
ContactCars,https://www.contactcars.com/en/new-cars/hyundai-tucson/d9cd63546b3d,"Fri, 25 Sep 2026 12:32:22 GMT",83b3dda25903e1668ff40406a4394eb1a0df05db556bd307c549e406f8cb4d75,Hyundai,Tucson,,BLAZE,2026,60199ad52a420993a3e82356,Combined Fuel/Energy Consumption (Liter/100 KM),6٫1,spec-table
ContactCars,https://www.contactcars.com/en/new-cars/hyundai-tucson/d9cd63546b3d,"Fri, 25 Sep 2026 12:32:22 GMT",83b3dda25903e1668ff40406a4394eb1a0df05db556bd307c549e406f8cb4d75,Hyundai,Tucson,,BLAZE,2026,0922a30a7f46,Engine Function,Drive Wheels,spec-table
ContactCars,https://www.contactcars.com/en/new-cars/hyundai-tucson/d9cd63546b3d,"Fri, 25 Sep 2026 12:32:22 GMT",83b3dda25903e1668ff40406a4394eb1a0df05db556bd307c549e406f8cb4d75,Hyundai,Tucson,,BLAZE,2026,60199ad52a420993a3e82352,Cylinders,4,spec-table
ContactCars,https://www.contactcars.com/en/new-cars/hyundai-tucson/d9cd63546b3d,"Fri, 25 Sep 2026 12:32:22 GMT",83b3dda25903e1668ff40406a4394eb1a0df05db556bd307c549e406f8cb4d75,Hyundai,Tucson,,BLAZE,2026,62445feaba30183d7791942d,Engine Capacity (CC),1600,spec-table
ContactCars,https://www.contactcars.com/en/new-cars/hyundai-tucson/d9cd63546b3d,"Fri, 25 Sep 2026 12:32:22 GMT",83b3dda25903e1668ff40406a4394eb1a0df05db556bd307c549e406f8cb4d75,Hyundai,Tucson,,BLAZE,2026,6244616cba30183d7791942f,Induction Type,Turbocharged,spec-table
ContactCars,https://www.contactcars.com/en/new-cars/hyundai-tucson/d9cd63546b3d,"Fri, 25 Sep 2026 12:32:22 GMT",83b3dda25903e1668ff40406a4394eb1a0df05db556bd307c549e406f8cb4d75,Hyundai,Tucson,,BLAZE,2026,62445f6cba30183d7791942c,Engine Layout,Front,spec-table
ContactCars,https://www.contactcars.com/en/new-cars/hyundai-tucson/d9cd63546b3d,"Fri, 25 Sep 2026 12:32:22 GMT",83b3dda25903e1668ff40406a4394eb1a0df05db556bd307c549e406f8cb4d75,Hyundai,Tucson,,BLAZE,2026,ae3798f5fd83,Drivetrain Type,FWD (Front-Wheel Drive),spec-table
ContactCars,https://www.contactcars.com/en/new-cars/hyundai-tucson/d9cd63546b3d,"Fri, 25 Sep 2026 12:32:22 GMT",83b3dda25903e1668ff40406a4394eb1a0df05db556bd307c549e406f8cb4d75,Hyundai,Tucson,,BLAZE,2026,fd8d1904b500,Transmission Type,Automatic,spec-table
ContactCars,https://www.contactcars.com/en/new-cars/hyundai-tucson/d9cd63546b3d,"Fri, 25 Sep 2026 12:32:22 GMT",83b3dda25903e1668ff40406a4394eb1a0df05db556bd307c549e406f8cb4d75,Hyundai,Tucson,,BLAZE,2026,5229867ce0fa,Transmission Technology,Dry DCT (Dual-Clutch Transmission),spec-table
ContactCars,https://www.contactcars.com/en/new-cars/hyundai-tucson/d9cd63546b3d,"Fri, 25 Sep 2026 12:32:22 GMT",83b3dda25903e1668ff40406a4394eb1a0df05db556bd307c549e406f8cb4d75,Hyundai,Tucson,,BLAZE,2026,60199ad52a420993a3e8235a,Number of Gears,7,spec-table
ContactCars,https://www.contactcars.com/en/new-cars/hyundai-tucson/d9cd63546b3d,"Fri, 25 Sep 2026 12:32:22 GMT",83b3dda25903e1668ff40406a4394eb1a0df05db556bd307c549e406f8cb4d75,Hyundai,Tucson,,BLAZE,2026,60199ad52a420993a3e82385,Steering Wheel,Leather 4 Spoke,spec-table
ContactCars,https://www.contactcars.com/en/new-cars/hyundai-tucson/d9cd63546b3d,"Fri, 25 Sep 2026 12:32:22 GMT",83b3dda25903e1668ff40406a4394eb1a0df05db556bd307c549e406f8cb4d75,Hyundai,Tucson,,BLAZE,2026,60199ad52a420993a3e8235d,Power Steering Type,Electric,spec-table
ContactCars,https://www.contactcars.com/en/new-cars/hyundai-tucson/d9cd63546b3d,"Fri, 25 Sep 2026 12:32:22 GMT",83b3dda25903e1668ff40406a4394eb1a0df05db556bd307c549e406f8cb4d75,Hyundai,Tucson,,BLAZE,2026,602fa37cd768,Steering Adjustment Ops,Manual,spec-table
ContactCars,https://www.contactcars.com/en/new-cars/hyundai-tucson/d9cd63546b3d,"Fri, 25 Sep 2026 12:32:22 GMT",83b3dda25903e1668ff40406a4394eb1a0df05db556bd307c549e406f8cb4d75,Hyundai,Tucson,,BLAZE,2026,7c8ae7912edf,Steering Modes,"Comfort, Sport, Normal, Eco",spec-table
ContactCars,https://www.contactcars.com/en/new-cars/hyundai-tucson/d9cd63546b3d,"Fri, 25 Sep 2026 12:32:22 GMT",83b3dda25903e1668ff40406a4394eb1a0df05db556bd307c549e406f8cb4d75,Hyundai,Tucson,,BLAZE,2026,e78c472170c2,Front Suspension Type,MacPherson,spec-table
ContactCars,https://www.contactcars.com/en/new-cars/hyundai-tucson/d9cd63546b3d,"Fri, 25 Sep 2026 12:32:22 GMT",83b3dda25903e1668ff40406a4394eb1a0df05db556bd307c549e406f8cb4d75,Hyundai,Tucson,,BLAZE,2026,d7a33f9ff1ff,Rear Suspension Type,Multi-Link,spec-table
ContactCars,https://www.contactcars.com/en/new-cars/hyundai-tucson/d9cd63546b3d,"Fri, 25 Sep 2026 12:32:22 GMT",83b3dda25903e1668ff40406a4394eb1a0df05db556bd307c549e406f8cb4d75,Hyundai,Tucson,,BLAZE,2026,58f344b6ff55,Front Brakes Type,Solid Disc Brakes,spec-table
ContactCars,https://www.contactcars.com/en/new-cars/hyundai-tucson/d9cd63546b3d,"Fri, 25 Sep 2026 12:32:22 GMT",83b3dda25903e1668ff40406a4394eb1a0df05db556bd307c549e406f8cb4d75,Hyundai,Tucson,,BLAZE,2026,eb24327dbe4e,Rear Brakes Type,Solid Disc Brakes,spec-table
ContactCars,https://www.contactcars.com/en/new-cars/hyundai-tucson/d9cd63546b3d,"Fri, 25 Sep 2026 12:32:22 GMT",83b3dda25903e1668ff40406a4394eb1a0df05db556bd307c549e406f8cb4d75,Hyundai,Tucson,,BLAZE,2026,4ed8405e7e5b,Hand Brake Type,Electronic,spec-table
ContactCars,https://www.contactcars.com/en/new-cars/hyundai-tucson/d9cd63546b3d,"Fri, 25 Sep 2026 12:32:22 GMT",83b3dda25903e1668ff40406a4394eb1a0df05db556bd307c549e406f8cb4d75,Hyundai,Tucson,,BLAZE,2026,d4b30096d663,Wheel Type,Alloy,spec-table
ContactCars,https://www.contactcars.com/en/new-cars/hyundai-tucson/d9cd63546b3d,"Fri, 25 Sep 2026 12:32:22 GMT",83b3dda25903e1668ff40406a4394eb1a0df05db556bd307c549e406f8cb4d75,Hyundai,Tucson,,BLAZE,2026,1831c41b7b17,Front Wheel Size,18,spec-table
ContactCars,https://www.contactcars.com/en/new-cars/hyundai-tucson/d9cd63546b3d,"Fri, 25 Sep 2026 12:32:22 GMT",83b3dda25903e1668ff40406a4394eb1a0df05db556bd307c549e406f8cb4d75,Hyundai,Tucson,,BLAZE,2026,1f4797b49117,Rear Wheel Size,18,spec-table
ContactCars,https://www.contactcars.com/en/new-cars/hyundai-tucson/d9cd63546b3d,"Fri, 25 Sep 2026 12:32:22 GMT",83b3dda25903e1668ff40406a4394eb1a0df05db556bd307c549e406f8cb4d75,Hyundai,Tucson,,BLAZE,2026,60199ad52a420993a3e82372,Front Tire Size,235 /55 R18,spec-table
ContactCars,https://www.contactcars.com/en/new-cars/hyundai-tucson/d9cd63546b3d,"Fri, 25 Sep 2026 12:32:22 GMT",83b3dda25903e1668ff40406a4394eb1a0df05db556bd307c549e406f8cb4d75,Hyundai,Tucson,,BLAZE,2026,2076fe4abba4,Rear Tire Size,235 /55 R18,spec-table
ContactCars,https://www.contactcars.com/en/new-cars/hyundai-tucson/d9cd63546b3d,"Fri, 25 Sep 2026 12:32:22 GMT",83b3dda25903e1668ff40406a4394eb1a0df05db556bd307c549e406f8cb4d75,Hyundai,Tucson,,BLAZE,2026,cb68666c87e5,Tire Type,All-Season,spec-table
ContactCars,https://www.contactcars.com/en/new-cars/hyundai-tucson/d9cd63546b3d,"Fri, 25 Sep 2026 12:32:22 GMT",83b3dda25903e1668ff40406a4394eb1a0df05db556bd307c549e406f8cb4d75,Hyundai,Tucson,,BLAZE,2026,ba2239f5bba2,IIHS Results,Top Safety Pick+,spec-table
ContactCars,https://www.contactcars.com/en/new-cars/hyundai-tucson/d9cd63546b3d,"Fri, 25 Sep 2026 12:32:22 GMT",83b3dda25903e1668ff40406a4394eb1a0df05db556bd307c549e406f8cb4d75,Hyundai,Tucson,,BLAZE,2026,56a59f46e398,Euro NCAP Results,5,spec-table
ContactCars,https://www.contactcars.com/en/new-cars/hyundai-tucson/d9cd63546b3d,"Fri, 25 Sep 2026 12:32:22 GMT",83b3dda25903e1668ff40406a4394eb1a0df05db556bd307c549e406f8cb4d75,Hyundai,Tucson,,BLAZE,2026,60199ad52a420993a3e8236a,Airbag Count,6,spec-table
ContactCars,https://www.contactcars.com/en/new-cars/hyundai-tucson/d9cd63546b3d,"Fri, 25 Sep 2026 12:32:22 GMT",83b3dda25903e1668ff40406a4394eb1a0df05db556bd307c549e406f8cb4d75,Hyundai,Tucson,,BLAZE,2026,72fbbbfbb11f,Seat Upholestry,Cloth,spec-table
ContactCars,https://www.contactcars.com/en/new-cars/hyundai-tucson/d9cd63546b3d,"Fri, 25 Sep 2026 12:32:22 GMT",83b3dda25903e1668ff40406a4394eb1a0df05db556bd307c549e406f8cb4d75,Hyundai,Tucson,,BLAZE,2026,40e24a4a83e0,Gearbox Selector,Shift By Wire,spec-table
ContactCars,https://www.contactcars.com/en/new-cars/hyundai-tucson/d9cd63546b3d,"Fri, 25 Sep 2026 12:32:22 GMT",83b3dda25903e1668ff40406a4394eb1a0df05db556bd307c549e406f8cb4d75,Hyundai,Tucson,,BLAZE,2026,d9630e463440,Center Information Display,12٫3,spec-table
ContactCars,https://www.contactcars.com/en/new-cars/hyundai-tucson/d9cd63546b3d,"Fri, 25 Sep 2026 12:32:22 GMT",83b3dda25903e1668ff40406a4394eb1a0df05db556bd307c549e406f8cb4d75,Hyundai,Tucson,,BLAZE,2026,60199ad52a420993a3e8237c,Instrument Cluster Type,Analog,spec-table
ContactCars,https://www.contactcars.com/en/new-cars/hyundai-tucson/d9cd63546b3d,"Fri, 25 Sep 2026 12:32:22 GMT",83b3dda25903e1668ff40406a4394eb1a0df05db556bd307c549e406f8cb4d75,Hyundai,Tucson,,BLAZE,2026,75fe2b7d7bc2,Instrument Cluster Size,4,spec-table
ContactCars,https://www.contactcars.com/en/new-cars/hyundai-tucson/d9cd63546b3d,"Fri, 25 Sep 2026 12:32:22 GMT",83b3dda25903e1668ff40406a4394eb1a0df05db556bd307c549e406f8cb4d75,Hyundai,Tucson,,BLAZE,2026,60199ad52a420993a3e8239c,Smartphone Integration,Android Auto/Apple Car Play,spec-table
ContactCars,https://www.contactcars.com/en/new-cars/hyundai-tucson/d9cd63546b3d,"Fri, 25 Sep 2026 12:32:22 GMT",83b3dda25903e1668ff40406a4394eb1a0df05db556bd307c549e406f8cb4d75,Hyundai,Tucson,,BLAZE,2026,60199ad52a420993a3e823a2,Number of Speakers,6,spec-table
ContactCars,https://www.contactcars.com/en/new-cars/hyundai-tucson/d9cd63546b3d,"Fri, 25 Sep 2026 12:32:22 GMT",83b3dda25903e1668ff40406a4394eb1a0df05db556bd307c549e406f8cb4d75,Hyundai,Tucson,,BLAZE,2026,60199ad52a420993a3e8236d,Headlamps,LED,spec-table
ContactCars,https://www.contactcars.com/en/new-cars/hyundai-tucson/d9cd63546b3d,"Fri, 25 Sep 2026 12:32:22 GMT",83b3dda25903e1668ff40406a4394eb1a0df05db556bd307c549e406f8cb4d75,Hyundai,Tucson,,BLAZE,2026,60199ad52a420993a3e8236e,Tail Lights,LED,spec-table
ContactCars,https://www.contactcars.com/en/new-cars/hyundai-tucson/d9cd63546b3d,"Fri, 25 Sep 2026 12:32:22 GMT",83b3dda25903e1668ff40406a4394eb1a0df05db556bd307c549e406f8cb4d75,Hyundai,Tucson,,BLAZE,2026,62d57953644fb1f973ba7c3d,Additional Colors,رمادي لؤلؤي إيكوترونيك، برتقالي جوبيتر، فضي لامع، أحمر ألتيميت، أبيض سيرينيتي، أسود أبيس، أخضر لؤلؤي سبيرز، أحمر إنجن، أزرق لؤلؤي سالينج،  ,spec-table
ContactCars,https://www.contactcars.com/en/new-cars/hyundai-tucson/d9cd63546b3d,"Fri, 25 Sep 2026 12:32:22 GMT",83b3dda25903e1668ff40406a4394eb1a0df05db556bd307c549e406f8cb4d75,Hyundai,Tucson,,BLAZE,2026,62a5f51c3b190c24efacbe38,Basic Vehicle Warranty,5 سنوات أو 100 ألف كم ,spec-table
ContactCars,https://www.contactcars.com/en/new-cars/hyundai-tucson/f50470464533,"Fri, 25 Sep 2026 12:32:24 GMT",c3e39ba0766ee35b225419c75d1690738ae7a95803361b01d32ea515c68db5c9,Hyundai,Tucson,,BLAZE,2027,jsonld:offer_price_egp,offer_price_egp,1950000,json-ld
ContactCars,https://www.contactcars.com/en/new-cars/hyundai-tucson/f50470464533,"Fri, 25 Sep 2026 12:32:24 GMT",c3e39ba0766ee35b225419c75d1690738ae7a95803361b01d32ea515c68db5c9,Hyundai,Tucson,,BLAZE,2027,jsonld:fuelType,fuelType,Gas,json-ld
ContactCars,https://www.contactcars.com/en/new-cars/hyundai-tucson/f50470464533,"Fri, 25 Sep 2026 12:32:24 GMT",c3e39ba0766ee35b225419c75d1690738ae7a95803361b01d32ea515c68db5c9,Hyundai,Tucson,,BLAZE,2027,jsonld:engineDisplacement,engineDisplacement,1600,json-ld
ContactCars,https://www.contactcars.com/en/new-cars/hyundai-tucson/f50470464533,"Fri, 25 Sep 2026 12:32:24 GMT",c3e39ba0766ee35b225419c75d1690738ae7a95803361b01d32ea515c68db5c9,Hyundai,Tucson,,BLAZE,2027,jsonld:vehicleTransmission,vehicleTransmission,Dual Clutch,json-ld
ContactCars,https://www.contactcars.com/en/new-cars/hyundai-tucson/f50470464533,"Fri, 25 Sep 2026 12:32:24 GMT",c3e39ba0766ee35b225419c75d1690738ae7a95803361b01d32ea515c68db5c9,Hyundai,Tucson,,BLAZE,2027,jsonld:bodyType,bodyType,SUV,json-ld
ContactCars,https://www.contactcars.com/en/new-cars/hyundai-tucson/f50470464533,"Fri, 25 Sep 2026 12:32:24 GMT",c3e39ba0766ee35b225419c75d1690738ae7a95803361b01d32ea515c68db5c9,Hyundai,Tucson,,BLAZE,2027,jsonld:assembly_country,assembly_country,Czechia,json-ld
ContactCars,https://www.contactcars.com/en/new-cars/hyundai-tucson/f50470464533,"Fri, 25 Sep 2026 12:32:24 GMT",c3e39ba0766ee35b225419c75d1690738ae7a95803361b01d32ea515c68db5c9,Hyundai,Tucson,,BLAZE,2027,1cff89624677,Vehicle Size Class,Compact,spec-table
ContactCars,https://www.contactcars.com/en/new-cars/hyundai-tucson/f50470464533,"Fri, 25 Sep 2026 12:32:24 GMT",c3e39ba0766ee35b225419c75d1690738ae7a95803361b01d32ea515c68db5c9,Hyundai,Tucson,,BLAZE,2027,5bedd1146e88,Body Style,SUV,spec-table
ContactCars,https://www.contactcars.com/en/new-cars/hyundai-tucson/f50470464533,"Fri, 25 Sep 2026 12:32:24 GMT",c3e39ba0766ee35b225419c75d1690738ae7a95803361b01d32ea515c68db5c9,Hyundai,Tucson,,BLAZE,2027,13a10f395a87,Number of Doors,5,spec-table
ContactCars,https://www.contactcars.com/en/new-cars/hyundai-tucson/f50470464533,"Fri, 25 Sep 2026 12:32:24 GMT",c3e39ba0766ee35b225419c75d1690738ae7a95803361b01d32ea515c68db5c9,Hyundai,Tucson,,BLAZE,2027,60199ad52a420993a3e82387,Number of Seats,5,spec-table
ContactCars,https://www.contactcars.com/en/new-cars/hyundai-tucson/f50470464533,"Fri, 25 Sep 2026 12:32:24 GMT",c3e39ba0766ee35b225419c75d1690738ae7a95803361b01d32ea515c68db5c9,Hyundai,Tucson,,BLAZE,2027,60199ad52a420993a3e823a4,Rear Trunk Capacity (Liter),503,spec-table
ContactCars,https://www.contactcars.com/en/new-cars/hyundai-tucson/f50470464533,"Fri, 25 Sep 2026 12:32:24 GMT",c3e39ba0766ee35b225419c75d1690738ae7a95803361b01d32ea515c68db5c9,Hyundai,Tucson,,BLAZE,2027,2cd960af118a,"Rear Trunk Capacity, Seats Folded (Liter)",1799,spec-table
ContactCars,https://www.contactcars.com/en/new-cars/hyundai-tucson/f50470464533,"Fri, 25 Sep 2026 12:32:24 GMT",c3e39ba0766ee35b225419c75d1690738ae7a95803361b01d32ea515c68db5c9,Hyundai,Tucson,,BLAZE,2027,603647429f57461ab1a74148,Length (mm),4510,spec-table
ContactCars,https://www.contactcars.com/en/new-cars/hyundai-tucson/f50470464533,"Fri, 25 Sep 2026 12:32:24 GMT",c3e39ba0766ee35b225419c75d1690738ae7a95803361b01d32ea515c68db5c9,Hyundai,Tucson,,BLAZE,2027,6036477d9f57461ab1a74149,Width (mm),1865,spec-table
ContactCars,https://www.contactcars.com/en/new-cars/hyundai-tucson/f50470464533,"Fri, 25 Sep 2026 12:32:24 GMT",c3e39ba0766ee35b225419c75d1690738ae7a95803361b01d32ea515c68db5c9,Hyundai,Tucson,,BLAZE,2027,603647a49f57461ab1a7414a,Height (mm),1650,spec-table
ContactCars,https://www.contactcars.com/en/new-cars/hyundai-tucson/f50470464533,"Fri, 25 Sep 2026 12:32:24 GMT",c3e39ba0766ee35b225419c75d1690738ae7a95803361b01d32ea515c68db5c9,Hyundai,Tucson,,BLAZE,2027,6033cae86136e6f66151c687,Wheelbase (mm),2680,spec-table
ContactCars,https://www.contactcars.com/en/new-cars/hyundai-tucson/f50470464533,"Fri, 25 Sep 2026 12:32:24 GMT",c3e39ba0766ee35b225419c75d1690738ae7a95803361b01d32ea515c68db5c9,Hyundai,Tucson,,BLAZE,2027,6033cbc86136e6f66151c688,Ground Clearance (mm),170,spec-table
ContactCars,https://www.contactcars.com/en/new-cars/hyundai-tucson/f50470464533,"Fri, 25 Sep 2026 12:32:24 GMT",c3e39ba0766ee35b225419c75d1690738ae7a95803361b01d32ea515c68db5c9,Hyundai,Tucson,,BLAZE,2027,6244612fba30183d7791942e,Curb Weight (KG),"1,466",spec-table
ContactCars,https://www.contactcars.com/en/new-cars/hyundai-tucson/f50470464533,"Fri, 25 Sep 2026 12:32:24 GMT",c3e39ba0766ee35b225419c75d1690738ae7a95803361b01d32ea515c68db5c9,Hyundai,Tucson,,BLAZE,2027,624443c0ba30183d77919424,Generation,4th,spec-table
ContactCars,https://www.contactcars.com/en/new-cars/hyundai-tucson/f50470464533,"Fri, 25 Sep 2026 12:32:24 GMT",c3e39ba0766ee35b225419c75d1690738ae7a95803361b01d32ea515c68db5c9,Hyundai,Tucson,,BLAZE,2027,1b9f93607f48,Powertrain Type,ICE (Petrol),spec-table
ContactCars,https://www.contactcars.com/en/new-cars/hyundai-tucson/f50470464533,"Fri, 25 Sep 2026 12:32:24 GMT",c3e39ba0766ee35b225419c75d1690738ae7a95803361b01d32ea515c68db5c9,Hyundai,Tucson,,BLAZE,2027,60199ad52a420993a3e82353,Combined Maximum Power (HP @ RPM),"180 / 5,500",spec-table
ContactCars,https://www.contactcars.com/en/new-cars/hyundai-tucson/f50470464533,"Fri, 25 Sep 2026 12:32:24 GMT",c3e39ba0766ee35b225419c75d1690738ae7a95803361b01d32ea515c68db5c9,Hyundai,Tucson,,BLAZE,2027,60199ad52a420993a3e82354,Combined Maximum Torque (N.m @ RPM),265  / 1500 - 4500,spec-table
ContactCars,https://www.contactcars.com/en/new-cars/hyundai-tucson/f50470464533,"Fri, 25 Sep 2026 12:32:24 GMT",c3e39ba0766ee35b225419c75d1690738ae7a95803361b01d32ea515c68db5c9,Hyundai,Tucson,,BLAZE,2027,60199ad52a420993a3e82359,Fuel Tank Capacity (Litre),54,spec-table
ContactCars,https://www.contactcars.com/en/new-cars/hyundai-tucson/f50470464533,"Fri, 25 Sep 2026 12:32:24 GMT",c3e39ba0766ee35b225419c75d1690738ae7a95803361b01d32ea515c68db5c9,Hyundai,Tucson,,BLAZE,2027,60199ad52a420993a3e82356,Combined Fuel/Energy Consumption (Liter/100 KM),6٫1,spec-table
ContactCars,https://www.contactcars.com/en/new-cars/hyundai-tucson/f50470464533,"Fri, 25 Sep 2026 12:32:24 GMT",c3e39ba0766ee35b225419c75d1690738ae7a95803361b01d32ea515c68db5c9,Hyundai,Tucson,,BLAZE,2027,bc8f5919d91f,Engine Type,Inline-4,spec-table
ContactCars,https://www.contactcars.com/en/new-cars/hyundai-tucson/f50470464533,"Fri, 25 Sep 2026 12:32:24 GMT",c3e39ba0766ee35b225419c75d1690738ae7a95803361b01d32ea515c68db5c9,Hyundai,Tucson,,BLAZE,2027,0922a30a7f46,Engine Function,Drive Wheels,spec-table
ContactCars,https://www.contactcars.com/en/new-cars/hyundai-tucson/f50470464533,"Fri, 25 Sep 2026 12:32:24 GMT",c3e39ba0766ee35b225419c75d1690738ae7a95803361b01d32ea515c68db5c9,Hyundai,Tucson,,BLAZE,2027,60199ad52a420993a3e82352,Cylinders,4,spec-table
ContactCars,https://www.contactcars.com/en/new-cars/hyundai-tucson/f50470464533,"Fri, 25 Sep 2026 12:32:24 GMT",c3e39ba0766ee35b225419c75d1690738ae7a95803361b01d32ea515c68db5c9,Hyundai,Tucson,,BLAZE,2027,62445feaba30183d7791942d,Engine Capacity (CC),1600,spec-table
ContactCars,https://www.contactcars.com/en/new-cars/hyundai-tucson/f50470464533,"Fri, 25 Sep 2026 12:32:24 GMT",c3e39ba0766ee35b225419c75d1690738ae7a95803361b01d32ea515c68db5c9,Hyundai,Tucson,,BLAZE,2027,6244616cba30183d7791942f,Induction Type,Turbocharged,spec-table
ContactCars,https://www.contactcars.com/en/new-cars/hyundai-tucson/f50470464533,"Fri, 25 Sep 2026 12:32:24 GMT",c3e39ba0766ee35b225419c75d1690738ae7a95803361b01d32ea515c68db5c9,Hyundai,Tucson,,BLAZE,2027,62445f6cba30183d7791942c,Engine Layout,Front,spec-table
ContactCars,https://www.contactcars.com/en/new-cars/hyundai-tucson/f50470464533,"Fri, 25 Sep 2026 12:32:24 GMT",c3e39ba0766ee35b225419c75d1690738ae7a95803361b01d32ea515c68db5c9,Hyundai,Tucson,,BLAZE,2027,ae3798f5fd83,Drivetrain Type,FWD (Front-Wheel Drive),spec-table
ContactCars,https://www.contactcars.com/en/new-cars/hyundai-tucson/f50470464533,"Fri, 25 Sep 2026 12:32:24 GMT",c3e39ba0766ee35b225419c75d1690738ae7a95803361b01d32ea515c68db5c9,Hyundai,Tucson,,BLAZE,2027,fd8d1904b500,Transmission Type,Automatic,spec-table
ContactCars,https://www.contactcars.com/en/new-cars/hyundai-tucson/f50470464533,"Fri, 25 Sep 2026 12:32:24 GMT",c3e39ba0766ee35b225419c75d1690738ae7a95803361b01d32ea515c68db5c9,Hyundai,Tucson,,BLAZE,2027,5229867ce0fa,Transmission Technology,Dry DCT (Dual-Clutch Transmission),spec-table
ContactCars,https://www.contactcars.com/en/new-cars/hyundai-tucson/f50470464533,"Fri, 25 Sep 2026 12:32:24 GMT",c3e39ba0766ee35b225419c75d1690738ae7a95803361b01d32ea515c68db5c9,Hyundai,Tucson,,BLAZE,2027,60199ad52a420993a3e8235a,Number of Gears,7,spec-table
ContactCars,https://www.contactcars.com/en/new-cars/hyundai-tucson/f50470464533,"Fri, 25 Sep 2026 12:32:24 GMT",c3e39ba0766ee35b225419c75d1690738ae7a95803361b01d32ea515c68db5c9,Hyundai,Tucson,,BLAZE,2027,60199ad52a420993a3e82385,Steering Wheel,Leather 4 Spoke,spec-table
ContactCars,https://www.contactcars.com/en/new-cars/hyundai-tucson/f50470464533,"Fri, 25 Sep 2026 12:32:24 GMT",c3e39ba0766ee35b225419c75d1690738ae7a95803361b01d32ea515c68db5c9,Hyundai,Tucson,,BLAZE,2027,60199ad52a420993a3e8235d,Power Steering Type,Electric,spec-table
ContactCars,https://www.contactcars.com/en/new-cars/hyundai-tucson/f50470464533,"Fri, 25 Sep 2026 12:32:24 GMT",c3e39ba0766ee35b225419c75d1690738ae7a95803361b01d32ea515c68db5c9,Hyundai,Tucson,,BLAZE,2027,602fa37cd768,Steering Adjustment Ops,Manual,spec-table
ContactCars,https://www.contactcars.com/en/new-cars/hyundai-tucson/f50470464533,"Fri, 25 Sep 2026 12:32:24 GMT",c3e39ba0766ee35b225419c75d1690738ae7a95803361b01d32ea515c68db5c9,Hyundai,Tucson,,BLAZE,2027,7c8ae7912edf,Steering Modes,"Comfort, Sport, Normal, Eco",spec-table
ContactCars,https://www.contactcars.com/en/new-cars/hyundai-tucson/f50470464533,"Fri, 25 Sep 2026 12:32:24 GMT",c3e39ba0766ee35b225419c75d1690738ae7a95803361b01d32ea515c68db5c9,Hyundai,Tucson,,BLAZE,2027,e78c472170c2,Front Suspension Type,MacPherson,spec-table
ContactCars,https://www.contactcars.com/en/new-cars/hyundai-tucson/f50470464533,"Fri, 25 Sep 2026 12:32:24 GMT",c3e39ba0766ee35b225419c75d1690738ae7a95803361b01d32ea515c68db5c9,Hyundai,Tucson,,BLAZE,2027,d7a33f9ff1ff,Rear Suspension Type,Multi-Link,spec-table
ContactCars,https://www.contactcars.com/en/new-cars/hyundai-tucson/f50470464533,"Fri, 25 Sep 2026 12:32:24 GMT",c3e39ba0766ee35b225419c75d1690738ae7a95803361b01d32ea515c68db5c9,Hyundai,Tucson,,BLAZE,2027,58f344b6ff55,Front Brakes Type,Ventilated Disc Brakes,spec-table
ContactCars,https://www.contactcars.com/en/new-cars/hyundai-tucson/f50470464533,"Fri, 25 Sep 2026 12:32:24 GMT",c3e39ba0766ee35b225419c75d1690738ae7a95803361b01d32ea515c68db5c9,Hyundai,Tucson,,BLAZE,2027,eb24327dbe4e,Rear Brakes Type,Solid Disc Brakes,spec-table
ContactCars,https://www.contactcars.com/en/new-cars/hyundai-tucson/f50470464533,"Fri, 25 Sep 2026 12:32:24 GMT",c3e39ba0766ee35b225419c75d1690738ae7a95803361b01d32ea515c68db5c9,Hyundai,Tucson,,BLAZE,2027,4ed8405e7e5b,Hand Brake Type,Electronic,spec-table
ContactCars,https://www.contactcars.com/en/new-cars/hyundai-tucson/f50470464533,"Fri, 25 Sep 2026 12:32:24 GMT",c3e39ba0766ee35b225419c75d1690738ae7a95803361b01d32ea515c68db5c9,Hyundai,Tucson,,BLAZE,2027,d4b30096d663,Wheel Type,Alloy,spec-table
ContactCars,https://www.contactcars.com/en/new-cars/hyundai-tucson/f50470464533,"Fri, 25 Sep 2026 12:32:24 GMT",c3e39ba0766ee35b225419c75d1690738ae7a95803361b01d32ea515c68db5c9,Hyundai,Tucson,,BLAZE,2027,1831c41b7b17,Front Wheel Size,18,spec-table
ContactCars,https://www.contactcars.com/en/new-cars/hyundai-tucson/f50470464533,"Fri, 25 Sep 2026 12:32:24 GMT",c3e39ba0766ee35b225419c75d1690738ae7a95803361b01d32ea515c68db5c9,Hyundai,Tucson,,BLAZE,2027,1f4797b49117,Rear Wheel Size,18,spec-table
ContactCars,https://www.contactcars.com/en/new-cars/hyundai-tucson/f50470464533,"Fri, 25 Sep 2026 12:32:24 GMT",c3e39ba0766ee35b225419c75d1690738ae7a95803361b01d32ea515c68db5c9,Hyundai,Tucson,,BLAZE,2027,60199ad52a420993a3e82372,Front Tire Size,235 /55 R18,spec-table
ContactCars,https://www.contactcars.com/en/new-cars/hyundai-tucson/f50470464533,"Fri, 25 Sep 2026 12:32:24 GMT",c3e39ba0766ee35b225419c75d1690738ae7a95803361b01d32ea515c68db5c9,Hyundai,Tucson,,BLAZE,2027,2076fe4abba4,Rear Tire Size,235 /55 R18,spec-table
ContactCars,https://www.contactcars.com/en/new-cars/hyundai-tucson/f50470464533,"Fri, 25 Sep 2026 12:32:24 GMT",c3e39ba0766ee35b225419c75d1690738ae7a95803361b01d32ea515c68db5c9,Hyundai,Tucson,,BLAZE,2027,cb68666c87e5,Tire Type,All-Season,spec-table
ContactCars,https://www.contactcars.com/en/new-cars/hyundai-tucson/f50470464533,"Fri, 25 Sep 2026 12:32:24 GMT",c3e39ba0766ee35b225419c75d1690738ae7a95803361b01d32ea515c68db5c9,Hyundai,Tucson,,BLAZE,2027,7dc8980c1bea,Spare Tire Type,Full-size,spec-table
ContactCars,https://www.contactcars.com/en/new-cars/hyundai-tucson/f50470464533,"Fri, 25 Sep 2026 12:32:24 GMT",c3e39ba0766ee35b225419c75d1690738ae7a95803361b01d32ea515c68db5c9,Hyundai,Tucson,,BLAZE,2027,ba2239f5bba2,IIHS Results,Top Safety Pick+,spec-table
ContactCars,https://www.contactcars.com/en/new-cars/hyundai-tucson/f50470464533,"Fri, 25 Sep 2026 12:32:24 GMT",c3e39ba0766ee35b225419c75d1690738ae7a95803361b01d32ea515c68db5c9,Hyundai,Tucson,,BLAZE,2027,56a59f46e398,Euro NCAP Results,5,spec-table
ContactCars,https://www.contactcars.com/en/new-cars/hyundai-tucson/f50470464533,"Fri, 25 Sep 2026 12:32:24 GMT",c3e39ba0766ee35b225419c75d1690738ae7a95803361b01d32ea515c68db5c9,Hyundai,Tucson,,BLAZE,2027,60199ad52a420993a3e8236a,Airbag Count,6,spec-table
ContactCars,https://www.contactcars.com/en/new-cars/hyundai-tucson/f50470464533,"Fri, 25 Sep 2026 12:32:24 GMT",c3e39ba0766ee35b225419c75d1690738ae7a95803361b01d32ea515c68db5c9,Hyundai,Tucson,,BLAZE,2027,72fbbbfbb11f,Seat Upholestry,Cloth,spec-table
ContactCars,https://www.contactcars.com/en/new-cars/hyundai-tucson/f50470464533,"Fri, 25 Sep 2026 12:32:24 GMT",c3e39ba0766ee35b225419c75d1690738ae7a95803361b01d32ea515c68db5c9,Hyundai,Tucson,,BLAZE,2027,40e24a4a83e0,Gearbox Selector,Shift By Wire,spec-table
ContactCars,https://www.contactcars.com/en/new-cars/hyundai-tucson/f50470464533,"Fri, 25 Sep 2026 12:32:24 GMT",c3e39ba0766ee35b225419c75d1690738ae7a95803361b01d32ea515c68db5c9,Hyundai,Tucson,,BLAZE,2027,d9630e463440,Center Information Display,12٫3,spec-table
ContactCars,https://www.contactcars.com/en/new-cars/hyundai-tucson/f50470464533,"Fri, 25 Sep 2026 12:32:24 GMT",c3e39ba0766ee35b225419c75d1690738ae7a95803361b01d32ea515c68db5c9,Hyundai,Tucson,,BLAZE,2027,60199ad52a420993a3e8239d,Infotainment Display Size,12٫3,spec-table
ContactCars,https://www.contactcars.com/en/new-cars/hyundai-tucson/f50470464533,"Fri, 25 Sep 2026 12:32:24 GMT",c3e39ba0766ee35b225419c75d1690738ae7a95803361b01d32ea515c68db5c9,Hyundai,Tucson,,BLAZE,2027,60199ad52a420993a3e8237c,Instrument Cluster Type,Analog,spec-table
ContactCars,https://www.contactcars.com/en/new-cars/hyundai-tucson/f50470464533,"Fri, 25 Sep 2026 12:32:24 GMT",c3e39ba0766ee35b225419c75d1690738ae7a95803361b01d32ea515c68db5c9,Hyundai,Tucson,,BLAZE,2027,75fe2b7d7bc2,Instrument Cluster Size,4,spec-table
ContactCars,https://www.contactcars.com/en/new-cars/hyundai-tucson/f50470464533,"Fri, 25 Sep 2026 12:32:24 GMT",c3e39ba0766ee35b225419c75d1690738ae7a95803361b01d32ea515c68db5c9,Hyundai,Tucson,,BLAZE,2027,60199ad52a420993a3e8239c,Smartphone Integration,Android Auto/Apple Car Play,spec-table
ContactCars,https://www.contactcars.com/en/new-cars/hyundai-tucson/f50470464533,"Fri, 25 Sep 2026 12:32:24 GMT",c3e39ba0766ee35b225419c75d1690738ae7a95803361b01d32ea515c68db5c9,Hyundai,Tucson,,BLAZE,2027,60199ad52a420993a3e823a2,Number of Speakers,6,spec-table
ContactCars,https://www.contactcars.com/en/new-cars/hyundai-tucson/f50470464533,"Fri, 25 Sep 2026 12:32:24 GMT",c3e39ba0766ee35b225419c75d1690738ae7a95803361b01d32ea515c68db5c9,Hyundai,Tucson,,BLAZE,2027,60199ad52a420993a3e8236d,Headlamps,LED,spec-table
ContactCars,https://www.contactcars.com/en/new-cars/hyundai-tucson/f50470464533,"Fri, 25 Sep 2026 12:32:24 GMT",c3e39ba0766ee35b225419c75d1690738ae7a95803361b01d32ea515c68db5c9,Hyundai,Tucson,,BLAZE,2027,60199ad52a420993a3e8236e,Tail Lights,LED,spec-table
ContactCars,https://www.contactcars.com/en/new-cars/hyundai-tucson/f50470464533,"Fri, 25 Sep 2026 12:32:24 GMT",c3e39ba0766ee35b225419c75d1690738ae7a95803361b01d32ea515c68db5c9,Hyundai,Tucson,,BLAZE,2027,62d57953644fb1f973ba7c3d,Additional Colors,رمادي لؤلؤي إيكوترونيك، برتقالي جوبيتر، فضي لامع، أحمر ألتيميت، أبيض سيرينيتي، أسود أبيس، أخضر لؤلؤي سبيرز، أحمر إنجن، أزرق لؤلؤي سالينج،  ,spec-table
ContactCars,https://www.contactcars.com/en/new-cars/hyundai-tucson/f50470464533,"Fri, 25 Sep 2026 12:32:24 GMT",c3e39ba0766ee35b225419c75d1690738ae7a95803361b01d32ea515c68db5c9,Hyundai,Tucson,,BLAZE,2027,62a5f51c3b190c24efacbe38,Basic Vehicle Warranty,5 سنوات أو 100 ألف كم ,spec-table
ContactCars,https://www.contactcars.com/en/new-cars/jetour-t1/01f5cf80b19d,"Fri, 25 Sep 2026 12:32:25 GMT",8e0a3301ccf2de999f9b9b28cd99f8def3c3348dd84623ee6d24df71bc373bc4,Jetour,T1,,Luxury,2027,jsonld:offer_price_egp,offer_price_egp,1730000,json-ld
ContactCars,https://www.contactcars.com/en/new-cars/jetour-t1/01f5cf80b19d,"Fri, 25 Sep 2026 12:32:25 GMT",8e0a3301ccf2de999f9b9b28cd99f8def3c3348dd84623ee6d24df71bc373bc4,Jetour,T1,,Luxury,2027,jsonld:fuelType,fuelType,Gas,json-ld
ContactCars,https://www.contactcars.com/en/new-cars/jetour-t1/01f5cf80b19d,"Fri, 25 Sep 2026 12:32:25 GMT",8e0a3301ccf2de999f9b9b28cd99f8def3c3348dd84623ee6d24df71bc373bc4,Jetour,T1,,Luxury,2027,jsonld:engineDisplacement,engineDisplacement,1500,json-ld
ContactCars,https://www.contactcars.com/en/new-cars/jetour-t1/01f5cf80b19d,"Fri, 25 Sep 2026 12:32:25 GMT",8e0a3301ccf2de999f9b9b28cd99f8def3c3348dd84623ee6d24df71bc373bc4,Jetour,T1,,Luxury,2027,jsonld:vehicleTransmission,vehicleTransmission,Dual Clutch,json-ld
ContactCars,https://www.contactcars.com/en/new-cars/jetour-t1/01f5cf80b19d,"Fri, 25 Sep 2026 12:32:25 GMT",8e0a3301ccf2de999f9b9b28cd99f8def3c3348dd84623ee6d24df71bc373bc4,Jetour,T1,,Luxury,2027,jsonld:bodyType,bodyType,SUV,json-ld
ContactCars,https://www.contactcars.com/en/new-cars/jetour-t1/01f5cf80b19d,"Fri, 25 Sep 2026 12:32:25 GMT",8e0a3301ccf2de999f9b9b28cd99f8def3c3348dd84623ee6d24df71bc373bc4,Jetour,T1,,Luxury,2027,jsonld:assembly_country,assembly_country,China,json-ld
ContactCars,https://www.contactcars.com/en/new-cars/jetour-t1/01f5cf80b19d,"Fri, 25 Sep 2026 12:32:25 GMT",8e0a3301ccf2de999f9b9b28cd99f8def3c3348dd84623ee6d24df71bc373bc4,Jetour,T1,,Luxury,2027,1cff89624677,Vehicle Size Class,Mid-size,spec-table
ContactCars,https://www.contactcars.com/en/new-cars/jetour-t1/01f5cf80b19d,"Fri, 25 Sep 2026 12:32:25 GMT",8e0a3301ccf2de999f9b9b28cd99f8def3c3348dd84623ee6d24df71bc373bc4,Jetour,T1,,Luxury,2027,5bedd1146e88,Body Style,SUV,spec-table
ContactCars,https://www.contactcars.com/en/new-cars/jetour-t1/01f5cf80b19d,"Fri, 25 Sep 2026 12:32:25 GMT",8e0a3301ccf2de999f9b9b28cd99f8def3c3348dd84623ee6d24df71bc373bc4,Jetour,T1,,Luxury,2027,13a10f395a87,Number of Doors,5,spec-table
ContactCars,https://www.contactcars.com/en/new-cars/jetour-t1/01f5cf80b19d,"Fri, 25 Sep 2026 12:32:25 GMT",8e0a3301ccf2de999f9b9b28cd99f8def3c3348dd84623ee6d24df71bc373bc4,Jetour,T1,,Luxury,2027,60199ad52a420993a3e82387,Number of Seats,5,spec-table
ContactCars,https://www.contactcars.com/en/new-cars/jetour-t1/01f5cf80b19d,"Fri, 25 Sep 2026 12:32:25 GMT",8e0a3301ccf2de999f9b9b28cd99f8def3c3348dd84623ee6d24df71bc373bc4,Jetour,T1,,Luxury,2027,60199ad52a420993a3e823a4,Rear Trunk Capacity (Liter),574,spec-table
ContactCars,https://www.contactcars.com/en/new-cars/jetour-t1/01f5cf80b19d,"Fri, 25 Sep 2026 12:32:25 GMT",8e0a3301ccf2de999f9b9b28cd99f8def3c3348dd84623ee6d24df71bc373bc4,Jetour,T1,,Luxury,2027,2cd960af118a,"Rear Trunk Capacity, Seats Folded (Liter)",1455,spec-table
ContactCars,https://www.contactcars.com/en/new-cars/jetour-t1/01f5cf80b19d,"Fri, 25 Sep 2026 12:32:25 GMT",8e0a3301ccf2de999f9b9b28cd99f8def3c3348dd84623ee6d24df71bc373bc4,Jetour,T1,,Luxury,2027,603647429f57461ab1a74148,Length (mm),4705,spec-table
ContactCars,https://www.contactcars.com/en/new-cars/jetour-t1/01f5cf80b19d,"Fri, 25 Sep 2026 12:32:25 GMT",8e0a3301ccf2de999f9b9b28cd99f8def3c3348dd84623ee6d24df71bc373bc4,Jetour,T1,,Luxury,2027,6036477d9f57461ab1a74149,Width (mm),1967,spec-table
ContactCars,https://www.contactcars.com/en/new-cars/jetour-t1/01f5cf80b19d,"Fri, 25 Sep 2026 12:32:25 GMT",8e0a3301ccf2de999f9b9b28cd99f8def3c3348dd84623ee6d24df71bc373bc4,Jetour,T1,,Luxury,2027,603647a49f57461ab1a7414a,Height (mm),1843,spec-table
ContactCars,https://www.contactcars.com/en/new-cars/jetour-t1/01f5cf80b19d,"Fri, 25 Sep 2026 12:32:25 GMT",8e0a3301ccf2de999f9b9b28cd99f8def3c3348dd84623ee6d24df71bc373bc4,Jetour,T1,,Luxury,2027,6033cae86136e6f66151c687,Wheelbase (mm),2800,spec-table
ContactCars,https://www.contactcars.com/en/new-cars/jetour-t1/01f5cf80b19d,"Fri, 25 Sep 2026 12:32:25 GMT",8e0a3301ccf2de999f9b9b28cd99f8def3c3348dd84623ee6d24df71bc373bc4,Jetour,T1,,Luxury,2027,6033cbc86136e6f66151c688,Ground Clearance (mm),199,spec-table
ContactCars,https://www.contactcars.com/en/new-cars/jetour-t1/01f5cf80b19d,"Fri, 25 Sep 2026 12:32:25 GMT",8e0a3301ccf2de999f9b9b28cd99f8def3c3348dd84623ee6d24df71bc373bc4,Jetour,T1,,Luxury,2027,2ac833f18334,Turning Radius (m),5٫6,spec-table
ContactCars,https://www.contactcars.com/en/new-cars/jetour-t1/01f5cf80b19d,"Fri, 25 Sep 2026 12:32:25 GMT",8e0a3301ccf2de999f9b9b28cd99f8def3c3348dd84623ee6d24df71bc373bc4,Jetour,T1,,Luxury,2027,6244612fba30183d7791942e,Curb Weight (KG),"1,656",spec-table
ContactCars,https://www.contactcars.com/en/new-cars/jetour-t1/01f5cf80b19d,"Fri, 25 Sep 2026 12:32:25 GMT",8e0a3301ccf2de999f9b9b28cd99f8def3c3348dd84623ee6d24df71bc373bc4,Jetour,T1,,Luxury,2027,1b9f93607f48,Powertrain Type,ICE (Petrol),spec-table
ContactCars,https://www.contactcars.com/en/new-cars/jetour-t1/01f5cf80b19d,"Fri, 25 Sep 2026 12:32:25 GMT",8e0a3301ccf2de999f9b9b28cd99f8def3c3348dd84623ee6d24df71bc373bc4,Jetour,T1,,Luxury,2027,60199ad52a420993a3e82353,Combined Maximum Power (HP @ RPM),184,spec-table
ContactCars,https://www.contactcars.com/en/new-cars/jetour-t1/01f5cf80b19d,"Fri, 25 Sep 2026 12:32:25 GMT",8e0a3301ccf2de999f9b9b28cd99f8def3c3348dd84623ee6d24df71bc373bc4,Jetour,T1,,Luxury,2027,60199ad52a420993a3e82354,Combined Maximum Torque (N.m @ RPM),290,spec-table
ContactCars,https://www.contactcars.com/en/new-cars/jetour-t1/01f5cf80b19d,"Fri, 25 Sep 2026 12:32:25 GMT",8e0a3301ccf2de999f9b9b28cd99f8def3c3348dd84623ee6d24df71bc373bc4,Jetour,T1,,Luxury,2027,60199ad52a420993a3e82359,Fuel Tank Capacity (Litre),70,spec-table
ContactCars,https://www.contactcars.com/en/new-cars/jetour-t1/01f5cf80b19d,"Fri, 25 Sep 2026 12:32:25 GMT",8e0a3301ccf2de999f9b9b28cd99f8def3c3348dd84623ee6d24df71bc373bc4,Jetour,T1,,Luxury,2027,55f8be63688e,Fuel Efficiency Rating/Energy Label,7٫6,spec-table
ContactCars,https://www.contactcars.com/en/new-cars/jetour-t1/01f5cf80b19d,"Fri, 25 Sep 2026 12:32:25 GMT",8e0a3301ccf2de999f9b9b28cd99f8def3c3348dd84623ee6d24df71bc373bc4,Jetour,T1,,Luxury,2027,bc8f5919d91f,Engine Type,Inline-4,spec-table
ContactCars,https://www.contactcars.com/en/new-cars/jetour-t1/01f5cf80b19d,"Fri, 25 Sep 2026 12:32:25 GMT",8e0a3301ccf2de999f9b9b28cd99f8def3c3348dd84623ee6d24df71bc373bc4,Jetour,T1,,Luxury,2027,0922a30a7f46,Engine Function,Drive Wheels,spec-table
ContactCars,https://www.contactcars.com/en/new-cars/jetour-t1/01f5cf80b19d,"Fri, 25 Sep 2026 12:32:25 GMT",8e0a3301ccf2de999f9b9b28cd99f8def3c3348dd84623ee6d24df71bc373bc4,Jetour,T1,,Luxury,2027,60199ad52a420993a3e82352,Cylinders,4,spec-table
ContactCars,https://www.contactcars.com/en/new-cars/jetour-t1/01f5cf80b19d,"Fri, 25 Sep 2026 12:32:25 GMT",8e0a3301ccf2de999f9b9b28cd99f8def3c3348dd84623ee6d24df71bc373bc4,Jetour,T1,,Luxury,2027,62445feaba30183d7791942d,Engine Capacity (CC),1500,spec-table
ContactCars,https://www.contactcars.com/en/new-cars/jetour-t1/01f5cf80b19d,"Fri, 25 Sep 2026 12:32:25 GMT",8e0a3301ccf2de999f9b9b28cd99f8def3c3348dd84623ee6d24df71bc373bc4,Jetour,T1,,Luxury,2027,6244616cba30183d7791942f,Induction Type,Turbocharged,spec-table
ContactCars,https://www.contactcars.com/en/new-cars/jetour-t1/01f5cf80b19d,"Fri, 25 Sep 2026 12:32:25 GMT",8e0a3301ccf2de999f9b9b28cd99f8def3c3348dd84623ee6d24df71bc373bc4,Jetour,T1,,Luxury,2027,626916559ba5,Maximum Power Output (hp),184,spec-table
ContactCars,https://www.contactcars.com/en/new-cars/jetour-t1/01f5cf80b19d,"Fri, 25 Sep 2026 12:32:25 GMT",8e0a3301ccf2de999f9b9b28cd99f8def3c3348dd84623ee6d24df71bc373bc4,Jetour,T1,,Luxury,2027,60d3a866c259,Maximum Torque (Nm),290,spec-table
ContactCars,https://www.contactcars.com/en/new-cars/jetour-t1/01f5cf80b19d,"Fri, 25 Sep 2026 12:32:25 GMT",8e0a3301ccf2de999f9b9b28cd99f8def3c3348dd84623ee6d24df71bc373bc4,Jetour,T1,,Luxury,2027,60199ad52a420993a3e82358,Recommend Fuel Grade,92,spec-table
ContactCars,https://www.contactcars.com/en/new-cars/jetour-t1/01f5cf80b19d,"Fri, 25 Sep 2026 12:32:25 GMT",8e0a3301ccf2de999f9b9b28cd99f8def3c3348dd84623ee6d24df71bc373bc4,Jetour,T1,,Luxury,2027,62445f6cba30183d7791942c,Engine Layout,Front,spec-table
ContactCars,https://www.contactcars.com/en/new-cars/jetour-t1/01f5cf80b19d,"Fri, 25 Sep 2026 12:32:25 GMT",8e0a3301ccf2de999f9b9b28cd99f8def3c3348dd84623ee6d24df71bc373bc4,Jetour,T1,,Luxury,2027,ae3798f5fd83,Drivetrain Type,FWD (Front-Wheel Drive),spec-table
ContactCars,https://www.contactcars.com/en/new-cars/jetour-t1/01f5cf80b19d,"Fri, 25 Sep 2026 12:32:25 GMT",8e0a3301ccf2de999f9b9b28cd99f8def3c3348dd84623ee6d24df71bc373bc4,Jetour,T1,,Luxury,2027,fd8d1904b500,Transmission Type,Automatic,spec-table
ContactCars,https://www.contactcars.com/en/new-cars/jetour-t1/01f5cf80b19d,"Fri, 25 Sep 2026 12:32:25 GMT",8e0a3301ccf2de999f9b9b28cd99f8def3c3348dd84623ee6d24df71bc373bc4,Jetour,T1,,Luxury,2027,5229867ce0fa,Transmission Technology,Wet DCT (Dual-Clutch Transmission),spec-table
ContactCars,https://www.contactcars.com/en/new-cars/jetour-t1/01f5cf80b19d,"Fri, 25 Sep 2026 12:32:25 GMT",8e0a3301ccf2de999f9b9b28cd99f8def3c3348dd84623ee6d24df71bc373bc4,Jetour,T1,,Luxury,2027,60199ad52a420993a3e8235a,Number of Gears,7,spec-table
ContactCars,https://www.contactcars.com/en/new-cars/jetour-t1/01f5cf80b19d,"Fri, 25 Sep 2026 12:32:25 GMT",8e0a3301ccf2de999f9b9b28cd99f8def3c3348dd84623ee6d24df71bc373bc4,Jetour,T1,,Luxury,2027,60199ad52a420993a3e82385,Steering Wheel,جلد – متعددة الوظائف,spec-table
ContactCars,https://www.contactcars.com/en/new-cars/jetour-t1/01f5cf80b19d,"Fri, 25 Sep 2026 12:32:25 GMT",8e0a3301ccf2de999f9b9b28cd99f8def3c3348dd84623ee6d24df71bc373bc4,Jetour,T1,,Luxury,2027,60199ad52a420993a3e8235d,Power Steering Type,Electric,spec-table
ContactCars,https://www.contactcars.com/en/new-cars/jetour-t1/01f5cf80b19d,"Fri, 25 Sep 2026 12:32:25 GMT",8e0a3301ccf2de999f9b9b28cd99f8def3c3348dd84623ee6d24df71bc373bc4,Jetour,T1,,Luxury,2027,602fa37cd768,Steering Adjustment Ops,Manual,spec-table
ContactCars,https://www.contactcars.com/en/new-cars/jetour-t1/01f5cf80b19d,"Fri, 25 Sep 2026 12:32:25 GMT",8e0a3301ccf2de999f9b9b28cd99f8def3c3348dd84623ee6d24df71bc373bc4,Jetour,T1,,Luxury,2027,e78c472170c2,Front Suspension Type,MacPherson,spec-table
ContactCars,https://www.contactcars.com/en/new-cars/jetour-t1/01f5cf80b19d,"Fri, 25 Sep 2026 12:32:25 GMT",8e0a3301ccf2de999f9b9b28cd99f8def3c3348dd84623ee6d24df71bc373bc4,Jetour,T1,,Luxury,2027,d7a33f9ff1ff,Rear Suspension Type,Multi-Link,spec-table
ContactCars,https://www.contactcars.com/en/new-cars/jetour-t1/01f5cf80b19d,"Fri, 25 Sep 2026 12:32:25 GMT",8e0a3301ccf2de999f9b9b28cd99f8def3c3348dd84623ee6d24df71bc373bc4,Jetour,T1,,Luxury,2027,58f344b6ff55,Front Brakes Type,Ventilated Disc Brakes,spec-table
ContactCars,https://www.contactcars.com/en/new-cars/jetour-t1/01f5cf80b19d,"Fri, 25 Sep 2026 12:32:25 GMT",8e0a3301ccf2de999f9b9b28cd99f8def3c3348dd84623ee6d24df71bc373bc4,Jetour,T1,,Luxury,2027,eb24327dbe4e,Rear Brakes Type,Solid Disc Brakes,spec-table
ContactCars,https://www.contactcars.com/en/new-cars/jetour-t1/01f5cf80b19d,"Fri, 25 Sep 2026 12:32:25 GMT",8e0a3301ccf2de999f9b9b28cd99f8def3c3348dd84623ee6d24df71bc373bc4,Jetour,T1,,Luxury,2027,4ed8405e7e5b,Hand Brake Type,Electronic,spec-table
ContactCars,https://www.contactcars.com/en/new-cars/jetour-t1/01f5cf80b19d,"Fri, 25 Sep 2026 12:32:25 GMT",8e0a3301ccf2de999f9b9b28cd99f8def3c3348dd84623ee6d24df71bc373bc4,Jetour,T1,,Luxury,2027,d4b30096d663,Wheel Type,Alloy,spec-table
ContactCars,https://www.contactcars.com/en/new-cars/jetour-t1/01f5cf80b19d,"Fri, 25 Sep 2026 12:32:25 GMT",8e0a3301ccf2de999f9b9b28cd99f8def3c3348dd84623ee6d24df71bc373bc4,Jetour,T1,,Luxury,2027,1831c41b7b17,Front Wheel Size,18,spec-table
ContactCars,https://www.contactcars.com/en/new-cars/jetour-t1/01f5cf80b19d,"Fri, 25 Sep 2026 12:32:25 GMT",8e0a3301ccf2de999f9b9b28cd99f8def3c3348dd84623ee6d24df71bc373bc4,Jetour,T1,,Luxury,2027,1f4797b49117,Rear Wheel Size,18,spec-table
ContactCars,https://www.contactcars.com/en/new-cars/jetour-t1/01f5cf80b19d,"Fri, 25 Sep 2026 12:32:25 GMT",8e0a3301ccf2de999f9b9b28cd99f8def3c3348dd84623ee6d24df71bc373bc4,Jetour,T1,,Luxury,2027,60199ad52a420993a3e82372,Front Tire Size,235/65 R18,spec-table
ContactCars,https://www.contactcars.com/en/new-cars/jetour-t1/01f5cf80b19d,"Fri, 25 Sep 2026 12:32:25 GMT",8e0a3301ccf2de999f9b9b28cd99f8def3c3348dd84623ee6d24df71bc373bc4,Jetour,T1,,Luxury,2027,2076fe4abba4,Rear Tire Size,235/65 R18,spec-table
ContactCars,https://www.contactcars.com/en/new-cars/jetour-t1/01f5cf80b19d,"Fri, 25 Sep 2026 12:32:25 GMT",8e0a3301ccf2de999f9b9b28cd99f8def3c3348dd84623ee6d24df71bc373bc4,Jetour,T1,,Luxury,2027,cb68666c87e5,Tire Type,All-Season,spec-table
ContactCars,https://www.contactcars.com/en/new-cars/jetour-t1/01f5cf80b19d,"Fri, 25 Sep 2026 12:32:25 GMT",8e0a3301ccf2de999f9b9b28cd99f8def3c3348dd84623ee6d24df71bc373bc4,Jetour,T1,,Luxury,2027,7dc8980c1bea,Spare Tire Type,Full-size,spec-table
ContactCars,https://www.contactcars.com/en/new-cars/jetour-t1/01f5cf80b19d,"Fri, 25 Sep 2026 12:32:25 GMT",8e0a3301ccf2de999f9b9b28cd99f8def3c3348dd84623ee6d24df71bc373bc4,Jetour,T1,,Luxury,2027,60199ad52a420993a3e8236a,Airbag Count,6,spec-table
ContactCars,https://www.contactcars.com/en/new-cars/jetour-t1/01f5cf80b19d,"Fri, 25 Sep 2026 12:32:25 GMT",8e0a3301ccf2de999f9b9b28cd99f8def3c3348dd84623ee6d24df71bc373bc4,Jetour,T1,,Luxury,2027,72fbbbfbb11f,Seat Upholestry,Leather,spec-table
ContactCars,https://www.contactcars.com/en/new-cars/jetour-t1/01f5cf80b19d,"Fri, 25 Sep 2026 12:32:25 GMT",8e0a3301ccf2de999f9b9b28cd99f8def3c3348dd84623ee6d24df71bc373bc4,Jetour,T1,,Luxury,2027,40e24a4a83e0,Gearbox Selector,Shift By Wire,spec-table
ContactCars,https://www.contactcars.com/en/new-cars/jetour-t1/01f5cf80b19d,"Fri, 25 Sep 2026 12:32:25 GMT",8e0a3301ccf2de999f9b9b28cd99f8def3c3348dd84623ee6d24df71bc373bc4,Jetour,T1,,Luxury,2027,60199ad52a420993a3e82383,Ambient Lighting,Yes,spec-table
ContactCars,https://www.contactcars.com/en/new-cars/jetour-t1/01f5cf80b19d,"Fri, 25 Sep 2026 12:32:25 GMT",8e0a3301ccf2de999f9b9b28cd99f8def3c3348dd84623ee6d24df71bc373bc4,Jetour,T1,,Luxury,2027,60199ad52a420993a3e8238f,Driver Seat,Driver Seat Electric,spec-table
ContactCars,https://www.contactcars.com/en/new-cars/jetour-t1/01f5cf80b19d,"Fri, 25 Sep 2026 12:32:25 GMT",8e0a3301ccf2de999f9b9b28cd99f8def3c3348dd84623ee6d24df71bc373bc4,Jetour,T1,,Luxury,2027,625be8b2b21da3ebf03c43b0,Upholstery,جلد Leather,spec-table
ContactCars,https://www.contactcars.com/en/new-cars/jetour-t1/01f5cf80b19d,"Fri, 25 Sep 2026 12:32:25 GMT",8e0a3301ccf2de999f9b9b28cd99f8def3c3348dd84623ee6d24df71bc373bc4,Jetour,T1,,Luxury,2027,d9630e463440,Center Information Display,15٫6,spec-table
ContactCars,https://www.contactcars.com/en/new-cars/jetour-t1/01f5cf80b19d,"Fri, 25 Sep 2026 12:32:25 GMT",8e0a3301ccf2de999f9b9b28cd99f8def3c3348dd84623ee6d24df71bc373bc4,Jetour,T1,,Luxury,2027,60199ad52a420993a3e8239d,Infotainment Display Size,15٫6,spec-table
ContactCars,https://www.contactcars.com/en/new-cars/jetour-t1/01f5cf80b19d,"Fri, 25 Sep 2026 12:32:25 GMT",8e0a3301ccf2de999f9b9b28cd99f8def3c3348dd84623ee6d24df71bc373bc4,Jetour,T1,,Luxury,2027,60199ad52a420993a3e8237c,Instrument Cluster Type,Digital,spec-table
ContactCars,https://www.contactcars.com/en/new-cars/jetour-t1/01f5cf80b19d,"Fri, 25 Sep 2026 12:32:25 GMT",8e0a3301ccf2de999f9b9b28cd99f8def3c3348dd84623ee6d24df71bc373bc4,Jetour,T1,,Luxury,2027,75fe2b7d7bc2,Instrument Cluster Size,10٫25,spec-table
ContactCars,https://www.contactcars.com/en/new-cars/jetour-t1/01f5cf80b19d,"Fri, 25 Sep 2026 12:32:25 GMT",8e0a3301ccf2de999f9b9b28cd99f8def3c3348dd84623ee6d24df71bc373bc4,Jetour,T1,,Luxury,2027,60199ad52a420993a3e8239c,Smartphone Integration,Android Auto/Apple Car Play,spec-table
ContactCars,https://www.contactcars.com/en/new-cars/jetour-t1/01f5cf80b19d,"Fri, 25 Sep 2026 12:32:25 GMT",8e0a3301ccf2de999f9b9b28cd99f8def3c3348dd84623ee6d24df71bc373bc4,Jetour,T1,,Luxury,2027,60199ad52a420993a3e823a2,Number of Speakers,8,spec-table
ContactCars,https://www.contactcars.com/en/new-cars/jetour-t1/01f5cf80b19d,"Fri, 25 Sep 2026 12:32:25 GMT",8e0a3301ccf2de999f9b9b28cd99f8def3c3348dd84623ee6d24df71bc373bc4,Jetour,T1,,Luxury,2027,858d92859fe6,Foglights,LED,spec-table
ContactCars,https://www.contactcars.com/en/new-cars/jetour-t1/01f5cf80b19d,"Fri, 25 Sep 2026 12:32:25 GMT",8e0a3301ccf2de999f9b9b28cd99f8def3c3348dd84623ee6d24df71bc373bc4,Jetour,T1,,Luxury,2027,60199ad52a420993a3e82376,Rims,18,spec-table
ContactCars,https://www.contactcars.com/en/new-cars/jetour-t1/01f5cf80b19d,"Fri, 25 Sep 2026 12:32:25 GMT",8e0a3301ccf2de999f9b9b28cd99f8def3c3348dd84623ee6d24df71bc373bc4,Jetour,T1,,Luxury,2027,60199ad52a420993a3e8236d,Headlamps,Matrix LED,spec-table
ContactCars,https://www.contactcars.com/en/new-cars/jetour-t1/01f5cf80b19d,"Fri, 25 Sep 2026 12:32:25 GMT",8e0a3301ccf2de999f9b9b28cd99f8def3c3348dd84623ee6d24df71bc373bc4,Jetour,T1,,Luxury,2027,60199ad52a420993a3e8236e,Tail Lights,LED,spec-table
ContactCars,https://www.contactcars.com/en/new-cars/jetour-t1/6dd388ac8ae3,"Fri, 25 Sep 2026 12:32:26 GMT",ed523b2cf62851e725b160a71860d57db4f111500c7cd15b8e2204b55faeb84b,Jetour,T1,,Matt Colour,2027,jsonld:offer_price_egp,offer_price_egp,1760000,json-ld
ContactCars,https://www.contactcars.com/en/new-cars/jetour-t1/6dd388ac8ae3,"Fri, 25 Sep 2026 12:32:26 GMT",ed523b2cf62851e725b160a71860d57db4f111500c7cd15b8e2204b55faeb84b,Jetour,T1,,Matt Colour,2027,jsonld:fuelType,fuelType,Gas,json-ld
ContactCars,https://www.contactcars.com/en/new-cars/jetour-t1/6dd388ac8ae3,"Fri, 25 Sep 2026 12:32:26 GMT",ed523b2cf62851e725b160a71860d57db4f111500c7cd15b8e2204b55faeb84b,Jetour,T1,,Matt Colour,2027,jsonld:engineDisplacement,engineDisplacement,1500,json-ld
ContactCars,https://www.contactcars.com/en/new-cars/jetour-t1/6dd388ac8ae3,"Fri, 25 Sep 2026 12:32:26 GMT",ed523b2cf62851e725b160a71860d57db4f111500c7cd15b8e2204b55faeb84b,Jetour,T1,,Matt Colour,2027,jsonld:vehicleTransmission,vehicleTransmission,Dual Clutch,json-ld
ContactCars,https://www.contactcars.com/en/new-cars/jetour-t1/6dd388ac8ae3,"Fri, 25 Sep 2026 12:32:26 GMT",ed523b2cf62851e725b160a71860d57db4f111500c7cd15b8e2204b55faeb84b,Jetour,T1,,Matt Colour,2027,jsonld:bodyType,bodyType,SUV,json-ld
ContactCars,https://www.contactcars.com/en/new-cars/jetour-t1/6dd388ac8ae3,"Fri, 25 Sep 2026 12:32:26 GMT",ed523b2cf62851e725b160a71860d57db4f111500c7cd15b8e2204b55faeb84b,Jetour,T1,,Matt Colour,2027,jsonld:assembly_country,assembly_country,China,json-ld
ContactCars,https://www.contactcars.com/en/new-cars/jetour-t1/6dd388ac8ae3,"Fri, 25 Sep 2026 12:32:26 GMT",ed523b2cf62851e725b160a71860d57db4f111500c7cd15b8e2204b55faeb84b,Jetour,T1,,Matt Colour,2027,1cff89624677,Vehicle Size Class,Mid-size,spec-table
ContactCars,https://www.contactcars.com/en/new-cars/jetour-t1/6dd388ac8ae3,"Fri, 25 Sep 2026 12:32:26 GMT",ed523b2cf62851e725b160a71860d57db4f111500c7cd15b8e2204b55faeb84b,Jetour,T1,,Matt Colour,2027,5bedd1146e88,Body Style,SUV,spec-table
ContactCars,https://www.contactcars.com/en/new-cars/jetour-t1/6dd388ac8ae3,"Fri, 25 Sep 2026 12:32:26 GMT",ed523b2cf62851e725b160a71860d57db4f111500c7cd15b8e2204b55faeb84b,Jetour,T1,,Matt Colour,2027,13a10f395a87,Number of Doors,5,spec-table
ContactCars,https://www.contactcars.com/en/new-cars/jetour-t1/6dd388ac8ae3,"Fri, 25 Sep 2026 12:32:26 GMT",ed523b2cf62851e725b160a71860d57db4f111500c7cd15b8e2204b55faeb84b,Jetour,T1,,Matt Colour,2027,60199ad52a420993a3e82387,Number of Seats,5,spec-table
ContactCars,https://www.contactcars.com/en/new-cars/jetour-t1/6dd388ac8ae3,"Fri, 25 Sep 2026 12:32:26 GMT",ed523b2cf62851e725b160a71860d57db4f111500c7cd15b8e2204b55faeb84b,Jetour,T1,,Matt Colour,2027,60199ad52a420993a3e823a4,Rear Trunk Capacity (Liter),574,spec-table
ContactCars,https://www.contactcars.com/en/new-cars/jetour-t1/6dd388ac8ae3,"Fri, 25 Sep 2026 12:32:26 GMT",ed523b2cf62851e725b160a71860d57db4f111500c7cd15b8e2204b55faeb84b,Jetour,T1,,Matt Colour,2027,2cd960af118a,"Rear Trunk Capacity, Seats Folded (Liter)",1455,spec-table
ContactCars,https://www.contactcars.com/en/new-cars/jetour-t1/6dd388ac8ae3,"Fri, 25 Sep 2026 12:32:26 GMT",ed523b2cf62851e725b160a71860d57db4f111500c7cd15b8e2204b55faeb84b,Jetour,T1,,Matt Colour,2027,603647429f57461ab1a74148,Length (mm),4705,spec-table
ContactCars,https://www.contactcars.com/en/new-cars/jetour-t1/6dd388ac8ae3,"Fri, 25 Sep 2026 12:32:26 GMT",ed523b2cf62851e725b160a71860d57db4f111500c7cd15b8e2204b55faeb84b,Jetour,T1,,Matt Colour,2027,6036477d9f57461ab1a74149,Width (mm),1967,spec-table
ContactCars,https://www.contactcars.com/en/new-cars/jetour-t1/6dd388ac8ae3,"Fri, 25 Sep 2026 12:32:26 GMT",ed523b2cf62851e725b160a71860d57db4f111500c7cd15b8e2204b55faeb84b,Jetour,T1,,Matt Colour,2027,603647a49f57461ab1a7414a,Height (mm),1843,spec-table
ContactCars,https://www.contactcars.com/en/new-cars/jetour-t1/6dd388ac8ae3,"Fri, 25 Sep 2026 12:32:26 GMT",ed523b2cf62851e725b160a71860d57db4f111500c7cd15b8e2204b55faeb84b,Jetour,T1,,Matt Colour,2027,6033cae86136e6f66151c687,Wheelbase (mm),2800,spec-table
ContactCars,https://www.contactcars.com/en/new-cars/jetour-t1/6dd388ac8ae3,"Fri, 25 Sep 2026 12:32:26 GMT",ed523b2cf62851e725b160a71860d57db4f111500c7cd15b8e2204b55faeb84b,Jetour,T1,,Matt Colour,2027,6033cbc86136e6f66151c688,Ground Clearance (mm),199,spec-table
ContactCars,https://www.contactcars.com/en/new-cars/jetour-t1/6dd388ac8ae3,"Fri, 25 Sep 2026 12:32:26 GMT",ed523b2cf62851e725b160a71860d57db4f111500c7cd15b8e2204b55faeb84b,Jetour,T1,,Matt Colour,2027,2ac833f18334,Turning Radius (m),5٫6,spec-table
ContactCars,https://www.contactcars.com/en/new-cars/jetour-t1/6dd388ac8ae3,"Fri, 25 Sep 2026 12:32:26 GMT",ed523b2cf62851e725b160a71860d57db4f111500c7cd15b8e2204b55faeb84b,Jetour,T1,,Matt Colour,2027,6244612fba30183d7791942e,Curb Weight (KG),"1,656",spec-table
ContactCars,https://www.contactcars.com/en/new-cars/jetour-t1/6dd388ac8ae3,"Fri, 25 Sep 2026 12:32:26 GMT",ed523b2cf62851e725b160a71860d57db4f111500c7cd15b8e2204b55faeb84b,Jetour,T1,,Matt Colour,2027,1b9f93607f48,Powertrain Type,ICE (Petrol),spec-table
ContactCars,https://www.contactcars.com/en/new-cars/jetour-t1/6dd388ac8ae3,"Fri, 25 Sep 2026 12:32:26 GMT",ed523b2cf62851e725b160a71860d57db4f111500c7cd15b8e2204b55faeb84b,Jetour,T1,,Matt Colour,2027,60199ad52a420993a3e82353,Combined Maximum Power (HP @ RPM),184,spec-table
ContactCars,https://www.contactcars.com/en/new-cars/jetour-t1/6dd388ac8ae3,"Fri, 25 Sep 2026 12:32:26 GMT",ed523b2cf62851e725b160a71860d57db4f111500c7cd15b8e2204b55faeb84b,Jetour,T1,,Matt Colour,2027,60199ad52a420993a3e82354,Combined Maximum Torque (N.m @ RPM),290,spec-table
ContactCars,https://www.contactcars.com/en/new-cars/jetour-t1/6dd388ac8ae3,"Fri, 25 Sep 2026 12:32:26 GMT",ed523b2cf62851e725b160a71860d57db4f111500c7cd15b8e2204b55faeb84b,Jetour,T1,,Matt Colour,2027,60199ad52a420993a3e82359,Fuel Tank Capacity (Litre),70,spec-table
ContactCars,https://www.contactcars.com/en/new-cars/jetour-t1/6dd388ac8ae3,"Fri, 25 Sep 2026 12:32:26 GMT",ed523b2cf62851e725b160a71860d57db4f111500c7cd15b8e2204b55faeb84b,Jetour,T1,,Matt Colour,2027,55f8be63688e,Fuel Efficiency Rating/Energy Label,7٫6,spec-table
ContactCars,https://www.contactcars.com/en/new-cars/jetour-t1/6dd388ac8ae3,"Fri, 25 Sep 2026 12:32:26 GMT",ed523b2cf62851e725b160a71860d57db4f111500c7cd15b8e2204b55faeb84b,Jetour,T1,,Matt Colour,2027,bc8f5919d91f,Engine Type,Inline-4,spec-table
ContactCars,https://www.contactcars.com/en/new-cars/jetour-t1/6dd388ac8ae3,"Fri, 25 Sep 2026 12:32:26 GMT",ed523b2cf62851e725b160a71860d57db4f111500c7cd15b8e2204b55faeb84b,Jetour,T1,,Matt Colour,2027,0922a30a7f46,Engine Function,Drive Wheels,spec-table
ContactCars,https://www.contactcars.com/en/new-cars/jetour-t1/6dd388ac8ae3,"Fri, 25 Sep 2026 12:32:26 GMT",ed523b2cf62851e725b160a71860d57db4f111500c7cd15b8e2204b55faeb84b,Jetour,T1,,Matt Colour,2027,60199ad52a420993a3e82352,Cylinders,4,spec-table
ContactCars,https://www.contactcars.com/en/new-cars/jetour-t1/6dd388ac8ae3,"Fri, 25 Sep 2026 12:32:26 GMT",ed523b2cf62851e725b160a71860d57db4f111500c7cd15b8e2204b55faeb84b,Jetour,T1,,Matt Colour,2027,62445feaba30183d7791942d,Engine Capacity (CC),1500,spec-table
ContactCars,https://www.contactcars.com/en/new-cars/jetour-t1/6dd388ac8ae3,"Fri, 25 Sep 2026 12:32:26 GMT",ed523b2cf62851e725b160a71860d57db4f111500c7cd15b8e2204b55faeb84b,Jetour,T1,,Matt Colour,2027,6244616cba30183d7791942f,Induction Type,Turbocharged,spec-table
ContactCars,https://www.contactcars.com/en/new-cars/jetour-t1/6dd388ac8ae3,"Fri, 25 Sep 2026 12:32:26 GMT",ed523b2cf62851e725b160a71860d57db4f111500c7cd15b8e2204b55faeb84b,Jetour,T1,,Matt Colour,2027,626916559ba5,Maximum Power Output (hp),184,spec-table
ContactCars,https://www.contactcars.com/en/new-cars/jetour-t1/6dd388ac8ae3,"Fri, 25 Sep 2026 12:32:26 GMT",ed523b2cf62851e725b160a71860d57db4f111500c7cd15b8e2204b55faeb84b,Jetour,T1,,Matt Colour,2027,60d3a866c259,Maximum Torque (Nm),290,spec-table
ContactCars,https://www.contactcars.com/en/new-cars/jetour-t1/6dd388ac8ae3,"Fri, 25 Sep 2026 12:32:26 GMT",ed523b2cf62851e725b160a71860d57db4f111500c7cd15b8e2204b55faeb84b,Jetour,T1,,Matt Colour,2027,60199ad52a420993a3e82358,Recommend Fuel Grade,92,spec-table
ContactCars,https://www.contactcars.com/en/new-cars/jetour-t1/6dd388ac8ae3,"Fri, 25 Sep 2026 12:32:26 GMT",ed523b2cf62851e725b160a71860d57db4f111500c7cd15b8e2204b55faeb84b,Jetour,T1,,Matt Colour,2027,62445f6cba30183d7791942c,Engine Layout,Front,spec-table
ContactCars,https://www.contactcars.com/en/new-cars/jetour-t1/6dd388ac8ae3,"Fri, 25 Sep 2026 12:32:26 GMT",ed523b2cf62851e725b160a71860d57db4f111500c7cd15b8e2204b55faeb84b,Jetour,T1,,Matt Colour,2027,ae3798f5fd83,Drivetrain Type,FWD (Front-Wheel Drive),spec-table
ContactCars,https://www.contactcars.com/en/new-cars/jetour-t1/6dd388ac8ae3,"Fri, 25 Sep 2026 12:32:26 GMT",ed523b2cf62851e725b160a71860d57db4f111500c7cd15b8e2204b55faeb84b,Jetour,T1,,Matt Colour,2027,fd8d1904b500,Transmission Type,Automatic,spec-table
ContactCars,https://www.contactcars.com/en/new-cars/jetour-t1/6dd388ac8ae3,"Fri, 25 Sep 2026 12:32:26 GMT",ed523b2cf62851e725b160a71860d57db4f111500c7cd15b8e2204b55faeb84b,Jetour,T1,,Matt Colour,2027,5229867ce0fa,Transmission Technology,Wet DCT (Dual-Clutch Transmission),spec-table
ContactCars,https://www.contactcars.com/en/new-cars/jetour-t1/6dd388ac8ae3,"Fri, 25 Sep 2026 12:32:26 GMT",ed523b2cf62851e725b160a71860d57db4f111500c7cd15b8e2204b55faeb84b,Jetour,T1,,Matt Colour,2027,60199ad52a420993a3e8235a,Number of Gears,7,spec-table
ContactCars,https://www.contactcars.com/en/new-cars/jetour-t1/6dd388ac8ae3,"Fri, 25 Sep 2026 12:32:26 GMT",ed523b2cf62851e725b160a71860d57db4f111500c7cd15b8e2204b55faeb84b,Jetour,T1,,Matt Colour,2027,60199ad52a420993a3e82385,Steering Wheel,جلد – متعددة الوظائف,spec-table
ContactCars,https://www.contactcars.com/en/new-cars/jetour-t1/6dd388ac8ae3,"Fri, 25 Sep 2026 12:32:26 GMT",ed523b2cf62851e725b160a71860d57db4f111500c7cd15b8e2204b55faeb84b,Jetour,T1,,Matt Colour,2027,60199ad52a420993a3e8235d,Power Steering Type,Electric,spec-table
ContactCars,https://www.contactcars.com/en/new-cars/jetour-t1/6dd388ac8ae3,"Fri, 25 Sep 2026 12:32:26 GMT",ed523b2cf62851e725b160a71860d57db4f111500c7cd15b8e2204b55faeb84b,Jetour,T1,,Matt Colour,2027,602fa37cd768,Steering Adjustment Ops,Manual,spec-table
ContactCars,https://www.contactcars.com/en/new-cars/jetour-t1/6dd388ac8ae3,"Fri, 25 Sep 2026 12:32:26 GMT",ed523b2cf62851e725b160a71860d57db4f111500c7cd15b8e2204b55faeb84b,Jetour,T1,,Matt Colour,2027,e78c472170c2,Front Suspension Type,MacPherson,spec-table
ContactCars,https://www.contactcars.com/en/new-cars/jetour-t1/6dd388ac8ae3,"Fri, 25 Sep 2026 12:32:26 GMT",ed523b2cf62851e725b160a71860d57db4f111500c7cd15b8e2204b55faeb84b,Jetour,T1,,Matt Colour,2027,d7a33f9ff1ff,Rear Suspension Type,Multi-Link,spec-table
ContactCars,https://www.contactcars.com/en/new-cars/jetour-t1/6dd388ac8ae3,"Fri, 25 Sep 2026 12:32:26 GMT",ed523b2cf62851e725b160a71860d57db4f111500c7cd15b8e2204b55faeb84b,Jetour,T1,,Matt Colour,2027,58f344b6ff55,Front Brakes Type,Ventilated Disc Brakes,spec-table
ContactCars,https://www.contactcars.com/en/new-cars/jetour-t1/6dd388ac8ae3,"Fri, 25 Sep 2026 12:32:26 GMT",ed523b2cf62851e725b160a71860d57db4f111500c7cd15b8e2204b55faeb84b,Jetour,T1,,Matt Colour,2027,eb24327dbe4e,Rear Brakes Type,Solid Disc Brakes,spec-table
ContactCars,https://www.contactcars.com/en/new-cars/jetour-t1/6dd388ac8ae3,"Fri, 25 Sep 2026 12:32:26 GMT",ed523b2cf62851e725b160a71860d57db4f111500c7cd15b8e2204b55faeb84b,Jetour,T1,,Matt Colour,2027,4ed8405e7e5b,Hand Brake Type,Electronic,spec-table
ContactCars,https://www.contactcars.com/en/new-cars/jetour-t1/6dd388ac8ae3,"Fri, 25 Sep 2026 12:32:26 GMT",ed523b2cf62851e725b160a71860d57db4f111500c7cd15b8e2204b55faeb84b,Jetour,T1,,Matt Colour,2027,d4b30096d663,Wheel Type,Alloy,spec-table
ContactCars,https://www.contactcars.com/en/new-cars/jetour-t1/6dd388ac8ae3,"Fri, 25 Sep 2026 12:32:26 GMT",ed523b2cf62851e725b160a71860d57db4f111500c7cd15b8e2204b55faeb84b,Jetour,T1,,Matt Colour,2027,1831c41b7b17,Front Wheel Size,18,spec-table
ContactCars,https://www.contactcars.com/en/new-cars/jetour-t1/6dd388ac8ae3,"Fri, 25 Sep 2026 12:32:26 GMT",ed523b2cf62851e725b160a71860d57db4f111500c7cd15b8e2204b55faeb84b,Jetour,T1,,Matt Colour,2027,1f4797b49117,Rear Wheel Size,18,spec-table
ContactCars,https://www.contactcars.com/en/new-cars/jetour-t1/6dd388ac8ae3,"Fri, 25 Sep 2026 12:32:26 GMT",ed523b2cf62851e725b160a71860d57db4f111500c7cd15b8e2204b55faeb84b,Jetour,T1,,Matt Colour,2027,60199ad52a420993a3e82372,Front Tire Size,235/65 R18,spec-table
ContactCars,https://www.contactcars.com/en/new-cars/jetour-t1/6dd388ac8ae3,"Fri, 25 Sep 2026 12:32:26 GMT",ed523b2cf62851e725b160a71860d57db4f111500c7cd15b8e2204b55faeb84b,Jetour,T1,,Matt Colour,2027,2076fe4abba4,Rear Tire Size,235/65 R18,spec-table
ContactCars,https://www.contactcars.com/en/new-cars/jetour-t1/6dd388ac8ae3,"Fri, 25 Sep 2026 12:32:26 GMT",ed523b2cf62851e725b160a71860d57db4f111500c7cd15b8e2204b55faeb84b,Jetour,T1,,Matt Colour,2027,cb68666c87e5,Tire Type,All-Season,spec-table
ContactCars,https://www.contactcars.com/en/new-cars/jetour-t1/6dd388ac8ae3,"Fri, 25 Sep 2026 12:32:26 GMT",ed523b2cf62851e725b160a71860d57db4f111500c7cd15b8e2204b55faeb84b,Jetour,T1,,Matt Colour,2027,7dc8980c1bea,Spare Tire Type,Full-size,spec-table
ContactCars,https://www.contactcars.com/en/new-cars/jetour-t1/6dd388ac8ae3,"Fri, 25 Sep 2026 12:32:26 GMT",ed523b2cf62851e725b160a71860d57db4f111500c7cd15b8e2204b55faeb84b,Jetour,T1,,Matt Colour,2027,60199ad52a420993a3e8236a,Airbag Count,6,spec-table
ContactCars,https://www.contactcars.com/en/new-cars/jetour-t1/6dd388ac8ae3,"Fri, 25 Sep 2026 12:32:26 GMT",ed523b2cf62851e725b160a71860d57db4f111500c7cd15b8e2204b55faeb84b,Jetour,T1,,Matt Colour,2027,72fbbbfbb11f,Seat Upholestry,Leather,spec-table
ContactCars,https://www.contactcars.com/en/new-cars/jetour-t1/6dd388ac8ae3,"Fri, 25 Sep 2026 12:32:26 GMT",ed523b2cf62851e725b160a71860d57db4f111500c7cd15b8e2204b55faeb84b,Jetour,T1,,Matt Colour,2027,40e24a4a83e0,Gearbox Selector,Shift By Wire,spec-table
ContactCars,https://www.contactcars.com/en/new-cars/jetour-t1/6dd388ac8ae3,"Fri, 25 Sep 2026 12:32:26 GMT",ed523b2cf62851e725b160a71860d57db4f111500c7cd15b8e2204b55faeb84b,Jetour,T1,,Matt Colour,2027,60199ad52a420993a3e82383,Ambient Lighting,Yes,spec-table
ContactCars,https://www.contactcars.com/en/new-cars/jetour-t1/6dd388ac8ae3,"Fri, 25 Sep 2026 12:32:26 GMT",ed523b2cf62851e725b160a71860d57db4f111500c7cd15b8e2204b55faeb84b,Jetour,T1,,Matt Colour,2027,60199ad52a420993a3e8238f,Driver Seat,Driver Seat Electric,spec-table
ContactCars,https://www.contactcars.com/en/new-cars/jetour-t1/6dd388ac8ae3,"Fri, 25 Sep 2026 12:32:26 GMT",ed523b2cf62851e725b160a71860d57db4f111500c7cd15b8e2204b55faeb84b,Jetour,T1,,Matt Colour,2027,625be8b2b21da3ebf03c43b0,Upholstery,جلد Leather,spec-table
ContactCars,https://www.contactcars.com/en/new-cars/jetour-t1/6dd388ac8ae3,"Fri, 25 Sep 2026 12:32:26 GMT",ed523b2cf62851e725b160a71860d57db4f111500c7cd15b8e2204b55faeb84b,Jetour,T1,,Matt Colour,2027,d9630e463440,Center Information Display,15٫6,spec-table
ContactCars,https://www.contactcars.com/en/new-cars/jetour-t1/6dd388ac8ae3,"Fri, 25 Sep 2026 12:32:26 GMT",ed523b2cf62851e725b160a71860d57db4f111500c7cd15b8e2204b55faeb84b,Jetour,T1,,Matt Colour,2027,60199ad52a420993a3e8239d,Infotainment Display Size,15٫6,spec-table
ContactCars,https://www.contactcars.com/en/new-cars/jetour-t1/6dd388ac8ae3,"Fri, 25 Sep 2026 12:32:26 GMT",ed523b2cf62851e725b160a71860d57db4f111500c7cd15b8e2204b55faeb84b,Jetour,T1,,Matt Colour,2027,60199ad52a420993a3e8237c,Instrument Cluster Type,Digital,spec-table
ContactCars,https://www.contactcars.com/en/new-cars/jetour-t1/6dd388ac8ae3,"Fri, 25 Sep 2026 12:32:26 GMT",ed523b2cf62851e725b160a71860d57db4f111500c7cd15b8e2204b55faeb84b,Jetour,T1,,Matt Colour,2027,75fe2b7d7bc2,Instrument Cluster Size,10٫25,spec-table
ContactCars,https://www.contactcars.com/en/new-cars/jetour-t1/6dd388ac8ae3,"Fri, 25 Sep 2026 12:32:26 GMT",ed523b2cf62851e725b160a71860d57db4f111500c7cd15b8e2204b55faeb84b,Jetour,T1,,Matt Colour,2027,60199ad52a420993a3e8239c,Smartphone Integration,Android Auto/Apple Car Play,spec-table
ContactCars,https://www.contactcars.com/en/new-cars/jetour-t1/6dd388ac8ae3,"Fri, 25 Sep 2026 12:32:26 GMT",ed523b2cf62851e725b160a71860d57db4f111500c7cd15b8e2204b55faeb84b,Jetour,T1,,Matt Colour,2027,60199ad52a420993a3e823a2,Number of Speakers,8,spec-table
ContactCars,https://www.contactcars.com/en/new-cars/jetour-t1/6dd388ac8ae3,"Fri, 25 Sep 2026 12:32:26 GMT",ed523b2cf62851e725b160a71860d57db4f111500c7cd15b8e2204b55faeb84b,Jetour,T1,,Matt Colour,2027,858d92859fe6,Foglights,LED,spec-table
ContactCars,https://www.contactcars.com/en/new-cars/jetour-t1/6dd388ac8ae3,"Fri, 25 Sep 2026 12:32:26 GMT",ed523b2cf62851e725b160a71860d57db4f111500c7cd15b8e2204b55faeb84b,Jetour,T1,,Matt Colour,2027,60199ad52a420993a3e82376,Rims,18,spec-table
ContactCars,https://www.contactcars.com/en/new-cars/jetour-t1/6dd388ac8ae3,"Fri, 25 Sep 2026 12:32:26 GMT",ed523b2cf62851e725b160a71860d57db4f111500c7cd15b8e2204b55faeb84b,Jetour,T1,,Matt Colour,2027,60199ad52a420993a3e8236d,Headlamps,Matrix LED,spec-table
ContactCars,https://www.contactcars.com/en/new-cars/jetour-t1/6dd388ac8ae3,"Fri, 25 Sep 2026 12:32:26 GMT",ed523b2cf62851e725b160a71860d57db4f111500c7cd15b8e2204b55faeb84b,Jetour,T1,,Matt Colour,2027,60199ad52a420993a3e8236e,Tail Lights,LED,spec-table
ContactCars,https://www.contactcars.com/en/new-cars/jetour-t1/6dd388ac8ae3,"Fri, 25 Sep 2026 12:32:26 GMT",ed523b2cf62851e725b160a71860d57db4f111500c7cd15b8e2204b55faeb84b,Jetour,T1,,Matt Colour,2027,62d57953644fb1f973ba7c3d,Additional Colors,Matte Colours,spec-table
ContactCars,https://www.contactcars.com/en/new-cars/jetour-t2/85762aa68bbd,"Fri, 25 Sep 2026 12:32:27 GMT",b3ccaa891f8b41aa7e64a8cf2cc853e25c6c270dafc4df2d77b430f2482ebdd5,Jetour,T2,,Luxury 1.5 L,2027,jsonld:offer_price_egp,offer_price_egp,1900000,json-ld
ContactCars,https://www.contactcars.com/en/new-cars/jetour-t2/85762aa68bbd,"Fri, 25 Sep 2026 12:32:27 GMT",b3ccaa891f8b41aa7e64a8cf2cc853e25c6c270dafc4df2d77b430f2482ebdd5,Jetour,T2,,Luxury 1.5 L,2027,jsonld:fuelType,fuelType,Gas,json-ld
ContactCars,https://www.contactcars.com/en/new-cars/jetour-t2/85762aa68bbd,"Fri, 25 Sep 2026 12:32:27 GMT",b3ccaa891f8b41aa7e64a8cf2cc853e25c6c270dafc4df2d77b430f2482ebdd5,Jetour,T2,,Luxury 1.5 L,2027,jsonld:engineDisplacement,engineDisplacement,1500,json-ld
ContactCars,https://www.contactcars.com/en/new-cars/jetour-t2/85762aa68bbd,"Fri, 25 Sep 2026 12:32:27 GMT",b3ccaa891f8b41aa7e64a8cf2cc853e25c6c270dafc4df2d77b430f2482ebdd5,Jetour,T2,,Luxury 1.5 L,2027,jsonld:vehicleTransmission,vehicleTransmission,Dual Clutch,json-ld
ContactCars,https://www.contactcars.com/en/new-cars/jetour-t2/85762aa68bbd,"Fri, 25 Sep 2026 12:32:27 GMT",b3ccaa891f8b41aa7e64a8cf2cc853e25c6c270dafc4df2d77b430f2482ebdd5,Jetour,T2,,Luxury 1.5 L,2027,jsonld:bodyType,bodyType,SUV,json-ld
ContactCars,https://www.contactcars.com/en/new-cars/jetour-t2/85762aa68bbd,"Fri, 25 Sep 2026 12:32:27 GMT",b3ccaa891f8b41aa7e64a8cf2cc853e25c6c270dafc4df2d77b430f2482ebdd5,Jetour,T2,,Luxury 1.5 L,2027,jsonld:assembly_country,assembly_country,China,json-ld
ContactCars,https://www.contactcars.com/en/new-cars/jetour-t2/85762aa68bbd,"Fri, 25 Sep 2026 12:32:27 GMT",b3ccaa891f8b41aa7e64a8cf2cc853e25c6c270dafc4df2d77b430f2482ebdd5,Jetour,T2,,Luxury 1.5 L,2027,1cff89624677,Vehicle Size Class,Mid-size,spec-table
ContactCars,https://www.contactcars.com/en/new-cars/jetour-t2/85762aa68bbd,"Fri, 25 Sep 2026 12:32:27 GMT",b3ccaa891f8b41aa7e64a8cf2cc853e25c6c270dafc4df2d77b430f2482ebdd5,Jetour,T2,,Luxury 1.5 L,2027,5bedd1146e88,Body Style,SUV,spec-table
ContactCars,https://www.contactcars.com/en/new-cars/jetour-t2/85762aa68bbd,"Fri, 25 Sep 2026 12:32:27 GMT",b3ccaa891f8b41aa7e64a8cf2cc853e25c6c270dafc4df2d77b430f2482ebdd5,Jetour,T2,,Luxury 1.5 L,2027,13a10f395a87,Number of Doors,5,spec-table
ContactCars,https://www.contactcars.com/en/new-cars/jetour-t2/85762aa68bbd,"Fri, 25 Sep 2026 12:32:27 GMT",b3ccaa891f8b41aa7e64a8cf2cc853e25c6c270dafc4df2d77b430f2482ebdd5,Jetour,T2,,Luxury 1.5 L,2027,60199ad52a420993a3e82387,Number of Seats,5,spec-table
ContactCars,https://www.contactcars.com/en/new-cars/jetour-t2/85762aa68bbd,"Fri, 25 Sep 2026 12:32:27 GMT",b3ccaa891f8b41aa7e64a8cf2cc853e25c6c270dafc4df2d77b430f2482ebdd5,Jetour,T2,,Luxury 1.5 L,2027,60199ad52a420993a3e823a4,Rear Trunk Capacity (Liter),580,spec-table
ContactCars,https://www.contactcars.com/en/new-cars/jetour-t2/85762aa68bbd,"Fri, 25 Sep 2026 12:32:27 GMT",b3ccaa891f8b41aa7e64a8cf2cc853e25c6c270dafc4df2d77b430f2482ebdd5,Jetour,T2,,Luxury 1.5 L,2027,2cd960af118a,"Rear Trunk Capacity, Seats Folded (Liter)",1494,spec-table
ContactCars,https://www.contactcars.com/en/new-cars/jetour-t2/85762aa68bbd,"Fri, 25 Sep 2026 12:32:27 GMT",b3ccaa891f8b41aa7e64a8cf2cc853e25c6c270dafc4df2d77b430f2482ebdd5,Jetour,T2,,Luxury 1.5 L,2027,603647429f57461ab1a74148,Length (mm),4785,spec-table
ContactCars,https://www.contactcars.com/en/new-cars/jetour-t2/85762aa68bbd,"Fri, 25 Sep 2026 12:32:27 GMT",b3ccaa891f8b41aa7e64a8cf2cc853e25c6c270dafc4df2d77b430f2482ebdd5,Jetour,T2,,Luxury 1.5 L,2027,6036477d9f57461ab1a74149,Width (mm),2006,spec-table
ContactCars,https://www.contactcars.com/en/new-cars/jetour-t2/85762aa68bbd,"Fri, 25 Sep 2026 12:32:27 GMT",b3ccaa891f8b41aa7e64a8cf2cc853e25c6c270dafc4df2d77b430f2482ebdd5,Jetour,T2,,Luxury 1.5 L,2027,603647a49f57461ab1a7414a,Height (mm),1880,spec-table
ContactCars,https://www.contactcars.com/en/new-cars/jetour-t2/85762aa68bbd,"Fri, 25 Sep 2026 12:32:27 GMT",b3ccaa891f8b41aa7e64a8cf2cc853e25c6c270dafc4df2d77b430f2482ebdd5,Jetour,T2,,Luxury 1.5 L,2027,6033cae86136e6f66151c687,Wheelbase (mm),2800,spec-table
ContactCars,https://www.contactcars.com/en/new-cars/jetour-t2/85762aa68bbd,"Fri, 25 Sep 2026 12:32:27 GMT",b3ccaa891f8b41aa7e64a8cf2cc853e25c6c270dafc4df2d77b430f2482ebdd5,Jetour,T2,,Luxury 1.5 L,2027,6033cbc86136e6f66151c688,Ground Clearance (mm),220,spec-table
ContactCars,https://www.contactcars.com/en/new-cars/jetour-t2/85762aa68bbd,"Fri, 25 Sep 2026 12:32:27 GMT",b3ccaa891f8b41aa7e64a8cf2cc853e25c6c270dafc4df2d77b430f2482ebdd5,Jetour,T2,,Luxury 1.5 L,2027,6244612fba30183d7791942e,Curb Weight (KG),1700,spec-table
ContactCars,https://www.contactcars.com/en/new-cars/jetour-t2/85762aa68bbd,"Fri, 25 Sep 2026 12:32:27 GMT",b3ccaa891f8b41aa7e64a8cf2cc853e25c6c270dafc4df2d77b430f2482ebdd5,Jetour,T2,,Luxury 1.5 L,2027,624443c0ba30183d77919424,Generation,1st,spec-table
ContactCars,https://www.contactcars.com/en/new-cars/jetour-t2/85762aa68bbd,"Fri, 25 Sep 2026 12:32:27 GMT",b3ccaa891f8b41aa7e64a8cf2cc853e25c6c270dafc4df2d77b430f2482ebdd5,Jetour,T2,,Luxury 1.5 L,2027,1b9f93607f48,Powertrain Type,ICE (Petrol),spec-table
ContactCars,https://www.contactcars.com/en/new-cars/jetour-t2/85762aa68bbd,"Fri, 25 Sep 2026 12:32:27 GMT",b3ccaa891f8b41aa7e64a8cf2cc853e25c6c270dafc4df2d77b430f2482ebdd5,Jetour,T2,,Luxury 1.5 L,2027,60199ad52a420993a3e82353,Combined Maximum Power (HP @ RPM),184/5500,spec-table
ContactCars,https://www.contactcars.com/en/new-cars/jetour-t2/85762aa68bbd,"Fri, 25 Sep 2026 12:32:27 GMT",b3ccaa891f8b41aa7e64a8cf2cc853e25c6c270dafc4df2d77b430f2482ebdd5,Jetour,T2,,Luxury 1.5 L,2027,60199ad52a420993a3e82354,Combined Maximum Torque (N.m @ RPM),290/2000-4000,spec-table
ContactCars,https://www.contactcars.com/en/new-cars/jetour-t2/85762aa68bbd,"Fri, 25 Sep 2026 12:32:27 GMT",b3ccaa891f8b41aa7e64a8cf2cc853e25c6c270dafc4df2d77b430f2482ebdd5,Jetour,T2,,Luxury 1.5 L,2027,58d892830a3e,Max Speed Km/h,170,spec-table
ContactCars,https://www.contactcars.com/en/new-cars/jetour-t2/85762aa68bbd,"Fri, 25 Sep 2026 12:32:27 GMT",b3ccaa891f8b41aa7e64a8cf2cc853e25c6c270dafc4df2d77b430f2482ebdd5,Jetour,T2,,Luxury 1.5 L,2027,60199ad52a420993a3e82359,Fuel Tank Capacity (Litre),70,spec-table
ContactCars,https://www.contactcars.com/en/new-cars/jetour-t2/85762aa68bbd,"Fri, 25 Sep 2026 12:32:27 GMT",b3ccaa891f8b41aa7e64a8cf2cc853e25c6c270dafc4df2d77b430f2482ebdd5,Jetour,T2,,Luxury 1.5 L,2027,bc8f5919d91f,Engine Type,Inline-4,spec-table
ContactCars,https://www.contactcars.com/en/new-cars/jetour-t2/85762aa68bbd,"Fri, 25 Sep 2026 12:32:27 GMT",b3ccaa891f8b41aa7e64a8cf2cc853e25c6c270dafc4df2d77b430f2482ebdd5,Jetour,T2,,Luxury 1.5 L,2027,0922a30a7f46,Engine Function,Drive Wheels,spec-table
ContactCars,https://www.contactcars.com/en/new-cars/jetour-t2/85762aa68bbd,"Fri, 25 Sep 2026 12:32:27 GMT",b3ccaa891f8b41aa7e64a8cf2cc853e25c6c270dafc4df2d77b430f2482ebdd5,Jetour,T2,,Luxury 1.5 L,2027,60199ad52a420993a3e82352,Cylinders,4,spec-table
ContactCars,https://www.contactcars.com/en/new-cars/jetour-t2/85762aa68bbd,"Fri, 25 Sep 2026 12:32:27 GMT",b3ccaa891f8b41aa7e64a8cf2cc853e25c6c270dafc4df2d77b430f2482ebdd5,Jetour,T2,,Luxury 1.5 L,2027,62445feaba30183d7791942d,Engine Capacity (CC),1500 cc,spec-table
ContactCars,https://www.contactcars.com/en/new-cars/jetour-t2/85762aa68bbd,"Fri, 25 Sep 2026 12:32:27 GMT",b3ccaa891f8b41aa7e64a8cf2cc853e25c6c270dafc4df2d77b430f2482ebdd5,Jetour,T2,,Luxury 1.5 L,2027,6244616cba30183d7791942f,Induction Type,Turbocharged,spec-table
ContactCars,https://www.contactcars.com/en/new-cars/jetour-t2/85762aa68bbd,"Fri, 25 Sep 2026 12:32:27 GMT",b3ccaa891f8b41aa7e64a8cf2cc853e25c6c270dafc4df2d77b430f2482ebdd5,Jetour,T2,,Luxury 1.5 L,2027,626916559ba5,Maximum Power Output (hp),184,spec-table
ContactCars,https://www.contactcars.com/en/new-cars/jetour-t2/85762aa68bbd,"Fri, 25 Sep 2026 12:32:27 GMT",b3ccaa891f8b41aa7e64a8cf2cc853e25c6c270dafc4df2d77b430f2482ebdd5,Jetour,T2,,Luxury 1.5 L,2027,60d3a866c259,Maximum Torque (Nm),290,spec-table
ContactCars,https://www.contactcars.com/en/new-cars/jetour-t2/85762aa68bbd,"Fri, 25 Sep 2026 12:32:27 GMT",b3ccaa891f8b41aa7e64a8cf2cc853e25c6c270dafc4df2d77b430f2482ebdd5,Jetour,T2,,Luxury 1.5 L,2027,60199ad52a420993a3e82358,Recommend Fuel Grade,95,spec-table
ContactCars,https://www.contactcars.com/en/new-cars/jetour-t2/85762aa68bbd,"Fri, 25 Sep 2026 12:32:27 GMT",b3ccaa891f8b41aa7e64a8cf2cc853e25c6c270dafc4df2d77b430f2482ebdd5,Jetour,T2,,Luxury 1.5 L,2027,62445f6cba30183d7791942c,Engine Layout,Front,spec-table
ContactCars,https://www.contactcars.com/en/new-cars/jetour-t2/85762aa68bbd,"Fri, 25 Sep 2026 12:32:27 GMT",b3ccaa891f8b41aa7e64a8cf2cc853e25c6c270dafc4df2d77b430f2482ebdd5,Jetour,T2,,Luxury 1.5 L,2027,ae3798f5fd83,Drivetrain Type,FWD (Front-Wheel Drive),spec-table
ContactCars,https://www.contactcars.com/en/new-cars/jetour-t2/85762aa68bbd,"Fri, 25 Sep 2026 12:32:27 GMT",b3ccaa891f8b41aa7e64a8cf2cc853e25c6c270dafc4df2d77b430f2482ebdd5,Jetour,T2,,Luxury 1.5 L,2027,fd8d1904b500,Transmission Type,Automatic,spec-table
ContactCars,https://www.contactcars.com/en/new-cars/jetour-t2/85762aa68bbd,"Fri, 25 Sep 2026 12:32:27 GMT",b3ccaa891f8b41aa7e64a8cf2cc853e25c6c270dafc4df2d77b430f2482ebdd5,Jetour,T2,,Luxury 1.5 L,2027,5229867ce0fa,Transmission Technology,Wet DCT (Dual-Clutch Transmission),spec-table
ContactCars,https://www.contactcars.com/en/new-cars/jetour-t2/85762aa68bbd,"Fri, 25 Sep 2026 12:32:27 GMT",b3ccaa891f8b41aa7e64a8cf2cc853e25c6c270dafc4df2d77b430f2482ebdd5,Jetour,T2,,Luxury 1.5 L,2027,60199ad52a420993a3e8235a,Number of Gears,7,spec-table
ContactCars,https://www.contactcars.com/en/new-cars/jetour-t2/85762aa68bbd,"Fri, 25 Sep 2026 12:32:27 GMT",b3ccaa891f8b41aa7e64a8cf2cc853e25c6c270dafc4df2d77b430f2482ebdd5,Jetour,T2,,Luxury 1.5 L,2027,60199ad52a420993a3e82385,Steering Wheel,Leather,spec-table
ContactCars,https://www.contactcars.com/en/new-cars/jetour-t2/85762aa68bbd,"Fri, 25 Sep 2026 12:32:27 GMT",b3ccaa891f8b41aa7e64a8cf2cc853e25c6c270dafc4df2d77b430f2482ebdd5,Jetour,T2,,Luxury 1.5 L,2027,60199ad52a420993a3e8235d,Power Steering Type,Electric,spec-table
ContactCars,https://www.contactcars.com/en/new-cars/jetour-t2/85762aa68bbd,"Fri, 25 Sep 2026 12:32:27 GMT",b3ccaa891f8b41aa7e64a8cf2cc853e25c6c270dafc4df2d77b430f2482ebdd5,Jetour,T2,,Luxury 1.5 L,2027,602fa37cd768,Steering Adjustment Ops,Manual,spec-table
ContactCars,https://www.contactcars.com/en/new-cars/jetour-t2/85762aa68bbd,"Fri, 25 Sep 2026 12:32:27 GMT",b3ccaa891f8b41aa7e64a8cf2cc853e25c6c270dafc4df2d77b430f2482ebdd5,Jetour,T2,,Luxury 1.5 L,2027,e78c472170c2,Front Suspension Type,MacPherson,spec-table
ContactCars,https://www.contactcars.com/en/new-cars/jetour-t2/85762aa68bbd,"Fri, 25 Sep 2026 12:32:27 GMT",b3ccaa891f8b41aa7e64a8cf2cc853e25c6c270dafc4df2d77b430f2482ebdd5,Jetour,T2,,Luxury 1.5 L,2027,d7a33f9ff1ff,Rear Suspension Type,Multi-Link,spec-table
ContactCars,https://www.contactcars.com/en/new-cars/jetour-t2/85762aa68bbd,"Fri, 25 Sep 2026 12:32:27 GMT",b3ccaa891f8b41aa7e64a8cf2cc853e25c6c270dafc4df2d77b430f2482ebdd5,Jetour,T2,,Luxury 1.5 L,2027,58f344b6ff55,Front Brakes Type,Ventilated Disc Brakes,spec-table
ContactCars,https://www.contactcars.com/en/new-cars/jetour-t2/85762aa68bbd,"Fri, 25 Sep 2026 12:32:27 GMT",b3ccaa891f8b41aa7e64a8cf2cc853e25c6c270dafc4df2d77b430f2482ebdd5,Jetour,T2,,Luxury 1.5 L,2027,eb24327dbe4e,Rear Brakes Type,Solid Disc Brakes,spec-table
ContactCars,https://www.contactcars.com/en/new-cars/jetour-t2/85762aa68bbd,"Fri, 25 Sep 2026 12:32:27 GMT",b3ccaa891f8b41aa7e64a8cf2cc853e25c6c270dafc4df2d77b430f2482ebdd5,Jetour,T2,,Luxury 1.5 L,2027,4ed8405e7e5b,Hand Brake Type,Electronic,spec-table
ContactCars,https://www.contactcars.com/en/new-cars/jetour-t2/85762aa68bbd,"Fri, 25 Sep 2026 12:32:27 GMT",b3ccaa891f8b41aa7e64a8cf2cc853e25c6c270dafc4df2d77b430f2482ebdd5,Jetour,T2,,Luxury 1.5 L,2027,d4b30096d663,Wheel Type,Alloy,spec-table
ContactCars,https://www.contactcars.com/en/new-cars/jetour-t2/85762aa68bbd,"Fri, 25 Sep 2026 12:32:27 GMT",b3ccaa891f8b41aa7e64a8cf2cc853e25c6c270dafc4df2d77b430f2482ebdd5,Jetour,T2,,Luxury 1.5 L,2027,1831c41b7b17,Front Wheel Size,18,spec-table
ContactCars,https://www.contactcars.com/en/new-cars/jetour-t2/85762aa68bbd,"Fri, 25 Sep 2026 12:32:27 GMT",b3ccaa891f8b41aa7e64a8cf2cc853e25c6c270dafc4df2d77b430f2482ebdd5,Jetour,T2,,Luxury 1.5 L,2027,1f4797b49117,Rear Wheel Size,18,spec-table
ContactCars,https://www.contactcars.com/en/new-cars/jetour-t2/85762aa68bbd,"Fri, 25 Sep 2026 12:32:27 GMT",b3ccaa891f8b41aa7e64a8cf2cc853e25c6c270dafc4df2d77b430f2482ebdd5,Jetour,T2,,Luxury 1.5 L,2027,60199ad52a420993a3e82372,Front Tire Size,235/65 R18,spec-table
ContactCars,https://www.contactcars.com/en/new-cars/jetour-t2/85762aa68bbd,"Fri, 25 Sep 2026 12:32:27 GMT",b3ccaa891f8b41aa7e64a8cf2cc853e25c6c270dafc4df2d77b430f2482ebdd5,Jetour,T2,,Luxury 1.5 L,2027,2076fe4abba4,Rear Tire Size,235/65 R18,spec-table
ContactCars,https://www.contactcars.com/en/new-cars/jetour-t2/85762aa68bbd,"Fri, 25 Sep 2026 12:32:27 GMT",b3ccaa891f8b41aa7e64a8cf2cc853e25c6c270dafc4df2d77b430f2482ebdd5,Jetour,T2,,Luxury 1.5 L,2027,cb68666c87e5,Tire Type,All-Season,spec-table
ContactCars,https://www.contactcars.com/en/new-cars/jetour-t2/85762aa68bbd,"Fri, 25 Sep 2026 12:32:27 GMT",b3ccaa891f8b41aa7e64a8cf2cc853e25c6c270dafc4df2d77b430f2482ebdd5,Jetour,T2,,Luxury 1.5 L,2027,60199ad52a420993a3e8236a,Airbag Count,4,spec-table
ContactCars,https://www.contactcars.com/en/new-cars/jetour-t2/85762aa68bbd,"Fri, 25 Sep 2026 12:32:27 GMT",b3ccaa891f8b41aa7e64a8cf2cc853e25c6c270dafc4df2d77b430f2482ebdd5,Jetour,T2,,Luxury 1.5 L,2027,72fbbbfbb11f,Seat Upholestry,Leather,spec-table
ContactCars,https://www.contactcars.com/en/new-cars/jetour-t2/85762aa68bbd,"Fri, 25 Sep 2026 12:32:27 GMT",b3ccaa891f8b41aa7e64a8cf2cc853e25c6c270dafc4df2d77b430f2482ebdd5,Jetour,T2,,Luxury 1.5 L,2027,40e24a4a83e0,Gearbox Selector,Shift By Wire,spec-table
ContactCars,https://www.contactcars.com/en/new-cars/jetour-t2/85762aa68bbd,"Fri, 25 Sep 2026 12:32:27 GMT",b3ccaa891f8b41aa7e64a8cf2cc853e25c6c270dafc4df2d77b430f2482ebdd5,Jetour,T2,,Luxury 1.5 L,2027,60199ad52a420993a3e82383,Ambient Lighting,Yes,spec-table
ContactCars,https://www.contactcars.com/en/new-cars/jetour-t2/85762aa68bbd,"Fri, 25 Sep 2026 12:32:27 GMT",b3ccaa891f8b41aa7e64a8cf2cc853e25c6c270dafc4df2d77b430f2482ebdd5,Jetour,T2,,Luxury 1.5 L,2027,60199ad52a420993a3e8238f,Driver Seat,Electric With Memory,spec-table
ContactCars,https://www.contactcars.com/en/new-cars/jetour-t2/85762aa68bbd,"Fri, 25 Sep 2026 12:32:27 GMT",b3ccaa891f8b41aa7e64a8cf2cc853e25c6c270dafc4df2d77b430f2482ebdd5,Jetour,T2,,Luxury 1.5 L,2027,625be8b2b21da3ebf03c43b0,Upholstery,جلد أسود أو أخضر,spec-table
ContactCars,https://www.contactcars.com/en/new-cars/jetour-t2/85762aa68bbd,"Fri, 25 Sep 2026 12:32:27 GMT",b3ccaa891f8b41aa7e64a8cf2cc853e25c6c270dafc4df2d77b430f2482ebdd5,Jetour,T2,,Luxury 1.5 L,2027,60199ad52a420993a3e8239d,Infotainment Display Size,15٫6,spec-table
ContactCars,https://www.contactcars.com/en/new-cars/jetour-t2/85762aa68bbd,"Fri, 25 Sep 2026 12:32:27 GMT",b3ccaa891f8b41aa7e64a8cf2cc853e25c6c270dafc4df2d77b430f2482ebdd5,Jetour,T2,,Luxury 1.5 L,2027,60199ad52a420993a3e8237c,Instrument Cluster Type,Digital,spec-table
ContactCars,https://www.contactcars.com/en/new-cars/jetour-t2/85762aa68bbd,"Fri, 25 Sep 2026 12:32:27 GMT",b3ccaa891f8b41aa7e64a8cf2cc853e25c6c270dafc4df2d77b430f2482ebdd5,Jetour,T2,,Luxury 1.5 L,2027,75fe2b7d7bc2,Instrument Cluster Size,10٫25,spec-table
ContactCars,https://www.contactcars.com/en/new-cars/jetour-t2/85762aa68bbd,"Fri, 25 Sep 2026 12:32:27 GMT",b3ccaa891f8b41aa7e64a8cf2cc853e25c6c270dafc4df2d77b430f2482ebdd5,Jetour,T2,,Luxury 1.5 L,2027,60199ad52a420993a3e8239c,Smartphone Integration,Android Auto/Apple Car Play,spec-table
ContactCars,https://www.contactcars.com/en/new-cars/jetour-t2/85762aa68bbd,"Fri, 25 Sep 2026 12:32:27 GMT",b3ccaa891f8b41aa7e64a8cf2cc853e25c6c270dafc4df2d77b430f2482ebdd5,Jetour,T2,,Luxury 1.5 L,2027,60199ad52a420993a3e823a2,Number of Speakers,6,spec-table
ContactCars,https://www.contactcars.com/en/new-cars/jetour-t2/85762aa68bbd,"Fri, 25 Sep 2026 12:32:27 GMT",b3ccaa891f8b41aa7e64a8cf2cc853e25c6c270dafc4df2d77b430f2482ebdd5,Jetour,T2,,Luxury 1.5 L,2027,858d92859fe6,Foglights,LED,spec-table
ContactCars,https://www.contactcars.com/en/new-cars/jetour-t2/85762aa68bbd,"Fri, 25 Sep 2026 12:32:27 GMT",b3ccaa891f8b41aa7e64a8cf2cc853e25c6c270dafc4df2d77b430f2482ebdd5,Jetour,T2,,Luxury 1.5 L,2027,60199ad52a420993a3e82376,Rims, R18,spec-table
ContactCars,https://www.contactcars.com/en/new-cars/jetour-t2/85762aa68bbd,"Fri, 25 Sep 2026 12:32:27 GMT",b3ccaa891f8b41aa7e64a8cf2cc853e25c6c270dafc4df2d77b430f2482ebdd5,Jetour,T2,,Luxury 1.5 L,2027,60199ad52a420993a3e8236d,Headlamps,Matrix LED,spec-table
ContactCars,https://www.contactcars.com/en/new-cars/jetour-t2/85762aa68bbd,"Fri, 25 Sep 2026 12:32:27 GMT",b3ccaa891f8b41aa7e64a8cf2cc853e25c6c270dafc4df2d77b430f2482ebdd5,Jetour,T2,,Luxury 1.5 L,2027,60199ad52a420993a3e8236e,Tail Lights,LED,spec-table
ContactCars,https://www.contactcars.com/en/new-cars/jetour-t2/85762aa68bbd,"Fri, 25 Sep 2026 12:32:27 GMT",b3ccaa891f8b41aa7e64a8cf2cc853e25c6c270dafc4df2d77b430f2482ebdd5,Jetour,T2,,Luxury 1.5 L,2027,62a5f51c3b190c24efacbe38,Basic Vehicle Warranty,"6 Years Or 150,000 KM",spec-table
ContactCars,https://www.contactcars.com/en/new-cars/jetour-t2/85762aa68bbd,"Fri, 25 Sep 2026 12:32:27 GMT",b3ccaa891f8b41aa7e64a8cf2cc853e25c6c270dafc4df2d77b430f2482ebdd5,Jetour,T2,,Luxury 1.5 L,2027,c12644ae56c1,Powertrain Warranty,"10 years or 1,000,000 KM",spec-table
ContactCars,https://www.contactcars.com/en/new-cars/jetour-t2/8b5111622905,"Fri, 25 Sep 2026 12:32:29 GMT",23e21042462355c00855f46a463a7928ef7dd5acd351d5a4dea2457ec09dce64,Jetour,T2,,Matt Colour,2027,jsonld:offer_price_egp,offer_price_egp,1930000,json-ld
ContactCars,https://www.contactcars.com/en/new-cars/jetour-t2/8b5111622905,"Fri, 25 Sep 2026 12:32:29 GMT",23e21042462355c00855f46a463a7928ef7dd5acd351d5a4dea2457ec09dce64,Jetour,T2,,Matt Colour,2027,jsonld:fuelType,fuelType,Gas,json-ld
ContactCars,https://www.contactcars.com/en/new-cars/jetour-t2/8b5111622905,"Fri, 25 Sep 2026 12:32:29 GMT",23e21042462355c00855f46a463a7928ef7dd5acd351d5a4dea2457ec09dce64,Jetour,T2,,Matt Colour,2027,jsonld:engineDisplacement,engineDisplacement,1500,json-ld
ContactCars,https://www.contactcars.com/en/new-cars/jetour-t2/8b5111622905,"Fri, 25 Sep 2026 12:32:29 GMT",23e21042462355c00855f46a463a7928ef7dd5acd351d5a4dea2457ec09dce64,Jetour,T2,,Matt Colour,2027,jsonld:vehicleTransmission,vehicleTransmission,Dual Clutch,json-ld
ContactCars,https://www.contactcars.com/en/new-cars/jetour-t2/8b5111622905,"Fri, 25 Sep 2026 12:32:29 GMT",23e21042462355c00855f46a463a7928ef7dd5acd351d5a4dea2457ec09dce64,Jetour,T2,,Matt Colour,2027,jsonld:bodyType,bodyType,SUV,json-ld
ContactCars,https://www.contactcars.com/en/new-cars/jetour-t2/8b5111622905,"Fri, 25 Sep 2026 12:32:29 GMT",23e21042462355c00855f46a463a7928ef7dd5acd351d5a4dea2457ec09dce64,Jetour,T2,,Matt Colour,2027,jsonld:assembly_country,assembly_country,China,json-ld
ContactCars,https://www.contactcars.com/en/new-cars/jetour-t2/8b5111622905,"Fri, 25 Sep 2026 12:32:29 GMT",23e21042462355c00855f46a463a7928ef7dd5acd351d5a4dea2457ec09dce64,Jetour,T2,,Matt Colour,2027,1cff89624677,Vehicle Size Class,Mid-size,spec-table
ContactCars,https://www.contactcars.com/en/new-cars/jetour-t2/8b5111622905,"Fri, 25 Sep 2026 12:32:29 GMT",23e21042462355c00855f46a463a7928ef7dd5acd351d5a4dea2457ec09dce64,Jetour,T2,,Matt Colour,2027,5bedd1146e88,Body Style,SUV,spec-table
ContactCars,https://www.contactcars.com/en/new-cars/jetour-t2/8b5111622905,"Fri, 25 Sep 2026 12:32:29 GMT",23e21042462355c00855f46a463a7928ef7dd5acd351d5a4dea2457ec09dce64,Jetour,T2,,Matt Colour,2027,13a10f395a87,Number of Doors,5,spec-table
ContactCars,https://www.contactcars.com/en/new-cars/jetour-t2/8b5111622905,"Fri, 25 Sep 2026 12:32:29 GMT",23e21042462355c00855f46a463a7928ef7dd5acd351d5a4dea2457ec09dce64,Jetour,T2,,Matt Colour,2027,60199ad52a420993a3e82387,Number of Seats,5,spec-table
ContactCars,https://www.contactcars.com/en/new-cars/jetour-t2/8b5111622905,"Fri, 25 Sep 2026 12:32:29 GMT",23e21042462355c00855f46a463a7928ef7dd5acd351d5a4dea2457ec09dce64,Jetour,T2,,Matt Colour,2027,603647429f57461ab1a74148,Length (mm),4785,spec-table
ContactCars,https://www.contactcars.com/en/new-cars/jetour-t2/8b5111622905,"Fri, 25 Sep 2026 12:32:29 GMT",23e21042462355c00855f46a463a7928ef7dd5acd351d5a4dea2457ec09dce64,Jetour,T2,,Matt Colour,2027,6036477d9f57461ab1a74149,Width (mm),2006,spec-table
ContactCars,https://www.contactcars.com/en/new-cars/jetour-t2/8b5111622905,"Fri, 25 Sep 2026 12:32:29 GMT",23e21042462355c00855f46a463a7928ef7dd5acd351d5a4dea2457ec09dce64,Jetour,T2,,Matt Colour,2027,603647a49f57461ab1a7414a,Height (mm),1880,spec-table
ContactCars,https://www.contactcars.com/en/new-cars/jetour-t2/8b5111622905,"Fri, 25 Sep 2026 12:32:29 GMT",23e21042462355c00855f46a463a7928ef7dd5acd351d5a4dea2457ec09dce64,Jetour,T2,,Matt Colour,2027,6033cae86136e6f66151c687,Wheelbase (mm),2800,spec-table
ContactCars,https://www.contactcars.com/en/new-cars/jetour-t2/8b5111622905,"Fri, 25 Sep 2026 12:32:29 GMT",23e21042462355c00855f46a463a7928ef7dd5acd351d5a4dea2457ec09dce64,Jetour,T2,,Matt Colour,2027,6033cbc86136e6f66151c688,Ground Clearance (mm),220,spec-table
ContactCars,https://www.contactcars.com/en/new-cars/jetour-t2/8b5111622905,"Fri, 25 Sep 2026 12:32:29 GMT",23e21042462355c00855f46a463a7928ef7dd5acd351d5a4dea2457ec09dce64,Jetour,T2,,Matt Colour,2027,6244612fba30183d7791942e,Curb Weight (KG),1700,spec-table
ContactCars,https://www.contactcars.com/en/new-cars/jetour-t2/8b5111622905,"Fri, 25 Sep 2026 12:32:29 GMT",23e21042462355c00855f46a463a7928ef7dd5acd351d5a4dea2457ec09dce64,Jetour,T2,,Matt Colour,2027,624443c0ba30183d77919424,Generation,1st,spec-table
ContactCars,https://www.contactcars.com/en/new-cars/jetour-t2/8b5111622905,"Fri, 25 Sep 2026 12:32:29 GMT",23e21042462355c00855f46a463a7928ef7dd5acd351d5a4dea2457ec09dce64,Jetour,T2,,Matt Colour,2027,1b9f93607f48,Powertrain Type,ICE (Petrol),spec-table
ContactCars,https://www.contactcars.com/en/new-cars/jetour-t2/8b5111622905,"Fri, 25 Sep 2026 12:32:29 GMT",23e21042462355c00855f46a463a7928ef7dd5acd351d5a4dea2457ec09dce64,Jetour,T2,,Matt Colour,2027,60199ad52a420993a3e82353,Combined Maximum Power (HP @ RPM),184/5500,spec-table
ContactCars,https://www.contactcars.com/en/new-cars/jetour-t2/8b5111622905,"Fri, 25 Sep 2026 12:32:29 GMT",23e21042462355c00855f46a463a7928ef7dd5acd351d5a4dea2457ec09dce64,Jetour,T2,,Matt Colour,2027,60199ad52a420993a3e82354,Combined Maximum Torque (N.m @ RPM),290/2000-4000,spec-table
ContactCars,https://www.contactcars.com/en/new-cars/jetour-t2/8b5111622905,"Fri, 25 Sep 2026 12:32:29 GMT",23e21042462355c00855f46a463a7928ef7dd5acd351d5a4dea2457ec09dce64,Jetour,T2,,Matt Colour,2027,60199ad52a420993a3e82359,Fuel Tank Capacity (Litre),70,spec-table
ContactCars,https://www.contactcars.com/en/new-cars/jetour-t2/8b5111622905,"Fri, 25 Sep 2026 12:32:29 GMT",23e21042462355c00855f46a463a7928ef7dd5acd351d5a4dea2457ec09dce64,Jetour,T2,,Matt Colour,2027,bc8f5919d91f,Engine Type,Inline-4,spec-table
ContactCars,https://www.contactcars.com/en/new-cars/jetour-t2/8b5111622905,"Fri, 25 Sep 2026 12:32:29 GMT",23e21042462355c00855f46a463a7928ef7dd5acd351d5a4dea2457ec09dce64,Jetour,T2,,Matt Colour,2027,0922a30a7f46,Engine Function,Drive Wheels,spec-table
ContactCars,https://www.contactcars.com/en/new-cars/jetour-t2/8b5111622905,"Fri, 25 Sep 2026 12:32:29 GMT",23e21042462355c00855f46a463a7928ef7dd5acd351d5a4dea2457ec09dce64,Jetour,T2,,Matt Colour,2027,62445feaba30183d7791942d,Engine Capacity (CC),1500 cc,spec-table
ContactCars,https://www.contactcars.com/en/new-cars/jetour-t2/8b5111622905,"Fri, 25 Sep 2026 12:32:29 GMT",23e21042462355c00855f46a463a7928ef7dd5acd351d5a4dea2457ec09dce64,Jetour,T2,,Matt Colour,2027,6244616cba30183d7791942f,Induction Type,Turbocharged,spec-table
ContactCars,https://www.contactcars.com/en/new-cars/jetour-t2/8b5111622905,"Fri, 25 Sep 2026 12:32:29 GMT",23e21042462355c00855f46a463a7928ef7dd5acd351d5a4dea2457ec09dce64,Jetour,T2,,Matt Colour,2027,60199ad52a420993a3e82358,Recommend Fuel Grade,95,spec-table
ContactCars,https://www.contactcars.com/en/new-cars/jetour-t2/8b5111622905,"Fri, 25 Sep 2026 12:32:29 GMT",23e21042462355c00855f46a463a7928ef7dd5acd351d5a4dea2457ec09dce64,Jetour,T2,,Matt Colour,2027,62445f6cba30183d7791942c,Engine Layout,Front,spec-table
ContactCars,https://www.contactcars.com/en/new-cars/jetour-t2/8b5111622905,"Fri, 25 Sep 2026 12:32:29 GMT",23e21042462355c00855f46a463a7928ef7dd5acd351d5a4dea2457ec09dce64,Jetour,T2,,Matt Colour,2027,ae3798f5fd83,Drivetrain Type,FWD (Front-Wheel Drive),spec-table
ContactCars,https://www.contactcars.com/en/new-cars/jetour-t2/8b5111622905,"Fri, 25 Sep 2026 12:32:29 GMT",23e21042462355c00855f46a463a7928ef7dd5acd351d5a4dea2457ec09dce64,Jetour,T2,,Matt Colour,2027,fd8d1904b500,Transmission Type,Automatic,spec-table
ContactCars,https://www.contactcars.com/en/new-cars/jetour-t2/8b5111622905,"Fri, 25 Sep 2026 12:32:29 GMT",23e21042462355c00855f46a463a7928ef7dd5acd351d5a4dea2457ec09dce64,Jetour,T2,,Matt Colour,2027,5229867ce0fa,Transmission Technology,Wet DCT (Dual-Clutch Transmission),spec-table
ContactCars,https://www.contactcars.com/en/new-cars/jetour-t2/8b5111622905,"Fri, 25 Sep 2026 12:32:29 GMT",23e21042462355c00855f46a463a7928ef7dd5acd351d5a4dea2457ec09dce64,Jetour,T2,,Matt Colour,2027,60199ad52a420993a3e8235a,Number of Gears,7,spec-table
ContactCars,https://www.contactcars.com/en/new-cars/jetour-t2/8b5111622905,"Fri, 25 Sep 2026 12:32:29 GMT",23e21042462355c00855f46a463a7928ef7dd5acd351d5a4dea2457ec09dce64,Jetour,T2,,Matt Colour,2027,60199ad52a420993a3e82385,Steering Wheel,Leather,spec-table
ContactCars,https://www.contactcars.com/en/new-cars/jetour-t2/8b5111622905,"Fri, 25 Sep 2026 12:32:29 GMT",23e21042462355c00855f46a463a7928ef7dd5acd351d5a4dea2457ec09dce64,Jetour,T2,,Matt Colour,2027,60199ad52a420993a3e8235d,Power Steering Type,Electric,spec-table
ContactCars,https://www.contactcars.com/en/new-cars/jetour-t2/8b5111622905,"Fri, 25 Sep 2026 12:32:29 GMT",23e21042462355c00855f46a463a7928ef7dd5acd351d5a4dea2457ec09dce64,Jetour,T2,,Matt Colour,2027,602fa37cd768,Steering Adjustment Ops,Manual,spec-table
ContactCars,https://www.contactcars.com/en/new-cars/jetour-t2/8b5111622905,"Fri, 25 Sep 2026 12:32:29 GMT",23e21042462355c00855f46a463a7928ef7dd5acd351d5a4dea2457ec09dce64,Jetour,T2,,Matt Colour,2027,e78c472170c2,Front Suspension Type,MacPherson,spec-table
ContactCars,https://www.contactcars.com/en/new-cars/jetour-t2/8b5111622905,"Fri, 25 Sep 2026 12:32:29 GMT",23e21042462355c00855f46a463a7928ef7dd5acd351d5a4dea2457ec09dce64,Jetour,T2,,Matt Colour,2027,d7a33f9ff1ff,Rear Suspension Type,Multi-Link,spec-table
ContactCars,https://www.contactcars.com/en/new-cars/jetour-t2/8b5111622905,"Fri, 25 Sep 2026 12:32:29 GMT",23e21042462355c00855f46a463a7928ef7dd5acd351d5a4dea2457ec09dce64,Jetour,T2,,Matt Colour,2027,58f344b6ff55,Front Brakes Type,Solid Disc Brakes,spec-table
ContactCars,https://www.contactcars.com/en/new-cars/jetour-t2/8b5111622905,"Fri, 25 Sep 2026 12:32:29 GMT",23e21042462355c00855f46a463a7928ef7dd5acd351d5a4dea2457ec09dce64,Jetour,T2,,Matt Colour,2027,eb24327dbe4e,Rear Brakes Type,Solid Disc Brakes,spec-table
ContactCars,https://www.contactcars.com/en/new-cars/jetour-t2/8b5111622905,"Fri, 25 Sep 2026 12:32:29 GMT",23e21042462355c00855f46a463a7928ef7dd5acd351d5a4dea2457ec09dce64,Jetour,T2,,Matt Colour,2027,4ed8405e7e5b,Hand Brake Type,Electronic,spec-table
ContactCars,https://www.contactcars.com/en/new-cars/jetour-t2/8b5111622905,"Fri, 25 Sep 2026 12:32:29 GMT",23e21042462355c00855f46a463a7928ef7dd5acd351d5a4dea2457ec09dce64,Jetour,T2,,Matt Colour,2027,d4b30096d663,Wheel Type,Alloy,spec-table
ContactCars,https://www.contactcars.com/en/new-cars/jetour-t2/8b5111622905,"Fri, 25 Sep 2026 12:32:29 GMT",23e21042462355c00855f46a463a7928ef7dd5acd351d5a4dea2457ec09dce64,Jetour,T2,,Matt Colour,2027,cb68666c87e5,Tire Type,All-Season,spec-table
ContactCars,https://www.contactcars.com/en/new-cars/jetour-t2/8b5111622905,"Fri, 25 Sep 2026 12:32:29 GMT",23e21042462355c00855f46a463a7928ef7dd5acd351d5a4dea2457ec09dce64,Jetour,T2,,Matt Colour,2027,60199ad52a420993a3e8236a,Airbag Count,4,spec-table
ContactCars,https://www.contactcars.com/en/new-cars/jetour-t2/8b5111622905,"Fri, 25 Sep 2026 12:32:29 GMT",23e21042462355c00855f46a463a7928ef7dd5acd351d5a4dea2457ec09dce64,Jetour,T2,,Matt Colour,2027,72fbbbfbb11f,Seat Upholestry,Leather,spec-table
ContactCars,https://www.contactcars.com/en/new-cars/jetour-t2/8b5111622905,"Fri, 25 Sep 2026 12:32:29 GMT",23e21042462355c00855f46a463a7928ef7dd5acd351d5a4dea2457ec09dce64,Jetour,T2,,Matt Colour,2027,40e24a4a83e0,Gearbox Selector,Shift By Wire,spec-table
ContactCars,https://www.contactcars.com/en/new-cars/jetour-t2/8b5111622905,"Fri, 25 Sep 2026 12:32:29 GMT",23e21042462355c00855f46a463a7928ef7dd5acd351d5a4dea2457ec09dce64,Jetour,T2,,Matt Colour,2027,60199ad52a420993a3e82383,Ambient Lighting,Yes,spec-table
ContactCars,https://www.contactcars.com/en/new-cars/jetour-t2/8b5111622905,"Fri, 25 Sep 2026 12:32:29 GMT",23e21042462355c00855f46a463a7928ef7dd5acd351d5a4dea2457ec09dce64,Jetour,T2,,Matt Colour,2027,60199ad52a420993a3e8238f,Driver Seat,Electric With Memory,spec-table
ContactCars,https://www.contactcars.com/en/new-cars/jetour-t2/8b5111622905,"Fri, 25 Sep 2026 12:32:29 GMT",23e21042462355c00855f46a463a7928ef7dd5acd351d5a4dea2457ec09dce64,Jetour,T2,,Matt Colour,2027,625be8b2b21da3ebf03c43b0,Upholstery,جلد أسود أو أخضر,spec-table
ContactCars,https://www.contactcars.com/en/new-cars/jetour-t2/8b5111622905,"Fri, 25 Sep 2026 12:32:29 GMT",23e21042462355c00855f46a463a7928ef7dd5acd351d5a4dea2457ec09dce64,Jetour,T2,,Matt Colour,2027,60199ad52a420993a3e8239d,Infotainment Display Size,15٫6,spec-table
ContactCars,https://www.contactcars.com/en/new-cars/jetour-t2/8b5111622905,"Fri, 25 Sep 2026 12:32:29 GMT",23e21042462355c00855f46a463a7928ef7dd5acd351d5a4dea2457ec09dce64,Jetour,T2,,Matt Colour,2027,60199ad52a420993a3e8237c,Instrument Cluster Type,Digital,spec-table
ContactCars,https://www.contactcars.com/en/new-cars/jetour-t2/8b5111622905,"Fri, 25 Sep 2026 12:32:29 GMT",23e21042462355c00855f46a463a7928ef7dd5acd351d5a4dea2457ec09dce64,Jetour,T2,,Matt Colour,2027,75fe2b7d7bc2,Instrument Cluster Size,10٫25,spec-table
ContactCars,https://www.contactcars.com/en/new-cars/jetour-t2/8b5111622905,"Fri, 25 Sep 2026 12:32:29 GMT",23e21042462355c00855f46a463a7928ef7dd5acd351d5a4dea2457ec09dce64,Jetour,T2,,Matt Colour,2027,60199ad52a420993a3e8239c,Smartphone Integration,Android Auto/Apple Car Play,spec-table
ContactCars,https://www.contactcars.com/en/new-cars/jetour-t2/8b5111622905,"Fri, 25 Sep 2026 12:32:29 GMT",23e21042462355c00855f46a463a7928ef7dd5acd351d5a4dea2457ec09dce64,Jetour,T2,,Matt Colour,2027,60199ad52a420993a3e823a2,Number of Speakers,6,spec-table
ContactCars,https://www.contactcars.com/en/new-cars/jetour-t2/8b5111622905,"Fri, 25 Sep 2026 12:32:29 GMT",23e21042462355c00855f46a463a7928ef7dd5acd351d5a4dea2457ec09dce64,Jetour,T2,,Matt Colour,2027,60199ad52a420993a3e82376,Rims, R19,spec-table
ContactCars,https://www.contactcars.com/en/new-cars/jetour-t2/8b5111622905,"Fri, 25 Sep 2026 12:32:29 GMT",23e21042462355c00855f46a463a7928ef7dd5acd351d5a4dea2457ec09dce64,Jetour,T2,,Matt Colour,2027,60199ad52a420993a3e8236d,Headlamps,Matrix LED,spec-table
ContactCars,https://www.contactcars.com/en/new-cars/jetour-t2/8b5111622905,"Fri, 25 Sep 2026 12:32:29 GMT",23e21042462355c00855f46a463a7928ef7dd5acd351d5a4dea2457ec09dce64,Jetour,T2,,Matt Colour,2027,60199ad52a420993a3e8236e,Tail Lights,LED,spec-table
ContactCars,https://www.contactcars.com/en/new-cars/jetour-t2/8b5111622905,"Fri, 25 Sep 2026 12:32:29 GMT",23e21042462355c00855f46a463a7928ef7dd5acd351d5a4dea2457ec09dce64,Jetour,T2,,Matt Colour,2027,62d57953644fb1f973ba7c3d,Additional Colors,Matte Colours,spec-table
ContactCars,https://www.contactcars.com/en/new-cars/jetour-t2/8b5111622905,"Fri, 25 Sep 2026 12:32:29 GMT",23e21042462355c00855f46a463a7928ef7dd5acd351d5a4dea2457ec09dce64,Jetour,T2,,Matt Colour,2027,62a5f51c3b190c24efacbe38,Basic Vehicle Warranty,"6 Years Or 150,000 KM",spec-table
ContactCars,https://www.contactcars.com/en/new-cars/jetour-t2/8b5111622905,"Fri, 25 Sep 2026 12:32:29 GMT",23e21042462355c00855f46a463a7928ef7dd5acd351d5a4dea2457ec09dce64,Jetour,T2,,Matt Colour,2027,c12644ae56c1,Powertrain Warranty,"10 years or 1,000,000 KM",spec-table
ContactCars,https://www.contactcars.com/en/new-cars/jetour-t2/df25efea26ee,"Fri, 25 Sep 2026 12:32:30 GMT",4427370bbc8a0bac636193bfeccd1452d7e8a8eea5bf25b5f491046589eb28d8,Jetour,T2,,i-DM,2027,jsonld:offer_price_egp,offer_price_egp,2150000,json-ld
ContactCars,https://www.contactcars.com/en/new-cars/jetour-t2/df25efea26ee,"Fri, 25 Sep 2026 12:32:30 GMT",4427370bbc8a0bac636193bfeccd1452d7e8a8eea5bf25b5f491046589eb28d8,Jetour,T2,,i-DM,2027,jsonld:fuelType,fuelType,Hybrid,json-ld
ContactCars,https://www.contactcars.com/en/new-cars/jetour-t2/df25efea26ee,"Fri, 25 Sep 2026 12:32:30 GMT",4427370bbc8a0bac636193bfeccd1452d7e8a8eea5bf25b5f491046589eb28d8,Jetour,T2,,i-DM,2027,jsonld:engineDisplacement,engineDisplacement,1500,json-ld
ContactCars,https://www.contactcars.com/en/new-cars/jetour-t2/df25efea26ee,"Fri, 25 Sep 2026 12:32:30 GMT",4427370bbc8a0bac636193bfeccd1452d7e8a8eea5bf25b5f491046589eb28d8,Jetour,T2,,i-DM,2027,jsonld:vehicleTransmission,vehicleTransmission,Automatic,json-ld
ContactCars,https://www.contactcars.com/en/new-cars/jetour-t2/df25efea26ee,"Fri, 25 Sep 2026 12:32:30 GMT",4427370bbc8a0bac636193bfeccd1452d7e8a8eea5bf25b5f491046589eb28d8,Jetour,T2,,i-DM,2027,jsonld:bodyType,bodyType,SUV,json-ld
ContactCars,https://www.contactcars.com/en/new-cars/jetour-t2/df25efea26ee,"Fri, 25 Sep 2026 12:32:30 GMT",4427370bbc8a0bac636193bfeccd1452d7e8a8eea5bf25b5f491046589eb28d8,Jetour,T2,,i-DM,2027,jsonld:assembly_country,assembly_country,China,json-ld
ContactCars,https://www.contactcars.com/en/new-cars/jetour-t2/df25efea26ee,"Fri, 25 Sep 2026 12:32:30 GMT",4427370bbc8a0bac636193bfeccd1452d7e8a8eea5bf25b5f491046589eb28d8,Jetour,T2,,i-DM,2027,1cff89624677,Vehicle Size Class,Mid-size,spec-table
ContactCars,https://www.contactcars.com/en/new-cars/jetour-t2/df25efea26ee,"Fri, 25 Sep 2026 12:32:30 GMT",4427370bbc8a0bac636193bfeccd1452d7e8a8eea5bf25b5f491046589eb28d8,Jetour,T2,,i-DM,2027,5bedd1146e88,Body Style,SUV,spec-table
ContactCars,https://www.contactcars.com/en/new-cars/jetour-t2/df25efea26ee,"Fri, 25 Sep 2026 12:32:30 GMT",4427370bbc8a0bac636193bfeccd1452d7e8a8eea5bf25b5f491046589eb28d8,Jetour,T2,,i-DM,2027,13a10f395a87,Number of Doors,5,spec-table
ContactCars,https://www.contactcars.com/en/new-cars/jetour-t2/df25efea26ee,"Fri, 25 Sep 2026 12:32:30 GMT",4427370bbc8a0bac636193bfeccd1452d7e8a8eea5bf25b5f491046589eb28d8,Jetour,T2,,i-DM,2027,60199ad52a420993a3e82387,Number of Seats,5,spec-table
ContactCars,https://www.contactcars.com/en/new-cars/jetour-t2/df25efea26ee,"Fri, 25 Sep 2026 12:32:30 GMT",4427370bbc8a0bac636193bfeccd1452d7e8a8eea5bf25b5f491046589eb28d8,Jetour,T2,,i-DM,2027,60199ad52a420993a3e823a4,Rear Trunk Capacity (Liter),580,spec-table
ContactCars,https://www.contactcars.com/en/new-cars/jetour-t2/df25efea26ee,"Fri, 25 Sep 2026 12:32:30 GMT",4427370bbc8a0bac636193bfeccd1452d7e8a8eea5bf25b5f491046589eb28d8,Jetour,T2,,i-DM,2027,2cd960af118a,"Rear Trunk Capacity, Seats Folded (Liter)",1494,spec-table
ContactCars,https://www.contactcars.com/en/new-cars/jetour-t2/df25efea26ee,"Fri, 25 Sep 2026 12:32:30 GMT",4427370bbc8a0bac636193bfeccd1452d7e8a8eea5bf25b5f491046589eb28d8,Jetour,T2,,i-DM,2027,603647429f57461ab1a74148,Length (mm),4785,spec-table
ContactCars,https://www.contactcars.com/en/new-cars/jetour-t2/df25efea26ee,"Fri, 25 Sep 2026 12:32:30 GMT",4427370bbc8a0bac636193bfeccd1452d7e8a8eea5bf25b5f491046589eb28d8,Jetour,T2,,i-DM,2027,6036477d9f57461ab1a74149,Width (mm),2006,spec-table
ContactCars,https://www.contactcars.com/en/new-cars/jetour-t2/df25efea26ee,"Fri, 25 Sep 2026 12:32:30 GMT",4427370bbc8a0bac636193bfeccd1452d7e8a8eea5bf25b5f491046589eb28d8,Jetour,T2,,i-DM,2027,603647a49f57461ab1a7414a,Height (mm),1880,spec-table
ContactCars,https://www.contactcars.com/en/new-cars/jetour-t2/df25efea26ee,"Fri, 25 Sep 2026 12:32:30 GMT",4427370bbc8a0bac636193bfeccd1452d7e8a8eea5bf25b5f491046589eb28d8,Jetour,T2,,i-DM,2027,6033cae86136e6f66151c687,Wheelbase (mm),2800,spec-table
ContactCars,https://www.contactcars.com/en/new-cars/jetour-t2/df25efea26ee,"Fri, 25 Sep 2026 12:32:30 GMT",4427370bbc8a0bac636193bfeccd1452d7e8a8eea5bf25b5f491046589eb28d8,Jetour,T2,,i-DM,2027,6033cbc86136e6f66151c688,Ground Clearance (mm),205,spec-table
ContactCars,https://www.contactcars.com/en/new-cars/jetour-t2/df25efea26ee,"Fri, 25 Sep 2026 12:32:30 GMT",4427370bbc8a0bac636193bfeccd1452d7e8a8eea5bf25b5f491046589eb28d8,Jetour,T2,,i-DM,2027,6244612fba30183d7791942e,Curb Weight (KG),2105,spec-table
ContactCars,https://www.contactcars.com/en/new-cars/jetour-t2/df25efea26ee,"Fri, 25 Sep 2026 12:32:30 GMT",4427370bbc8a0bac636193bfeccd1452d7e8a8eea5bf25b5f491046589eb28d8,Jetour,T2,,i-DM,2027,624443c0ba30183d77919424,Generation,1st,spec-table
ContactCars,https://www.contactcars.com/en/new-cars/jetour-t2/df25efea26ee,"Fri, 25 Sep 2026 12:32:30 GMT",4427370bbc8a0bac636193bfeccd1452d7e8a8eea5bf25b5f491046589eb28d8,Jetour,T2,,i-DM,2027,f245209b9825,Total Driving Range,>1000,spec-table
ContactCars,https://www.contactcars.com/en/new-cars/jetour-t2/df25efea26ee,"Fri, 25 Sep 2026 12:32:30 GMT",4427370bbc8a0bac636193bfeccd1452d7e8a8eea5bf25b5f491046589eb28d8,Jetour,T2,,i-DM,2027,9aab4cf29ac7,Battery capacity,26٫7,spec-table
ContactCars,https://www.contactcars.com/en/new-cars/jetour-t2/df25efea26ee,"Fri, 25 Sep 2026 12:32:30 GMT",4427370bbc8a0bac636193bfeccd1452d7e8a8eea5bf25b5f491046589eb28d8,Jetour,T2,,i-DM,2027,1b9f93607f48,Powertrain Type,Hybrid,spec-table
ContactCars,https://www.contactcars.com/en/new-cars/jetour-t2/df25efea26ee,"Fri, 25 Sep 2026 12:32:30 GMT",4427370bbc8a0bac636193bfeccd1452d7e8a8eea5bf25b5f491046589eb28d8,Jetour,T2,,i-DM,2027,085010bb564e,Electricity Consumption kw/h for 100 km,19٫9,spec-table
ContactCars,https://www.contactcars.com/en/new-cars/jetour-t2/df25efea26ee,"Fri, 25 Sep 2026 12:32:30 GMT",4427370bbc8a0bac636193bfeccd1452d7e8a8eea5bf25b5f491046589eb28d8,Jetour,T2,,i-DM,2027,60199ad52a420993a3e82353,Combined Maximum Power (HP @ RPM),375,spec-table
ContactCars,https://www.contactcars.com/en/new-cars/jetour-t2/df25efea26ee,"Fri, 25 Sep 2026 12:32:30 GMT",4427370bbc8a0bac636193bfeccd1452d7e8a8eea5bf25b5f491046589eb28d8,Jetour,T2,,i-DM,2027,60199ad52a420993a3e82354,Combined Maximum Torque (N.m @ RPM),610,spec-table
ContactCars,https://www.contactcars.com/en/new-cars/jetour-t2/df25efea26ee,"Fri, 25 Sep 2026 12:32:30 GMT",4427370bbc8a0bac636193bfeccd1452d7e8a8eea5bf25b5f491046589eb28d8,Jetour,T2,,i-DM,2027,60199ad52a420993a3e82357,Maximum Speed (Km/h),197,spec-table
ContactCars,https://www.contactcars.com/en/new-cars/jetour-t2/df25efea26ee,"Fri, 25 Sep 2026 12:32:30 GMT",4427370bbc8a0bac636193bfeccd1452d7e8a8eea5bf25b5f491046589eb28d8,Jetour,T2,,i-DM,2027,60199ad52a420993a3e82355,Acceleration (0 - 100 km/h),7٫5,spec-table
ContactCars,https://www.contactcars.com/en/new-cars/jetour-t2/df25efea26ee,"Fri, 25 Sep 2026 12:32:30 GMT",4427370bbc8a0bac636193bfeccd1452d7e8a8eea5bf25b5f491046589eb28d8,Jetour,T2,,i-DM,2027,58d892830a3e,Max Speed Km/h,197,spec-table
ContactCars,https://www.contactcars.com/en/new-cars/jetour-t2/df25efea26ee,"Fri, 25 Sep 2026 12:32:30 GMT",4427370bbc8a0bac636193bfeccd1452d7e8a8eea5bf25b5f491046589eb28d8,Jetour,T2,,i-DM,2027,dd306cc1c3b0,Acceleration from 0-100 km/h in,7٫5,spec-table
ContactCars,https://www.contactcars.com/en/new-cars/jetour-t2/df25efea26ee,"Fri, 25 Sep 2026 12:32:30 GMT",4427370bbc8a0bac636193bfeccd1452d7e8a8eea5bf25b5f491046589eb28d8,Jetour,T2,,i-DM,2027,60199ad52a420993a3e82359,Fuel Tank Capacity (Litre),70,spec-table
ContactCars,https://www.contactcars.com/en/new-cars/jetour-t2/df25efea26ee,"Fri, 25 Sep 2026 12:32:30 GMT",4427370bbc8a0bac636193bfeccd1452d7e8a8eea5bf25b5f491046589eb28d8,Jetour,T2,,i-DM,2027,bc8f5919d91f,Engine Type,Inline-4,spec-table
ContactCars,https://www.contactcars.com/en/new-cars/jetour-t2/df25efea26ee,"Fri, 25 Sep 2026 12:32:30 GMT",4427370bbc8a0bac636193bfeccd1452d7e8a8eea5bf25b5f491046589eb28d8,Jetour,T2,,i-DM,2027,0922a30a7f46,Engine Function,Drive Wheels & Generator,spec-table
ContactCars,https://www.contactcars.com/en/new-cars/jetour-t2/df25efea26ee,"Fri, 25 Sep 2026 12:32:30 GMT",4427370bbc8a0bac636193bfeccd1452d7e8a8eea5bf25b5f491046589eb28d8,Jetour,T2,,i-DM,2027,60199ad52a420993a3e82352,Cylinders,4,spec-table
ContactCars,https://www.contactcars.com/en/new-cars/jetour-t2/df25efea26ee,"Fri, 25 Sep 2026 12:32:30 GMT",4427370bbc8a0bac636193bfeccd1452d7e8a8eea5bf25b5f491046589eb28d8,Jetour,T2,,i-DM,2027,62445feaba30183d7791942d,Engine Capacity (CC),1500 cc,spec-table
ContactCars,https://www.contactcars.com/en/new-cars/jetour-t2/df25efea26ee,"Fri, 25 Sep 2026 12:32:30 GMT",4427370bbc8a0bac636193bfeccd1452d7e8a8eea5bf25b5f491046589eb28d8,Jetour,T2,,i-DM,2027,6244616cba30183d7791942f,Induction Type,Turbocharged,spec-table
ContactCars,https://www.contactcars.com/en/new-cars/jetour-t2/df25efea26ee,"Fri, 25 Sep 2026 12:32:30 GMT",4427370bbc8a0bac636193bfeccd1452d7e8a8eea5bf25b5f491046589eb28d8,Jetour,T2,,i-DM,2027,626916559ba5,Maximum Power Output (hp),156,spec-table
ContactCars,https://www.contactcars.com/en/new-cars/jetour-t2/df25efea26ee,"Fri, 25 Sep 2026 12:32:30 GMT",4427370bbc8a0bac636193bfeccd1452d7e8a8eea5bf25b5f491046589eb28d8,Jetour,T2,,i-DM,2027,60d3a866c259,Maximum Torque (Nm),220,spec-table
ContactCars,https://www.contactcars.com/en/new-cars/jetour-t2/df25efea26ee,"Fri, 25 Sep 2026 12:32:30 GMT",4427370bbc8a0bac636193bfeccd1452d7e8a8eea5bf25b5f491046589eb28d8,Jetour,T2,,i-DM,2027,60199ad52a420993a3e82358,Recommend Fuel Grade,92,spec-table
ContactCars,https://www.contactcars.com/en/new-cars/jetour-t2/df25efea26ee,"Fri, 25 Sep 2026 12:32:30 GMT",4427370bbc8a0bac636193bfeccd1452d7e8a8eea5bf25b5f491046589eb28d8,Jetour,T2,,i-DM,2027,62445f6cba30183d7791942c,Engine Layout,Front,spec-table
ContactCars,https://www.contactcars.com/en/new-cars/jetour-t2/df25efea26ee,"Fri, 25 Sep 2026 12:32:30 GMT",4427370bbc8a0bac636193bfeccd1452d7e8a8eea5bf25b5f491046589eb28d8,Jetour,T2,,i-DM,2027,9b380f9039be,Electric Motor Count,1,spec-table
ContactCars,https://www.contactcars.com/en/new-cars/jetour-t2/df25efea26ee,"Fri, 25 Sep 2026 12:32:30 GMT",4427370bbc8a0bac636193bfeccd1452d7e8a8eea5bf25b5f491046589eb28d8,Jetour,T2,,i-DM,2027,82943ae5cd1e,Motor Power KW,2,spec-table
ContactCars,https://www.contactcars.com/en/new-cars/jetour-t2/df25efea26ee,"Fri, 25 Sep 2026 12:32:30 GMT",4427370bbc8a0bac636193bfeccd1452d7e8a8eea5bf25b5f491046589eb28d8,Jetour,T2,,i-DM,2027,405078366d48,Electric Motor Position,Front,spec-table
ContactCars,https://www.contactcars.com/en/new-cars/jetour-t2/df25efea26ee,"Fri, 25 Sep 2026 12:32:30 GMT",4427370bbc8a0bac636193bfeccd1452d7e8a8eea5bf25b5f491046589eb28d8,Jetour,T2,,i-DM,2027,ef13db391b59,Motor Power HP,221,spec-table
ContactCars,https://www.contactcars.com/en/new-cars/jetour-t2/df25efea26ee,"Fri, 25 Sep 2026 12:32:30 GMT",4427370bbc8a0bac636193bfeccd1452d7e8a8eea5bf25b5f491046589eb28d8,Jetour,T2,,i-DM,2027,425a704a565a,Max Torque N.m,390,spec-table
ContactCars,https://www.contactcars.com/en/new-cars/jetour-t2/df25efea26ee,"Fri, 25 Sep 2026 12:32:30 GMT",4427370bbc8a0bac636193bfeccd1452d7e8a8eea5bf25b5f491046589eb28d8,Jetour,T2,,i-DM,2027,ae3798f5fd83,Drivetrain Type,FWD (Front-Wheel Drive),spec-table
ContactCars,https://www.contactcars.com/en/new-cars/jetour-t2/df25efea26ee,"Fri, 25 Sep 2026 12:32:30 GMT",4427370bbc8a0bac636193bfeccd1452d7e8a8eea5bf25b5f491046589eb28d8,Jetour,T2,,i-DM,2027,fd8d1904b500,Transmission Type,Automatic,spec-table
ContactCars,https://www.contactcars.com/en/new-cars/jetour-t2/df25efea26ee,"Fri, 25 Sep 2026 12:32:30 GMT",4427370bbc8a0bac636193bfeccd1452d7e8a8eea5bf25b5f491046589eb28d8,Jetour,T2,,i-DM,2027,5229867ce0fa,Transmission Technology,Direct Drive,spec-table
ContactCars,https://www.contactcars.com/en/new-cars/jetour-t2/df25efea26ee,"Fri, 25 Sep 2026 12:32:30 GMT",4427370bbc8a0bac636193bfeccd1452d7e8a8eea5bf25b5f491046589eb28d8,Jetour,T2,,i-DM,2027,60199ad52a420993a3e8235a,Number of Gears,3,spec-table
ContactCars,https://www.contactcars.com/en/new-cars/jetour-t2/df25efea26ee,"Fri, 25 Sep 2026 12:32:30 GMT",4427370bbc8a0bac636193bfeccd1452d7e8a8eea5bf25b5f491046589eb28d8,Jetour,T2,,i-DM,2027,7024a4520fc8,Battery Type,ليثيوم أيون Lithium-Ion,spec-table
ContactCars,https://www.contactcars.com/en/new-cars/jetour-t2/df25efea26ee,"Fri, 25 Sep 2026 12:32:30 GMT",4427370bbc8a0bac636193bfeccd1452d7e8a8eea5bf25b5f491046589eb28d8,Jetour,T2,,i-DM,2027,f99e9199742a,Battery Capacity Kwh,26٫7,spec-table
ContactCars,https://www.contactcars.com/en/new-cars/jetour-t2/df25efea26ee,"Fri, 25 Sep 2026 12:32:30 GMT",4427370bbc8a0bac636193bfeccd1452d7e8a8eea5bf25b5f491046589eb28d8,Jetour,T2,,i-DM,2027,7749fe699e3b,Electric-Only Range (km),139,spec-table
ContactCars,https://www.contactcars.com/en/new-cars/jetour-t2/df25efea26ee,"Fri, 25 Sep 2026 12:32:30 GMT",4427370bbc8a0bac636193bfeccd1452d7e8a8eea5bf25b5f491046589eb28d8,Jetour,T2,,i-DM,2027,4d496223eec3,AC Charging Time,30% - 100% in less than 4 hrs,spec-table
ContactCars,https://www.contactcars.com/en/new-cars/jetour-t2/df25efea26ee,"Fri, 25 Sep 2026 12:32:30 GMT",4427370bbc8a0bac636193bfeccd1452d7e8a8eea5bf25b5f491046589eb28d8,Jetour,T2,,i-DM,2027,dbbb34a0ec25,DC Fast Charging Time,30%–80% in 30 mins,spec-table
ContactCars,https://www.contactcars.com/en/new-cars/jetour-t2/df25efea26ee,"Fri, 25 Sep 2026 12:32:30 GMT",4427370bbc8a0bac636193bfeccd1452d7e8a8eea5bf25b5f491046589eb28d8,Jetour,T2,,i-DM,2027,60199ad52a420993a3e82385,Steering Wheel,Leather,spec-table
ContactCars,https://www.contactcars.com/en/new-cars/jetour-t2/df25efea26ee,"Fri, 25 Sep 2026 12:32:30 GMT",4427370bbc8a0bac636193bfeccd1452d7e8a8eea5bf25b5f491046589eb28d8,Jetour,T2,,i-DM,2027,60199ad52a420993a3e8235d,Power Steering Type,Electric,spec-table
ContactCars,https://www.contactcars.com/en/new-cars/jetour-t2/df25efea26ee,"Fri, 25 Sep 2026 12:32:30 GMT",4427370bbc8a0bac636193bfeccd1452d7e8a8eea5bf25b5f491046589eb28d8,Jetour,T2,,i-DM,2027,602fa37cd768,Steering Adjustment Ops,Manual,spec-table
ContactCars,https://www.contactcars.com/en/new-cars/jetour-t2/df25efea26ee,"Fri, 25 Sep 2026 12:32:30 GMT",4427370bbc8a0bac636193bfeccd1452d7e8a8eea5bf25b5f491046589eb28d8,Jetour,T2,,i-DM,2027,e78c472170c2,Front Suspension Type,MacPherson,spec-table
ContactCars,https://www.contactcars.com/en/new-cars/jetour-t2/df25efea26ee,"Fri, 25 Sep 2026 12:32:30 GMT",4427370bbc8a0bac636193bfeccd1452d7e8a8eea5bf25b5f491046589eb28d8,Jetour,T2,,i-DM,2027,d7a33f9ff1ff,Rear Suspension Type,Multi-Link,spec-table
ContactCars,https://www.contactcars.com/en/new-cars/jetour-t2/df25efea26ee,"Fri, 25 Sep 2026 12:32:30 GMT",4427370bbc8a0bac636193bfeccd1452d7e8a8eea5bf25b5f491046589eb28d8,Jetour,T2,,i-DM,2027,58f344b6ff55,Front Brakes Type,Ventilated Disc Brakes,spec-table
ContactCars,https://www.contactcars.com/en/new-cars/jetour-t2/df25efea26ee,"Fri, 25 Sep 2026 12:32:30 GMT",4427370bbc8a0bac636193bfeccd1452d7e8a8eea5bf25b5f491046589eb28d8,Jetour,T2,,i-DM,2027,eb24327dbe4e,Rear Brakes Type,Solid Disc Brakes,spec-table
ContactCars,https://www.contactcars.com/en/new-cars/jetour-t2/df25efea26ee,"Fri, 25 Sep 2026 12:32:30 GMT",4427370bbc8a0bac636193bfeccd1452d7e8a8eea5bf25b5f491046589eb28d8,Jetour,T2,,i-DM,2027,4ed8405e7e5b,Hand Brake Type,Electronic,spec-table
ContactCars,https://www.contactcars.com/en/new-cars/jetour-t2/df25efea26ee,"Fri, 25 Sep 2026 12:32:30 GMT",4427370bbc8a0bac636193bfeccd1452d7e8a8eea5bf25b5f491046589eb28d8,Jetour,T2,,i-DM,2027,d4b30096d663,Wheel Type,Alloy,spec-table
ContactCars,https://www.contactcars.com/en/new-cars/jetour-t2/df25efea26ee,"Fri, 25 Sep 2026 12:32:30 GMT",4427370bbc8a0bac636193bfeccd1452d7e8a8eea5bf25b5f491046589eb28d8,Jetour,T2,,i-DM,2027,1831c41b7b17,Front Wheel Size,20,spec-table
ContactCars,https://www.contactcars.com/en/new-cars/jetour-t2/df25efea26ee,"Fri, 25 Sep 2026 12:32:30 GMT",4427370bbc8a0bac636193bfeccd1452d7e8a8eea5bf25b5f491046589eb28d8,Jetour,T2,,i-DM,2027,1f4797b49117,Rear Wheel Size,20,spec-table
ContactCars,https://www.contactcars.com/en/new-cars/jetour-t2/df25efea26ee,"Fri, 25 Sep 2026 12:32:30 GMT",4427370bbc8a0bac636193bfeccd1452d7e8a8eea5bf25b5f491046589eb28d8,Jetour,T2,,i-DM,2027,60199ad52a420993a3e82372,Front Tire Size,255/55 R20,spec-table
ContactCars,https://www.contactcars.com/en/new-cars/jetour-t2/df25efea26ee,"Fri, 25 Sep 2026 12:32:30 GMT",4427370bbc8a0bac636193bfeccd1452d7e8a8eea5bf25b5f491046589eb28d8,Jetour,T2,,i-DM,2027,2076fe4abba4,Rear Tire Size,255/55 R20,spec-table
ContactCars,https://www.contactcars.com/en/new-cars/jetour-t2/df25efea26ee,"Fri, 25 Sep 2026 12:32:30 GMT",4427370bbc8a0bac636193bfeccd1452d7e8a8eea5bf25b5f491046589eb28d8,Jetour,T2,,i-DM,2027,cb68666c87e5,Tire Type,All-Season,spec-table
ContactCars,https://www.contactcars.com/en/new-cars/jetour-t2/df25efea26ee,"Fri, 25 Sep 2026 12:32:30 GMT",4427370bbc8a0bac636193bfeccd1452d7e8a8eea5bf25b5f491046589eb28d8,Jetour,T2,,i-DM,2027,7dc8980c1bea,Spare Tire Type,Full-size,spec-table
ContactCars,https://www.contactcars.com/en/new-cars/jetour-t2/df25efea26ee,"Fri, 25 Sep 2026 12:32:30 GMT",4427370bbc8a0bac636193bfeccd1452d7e8a8eea5bf25b5f491046589eb28d8,Jetour,T2,,i-DM,2027,60199ad52a420993a3e8236a,Airbag Count,6,spec-table
ContactCars,https://www.contactcars.com/en/new-cars/jetour-t2/df25efea26ee,"Fri, 25 Sep 2026 12:32:30 GMT",4427370bbc8a0bac636193bfeccd1452d7e8a8eea5bf25b5f491046589eb28d8,Jetour,T2,,i-DM,2027,72fbbbfbb11f,Seat Upholestry,Leather,spec-table
ContactCars,https://www.contactcars.com/en/new-cars/jetour-t2/df25efea26ee,"Fri, 25 Sep 2026 12:32:30 GMT",4427370bbc8a0bac636193bfeccd1452d7e8a8eea5bf25b5f491046589eb28d8,Jetour,T2,,i-DM,2027,40e24a4a83e0,Gearbox Selector,Shift By Wire,spec-table
ContactCars,https://www.contactcars.com/en/new-cars/jetour-t2/df25efea26ee,"Fri, 25 Sep 2026 12:32:30 GMT",4427370bbc8a0bac636193bfeccd1452d7e8a8eea5bf25b5f491046589eb28d8,Jetour,T2,,i-DM,2027,60199ad52a420993a3e82383,Ambient Lighting,Yes,spec-table
ContactCars,https://www.contactcars.com/en/new-cars/jetour-t2/df25efea26ee,"Fri, 25 Sep 2026 12:32:30 GMT",4427370bbc8a0bac636193bfeccd1452d7e8a8eea5bf25b5f491046589eb28d8,Jetour,T2,,i-DM,2027,60199ad52a420993a3e8238f,Driver Seat,Electric With Memory,spec-table
ContactCars,https://www.contactcars.com/en/new-cars/jetour-t2/df25efea26ee,"Fri, 25 Sep 2026 12:32:30 GMT",4427370bbc8a0bac636193bfeccd1452d7e8a8eea5bf25b5f491046589eb28d8,Jetour,T2,,i-DM,2027,625be8b2b21da3ebf03c43b0,Upholstery,جلد أسود أو أخضر,spec-table
ContactCars,https://www.contactcars.com/en/new-cars/jetour-t2/df25efea26ee,"Fri, 25 Sep 2026 12:32:30 GMT",4427370bbc8a0bac636193bfeccd1452d7e8a8eea5bf25b5f491046589eb28d8,Jetour,T2,,i-DM,2027,60199ad52a420993a3e8239d,Infotainment Display Size,15٫6,spec-table
ContactCars,https://www.contactcars.com/en/new-cars/jetour-t2/df25efea26ee,"Fri, 25 Sep 2026 12:32:30 GMT",4427370bbc8a0bac636193bfeccd1452d7e8a8eea5bf25b5f491046589eb28d8,Jetour,T2,,i-DM,2027,60199ad52a420993a3e8237c,Instrument Cluster Type,Digital,spec-table
ContactCars,https://www.contactcars.com/en/new-cars/jetour-t2/df25efea26ee,"Fri, 25 Sep 2026 12:32:30 GMT",4427370bbc8a0bac636193bfeccd1452d7e8a8eea5bf25b5f491046589eb28d8,Jetour,T2,,i-DM,2027,75fe2b7d7bc2,Instrument Cluster Size,10٫25,spec-table
ContactCars,https://www.contactcars.com/en/new-cars/jetour-t2/df25efea26ee,"Fri, 25 Sep 2026 12:32:30 GMT",4427370bbc8a0bac636193bfeccd1452d7e8a8eea5bf25b5f491046589eb28d8,Jetour,T2,,i-DM,2027,60199ad52a420993a3e8239c,Smartphone Integration,Android Auto/Apple Car Play,spec-table
ContactCars,https://www.contactcars.com/en/new-cars/jetour-t2/df25efea26ee,"Fri, 25 Sep 2026 12:32:30 GMT",4427370bbc8a0bac636193bfeccd1452d7e8a8eea5bf25b5f491046589eb28d8,Jetour,T2,,i-DM,2027,60199ad52a420993a3e823a2,Number of Speakers,12,spec-table
ContactCars,https://www.contactcars.com/en/new-cars/jetour-t2/df25efea26ee,"Fri, 25 Sep 2026 12:32:30 GMT",4427370bbc8a0bac636193bfeccd1452d7e8a8eea5bf25b5f491046589eb28d8,Jetour,T2,,i-DM,2027,872802aacccf,Sound System Brand,Sony,spec-table
ContactCars,https://www.contactcars.com/en/new-cars/jetour-t2/df25efea26ee,"Fri, 25 Sep 2026 12:32:30 GMT",4427370bbc8a0bac636193bfeccd1452d7e8a8eea5bf25b5f491046589eb28d8,Jetour,T2,,i-DM,2027,60199ad52a420993a3e82376,Rims, R20,spec-table
ContactCars,https://www.contactcars.com/en/new-cars/jetour-t2/df25efea26ee,"Fri, 25 Sep 2026 12:32:30 GMT",4427370bbc8a0bac636193bfeccd1452d7e8a8eea5bf25b5f491046589eb28d8,Jetour,T2,,i-DM,2027,60199ad52a420993a3e8236d,Headlamps,Matrix LED,spec-table
ContactCars,https://www.contactcars.com/en/new-cars/jetour-t2/df25efea26ee,"Fri, 25 Sep 2026 12:32:30 GMT",4427370bbc8a0bac636193bfeccd1452d7e8a8eea5bf25b5f491046589eb28d8,Jetour,T2,,i-DM,2027,60199ad52a420993a3e8236e,Tail Lights,LED,spec-table
ContactCars,https://www.contactcars.com/en/new-cars/jetour-t2/df25efea26ee,"Fri, 25 Sep 2026 12:32:30 GMT",4427370bbc8a0bac636193bfeccd1452d7e8a8eea5bf25b5f491046589eb28d8,Jetour,T2,,i-DM,2027,62d57953644fb1f973ba7c3d,Additional Colors,Matte Colours,spec-table
ContactCars,https://www.contactcars.com/en/new-cars/jetour-t2/df25efea26ee,"Fri, 25 Sep 2026 12:32:30 GMT",4427370bbc8a0bac636193bfeccd1452d7e8a8eea5bf25b5f491046589eb28d8,Jetour,T2,,i-DM,2027,62a5f51c3b190c24efacbe38,Basic Vehicle Warranty,"6 Years Or 150,000 KM",spec-table
ContactCars,https://www.contactcars.com/en/new-cars/jetour-t2/df25efea26ee,"Fri, 25 Sep 2026 12:32:30 GMT",4427370bbc8a0bac636193bfeccd1452d7e8a8eea5bf25b5f491046589eb28d8,Jetour,T2,,i-DM,2027,c12644ae56c1,Powertrain Warranty,"10 years or 1,000,000 KM",spec-table
ContactCars,https://www.contactcars.com/en/new-cars/kia-seltos/13d31e9c7e57,"Fri, 25 Sep 2026 12:32:31 GMT",4a225f035efed2699218e726b5f6d889a6bea541e09aa4b7817a1477382035f6,Kia,Seltos,,EX,2026,jsonld:offer_price_egp,offer_price_egp,1350000,json-ld
ContactCars,https://www.contactcars.com/en/new-cars/kia-seltos/13d31e9c7e57,"Fri, 25 Sep 2026 12:32:31 GMT",4a225f035efed2699218e726b5f6d889a6bea541e09aa4b7817a1477382035f6,Kia,Seltos,,EX,2026,jsonld:fuelType,fuelType,Gas,json-ld
ContactCars,https://www.contactcars.com/en/new-cars/kia-seltos/13d31e9c7e57,"Fri, 25 Sep 2026 12:32:31 GMT",4a225f035efed2699218e726b5f6d889a6bea541e09aa4b7817a1477382035f6,Kia,Seltos,,EX,2026,jsonld:engineDisplacement,engineDisplacement,1500,json-ld
ContactCars,https://www.contactcars.com/en/new-cars/kia-seltos/13d31e9c7e57,"Fri, 25 Sep 2026 12:32:31 GMT",4a225f035efed2699218e726b5f6d889a6bea541e09aa4b7817a1477382035f6,Kia,Seltos,,EX,2026,jsonld:vehicleTransmission,vehicleTransmission,Automatic,json-ld
ContactCars,https://www.contactcars.com/en/new-cars/kia-seltos/13d31e9c7e57,"Fri, 25 Sep 2026 12:32:31 GMT",4a225f035efed2699218e726b5f6d889a6bea541e09aa4b7817a1477382035f6,Kia,Seltos,,EX,2026,jsonld:bodyType,bodyType,SUV,json-ld
ContactCars,https://www.contactcars.com/en/new-cars/kia-seltos/13d31e9c7e57,"Fri, 25 Sep 2026 12:32:31 GMT",4a225f035efed2699218e726b5f6d889a6bea541e09aa4b7817a1477382035f6,Kia,Seltos,,EX,2026,jsonld:assembly_country,assembly_country,China,json-ld
ContactCars,https://www.contactcars.com/en/new-cars/kia-seltos/13d31e9c7e57,"Fri, 25 Sep 2026 12:32:31 GMT",4a225f035efed2699218e726b5f6d889a6bea541e09aa4b7817a1477382035f6,Kia,Seltos,,EX,2026,1cff89624677,Vehicle Size Class,Subcompact,spec-table
ContactCars,https://www.contactcars.com/en/new-cars/kia-seltos/13d31e9c7e57,"Fri, 25 Sep 2026 12:32:31 GMT",4a225f035efed2699218e726b5f6d889a6bea541e09aa4b7817a1477382035f6,Kia,Seltos,,EX,2026,5bedd1146e88,Body Style,SUV,spec-table
ContactCars,https://www.contactcars.com/en/new-cars/kia-seltos/13d31e9c7e57,"Fri, 25 Sep 2026 12:32:31 GMT",4a225f035efed2699218e726b5f6d889a6bea541e09aa4b7817a1477382035f6,Kia,Seltos,,EX,2026,13a10f395a87,Number of Doors,4,spec-table
ContactCars,https://www.contactcars.com/en/new-cars/kia-seltos/13d31e9c7e57,"Fri, 25 Sep 2026 12:32:31 GMT",4a225f035efed2699218e726b5f6d889a6bea541e09aa4b7817a1477382035f6,Kia,Seltos,,EX,2026,60199ad52a420993a3e82387,Number of Seats,5,spec-table
ContactCars,https://www.contactcars.com/en/new-cars/kia-seltos/13d31e9c7e57,"Fri, 25 Sep 2026 12:32:31 GMT",4a225f035efed2699218e726b5f6d889a6bea541e09aa4b7817a1477382035f6,Kia,Seltos,,EX,2026,60199ad52a420993a3e823a4,Rear Trunk Capacity (Liter),429,spec-table
ContactCars,https://www.contactcars.com/en/new-cars/kia-seltos/13d31e9c7e57,"Fri, 25 Sep 2026 12:32:31 GMT",4a225f035efed2699218e726b5f6d889a6bea541e09aa4b7817a1477382035f6,Kia,Seltos,,EX,2026,603647429f57461ab1a74148,Length (mm),4385,spec-table
ContactCars,https://www.contactcars.com/en/new-cars/kia-seltos/13d31e9c7e57,"Fri, 25 Sep 2026 12:32:31 GMT",4a225f035efed2699218e726b5f6d889a6bea541e09aa4b7817a1477382035f6,Kia,Seltos,,EX,2026,6036477d9f57461ab1a74149,Width (mm),1800,spec-table
ContactCars,https://www.contactcars.com/en/new-cars/kia-seltos/13d31e9c7e57,"Fri, 25 Sep 2026 12:32:31 GMT",4a225f035efed2699218e726b5f6d889a6bea541e09aa4b7817a1477382035f6,Kia,Seltos,,EX,2026,603647a49f57461ab1a7414a,Height (mm),1620,spec-table
ContactCars,https://www.contactcars.com/en/new-cars/kia-seltos/13d31e9c7e57,"Fri, 25 Sep 2026 12:32:31 GMT",4a225f035efed2699218e726b5f6d889a6bea541e09aa4b7817a1477382035f6,Kia,Seltos,,EX,2026,6033cae86136e6f66151c687,Wheelbase (mm),2630,spec-table
ContactCars,https://www.contactcars.com/en/new-cars/kia-seltos/13d31e9c7e57,"Fri, 25 Sep 2026 12:32:31 GMT",4a225f035efed2699218e726b5f6d889a6bea541e09aa4b7817a1477382035f6,Kia,Seltos,,EX,2026,6033cbc86136e6f66151c688,Ground Clearance (mm),190,spec-table
ContactCars,https://www.contactcars.com/en/new-cars/kia-seltos/13d31e9c7e57,"Fri, 25 Sep 2026 12:32:31 GMT",4a225f035efed2699218e726b5f6d889a6bea541e09aa4b7817a1477382035f6,Kia,Seltos,,EX,2026,1b9f93607f48,Powertrain Type,ICE (Petrol),spec-table
ContactCars,https://www.contactcars.com/en/new-cars/kia-seltos/13d31e9c7e57,"Fri, 25 Sep 2026 12:32:31 GMT",4a225f035efed2699218e726b5f6d889a6bea541e09aa4b7817a1477382035f6,Kia,Seltos,,EX,2026,60199ad52a420993a3e82353,Combined Maximum Power (HP @ RPM),115,spec-table
ContactCars,https://www.contactcars.com/en/new-cars/kia-seltos/13d31e9c7e57,"Fri, 25 Sep 2026 12:32:31 GMT",4a225f035efed2699218e726b5f6d889a6bea541e09aa4b7817a1477382035f6,Kia,Seltos,,EX,2026,60199ad52a420993a3e82354,Combined Maximum Torque (N.m @ RPM),"145 @ 4,500",spec-table
ContactCars,https://www.contactcars.com/en/new-cars/kia-seltos/13d31e9c7e57,"Fri, 25 Sep 2026 12:32:31 GMT",4a225f035efed2699218e726b5f6d889a6bea541e09aa4b7817a1477382035f6,Kia,Seltos,,EX,2026,60199ad52a420993a3e82359,Fuel Tank Capacity (Litre),50,spec-table
ContactCars,https://www.contactcars.com/en/new-cars/kia-seltos/13d31e9c7e57,"Fri, 25 Sep 2026 12:32:31 GMT",4a225f035efed2699218e726b5f6d889a6bea541e09aa4b7817a1477382035f6,Kia,Seltos,,EX,2026,bc8f5919d91f,Engine Type,Inline-4,spec-table
ContactCars,https://www.contactcars.com/en/new-cars/kia-seltos/13d31e9c7e57,"Fri, 25 Sep 2026 12:32:31 GMT",4a225f035efed2699218e726b5f6d889a6bea541e09aa4b7817a1477382035f6,Kia,Seltos,,EX,2026,0922a30a7f46,Engine Function,Drive Wheels,spec-table
ContactCars,https://www.contactcars.com/en/new-cars/kia-seltos/13d31e9c7e57,"Fri, 25 Sep 2026 12:32:31 GMT",4a225f035efed2699218e726b5f6d889a6bea541e09aa4b7817a1477382035f6,Kia,Seltos,,EX,2026,60199ad52a420993a3e82352,Cylinders,4,spec-table
ContactCars,https://www.contactcars.com/en/new-cars/kia-seltos/13d31e9c7e57,"Fri, 25 Sep 2026 12:32:31 GMT",4a225f035efed2699218e726b5f6d889a6bea541e09aa4b7817a1477382035f6,Kia,Seltos,,EX,2026,62445feaba30183d7791942d,Engine Capacity (CC),1500,spec-table
ContactCars,https://www.contactcars.com/en/new-cars/kia-seltos/13d31e9c7e57,"Fri, 25 Sep 2026 12:32:31 GMT",4a225f035efed2699218e726b5f6d889a6bea541e09aa4b7817a1477382035f6,Kia,Seltos,,EX,2026,6244616cba30183d7791942f,Induction Type,Naturally Aspirated,spec-table
ContactCars,https://www.contactcars.com/en/new-cars/kia-seltos/13d31e9c7e57,"Fri, 25 Sep 2026 12:32:31 GMT",4a225f035efed2699218e726b5f6d889a6bea541e09aa4b7817a1477382035f6,Kia,Seltos,,EX,2026,62445f6cba30183d7791942c,Engine Layout,Front,spec-table
ContactCars,https://www.contactcars.com/en/new-cars/kia-seltos/13d31e9c7e57,"Fri, 25 Sep 2026 12:32:31 GMT",4a225f035efed2699218e726b5f6d889a6bea541e09aa4b7817a1477382035f6,Kia,Seltos,,EX,2026,ae3798f5fd83,Drivetrain Type,FWD (Front-Wheel Drive),spec-table
ContactCars,https://www.contactcars.com/en/new-cars/kia-seltos/13d31e9c7e57,"Fri, 25 Sep 2026 12:32:31 GMT",4a225f035efed2699218e726b5f6d889a6bea541e09aa4b7817a1477382035f6,Kia,Seltos,,EX,2026,fd8d1904b500,Transmission Type,Automatic,spec-table
ContactCars,https://www.contactcars.com/en/new-cars/kia-seltos/13d31e9c7e57,"Fri, 25 Sep 2026 12:32:31 GMT",4a225f035efed2699218e726b5f6d889a6bea541e09aa4b7817a1477382035f6,Kia,Seltos,,EX,2026,5229867ce0fa,Transmission Technology,CVT,spec-table
ContactCars,https://www.contactcars.com/en/new-cars/kia-seltos/13d31e9c7e57,"Fri, 25 Sep 2026 12:32:31 GMT",4a225f035efed2699218e726b5f6d889a6bea541e09aa4b7817a1477382035f6,Kia,Seltos,,EX,2026,60199ad52a420993a3e8235d,Power Steering Type,Electric,spec-table
ContactCars,https://www.contactcars.com/en/new-cars/kia-seltos/13d31e9c7e57,"Fri, 25 Sep 2026 12:32:31 GMT",4a225f035efed2699218e726b5f6d889a6bea541e09aa4b7817a1477382035f6,Kia,Seltos,,EX,2026,602fa37cd768,Steering Adjustment Ops,Manual,spec-table
ContactCars,https://www.contactcars.com/en/new-cars/kia-seltos/13d31e9c7e57,"Fri, 25 Sep 2026 12:32:31 GMT",4a225f035efed2699218e726b5f6d889a6bea541e09aa4b7817a1477382035f6,Kia,Seltos,,EX,2026,e78c472170c2,Front Suspension Type,MacPherson,spec-table
ContactCars,https://www.contactcars.com/en/new-cars/kia-seltos/13d31e9c7e57,"Fri, 25 Sep 2026 12:32:31 GMT",4a225f035efed2699218e726b5f6d889a6bea541e09aa4b7817a1477382035f6,Kia,Seltos,,EX,2026,d7a33f9ff1ff,Rear Suspension Type,Torsion Beam,spec-table
ContactCars,https://www.contactcars.com/en/new-cars/kia-seltos/13d31e9c7e57,"Fri, 25 Sep 2026 12:32:31 GMT",4a225f035efed2699218e726b5f6d889a6bea541e09aa4b7817a1477382035f6,Kia,Seltos,,EX,2026,58f344b6ff55,Front Brakes Type,Solid Disc Brakes,spec-table
ContactCars,https://www.contactcars.com/en/new-cars/kia-seltos/13d31e9c7e57,"Fri, 25 Sep 2026 12:32:31 GMT",4a225f035efed2699218e726b5f6d889a6bea541e09aa4b7817a1477382035f6,Kia,Seltos,,EX,2026,eb24327dbe4e,Rear Brakes Type,Solid Disc Brakes,spec-table
ContactCars,https://www.contactcars.com/en/new-cars/kia-seltos/13d31e9c7e57,"Fri, 25 Sep 2026 12:32:31 GMT",4a225f035efed2699218e726b5f6d889a6bea541e09aa4b7817a1477382035f6,Kia,Seltos,,EX,2026,4ed8405e7e5b,Hand Brake Type,Electronic,spec-table
ContactCars,https://www.contactcars.com/en/new-cars/kia-seltos/13d31e9c7e57,"Fri, 25 Sep 2026 12:32:31 GMT",4a225f035efed2699218e726b5f6d889a6bea541e09aa4b7817a1477382035f6,Kia,Seltos,,EX,2026,d4b30096d663,Wheel Type,Alloy,spec-table
ContactCars,https://www.contactcars.com/en/new-cars/kia-seltos/13d31e9c7e57,"Fri, 25 Sep 2026 12:32:31 GMT",4a225f035efed2699218e726b5f6d889a6bea541e09aa4b7817a1477382035f6,Kia,Seltos,,EX,2026,1831c41b7b17,Front Wheel Size,16,spec-table
ContactCars,https://www.contactcars.com/en/new-cars/kia-seltos/13d31e9c7e57,"Fri, 25 Sep 2026 12:32:31 GMT",4a225f035efed2699218e726b5f6d889a6bea541e09aa4b7817a1477382035f6,Kia,Seltos,,EX,2026,1f4797b49117,Rear Wheel Size,16,spec-table
ContactCars,https://www.contactcars.com/en/new-cars/kia-seltos/13d31e9c7e57,"Fri, 25 Sep 2026 12:32:31 GMT",4a225f035efed2699218e726b5f6d889a6bea541e09aa4b7817a1477382035f6,Kia,Seltos,,EX,2026,cb68666c87e5,Tire Type,All-Season,spec-table
ContactCars,https://www.contactcars.com/en/new-cars/kia-seltos/13d31e9c7e57,"Fri, 25 Sep 2026 12:32:31 GMT",4a225f035efed2699218e726b5f6d889a6bea541e09aa4b7817a1477382035f6,Kia,Seltos,,EX,2026,60199ad52a420993a3e8236a,Airbag Count,2,spec-table
ContactCars,https://www.contactcars.com/en/new-cars/kia-seltos/13d31e9c7e57,"Fri, 25 Sep 2026 12:32:31 GMT",4a225f035efed2699218e726b5f6d889a6bea541e09aa4b7817a1477382035f6,Kia,Seltos,,EX,2026,72fbbbfbb11f,Seat Upholestry,Cloth,spec-table
ContactCars,https://www.contactcars.com/en/new-cars/kia-seltos/13d31e9c7e57,"Fri, 25 Sep 2026 12:32:31 GMT",4a225f035efed2699218e726b5f6d889a6bea541e09aa4b7817a1477382035f6,Kia,Seltos,,EX,2026,40e24a4a83e0,Gearbox Selector,Mechanical,spec-table
ContactCars,https://www.contactcars.com/en/new-cars/kia-seltos/13d31e9c7e57,"Fri, 25 Sep 2026 12:32:31 GMT",4a225f035efed2699218e726b5f6d889a6bea541e09aa4b7817a1477382035f6,Kia,Seltos,,EX,2026,60199ad52a420993a3e8238f,Driver Seat,Manual,spec-table
ContactCars,https://www.contactcars.com/en/new-cars/kia-seltos/13d31e9c7e57,"Fri, 25 Sep 2026 12:32:31 GMT",4a225f035efed2699218e726b5f6d889a6bea541e09aa4b7817a1477382035f6,Kia,Seltos,,EX,2026,60199ad52a420993a3e8239d,Infotainment Display Size,10٫25,spec-table
ContactCars,https://www.contactcars.com/en/new-cars/kia-seltos/13d31e9c7e57,"Fri, 25 Sep 2026 12:32:31 GMT",4a225f035efed2699218e726b5f6d889a6bea541e09aa4b7817a1477382035f6,Kia,Seltos,,EX,2026,60199ad52a420993a3e8237c,Instrument Cluster Type,Partial Digital,spec-table
ContactCars,https://www.contactcars.com/en/new-cars/kia-seltos/13d31e9c7e57,"Fri, 25 Sep 2026 12:32:31 GMT",4a225f035efed2699218e726b5f6d889a6bea541e09aa4b7817a1477382035f6,Kia,Seltos,,EX,2026,60199ad52a420993a3e8239c,Smartphone Integration,Android Auto/Apple Car Play,spec-table
ContactCars,https://www.contactcars.com/en/new-cars/kia-seltos/13d31e9c7e57,"Fri, 25 Sep 2026 12:32:31 GMT",4a225f035efed2699218e726b5f6d889a6bea541e09aa4b7817a1477382035f6,Kia,Seltos,,EX,2026,60199ad52a420993a3e8236d,Headlamps,Halogen,spec-table
ContactCars,https://www.contactcars.com/en/new-cars/kia-seltos/13d31e9c7e57,"Fri, 25 Sep 2026 12:32:31 GMT",4a225f035efed2699218e726b5f6d889a6bea541e09aa4b7817a1477382035f6,Kia,Seltos,,EX,2026,60199ad52a420993a3e8236e,Tail Lights,LED,spec-table
ContactCars,https://www.contactcars.com/en/new-cars/kia-seltos/13d31e9c7e57,"Fri, 25 Sep 2026 12:32:31 GMT",4a225f035efed2699218e726b5f6d889a6bea541e09aa4b7817a1477382035f6,Kia,Seltos,,EX,2026,62a5f51c3b190c24efacbe38,Basic Vehicle Warranty,"5 years or 100,000 km - خمس سنوات أو 100,000 ألف كم",spec-table
ContactCars,https://www.contactcars.com/en/new-cars/kia-seltos/e5b1c5af2e26,"Fri, 25 Sep 2026 12:32:32 GMT",6931454d4c1e687b3d1d60a559ecf83a46c372d9f0dba9eca9dbb5582780ec9c,Kia,Seltos,,Topline Turbo,2026,jsonld:offer_price_egp,offer_price_egp,1625000,json-ld
ContactCars,https://www.contactcars.com/en/new-cars/kia-seltos/e5b1c5af2e26,"Fri, 25 Sep 2026 12:32:32 GMT",6931454d4c1e687b3d1d60a559ecf83a46c372d9f0dba9eca9dbb5582780ec9c,Kia,Seltos,,Topline Turbo,2026,jsonld:fuelType,fuelType,Gas,json-ld
ContactCars,https://www.contactcars.com/en/new-cars/kia-seltos/e5b1c5af2e26,"Fri, 25 Sep 2026 12:32:32 GMT",6931454d4c1e687b3d1d60a559ecf83a46c372d9f0dba9eca9dbb5582780ec9c,Kia,Seltos,,Topline Turbo,2026,jsonld:engineDisplacement,engineDisplacement,1400,json-ld
ContactCars,https://www.contactcars.com/en/new-cars/kia-seltos/e5b1c5af2e26,"Fri, 25 Sep 2026 12:32:32 GMT",6931454d4c1e687b3d1d60a559ecf83a46c372d9f0dba9eca9dbb5582780ec9c,Kia,Seltos,,Topline Turbo,2026,jsonld:vehicleTransmission,vehicleTransmission,Automatic,json-ld
ContactCars,https://www.contactcars.com/en/new-cars/kia-seltos/e5b1c5af2e26,"Fri, 25 Sep 2026 12:32:32 GMT",6931454d4c1e687b3d1d60a559ecf83a46c372d9f0dba9eca9dbb5582780ec9c,Kia,Seltos,,Topline Turbo,2026,jsonld:bodyType,bodyType,SUV,json-ld
ContactCars,https://www.contactcars.com/en/new-cars/kia-seltos/e5b1c5af2e26,"Fri, 25 Sep 2026 12:32:32 GMT",6931454d4c1e687b3d1d60a559ecf83a46c372d9f0dba9eca9dbb5582780ec9c,Kia,Seltos,,Topline Turbo,2026,jsonld:assembly_country,assembly_country,China,json-ld
ContactCars,https://www.contactcars.com/en/new-cars/kia-seltos/e5b1c5af2e26,"Fri, 25 Sep 2026 12:32:32 GMT",6931454d4c1e687b3d1d60a559ecf83a46c372d9f0dba9eca9dbb5582780ec9c,Kia,Seltos,,Topline Turbo,2026,1cff89624677,Vehicle Size Class,Subcompact,spec-table
ContactCars,https://www.contactcars.com/en/new-cars/kia-seltos/e5b1c5af2e26,"Fri, 25 Sep 2026 12:32:32 GMT",6931454d4c1e687b3d1d60a559ecf83a46c372d9f0dba9eca9dbb5582780ec9c,Kia,Seltos,,Topline Turbo,2026,5bedd1146e88,Body Style,SUV,spec-table
ContactCars,https://www.contactcars.com/en/new-cars/kia-seltos/e5b1c5af2e26,"Fri, 25 Sep 2026 12:32:32 GMT",6931454d4c1e687b3d1d60a559ecf83a46c372d9f0dba9eca9dbb5582780ec9c,Kia,Seltos,,Topline Turbo,2026,13a10f395a87,Number of Doors,4,spec-table
ContactCars,https://www.contactcars.com/en/new-cars/kia-seltos/e5b1c5af2e26,"Fri, 25 Sep 2026 12:32:32 GMT",6931454d4c1e687b3d1d60a559ecf83a46c372d9f0dba9eca9dbb5582780ec9c,Kia,Seltos,,Topline Turbo,2026,60199ad52a420993a3e82387,Number of Seats,5,spec-table
ContactCars,https://www.contactcars.com/en/new-cars/kia-seltos/e5b1c5af2e26,"Fri, 25 Sep 2026 12:32:32 GMT",6931454d4c1e687b3d1d60a559ecf83a46c372d9f0dba9eca9dbb5582780ec9c,Kia,Seltos,,Topline Turbo,2026,60199ad52a420993a3e823a4,Rear Trunk Capacity (Liter),429,spec-table
ContactCars,https://www.contactcars.com/en/new-cars/kia-seltos/e5b1c5af2e26,"Fri, 25 Sep 2026 12:32:32 GMT",6931454d4c1e687b3d1d60a559ecf83a46c372d9f0dba9eca9dbb5582780ec9c,Kia,Seltos,,Topline Turbo,2026,603647429f57461ab1a74148,Length (mm),4385,spec-table
ContactCars,https://www.contactcars.com/en/new-cars/kia-seltos/e5b1c5af2e26,"Fri, 25 Sep 2026 12:32:32 GMT",6931454d4c1e687b3d1d60a559ecf83a46c372d9f0dba9eca9dbb5582780ec9c,Kia,Seltos,,Topline Turbo,2026,6036477d9f57461ab1a74149,Width (mm),1800,spec-table
ContactCars,https://www.contactcars.com/en/new-cars/kia-seltos/e5b1c5af2e26,"Fri, 25 Sep 2026 12:32:32 GMT",6931454d4c1e687b3d1d60a559ecf83a46c372d9f0dba9eca9dbb5582780ec9c,Kia,Seltos,,Topline Turbo,2026,603647a49f57461ab1a7414a,Height (mm),1620,spec-table
ContactCars,https://www.contactcars.com/en/new-cars/kia-seltos/e5b1c5af2e26,"Fri, 25 Sep 2026 12:32:32 GMT",6931454d4c1e687b3d1d60a559ecf83a46c372d9f0dba9eca9dbb5582780ec9c,Kia,Seltos,,Topline Turbo,2026,6033cae86136e6f66151c687,Wheelbase (mm),2630,spec-table
ContactCars,https://www.contactcars.com/en/new-cars/kia-seltos/e5b1c5af2e26,"Fri, 25 Sep 2026 12:32:32 GMT",6931454d4c1e687b3d1d60a559ecf83a46c372d9f0dba9eca9dbb5582780ec9c,Kia,Seltos,,Topline Turbo,2026,6033cbc86136e6f66151c688,Ground Clearance (mm),190,spec-table
ContactCars,https://www.contactcars.com/en/new-cars/kia-seltos/e5b1c5af2e26,"Fri, 25 Sep 2026 12:32:32 GMT",6931454d4c1e687b3d1d60a559ecf83a46c372d9f0dba9eca9dbb5582780ec9c,Kia,Seltos,,Topline Turbo,2026,1b9f93607f48,Powertrain Type,ICE (Petrol),spec-table
ContactCars,https://www.contactcars.com/en/new-cars/kia-seltos/e5b1c5af2e26,"Fri, 25 Sep 2026 12:32:32 GMT",6931454d4c1e687b3d1d60a559ecf83a46c372d9f0dba9eca9dbb5582780ec9c,Kia,Seltos,,Topline Turbo,2026,60199ad52a420993a3e82353,Combined Maximum Power (HP @ RPM),140,spec-table
ContactCars,https://www.contactcars.com/en/new-cars/kia-seltos/e5b1c5af2e26,"Fri, 25 Sep 2026 12:32:32 GMT",6931454d4c1e687b3d1d60a559ecf83a46c372d9f0dba9eca9dbb5582780ec9c,Kia,Seltos,,Topline Turbo,2026,60199ad52a420993a3e82354,Combined Maximum Torque (N.m @ RPM),247 @ 3200,spec-table
ContactCars,https://www.contactcars.com/en/new-cars/kia-seltos/e5b1c5af2e26,"Fri, 25 Sep 2026 12:32:32 GMT",6931454d4c1e687b3d1d60a559ecf83a46c372d9f0dba9eca9dbb5582780ec9c,Kia,Seltos,,Topline Turbo,2026,60199ad52a420993a3e82359,Fuel Tank Capacity (Litre),50,spec-table
ContactCars,https://www.contactcars.com/en/new-cars/kia-seltos/e5b1c5af2e26,"Fri, 25 Sep 2026 12:32:32 GMT",6931454d4c1e687b3d1d60a559ecf83a46c372d9f0dba9eca9dbb5582780ec9c,Kia,Seltos,,Topline Turbo,2026,bc8f5919d91f,Engine Type,Inline-4,spec-table
ContactCars,https://www.contactcars.com/en/new-cars/kia-seltos/e5b1c5af2e26,"Fri, 25 Sep 2026 12:32:32 GMT",6931454d4c1e687b3d1d60a559ecf83a46c372d9f0dba9eca9dbb5582780ec9c,Kia,Seltos,,Topline Turbo,2026,0922a30a7f46,Engine Function,Drive Wheels,spec-table
ContactCars,https://www.contactcars.com/en/new-cars/kia-seltos/e5b1c5af2e26,"Fri, 25 Sep 2026 12:32:32 GMT",6931454d4c1e687b3d1d60a559ecf83a46c372d9f0dba9eca9dbb5582780ec9c,Kia,Seltos,,Topline Turbo,2026,60199ad52a420993a3e82352,Cylinders,4,spec-table
ContactCars,https://www.contactcars.com/en/new-cars/kia-seltos/e5b1c5af2e26,"Fri, 25 Sep 2026 12:32:32 GMT",6931454d4c1e687b3d1d60a559ecf83a46c372d9f0dba9eca9dbb5582780ec9c,Kia,Seltos,,Topline Turbo,2026,62445feaba30183d7791942d,Engine Capacity (CC),1400,spec-table
ContactCars,https://www.contactcars.com/en/new-cars/kia-seltos/e5b1c5af2e26,"Fri, 25 Sep 2026 12:32:32 GMT",6931454d4c1e687b3d1d60a559ecf83a46c372d9f0dba9eca9dbb5582780ec9c,Kia,Seltos,,Topline Turbo,2026,6244616cba30183d7791942f,Induction Type,Turbocharged,spec-table
ContactCars,https://www.contactcars.com/en/new-cars/kia-seltos/e5b1c5af2e26,"Fri, 25 Sep 2026 12:32:32 GMT",6931454d4c1e687b3d1d60a559ecf83a46c372d9f0dba9eca9dbb5582780ec9c,Kia,Seltos,,Topline Turbo,2026,62445f6cba30183d7791942c,Engine Layout,Front,spec-table
ContactCars,https://www.contactcars.com/en/new-cars/kia-seltos/e5b1c5af2e26,"Fri, 25 Sep 2026 12:32:32 GMT",6931454d4c1e687b3d1d60a559ecf83a46c372d9f0dba9eca9dbb5582780ec9c,Kia,Seltos,,Topline Turbo,2026,ae3798f5fd83,Drivetrain Type,FWD (Front-Wheel Drive),spec-table
ContactCars,https://www.contactcars.com/en/new-cars/kia-seltos/e5b1c5af2e26,"Fri, 25 Sep 2026 12:32:32 GMT",6931454d4c1e687b3d1d60a559ecf83a46c372d9f0dba9eca9dbb5582780ec9c,Kia,Seltos,,Topline Turbo,2026,fd8d1904b500,Transmission Type,Automatic,spec-table
ContactCars,https://www.contactcars.com/en/new-cars/kia-seltos/e5b1c5af2e26,"Fri, 25 Sep 2026 12:32:32 GMT",6931454d4c1e687b3d1d60a559ecf83a46c372d9f0dba9eca9dbb5582780ec9c,Kia,Seltos,,Topline Turbo,2026,5229867ce0fa,Transmission Technology,Dry DCT (Dual-Clutch Transmission),spec-table
ContactCars,https://www.contactcars.com/en/new-cars/kia-seltos/e5b1c5af2e26,"Fri, 25 Sep 2026 12:32:32 GMT",6931454d4c1e687b3d1d60a559ecf83a46c372d9f0dba9eca9dbb5582780ec9c,Kia,Seltos,,Topline Turbo,2026,60199ad52a420993a3e8235d,Power Steering Type,Electric,spec-table
ContactCars,https://www.contactcars.com/en/new-cars/kia-seltos/e5b1c5af2e26,"Fri, 25 Sep 2026 12:32:32 GMT",6931454d4c1e687b3d1d60a559ecf83a46c372d9f0dba9eca9dbb5582780ec9c,Kia,Seltos,,Topline Turbo,2026,602fa37cd768,Steering Adjustment Ops,Manual,spec-table
ContactCars,https://www.contactcars.com/en/new-cars/kia-seltos/e5b1c5af2e26,"Fri, 25 Sep 2026 12:32:32 GMT",6931454d4c1e687b3d1d60a559ecf83a46c372d9f0dba9eca9dbb5582780ec9c,Kia,Seltos,,Topline Turbo,2026,e78c472170c2,Front Suspension Type,MacPherson,spec-table
ContactCars,https://www.contactcars.com/en/new-cars/kia-seltos/e5b1c5af2e26,"Fri, 25 Sep 2026 12:32:32 GMT",6931454d4c1e687b3d1d60a559ecf83a46c372d9f0dba9eca9dbb5582780ec9c,Kia,Seltos,,Topline Turbo,2026,d7a33f9ff1ff,Rear Suspension Type,Torsion Beam,spec-table
ContactCars,https://www.contactcars.com/en/new-cars/kia-seltos/e5b1c5af2e26,"Fri, 25 Sep 2026 12:32:32 GMT",6931454d4c1e687b3d1d60a559ecf83a46c372d9f0dba9eca9dbb5582780ec9c,Kia,Seltos,,Topline Turbo,2026,58f344b6ff55,Front Brakes Type,Solid Disc Brakes,spec-table
ContactCars,https://www.contactcars.com/en/new-cars/kia-seltos/e5b1c5af2e26,"Fri, 25 Sep 2026 12:32:32 GMT",6931454d4c1e687b3d1d60a559ecf83a46c372d9f0dba9eca9dbb5582780ec9c,Kia,Seltos,,Topline Turbo,2026,eb24327dbe4e,Rear Brakes Type,Solid Disc Brakes,spec-table
ContactCars,https://www.contactcars.com/en/new-cars/kia-seltos/e5b1c5af2e26,"Fri, 25 Sep 2026 12:32:32 GMT",6931454d4c1e687b3d1d60a559ecf83a46c372d9f0dba9eca9dbb5582780ec9c,Kia,Seltos,,Topline Turbo,2026,4ed8405e7e5b,Hand Brake Type,Electronic,spec-table
ContactCars,https://www.contactcars.com/en/new-cars/kia-seltos/e5b1c5af2e26,"Fri, 25 Sep 2026 12:32:32 GMT",6931454d4c1e687b3d1d60a559ecf83a46c372d9f0dba9eca9dbb5582780ec9c,Kia,Seltos,,Topline Turbo,2026,d4b30096d663,Wheel Type,Alloy,spec-table
ContactCars,https://www.contactcars.com/en/new-cars/kia-seltos/e5b1c5af2e26,"Fri, 25 Sep 2026 12:32:32 GMT",6931454d4c1e687b3d1d60a559ecf83a46c372d9f0dba9eca9dbb5582780ec9c,Kia,Seltos,,Topline Turbo,2026,1831c41b7b17,Front Wheel Size,17,spec-table
ContactCars,https://www.contactcars.com/en/new-cars/kia-seltos/e5b1c5af2e26,"Fri, 25 Sep 2026 12:32:32 GMT",6931454d4c1e687b3d1d60a559ecf83a46c372d9f0dba9eca9dbb5582780ec9c,Kia,Seltos,,Topline Turbo,2026,1f4797b49117,Rear Wheel Size,17,spec-table
ContactCars,https://www.contactcars.com/en/new-cars/kia-seltos/e5b1c5af2e26,"Fri, 25 Sep 2026 12:32:32 GMT",6931454d4c1e687b3d1d60a559ecf83a46c372d9f0dba9eca9dbb5582780ec9c,Kia,Seltos,,Topline Turbo,2026,cb68666c87e5,Tire Type,All-Season,spec-table
ContactCars,https://www.contactcars.com/en/new-cars/kia-seltos/e5b1c5af2e26,"Fri, 25 Sep 2026 12:32:32 GMT",6931454d4c1e687b3d1d60a559ecf83a46c372d9f0dba9eca9dbb5582780ec9c,Kia,Seltos,,Topline Turbo,2026,72fbbbfbb11f,Seat Upholestry,Leather,spec-table
ContactCars,https://www.contactcars.com/en/new-cars/kia-seltos/e5b1c5af2e26,"Fri, 25 Sep 2026 12:32:32 GMT",6931454d4c1e687b3d1d60a559ecf83a46c372d9f0dba9eca9dbb5582780ec9c,Kia,Seltos,,Topline Turbo,2026,40e24a4a83e0,Gearbox Selector,Mechanical,spec-table
ContactCars,https://www.contactcars.com/en/new-cars/kia-seltos/e5b1c5af2e26,"Fri, 25 Sep 2026 12:32:32 GMT",6931454d4c1e687b3d1d60a559ecf83a46c372d9f0dba9eca9dbb5582780ec9c,Kia,Seltos,,Topline Turbo,2026,60199ad52a420993a3e8238f,Driver Seat,Driver Seat Electric,spec-table
ContactCars,https://www.contactcars.com/en/new-cars/kia-seltos/e5b1c5af2e26,"Fri, 25 Sep 2026 12:32:32 GMT",6931454d4c1e687b3d1d60a559ecf83a46c372d9f0dba9eca9dbb5582780ec9c,Kia,Seltos,,Topline Turbo,2026,60199ad52a420993a3e8239d,Infotainment Display Size,10٫25,spec-table
ContactCars,https://www.contactcars.com/en/new-cars/kia-seltos/e5b1c5af2e26,"Fri, 25 Sep 2026 12:32:32 GMT",6931454d4c1e687b3d1d60a559ecf83a46c372d9f0dba9eca9dbb5582780ec9c,Kia,Seltos,,Topline Turbo,2026,60199ad52a420993a3e8237c,Instrument Cluster Type,Digital,spec-table
ContactCars,https://www.contactcars.com/en/new-cars/kia-seltos/e5b1c5af2e26,"Fri, 25 Sep 2026 12:32:32 GMT",6931454d4c1e687b3d1d60a559ecf83a46c372d9f0dba9eca9dbb5582780ec9c,Kia,Seltos,,Topline Turbo,2026,75fe2b7d7bc2,Instrument Cluster Size,10٫25,spec-table
ContactCars,https://www.contactcars.com/en/new-cars/kia-seltos/e5b1c5af2e26,"Fri, 25 Sep 2026 12:32:32 GMT",6931454d4c1e687b3d1d60a559ecf83a46c372d9f0dba9eca9dbb5582780ec9c,Kia,Seltos,,Topline Turbo,2026,60199ad52a420993a3e8239c,Smartphone Integration,Android Auto/Apple Car Play,spec-table
ContactCars,https://www.contactcars.com/en/new-cars/kia-seltos/e5b1c5af2e26,"Fri, 25 Sep 2026 12:32:32 GMT",6931454d4c1e687b3d1d60a559ecf83a46c372d9f0dba9eca9dbb5582780ec9c,Kia,Seltos,,Topline Turbo,2026,60199ad52a420993a3e8236d,Headlamps,LED,spec-table
ContactCars,https://www.contactcars.com/en/new-cars/kia-seltos/e5b1c5af2e26,"Fri, 25 Sep 2026 12:32:32 GMT",6931454d4c1e687b3d1d60a559ecf83a46c372d9f0dba9eca9dbb5582780ec9c,Kia,Seltos,,Topline Turbo,2026,60199ad52a420993a3e8236e,Tail Lights,LED,spec-table
ContactCars,https://www.contactcars.com/en/new-cars/kia-seltos/e5b1c5af2e26,"Fri, 25 Sep 2026 12:32:32 GMT",6931454d4c1e687b3d1d60a559ecf83a46c372d9f0dba9eca9dbb5582780ec9c,Kia,Seltos,,Topline Turbo,2026,62a5f51c3b190c24efacbe38,Basic Vehicle Warranty,"5 years or 100,000 km - خمس سنوات أو 100,000 ألف كم",spec-table
ContactCars,https://www.contactcars.com/en/new-cars/kia-seltos/fd06107c991d,"Fri, 25 Sep 2026 12:32:34 GMT",19c41a65d1f7abd7a8ad135d1f10b3f5413d199ec61fd690fc5fac93004c754f,Kia,Seltos,,Highline Turbo,2026,jsonld:offer_price_egp,offer_price_egp,1500000,json-ld
ContactCars,https://www.contactcars.com/en/new-cars/kia-seltos/fd06107c991d,"Fri, 25 Sep 2026 12:32:34 GMT",19c41a65d1f7abd7a8ad135d1f10b3f5413d199ec61fd690fc5fac93004c754f,Kia,Seltos,,Highline Turbo,2026,jsonld:fuelType,fuelType,Gas,json-ld
ContactCars,https://www.contactcars.com/en/new-cars/kia-seltos/fd06107c991d,"Fri, 25 Sep 2026 12:32:34 GMT",19c41a65d1f7abd7a8ad135d1f10b3f5413d199ec61fd690fc5fac93004c754f,Kia,Seltos,,Highline Turbo,2026,jsonld:engineDisplacement,engineDisplacement,1400,json-ld
ContactCars,https://www.contactcars.com/en/new-cars/kia-seltos/fd06107c991d,"Fri, 25 Sep 2026 12:32:34 GMT",19c41a65d1f7abd7a8ad135d1f10b3f5413d199ec61fd690fc5fac93004c754f,Kia,Seltos,,Highline Turbo,2026,jsonld:vehicleTransmission,vehicleTransmission,Automatic,json-ld
ContactCars,https://www.contactcars.com/en/new-cars/kia-seltos/fd06107c991d,"Fri, 25 Sep 2026 12:32:34 GMT",19c41a65d1f7abd7a8ad135d1f10b3f5413d199ec61fd690fc5fac93004c754f,Kia,Seltos,,Highline Turbo,2026,jsonld:bodyType,bodyType,SUV,json-ld
ContactCars,https://www.contactcars.com/en/new-cars/kia-seltos/fd06107c991d,"Fri, 25 Sep 2026 12:32:34 GMT",19c41a65d1f7abd7a8ad135d1f10b3f5413d199ec61fd690fc5fac93004c754f,Kia,Seltos,,Highline Turbo,2026,jsonld:assembly_country,assembly_country,China,json-ld
ContactCars,https://www.contactcars.com/en/new-cars/kia-seltos/fd06107c991d,"Fri, 25 Sep 2026 12:32:34 GMT",19c41a65d1f7abd7a8ad135d1f10b3f5413d199ec61fd690fc5fac93004c754f,Kia,Seltos,,Highline Turbo,2026,1cff89624677,Vehicle Size Class,Subcompact,spec-table
ContactCars,https://www.contactcars.com/en/new-cars/kia-seltos/fd06107c991d,"Fri, 25 Sep 2026 12:32:34 GMT",19c41a65d1f7abd7a8ad135d1f10b3f5413d199ec61fd690fc5fac93004c754f,Kia,Seltos,,Highline Turbo,2026,5bedd1146e88,Body Style,SUV,spec-table
ContactCars,https://www.contactcars.com/en/new-cars/kia-seltos/fd06107c991d,"Fri, 25 Sep 2026 12:32:34 GMT",19c41a65d1f7abd7a8ad135d1f10b3f5413d199ec61fd690fc5fac93004c754f,Kia,Seltos,,Highline Turbo,2026,13a10f395a87,Number of Doors,4,spec-table
ContactCars,https://www.contactcars.com/en/new-cars/kia-seltos/fd06107c991d,"Fri, 25 Sep 2026 12:32:34 GMT",19c41a65d1f7abd7a8ad135d1f10b3f5413d199ec61fd690fc5fac93004c754f,Kia,Seltos,,Highline Turbo,2026,60199ad52a420993a3e82387,Number of Seats,5,spec-table
ContactCars,https://www.contactcars.com/en/new-cars/kia-seltos/fd06107c991d,"Fri, 25 Sep 2026 12:32:34 GMT",19c41a65d1f7abd7a8ad135d1f10b3f5413d199ec61fd690fc5fac93004c754f,Kia,Seltos,,Highline Turbo,2026,60199ad52a420993a3e823a4,Rear Trunk Capacity (Liter),429,spec-table
ContactCars,https://www.contactcars.com/en/new-cars/kia-seltos/fd06107c991d,"Fri, 25 Sep 2026 12:32:34 GMT",19c41a65d1f7abd7a8ad135d1f10b3f5413d199ec61fd690fc5fac93004c754f,Kia,Seltos,,Highline Turbo,2026,603647429f57461ab1a74148,Length (mm),4385,spec-table
ContactCars,https://www.contactcars.com/en/new-cars/kia-seltos/fd06107c991d,"Fri, 25 Sep 2026 12:32:34 GMT",19c41a65d1f7abd7a8ad135d1f10b3f5413d199ec61fd690fc5fac93004c754f,Kia,Seltos,,Highline Turbo,2026,6036477d9f57461ab1a74149,Width (mm),1800,spec-table
ContactCars,https://www.contactcars.com/en/new-cars/kia-seltos/fd06107c991d,"Fri, 25 Sep 2026 12:32:34 GMT",19c41a65d1f7abd7a8ad135d1f10b3f5413d199ec61fd690fc5fac93004c754f,Kia,Seltos,,Highline Turbo,2026,603647a49f57461ab1a7414a,Height (mm),1620,spec-table
ContactCars,https://www.contactcars.com/en/new-cars/kia-seltos/fd06107c991d,"Fri, 25 Sep 2026 12:32:34 GMT",19c41a65d1f7abd7a8ad135d1f10b3f5413d199ec61fd690fc5fac93004c754f,Kia,Seltos,,Highline Turbo,2026,6033cae86136e6f66151c687,Wheelbase (mm),2630,spec-table
ContactCars,https://www.contactcars.com/en/new-cars/kia-seltos/fd06107c991d,"Fri, 25 Sep 2026 12:32:34 GMT",19c41a65d1f7abd7a8ad135d1f10b3f5413d199ec61fd690fc5fac93004c754f,Kia,Seltos,,Highline Turbo,2026,6033cbc86136e6f66151c688,Ground Clearance (mm),190,spec-table
ContactCars,https://www.contactcars.com/en/new-cars/kia-seltos/fd06107c991d,"Fri, 25 Sep 2026 12:32:34 GMT",19c41a65d1f7abd7a8ad135d1f10b3f5413d199ec61fd690fc5fac93004c754f,Kia,Seltos,,Highline Turbo,2026,1b9f93607f48,Powertrain Type,ICE (Petrol),spec-table
ContactCars,https://www.contactcars.com/en/new-cars/kia-seltos/fd06107c991d,"Fri, 25 Sep 2026 12:32:34 GMT",19c41a65d1f7abd7a8ad135d1f10b3f5413d199ec61fd690fc5fac93004c754f,Kia,Seltos,,Highline Turbo,2026,60199ad52a420993a3e82353,Combined Maximum Power (HP @ RPM),140,spec-table
ContactCars,https://www.contactcars.com/en/new-cars/kia-seltos/fd06107c991d,"Fri, 25 Sep 2026 12:32:34 GMT",19c41a65d1f7abd7a8ad135d1f10b3f5413d199ec61fd690fc5fac93004c754f,Kia,Seltos,,Highline Turbo,2026,60199ad52a420993a3e82354,Combined Maximum Torque (N.m @ RPM),247 @ 3200,spec-table
ContactCars,https://www.contactcars.com/en/new-cars/kia-seltos/fd06107c991d,"Fri, 25 Sep 2026 12:32:34 GMT",19c41a65d1f7abd7a8ad135d1f10b3f5413d199ec61fd690fc5fac93004c754f,Kia,Seltos,,Highline Turbo,2026,60199ad52a420993a3e82359,Fuel Tank Capacity (Litre),50,spec-table
ContactCars,https://www.contactcars.com/en/new-cars/kia-seltos/fd06107c991d,"Fri, 25 Sep 2026 12:32:34 GMT",19c41a65d1f7abd7a8ad135d1f10b3f5413d199ec61fd690fc5fac93004c754f,Kia,Seltos,,Highline Turbo,2026,bc8f5919d91f,Engine Type,Inline-4,spec-table
ContactCars,https://www.contactcars.com/en/new-cars/kia-seltos/fd06107c991d,"Fri, 25 Sep 2026 12:32:34 GMT",19c41a65d1f7abd7a8ad135d1f10b3f5413d199ec61fd690fc5fac93004c754f,Kia,Seltos,,Highline Turbo,2026,0922a30a7f46,Engine Function,Drive Wheels,spec-table
ContactCars,https://www.contactcars.com/en/new-cars/kia-seltos/fd06107c991d,"Fri, 25 Sep 2026 12:32:34 GMT",19c41a65d1f7abd7a8ad135d1f10b3f5413d199ec61fd690fc5fac93004c754f,Kia,Seltos,,Highline Turbo,2026,60199ad52a420993a3e82352,Cylinders,4,spec-table
ContactCars,https://www.contactcars.com/en/new-cars/kia-seltos/fd06107c991d,"Fri, 25 Sep 2026 12:32:34 GMT",19c41a65d1f7abd7a8ad135d1f10b3f5413d199ec61fd690fc5fac93004c754f,Kia,Seltos,,Highline Turbo,2026,62445feaba30183d7791942d,Engine Capacity (CC),1400,spec-table
ContactCars,https://www.contactcars.com/en/new-cars/kia-seltos/fd06107c991d,"Fri, 25 Sep 2026 12:32:34 GMT",19c41a65d1f7abd7a8ad135d1f10b3f5413d199ec61fd690fc5fac93004c754f,Kia,Seltos,,Highline Turbo,2026,6244616cba30183d7791942f,Induction Type,Turbocharged,spec-table
ContactCars,https://www.contactcars.com/en/new-cars/kia-seltos/fd06107c991d,"Fri, 25 Sep 2026 12:32:34 GMT",19c41a65d1f7abd7a8ad135d1f10b3f5413d199ec61fd690fc5fac93004c754f,Kia,Seltos,,Highline Turbo,2026,62445f6cba30183d7791942c,Engine Layout,Front,spec-table
ContactCars,https://www.contactcars.com/en/new-cars/kia-seltos/fd06107c991d,"Fri, 25 Sep 2026 12:32:34 GMT",19c41a65d1f7abd7a8ad135d1f10b3f5413d199ec61fd690fc5fac93004c754f,Kia,Seltos,,Highline Turbo,2026,ae3798f5fd83,Drivetrain Type,FWD (Front-Wheel Drive),spec-table
ContactCars,https://www.contactcars.com/en/new-cars/kia-seltos/fd06107c991d,"Fri, 25 Sep 2026 12:32:34 GMT",19c41a65d1f7abd7a8ad135d1f10b3f5413d199ec61fd690fc5fac93004c754f,Kia,Seltos,,Highline Turbo,2026,fd8d1904b500,Transmission Type,Automatic,spec-table
ContactCars,https://www.contactcars.com/en/new-cars/kia-seltos/fd06107c991d,"Fri, 25 Sep 2026 12:32:34 GMT",19c41a65d1f7abd7a8ad135d1f10b3f5413d199ec61fd690fc5fac93004c754f,Kia,Seltos,,Highline Turbo,2026,5229867ce0fa,Transmission Technology,Dry DCT (Dual-Clutch Transmission),spec-table
ContactCars,https://www.contactcars.com/en/new-cars/kia-seltos/fd06107c991d,"Fri, 25 Sep 2026 12:32:34 GMT",19c41a65d1f7abd7a8ad135d1f10b3f5413d199ec61fd690fc5fac93004c754f,Kia,Seltos,,Highline Turbo,2026,60199ad52a420993a3e8235d,Power Steering Type,Electric,spec-table
ContactCars,https://www.contactcars.com/en/new-cars/kia-seltos/fd06107c991d,"Fri, 25 Sep 2026 12:32:34 GMT",19c41a65d1f7abd7a8ad135d1f10b3f5413d199ec61fd690fc5fac93004c754f,Kia,Seltos,,Highline Turbo,2026,602fa37cd768,Steering Adjustment Ops,Manual,spec-table
ContactCars,https://www.contactcars.com/en/new-cars/kia-seltos/fd06107c991d,"Fri, 25 Sep 2026 12:32:34 GMT",19c41a65d1f7abd7a8ad135d1f10b3f5413d199ec61fd690fc5fac93004c754f,Kia,Seltos,,Highline Turbo,2026,e78c472170c2,Front Suspension Type,MacPherson,spec-table
ContactCars,https://www.contactcars.com/en/new-cars/kia-seltos/fd06107c991d,"Fri, 25 Sep 2026 12:32:34 GMT",19c41a65d1f7abd7a8ad135d1f10b3f5413d199ec61fd690fc5fac93004c754f,Kia,Seltos,,Highline Turbo,2026,d7a33f9ff1ff,Rear Suspension Type,Torsion Beam,spec-table
ContactCars,https://www.contactcars.com/en/new-cars/kia-seltos/fd06107c991d,"Fri, 25 Sep 2026 12:32:34 GMT",19c41a65d1f7abd7a8ad135d1f10b3f5413d199ec61fd690fc5fac93004c754f,Kia,Seltos,,Highline Turbo,2026,58f344b6ff55,Front Brakes Type,Solid Disc Brakes,spec-table
ContactCars,https://www.contactcars.com/en/new-cars/kia-seltos/fd06107c991d,"Fri, 25 Sep 2026 12:32:34 GMT",19c41a65d1f7abd7a8ad135d1f10b3f5413d199ec61fd690fc5fac93004c754f,Kia,Seltos,,Highline Turbo,2026,eb24327dbe4e,Rear Brakes Type,Solid Disc Brakes,spec-table
ContactCars,https://www.contactcars.com/en/new-cars/kia-seltos/fd06107c991d,"Fri, 25 Sep 2026 12:32:34 GMT",19c41a65d1f7abd7a8ad135d1f10b3f5413d199ec61fd690fc5fac93004c754f,Kia,Seltos,,Highline Turbo,2026,4ed8405e7e5b,Hand Brake Type,Electronic,spec-table
ContactCars,https://www.contactcars.com/en/new-cars/kia-seltos/fd06107c991d,"Fri, 25 Sep 2026 12:32:34 GMT",19c41a65d1f7abd7a8ad135d1f10b3f5413d199ec61fd690fc5fac93004c754f,Kia,Seltos,,Highline Turbo,2026,d4b30096d663,Wheel Type,Alloy,spec-table
ContactCars,https://www.contactcars.com/en/new-cars/kia-seltos/fd06107c991d,"Fri, 25 Sep 2026 12:32:34 GMT",19c41a65d1f7abd7a8ad135d1f10b3f5413d199ec61fd690fc5fac93004c754f,Kia,Seltos,,Highline Turbo,2026,1831c41b7b17,Front Wheel Size,17,spec-table
ContactCars,https://www.contactcars.com/en/new-cars/kia-seltos/fd06107c991d,"Fri, 25 Sep 2026 12:32:34 GMT",19c41a65d1f7abd7a8ad135d1f10b3f5413d199ec61fd690fc5fac93004c754f,Kia,Seltos,,Highline Turbo,2026,1f4797b49117,Rear Wheel Size,17,spec-table
ContactCars,https://www.contactcars.com/en/new-cars/kia-seltos/fd06107c991d,"Fri, 25 Sep 2026 12:32:34 GMT",19c41a65d1f7abd7a8ad135d1f10b3f5413d199ec61fd690fc5fac93004c754f,Kia,Seltos,,Highline Turbo,2026,cb68666c87e5,Tire Type,All-Season,spec-table
ContactCars,https://www.contactcars.com/en/new-cars/kia-seltos/fd06107c991d,"Fri, 25 Sep 2026 12:32:34 GMT",19c41a65d1f7abd7a8ad135d1f10b3f5413d199ec61fd690fc5fac93004c754f,Kia,Seltos,,Highline Turbo,2026,72fbbbfbb11f,Seat Upholestry,Cloth,spec-table
ContactCars,https://www.contactcars.com/en/new-cars/kia-seltos/fd06107c991d,"Fri, 25 Sep 2026 12:32:34 GMT",19c41a65d1f7abd7a8ad135d1f10b3f5413d199ec61fd690fc5fac93004c754f,Kia,Seltos,,Highline Turbo,2026,40e24a4a83e0,Gearbox Selector,Mechanical,spec-table
ContactCars,https://www.contactcars.com/en/new-cars/kia-seltos/fd06107c991d,"Fri, 25 Sep 2026 12:32:34 GMT",19c41a65d1f7abd7a8ad135d1f10b3f5413d199ec61fd690fc5fac93004c754f,Kia,Seltos,,Highline Turbo,2026,60199ad52a420993a3e8238f,Driver Seat,Manual,spec-table
ContactCars,https://www.contactcars.com/en/new-cars/kia-seltos/fd06107c991d,"Fri, 25 Sep 2026 12:32:34 GMT",19c41a65d1f7abd7a8ad135d1f10b3f5413d199ec61fd690fc5fac93004c754f,Kia,Seltos,,Highline Turbo,2026,60199ad52a420993a3e8239d,Infotainment Display Size,10٫25,spec-table
ContactCars,https://www.contactcars.com/en/new-cars/kia-seltos/fd06107c991d,"Fri, 25 Sep 2026 12:32:34 GMT",19c41a65d1f7abd7a8ad135d1f10b3f5413d199ec61fd690fc5fac93004c754f,Kia,Seltos,,Highline Turbo,2026,60199ad52a420993a3e8237c,Instrument Cluster Type,Partial Digital,spec-table
ContactCars,https://www.contactcars.com/en/new-cars/kia-seltos/fd06107c991d,"Fri, 25 Sep 2026 12:32:34 GMT",19c41a65d1f7abd7a8ad135d1f10b3f5413d199ec61fd690fc5fac93004c754f,Kia,Seltos,,Highline Turbo,2026,60199ad52a420993a3e8239c,Smartphone Integration,Android Auto/Apple Car Play,spec-table
ContactCars,https://www.contactcars.com/en/new-cars/kia-seltos/fd06107c991d,"Fri, 25 Sep 2026 12:32:34 GMT",19c41a65d1f7abd7a8ad135d1f10b3f5413d199ec61fd690fc5fac93004c754f,Kia,Seltos,,Highline Turbo,2026,60199ad52a420993a3e8236d,Headlamps,LED,spec-table
ContactCars,https://www.contactcars.com/en/new-cars/kia-seltos/fd06107c991d,"Fri, 25 Sep 2026 12:32:34 GMT",19c41a65d1f7abd7a8ad135d1f10b3f5413d199ec61fd690fc5fac93004c754f,Kia,Seltos,,Highline Turbo,2026,60199ad52a420993a3e8236e,Tail Lights,LED,spec-table
ContactCars,https://www.contactcars.com/en/new-cars/kia-seltos/fd06107c991d,"Fri, 25 Sep 2026 12:32:34 GMT",19c41a65d1f7abd7a8ad135d1f10b3f5413d199ec61fd690fc5fac93004c754f,Kia,Seltos,,Highline Turbo,2026,62a5f51c3b190c24efacbe38,Basic Vehicle Warranty,"5 years or 100,000 km - خمس سنوات أو 100,000 ألف كم",spec-table
ContactCars,https://www.contactcars.com/en/new-cars/kia-sportage/10551a66837e,"Fri, 25 Sep 2026 12:32:35 GMT",8f7cd59cd9c900c8a7361dca6041af181997e34c9efe88285b950d5267dbe1cb,Kia,Sportage,,Premium,2027,jsonld:offer_price_egp,offer_price_egp,2299900,json-ld
ContactCars,https://www.contactcars.com/en/new-cars/kia-sportage/10551a66837e,"Fri, 25 Sep 2026 12:32:35 GMT",8f7cd59cd9c900c8a7361dca6041af181997e34c9efe88285b950d5267dbe1cb,Kia,Sportage,,Premium,2027,jsonld:fuelType,fuelType,Gas,json-ld
ContactCars,https://www.contactcars.com/en/new-cars/kia-sportage/10551a66837e,"Fri, 25 Sep 2026 12:32:35 GMT",8f7cd59cd9c900c8a7361dca6041af181997e34c9efe88285b950d5267dbe1cb,Kia,Sportage,,Premium,2027,jsonld:engineDisplacement,engineDisplacement,1600,json-ld
ContactCars,https://www.contactcars.com/en/new-cars/kia-sportage/10551a66837e,"Fri, 25 Sep 2026 12:32:35 GMT",8f7cd59cd9c900c8a7361dca6041af181997e34c9efe88285b950d5267dbe1cb,Kia,Sportage,,Premium,2027,jsonld:vehicleTransmission,vehicleTransmission,Dual Clutch,json-ld
ContactCars,https://www.contactcars.com/en/new-cars/kia-sportage/10551a66837e,"Fri, 25 Sep 2026 12:32:35 GMT",8f7cd59cd9c900c8a7361dca6041af181997e34c9efe88285b950d5267dbe1cb,Kia,Sportage,,Premium,2027,jsonld:bodyType,bodyType,SUV,json-ld
ContactCars,https://www.contactcars.com/en/new-cars/kia-sportage/10551a66837e,"Fri, 25 Sep 2026 12:32:35 GMT",8f7cd59cd9c900c8a7361dca6041af181997e34c9efe88285b950d5267dbe1cb,Kia,Sportage,,Premium,2027,jsonld:assembly_country,assembly_country,Slovakia,json-ld
ContactCars,https://www.contactcars.com/en/new-cars/kia-sportage/10551a66837e,"Fri, 25 Sep 2026 12:32:35 GMT",8f7cd59cd9c900c8a7361dca6041af181997e34c9efe88285b950d5267dbe1cb,Kia,Sportage,,Premium,2027,1cff89624677,Vehicle Size Class,Compact,spec-table
ContactCars,https://www.contactcars.com/en/new-cars/kia-sportage/10551a66837e,"Fri, 25 Sep 2026 12:32:35 GMT",8f7cd59cd9c900c8a7361dca6041af181997e34c9efe88285b950d5267dbe1cb,Kia,Sportage,,Premium,2027,5bedd1146e88,Body Style,SUV,spec-table
ContactCars,https://www.contactcars.com/en/new-cars/kia-sportage/10551a66837e,"Fri, 25 Sep 2026 12:32:35 GMT",8f7cd59cd9c900c8a7361dca6041af181997e34c9efe88285b950d5267dbe1cb,Kia,Sportage,,Premium,2027,13a10f395a87,Number of Doors,5,spec-table
ContactCars,https://www.contactcars.com/en/new-cars/kia-sportage/10551a66837e,"Fri, 25 Sep 2026 12:32:35 GMT",8f7cd59cd9c900c8a7361dca6041af181997e34c9efe88285b950d5267dbe1cb,Kia,Sportage,,Premium,2027,60199ad52a420993a3e82387,Number of Seats,5,spec-table
ContactCars,https://www.contactcars.com/en/new-cars/kia-sportage/10551a66837e,"Fri, 25 Sep 2026 12:32:35 GMT",8f7cd59cd9c900c8a7361dca6041af181997e34c9efe88285b950d5267dbe1cb,Kia,Sportage,,Premium,2027,60199ad52a420993a3e823a4,Rear Trunk Capacity (Liter),591,spec-table
ContactCars,https://www.contactcars.com/en/new-cars/kia-sportage/10551a66837e,"Fri, 25 Sep 2026 12:32:35 GMT",8f7cd59cd9c900c8a7361dca6041af181997e34c9efe88285b950d5267dbe1cb,Kia,Sportage,,Premium,2027,2cd960af118a,"Rear Trunk Capacity, Seats Folded (Liter)",1780,spec-table
ContactCars,https://www.contactcars.com/en/new-cars/kia-sportage/10551a66837e,"Fri, 25 Sep 2026 12:32:35 GMT",8f7cd59cd9c900c8a7361dca6041af181997e34c9efe88285b950d5267dbe1cb,Kia,Sportage,,Premium,2027,603647429f57461ab1a74148,Length (mm),4540,spec-table
ContactCars,https://www.contactcars.com/en/new-cars/kia-sportage/10551a66837e,"Fri, 25 Sep 2026 12:32:35 GMT",8f7cd59cd9c900c8a7361dca6041af181997e34c9efe88285b950d5267dbe1cb,Kia,Sportage,,Premium,2027,6036477d9f57461ab1a74149,Width (mm),1865,spec-table
ContactCars,https://www.contactcars.com/en/new-cars/kia-sportage/10551a66837e,"Fri, 25 Sep 2026 12:32:35 GMT",8f7cd59cd9c900c8a7361dca6041af181997e34c9efe88285b950d5267dbe1cb,Kia,Sportage,,Premium,2027,603647a49f57461ab1a7414a,Height (mm),1645,spec-table
ContactCars,https://www.contactcars.com/en/new-cars/kia-sportage/10551a66837e,"Fri, 25 Sep 2026 12:32:35 GMT",8f7cd59cd9c900c8a7361dca6041af181997e34c9efe88285b950d5267dbe1cb,Kia,Sportage,,Premium,2027,6033cae86136e6f66151c687,Wheelbase (mm),2680,spec-table
ContactCars,https://www.contactcars.com/en/new-cars/kia-sportage/10551a66837e,"Fri, 25 Sep 2026 12:32:35 GMT",8f7cd59cd9c900c8a7361dca6041af181997e34c9efe88285b950d5267dbe1cb,Kia,Sportage,,Premium,2027,6033cbc86136e6f66151c688,Ground Clearance (mm),170,spec-table
ContactCars,https://www.contactcars.com/en/new-cars/kia-sportage/10551a66837e,"Fri, 25 Sep 2026 12:32:35 GMT",8f7cd59cd9c900c8a7361dca6041af181997e34c9efe88285b950d5267dbe1cb,Kia,Sportage,,Premium,2027,1b9f93607f48,Powertrain Type,ICE (Petrol),spec-table
ContactCars,https://www.contactcars.com/en/new-cars/kia-sportage/10551a66837e,"Fri, 25 Sep 2026 12:32:35 GMT",8f7cd59cd9c900c8a7361dca6041af181997e34c9efe88285b950d5267dbe1cb,Kia,Sportage,,Premium,2027,60199ad52a420993a3e82353,Combined Maximum Power (HP @ RPM),"180 / 5,500",spec-table
ContactCars,https://www.contactcars.com/en/new-cars/kia-sportage/10551a66837e,"Fri, 25 Sep 2026 12:32:35 GMT",8f7cd59cd9c900c8a7361dca6041af181997e34c9efe88285b950d5267dbe1cb,Kia,Sportage,,Premium,2027,60199ad52a420993a3e82354,Combined Maximum Torque (N.m @ RPM),"265/4,500",spec-table
ContactCars,https://www.contactcars.com/en/new-cars/kia-sportage/10551a66837e,"Fri, 25 Sep 2026 12:32:35 GMT",8f7cd59cd9c900c8a7361dca6041af181997e34c9efe88285b950d5267dbe1cb,Kia,Sportage,,Premium,2027,60199ad52a420993a3e82359,Fuel Tank Capacity (Litre),54,spec-table
ContactCars,https://www.contactcars.com/en/new-cars/kia-sportage/10551a66837e,"Fri, 25 Sep 2026 12:32:35 GMT",8f7cd59cd9c900c8a7361dca6041af181997e34c9efe88285b950d5267dbe1cb,Kia,Sportage,,Premium,2027,60199ad52a420993a3e82356,Combined Fuel/Energy Consumption (Liter/100 KM),7٫8,spec-table
ContactCars,https://www.contactcars.com/en/new-cars/kia-sportage/10551a66837e,"Fri, 25 Sep 2026 12:32:35 GMT",8f7cd59cd9c900c8a7361dca6041af181997e34c9efe88285b950d5267dbe1cb,Kia,Sportage,,Premium,2027,bc8f5919d91f,Engine Type,Inline-4,spec-table
ContactCars,https://www.contactcars.com/en/new-cars/kia-sportage/10551a66837e,"Fri, 25 Sep 2026 12:32:35 GMT",8f7cd59cd9c900c8a7361dca6041af181997e34c9efe88285b950d5267dbe1cb,Kia,Sportage,,Premium,2027,0922a30a7f46,Engine Function,Drive Wheels,spec-table
ContactCars,https://www.contactcars.com/en/new-cars/kia-sportage/10551a66837e,"Fri, 25 Sep 2026 12:32:35 GMT",8f7cd59cd9c900c8a7361dca6041af181997e34c9efe88285b950d5267dbe1cb,Kia,Sportage,,Premium,2027,60199ad52a420993a3e82352,Cylinders,4,spec-table
ContactCars,https://www.contactcars.com/en/new-cars/kia-sportage/10551a66837e,"Fri, 25 Sep 2026 12:32:35 GMT",8f7cd59cd9c900c8a7361dca6041af181997e34c9efe88285b950d5267dbe1cb,Kia,Sportage,,Premium,2027,62445feaba30183d7791942d,Engine Capacity (CC),1600,spec-table
ContactCars,https://www.contactcars.com/en/new-cars/kia-sportage/10551a66837e,"Fri, 25 Sep 2026 12:32:35 GMT",8f7cd59cd9c900c8a7361dca6041af181997e34c9efe88285b950d5267dbe1cb,Kia,Sportage,,Premium,2027,6244616cba30183d7791942f,Induction Type,Turbocharged,spec-table
ContactCars,https://www.contactcars.com/en/new-cars/kia-sportage/10551a66837e,"Fri, 25 Sep 2026 12:32:35 GMT",8f7cd59cd9c900c8a7361dca6041af181997e34c9efe88285b950d5267dbe1cb,Kia,Sportage,,Premium,2027,62445f6cba30183d7791942c,Engine Layout,Front,spec-table
ContactCars,https://www.contactcars.com/en/new-cars/kia-sportage/10551a66837e,"Fri, 25 Sep 2026 12:32:35 GMT",8f7cd59cd9c900c8a7361dca6041af181997e34c9efe88285b950d5267dbe1cb,Kia,Sportage,,Premium,2027,ae3798f5fd83,Drivetrain Type,FWD (Front-Wheel Drive),spec-table
ContactCars,https://www.contactcars.com/en/new-cars/kia-sportage/10551a66837e,"Fri, 25 Sep 2026 12:32:35 GMT",8f7cd59cd9c900c8a7361dca6041af181997e34c9efe88285b950d5267dbe1cb,Kia,Sportage,,Premium,2027,fd8d1904b500,Transmission Type,Automatic,spec-table
ContactCars,https://www.contactcars.com/en/new-cars/kia-sportage/10551a66837e,"Fri, 25 Sep 2026 12:32:35 GMT",8f7cd59cd9c900c8a7361dca6041af181997e34c9efe88285b950d5267dbe1cb,Kia,Sportage,,Premium,2027,5229867ce0fa,Transmission Technology,Dry DCT (Dual-Clutch Transmission),spec-table
ContactCars,https://www.contactcars.com/en/new-cars/kia-sportage/10551a66837e,"Fri, 25 Sep 2026 12:32:35 GMT",8f7cd59cd9c900c8a7361dca6041af181997e34c9efe88285b950d5267dbe1cb,Kia,Sportage,,Premium,2027,60199ad52a420993a3e8235a,Number of Gears,7,spec-table
ContactCars,https://www.contactcars.com/en/new-cars/kia-sportage/10551a66837e,"Fri, 25 Sep 2026 12:32:35 GMT",8f7cd59cd9c900c8a7361dca6041af181997e34c9efe88285b950d5267dbe1cb,Kia,Sportage,,Premium,2027,60199ad52a420993a3e82385,Steering Wheel,Leather,spec-table
ContactCars,https://www.contactcars.com/en/new-cars/kia-sportage/10551a66837e,"Fri, 25 Sep 2026 12:32:35 GMT",8f7cd59cd9c900c8a7361dca6041af181997e34c9efe88285b950d5267dbe1cb,Kia,Sportage,,Premium,2027,60199ad52a420993a3e8235d,Power Steering Type,Electric,spec-table
ContactCars,https://www.contactcars.com/en/new-cars/kia-sportage/10551a66837e,"Fri, 25 Sep 2026 12:32:35 GMT",8f7cd59cd9c900c8a7361dca6041af181997e34c9efe88285b950d5267dbe1cb,Kia,Sportage,,Premium,2027,602fa37cd768,Steering Adjustment Ops,Manual,spec-table
ContactCars,https://www.contactcars.com/en/new-cars/kia-sportage/10551a66837e,"Fri, 25 Sep 2026 12:32:35 GMT",8f7cd59cd9c900c8a7361dca6041af181997e34c9efe88285b950d5267dbe1cb,Kia,Sportage,,Premium,2027,e78c472170c2,Front Suspension Type,MacPherson,spec-table
ContactCars,https://www.contactcars.com/en/new-cars/kia-sportage/10551a66837e,"Fri, 25 Sep 2026 12:32:35 GMT",8f7cd59cd9c900c8a7361dca6041af181997e34c9efe88285b950d5267dbe1cb,Kia,Sportage,,Premium,2027,d7a33f9ff1ff,Rear Suspension Type,Multi-Link,spec-table
ContactCars,https://www.contactcars.com/en/new-cars/kia-sportage/10551a66837e,"Fri, 25 Sep 2026 12:32:35 GMT",8f7cd59cd9c900c8a7361dca6041af181997e34c9efe88285b950d5267dbe1cb,Kia,Sportage,,Premium,2027,58f344b6ff55,Front Brakes Type,Ventilated Disc Brakes,spec-table
ContactCars,https://www.contactcars.com/en/new-cars/kia-sportage/10551a66837e,"Fri, 25 Sep 2026 12:32:35 GMT",8f7cd59cd9c900c8a7361dca6041af181997e34c9efe88285b950d5267dbe1cb,Kia,Sportage,,Premium,2027,eb24327dbe4e,Rear Brakes Type,Solid Disc Brakes,spec-table
ContactCars,https://www.contactcars.com/en/new-cars/kia-sportage/10551a66837e,"Fri, 25 Sep 2026 12:32:35 GMT",8f7cd59cd9c900c8a7361dca6041af181997e34c9efe88285b950d5267dbe1cb,Kia,Sportage,,Premium,2027,4ed8405e7e5b,Hand Brake Type,Electronic,spec-table
ContactCars,https://www.contactcars.com/en/new-cars/kia-sportage/10551a66837e,"Fri, 25 Sep 2026 12:32:35 GMT",8f7cd59cd9c900c8a7361dca6041af181997e34c9efe88285b950d5267dbe1cb,Kia,Sportage,,Premium,2027,d4b30096d663,Wheel Type,Alloy,spec-table
ContactCars,https://www.contactcars.com/en/new-cars/kia-sportage/10551a66837e,"Fri, 25 Sep 2026 12:32:35 GMT",8f7cd59cd9c900c8a7361dca6041af181997e34c9efe88285b950d5267dbe1cb,Kia,Sportage,,Premium,2027,1831c41b7b17,Front Wheel Size,19,spec-table
ContactCars,https://www.contactcars.com/en/new-cars/kia-sportage/10551a66837e,"Fri, 25 Sep 2026 12:32:35 GMT",8f7cd59cd9c900c8a7361dca6041af181997e34c9efe88285b950d5267dbe1cb,Kia,Sportage,,Premium,2027,1f4797b49117,Rear Wheel Size,19,spec-table
ContactCars,https://www.contactcars.com/en/new-cars/kia-sportage/10551a66837e,"Fri, 25 Sep 2026 12:32:35 GMT",8f7cd59cd9c900c8a7361dca6041af181997e34c9efe88285b950d5267dbe1cb,Kia,Sportage,,Premium,2027,60199ad52a420993a3e82372,Front Tire Size,235/55R19,spec-table
ContactCars,https://www.contactcars.com/en/new-cars/kia-sportage/10551a66837e,"Fri, 25 Sep 2026 12:32:35 GMT",8f7cd59cd9c900c8a7361dca6041af181997e34c9efe88285b950d5267dbe1cb,Kia,Sportage,,Premium,2027,2076fe4abba4,Rear Tire Size,235/55R19,spec-table
ContactCars,https://www.contactcars.com/en/new-cars/kia-sportage/10551a66837e,"Fri, 25 Sep 2026 12:32:35 GMT",8f7cd59cd9c900c8a7361dca6041af181997e34c9efe88285b950d5267dbe1cb,Kia,Sportage,,Premium,2027,cb68666c87e5,Tire Type,All-Season,spec-table
ContactCars,https://www.contactcars.com/en/new-cars/kia-sportage/10551a66837e,"Fri, 25 Sep 2026 12:32:35 GMT",8f7cd59cd9c900c8a7361dca6041af181997e34c9efe88285b950d5267dbe1cb,Kia,Sportage,,Premium,2027,ba2239f5bba2,IIHS Results,Top Safety Pick+,spec-table
ContactCars,https://www.contactcars.com/en/new-cars/kia-sportage/10551a66837e,"Fri, 25 Sep 2026 12:32:35 GMT",8f7cd59cd9c900c8a7361dca6041af181997e34c9efe88285b950d5267dbe1cb,Kia,Sportage,,Premium,2027,56a59f46e398,Euro NCAP Results,5,spec-table
ContactCars,https://www.contactcars.com/en/new-cars/kia-sportage/10551a66837e,"Fri, 25 Sep 2026 12:32:35 GMT",8f7cd59cd9c900c8a7361dca6041af181997e34c9efe88285b950d5267dbe1cb,Kia,Sportage,,Premium,2027,60199ad52a420993a3e8236a,Airbag Count,6,spec-table
ContactCars,https://www.contactcars.com/en/new-cars/kia-sportage/10551a66837e,"Fri, 25 Sep 2026 12:32:35 GMT",8f7cd59cd9c900c8a7361dca6041af181997e34c9efe88285b950d5267dbe1cb,Kia,Sportage,,Premium,2027,72fbbbfbb11f,Seat Upholestry,Leather,spec-table
ContactCars,https://www.contactcars.com/en/new-cars/kia-sportage/10551a66837e,"Fri, 25 Sep 2026 12:32:35 GMT",8f7cd59cd9c900c8a7361dca6041af181997e34c9efe88285b950d5267dbe1cb,Kia,Sportage,,Premium,2027,40e24a4a83e0,Gearbox Selector,Shift By Wire,spec-table
ContactCars,https://www.contactcars.com/en/new-cars/kia-sportage/10551a66837e,"Fri, 25 Sep 2026 12:32:35 GMT",8f7cd59cd9c900c8a7361dca6041af181997e34c9efe88285b950d5267dbe1cb,Kia,Sportage,,Premium,2027,60199ad52a420993a3e82383,Ambient Lighting,Multi Color,spec-table
ContactCars,https://www.contactcars.com/en/new-cars/kia-sportage/10551a66837e,"Fri, 25 Sep 2026 12:32:35 GMT",8f7cd59cd9c900c8a7361dca6041af181997e34c9efe88285b950d5267dbe1cb,Kia,Sportage,,Premium,2027,60199ad52a420993a3e8238f,Driver Seat,Driver Seat Electric,spec-table
ContactCars,https://www.contactcars.com/en/new-cars/kia-sportage/10551a66837e,"Fri, 25 Sep 2026 12:32:35 GMT",8f7cd59cd9c900c8a7361dca6041af181997e34c9efe88285b950d5267dbe1cb,Kia,Sportage,,Premium,2027,625be8b2b21da3ebf03c43b0,Upholstery,Leather Seats (Camel Brown),spec-table
ContactCars,https://www.contactcars.com/en/new-cars/kia-sportage/10551a66837e,"Fri, 25 Sep 2026 12:32:35 GMT",8f7cd59cd9c900c8a7361dca6041af181997e34c9efe88285b950d5267dbe1cb,Kia,Sportage,,Premium,2027,60199ad52a420993a3e8239d,Infotainment Display Size,12٫3,spec-table
ContactCars,https://www.contactcars.com/en/new-cars/kia-sportage/10551a66837e,"Fri, 25 Sep 2026 12:32:35 GMT",8f7cd59cd9c900c8a7361dca6041af181997e34c9efe88285b950d5267dbe1cb,Kia,Sportage,,Premium,2027,60199ad52a420993a3e8237c,Instrument Cluster Type,Digital,spec-table
ContactCars,https://www.contactcars.com/en/new-cars/kia-sportage/10551a66837e,"Fri, 25 Sep 2026 12:32:35 GMT",8f7cd59cd9c900c8a7361dca6041af181997e34c9efe88285b950d5267dbe1cb,Kia,Sportage,,Premium,2027,75fe2b7d7bc2,Instrument Cluster Size,12٫3,spec-table
ContactCars,https://www.contactcars.com/en/new-cars/kia-sportage/10551a66837e,"Fri, 25 Sep 2026 12:32:35 GMT",8f7cd59cd9c900c8a7361dca6041af181997e34c9efe88285b950d5267dbe1cb,Kia,Sportage,,Premium,2027,60199ad52a420993a3e8239c,Smartphone Integration,Android Auto/Apple Car Play,spec-table
ContactCars,https://www.contactcars.com/en/new-cars/kia-sportage/10551a66837e,"Fri, 25 Sep 2026 12:32:35 GMT",8f7cd59cd9c900c8a7361dca6041af181997e34c9efe88285b950d5267dbe1cb,Kia,Sportage,,Premium,2027,60199ad52a420993a3e823a2,Number of Speakers,6,spec-table
ContactCars,https://www.contactcars.com/en/new-cars/kia-sportage/10551a66837e,"Fri, 25 Sep 2026 12:32:35 GMT",8f7cd59cd9c900c8a7361dca6041af181997e34c9efe88285b950d5267dbe1cb,Kia,Sportage,,Premium,2027,60199ad52a420993a3e82376,Rims,R19,spec-table
ContactCars,https://www.contactcars.com/en/new-cars/kia-sportage/10551a66837e,"Fri, 25 Sep 2026 12:32:35 GMT",8f7cd59cd9c900c8a7361dca6041af181997e34c9efe88285b950d5267dbe1cb,Kia,Sportage,,Premium,2027,60199ad52a420993a3e8236d,Headlamps,LED,spec-table
ContactCars,https://www.contactcars.com/en/new-cars/kia-sportage/10551a66837e,"Fri, 25 Sep 2026 12:32:35 GMT",8f7cd59cd9c900c8a7361dca6041af181997e34c9efe88285b950d5267dbe1cb,Kia,Sportage,,Premium,2027,60199ad52a420993a3e8236e,Tail Lights,LED,spec-table
ContactCars,https://www.contactcars.com/en/new-cars/kia-sportage/10551a66837e,"Fri, 25 Sep 2026 12:32:35 GMT",8f7cd59cd9c900c8a7361dca6041af181997e34c9efe88285b950d5267dbe1cb,Kia,Sportage,,Premium,2027,62d57953644fb1f973ba7c3d,Additional Colors,بلاك بيرل أسود لؤلؤي،  ماجما ريد أحمر بركاني،  بلو فليم أزرق،  ديلوكس وايت أبيض،  إكسبيرينس جرين أخضر ، لونار سيلفر فضي قمري، رمادي وولف جراي، رمادي معدني بينتا ميتال,spec-table
ContactCars,https://www.contactcars.com/en/new-cars/kia-sportage/10551a66837e,"Fri, 25 Sep 2026 12:32:35 GMT",8f7cd59cd9c900c8a7361dca6041af181997e34c9efe88285b950d5267dbe1cb,Kia,Sportage,,Premium,2027,62a5f51c3b190c24efacbe38,Basic Vehicle Warranty,"5 years or 100,000 KM",spec-table
ContactCars,https://www.contactcars.com/en/new-cars/kia-sportage/1356a8313eac,"Fri, 25 Sep 2026 12:32:36 GMT",c935fbbfcbc9efe1937833beeda3f8714e299b8b4e8223ca986d3d423bdb768c,Kia,Sportage,,Premium,2026,jsonld:offer_price_egp,offer_price_egp,2275000,json-ld
ContactCars,https://www.contactcars.com/en/new-cars/kia-sportage/1356a8313eac,"Fri, 25 Sep 2026 12:32:36 GMT",c935fbbfcbc9efe1937833beeda3f8714e299b8b4e8223ca986d3d423bdb768c,Kia,Sportage,,Premium,2026,jsonld:fuelType,fuelType,Gas,json-ld
ContactCars,https://www.contactcars.com/en/new-cars/kia-sportage/1356a8313eac,"Fri, 25 Sep 2026 12:32:36 GMT",c935fbbfcbc9efe1937833beeda3f8714e299b8b4e8223ca986d3d423bdb768c,Kia,Sportage,,Premium,2026,jsonld:engineDisplacement,engineDisplacement,1600,json-ld
ContactCars,https://www.contactcars.com/en/new-cars/kia-sportage/1356a8313eac,"Fri, 25 Sep 2026 12:32:36 GMT",c935fbbfcbc9efe1937833beeda3f8714e299b8b4e8223ca986d3d423bdb768c,Kia,Sportage,,Premium,2026,jsonld:vehicleTransmission,vehicleTransmission,Dual Clutch,json-ld
ContactCars,https://www.contactcars.com/en/new-cars/kia-sportage/1356a8313eac,"Fri, 25 Sep 2026 12:32:36 GMT",c935fbbfcbc9efe1937833beeda3f8714e299b8b4e8223ca986d3d423bdb768c,Kia,Sportage,,Premium,2026,jsonld:bodyType,bodyType,SUV,json-ld
ContactCars,https://www.contactcars.com/en/new-cars/kia-sportage/1356a8313eac,"Fri, 25 Sep 2026 12:32:36 GMT",c935fbbfcbc9efe1937833beeda3f8714e299b8b4e8223ca986d3d423bdb768c,Kia,Sportage,,Premium,2026,jsonld:assembly_country,assembly_country,Slovakia,json-ld
ContactCars,https://www.contactcars.com/en/new-cars/kia-sportage/1356a8313eac,"Fri, 25 Sep 2026 12:32:36 GMT",c935fbbfcbc9efe1937833beeda3f8714e299b8b4e8223ca986d3d423bdb768c,Kia,Sportage,,Premium,2026,1cff89624677,Vehicle Size Class,Compact,spec-table
ContactCars,https://www.contactcars.com/en/new-cars/kia-sportage/1356a8313eac,"Fri, 25 Sep 2026 12:32:36 GMT",c935fbbfcbc9efe1937833beeda3f8714e299b8b4e8223ca986d3d423bdb768c,Kia,Sportage,,Premium,2026,5bedd1146e88,Body Style,SUV,spec-table
ContactCars,https://www.contactcars.com/en/new-cars/kia-sportage/1356a8313eac,"Fri, 25 Sep 2026 12:32:36 GMT",c935fbbfcbc9efe1937833beeda3f8714e299b8b4e8223ca986d3d423bdb768c,Kia,Sportage,,Premium,2026,13a10f395a87,Number of Doors,5,spec-table
ContactCars,https://www.contactcars.com/en/new-cars/kia-sportage/1356a8313eac,"Fri, 25 Sep 2026 12:32:36 GMT",c935fbbfcbc9efe1937833beeda3f8714e299b8b4e8223ca986d3d423bdb768c,Kia,Sportage,,Premium,2026,60199ad52a420993a3e82387,Number of Seats,5,spec-table
ContactCars,https://www.contactcars.com/en/new-cars/kia-sportage/1356a8313eac,"Fri, 25 Sep 2026 12:32:36 GMT",c935fbbfcbc9efe1937833beeda3f8714e299b8b4e8223ca986d3d423bdb768c,Kia,Sportage,,Premium,2026,60199ad52a420993a3e823a4,Rear Trunk Capacity (Liter),591,spec-table
ContactCars,https://www.contactcars.com/en/new-cars/kia-sportage/1356a8313eac,"Fri, 25 Sep 2026 12:32:36 GMT",c935fbbfcbc9efe1937833beeda3f8714e299b8b4e8223ca986d3d423bdb768c,Kia,Sportage,,Premium,2026,2cd960af118a,"Rear Trunk Capacity, Seats Folded (Liter)",1780,spec-table
ContactCars,https://www.contactcars.com/en/new-cars/kia-sportage/1356a8313eac,"Fri, 25 Sep 2026 12:32:36 GMT",c935fbbfcbc9efe1937833beeda3f8714e299b8b4e8223ca986d3d423bdb768c,Kia,Sportage,,Premium,2026,603647429f57461ab1a74148,Length (mm),4540,spec-table
ContactCars,https://www.contactcars.com/en/new-cars/kia-sportage/1356a8313eac,"Fri, 25 Sep 2026 12:32:36 GMT",c935fbbfcbc9efe1937833beeda3f8714e299b8b4e8223ca986d3d423bdb768c,Kia,Sportage,,Premium,2026,6036477d9f57461ab1a74149,Width (mm),1865,spec-table
ContactCars,https://www.contactcars.com/en/new-cars/kia-sportage/1356a8313eac,"Fri, 25 Sep 2026 12:32:36 GMT",c935fbbfcbc9efe1937833beeda3f8714e299b8b4e8223ca986d3d423bdb768c,Kia,Sportage,,Premium,2026,603647a49f57461ab1a7414a,Height (mm),1645,spec-table
ContactCars,https://www.contactcars.com/en/new-cars/kia-sportage/1356a8313eac,"Fri, 25 Sep 2026 12:32:36 GMT",c935fbbfcbc9efe1937833beeda3f8714e299b8b4e8223ca986d3d423bdb768c,Kia,Sportage,,Premium,2026,6033cae86136e6f66151c687,Wheelbase (mm),2680,spec-table
ContactCars,https://www.contactcars.com/en/new-cars/kia-sportage/1356a8313eac,"Fri, 25 Sep 2026 12:32:36 GMT",c935fbbfcbc9efe1937833beeda3f8714e299b8b4e8223ca986d3d423bdb768c,Kia,Sportage,,Premium,2026,6033cbc86136e6f66151c688,Ground Clearance (mm),170,spec-table
ContactCars,https://www.contactcars.com/en/new-cars/kia-sportage/1356a8313eac,"Fri, 25 Sep 2026 12:32:36 GMT",c935fbbfcbc9efe1937833beeda3f8714e299b8b4e8223ca986d3d423bdb768c,Kia,Sportage,,Premium,2026,1b9f93607f48,Powertrain Type,ICE (Petrol),spec-table
ContactCars,https://www.contactcars.com/en/new-cars/kia-sportage/1356a8313eac,"Fri, 25 Sep 2026 12:32:36 GMT",c935fbbfcbc9efe1937833beeda3f8714e299b8b4e8223ca986d3d423bdb768c,Kia,Sportage,,Premium,2026,60199ad52a420993a3e82353,Combined Maximum Power (HP @ RPM),"180 / 5,500",spec-table
ContactCars,https://www.contactcars.com/en/new-cars/kia-sportage/1356a8313eac,"Fri, 25 Sep 2026 12:32:36 GMT",c935fbbfcbc9efe1937833beeda3f8714e299b8b4e8223ca986d3d423bdb768c,Kia,Sportage,,Premium,2026,60199ad52a420993a3e82354,Combined Maximum Torque (N.m @ RPM),"265/4,500",spec-table
ContactCars,https://www.contactcars.com/en/new-cars/kia-sportage/1356a8313eac,"Fri, 25 Sep 2026 12:32:36 GMT",c935fbbfcbc9efe1937833beeda3f8714e299b8b4e8223ca986d3d423bdb768c,Kia,Sportage,,Premium,2026,60199ad52a420993a3e82359,Fuel Tank Capacity (Litre),54,spec-table
ContactCars,https://www.contactcars.com/en/new-cars/kia-sportage/1356a8313eac,"Fri, 25 Sep 2026 12:32:36 GMT",c935fbbfcbc9efe1937833beeda3f8714e299b8b4e8223ca986d3d423bdb768c,Kia,Sportage,,Premium,2026,60199ad52a420993a3e82356,Combined Fuel/Energy Consumption (Liter/100 KM),7٫8,spec-table
ContactCars,https://www.contactcars.com/en/new-cars/kia-sportage/1356a8313eac,"Fri, 25 Sep 2026 12:32:36 GMT",c935fbbfcbc9efe1937833beeda3f8714e299b8b4e8223ca986d3d423bdb768c,Kia,Sportage,,Premium,2026,bc8f5919d91f,Engine Type,Inline-4,spec-table
ContactCars,https://www.contactcars.com/en/new-cars/kia-sportage/1356a8313eac,"Fri, 25 Sep 2026 12:32:36 GMT",c935fbbfcbc9efe1937833beeda3f8714e299b8b4e8223ca986d3d423bdb768c,Kia,Sportage,,Premium,2026,0922a30a7f46,Engine Function,Drive Wheels,spec-table
ContactCars,https://www.contactcars.com/en/new-cars/kia-sportage/1356a8313eac,"Fri, 25 Sep 2026 12:32:36 GMT",c935fbbfcbc9efe1937833beeda3f8714e299b8b4e8223ca986d3d423bdb768c,Kia,Sportage,,Premium,2026,60199ad52a420993a3e82352,Cylinders,4,spec-table
ContactCars,https://www.contactcars.com/en/new-cars/kia-sportage/1356a8313eac,"Fri, 25 Sep 2026 12:32:36 GMT",c935fbbfcbc9efe1937833beeda3f8714e299b8b4e8223ca986d3d423bdb768c,Kia,Sportage,,Premium,2026,62445feaba30183d7791942d,Engine Capacity (CC),1600,spec-table
ContactCars,https://www.contactcars.com/en/new-cars/kia-sportage/1356a8313eac,"Fri, 25 Sep 2026 12:32:36 GMT",c935fbbfcbc9efe1937833beeda3f8714e299b8b4e8223ca986d3d423bdb768c,Kia,Sportage,,Premium,2026,6244616cba30183d7791942f,Induction Type,Turbocharged,spec-table
ContactCars,https://www.contactcars.com/en/new-cars/kia-sportage/1356a8313eac,"Fri, 25 Sep 2026 12:32:36 GMT",c935fbbfcbc9efe1937833beeda3f8714e299b8b4e8223ca986d3d423bdb768c,Kia,Sportage,,Premium,2026,62445f6cba30183d7791942c,Engine Layout,Front,spec-table
ContactCars,https://www.contactcars.com/en/new-cars/kia-sportage/1356a8313eac,"Fri, 25 Sep 2026 12:32:36 GMT",c935fbbfcbc9efe1937833beeda3f8714e299b8b4e8223ca986d3d423bdb768c,Kia,Sportage,,Premium,2026,ae3798f5fd83,Drivetrain Type,FWD (Front-Wheel Drive),spec-table
ContactCars,https://www.contactcars.com/en/new-cars/kia-sportage/1356a8313eac,"Fri, 25 Sep 2026 12:32:36 GMT",c935fbbfcbc9efe1937833beeda3f8714e299b8b4e8223ca986d3d423bdb768c,Kia,Sportage,,Premium,2026,fd8d1904b500,Transmission Type,Automatic,spec-table
ContactCars,https://www.contactcars.com/en/new-cars/kia-sportage/1356a8313eac,"Fri, 25 Sep 2026 12:32:36 GMT",c935fbbfcbc9efe1937833beeda3f8714e299b8b4e8223ca986d3d423bdb768c,Kia,Sportage,,Premium,2026,5229867ce0fa,Transmission Technology,Dry DCT (Dual-Clutch Transmission),spec-table
ContactCars,https://www.contactcars.com/en/new-cars/kia-sportage/1356a8313eac,"Fri, 25 Sep 2026 12:32:36 GMT",c935fbbfcbc9efe1937833beeda3f8714e299b8b4e8223ca986d3d423bdb768c,Kia,Sportage,,Premium,2026,60199ad52a420993a3e8235a,Number of Gears,7,spec-table
ContactCars,https://www.contactcars.com/en/new-cars/kia-sportage/1356a8313eac,"Fri, 25 Sep 2026 12:32:36 GMT",c935fbbfcbc9efe1937833beeda3f8714e299b8b4e8223ca986d3d423bdb768c,Kia,Sportage,,Premium,2026,60199ad52a420993a3e82385,Steering Wheel,Leather,spec-table
ContactCars,https://www.contactcars.com/en/new-cars/kia-sportage/1356a8313eac,"Fri, 25 Sep 2026 12:32:36 GMT",c935fbbfcbc9efe1937833beeda3f8714e299b8b4e8223ca986d3d423bdb768c,Kia,Sportage,,Premium,2026,60199ad52a420993a3e8235d,Power Steering Type,Electric,spec-table
ContactCars,https://www.contactcars.com/en/new-cars/kia-sportage/1356a8313eac,"Fri, 25 Sep 2026 12:32:36 GMT",c935fbbfcbc9efe1937833beeda3f8714e299b8b4e8223ca986d3d423bdb768c,Kia,Sportage,,Premium,2026,602fa37cd768,Steering Adjustment Ops,Manual,spec-table
ContactCars,https://www.contactcars.com/en/new-cars/kia-sportage/1356a8313eac,"Fri, 25 Sep 2026 12:32:36 GMT",c935fbbfcbc9efe1937833beeda3f8714e299b8b4e8223ca986d3d423bdb768c,Kia,Sportage,,Premium,2026,e78c472170c2,Front Suspension Type,MacPherson,spec-table
ContactCars,https://www.contactcars.com/en/new-cars/kia-sportage/1356a8313eac,"Fri, 25 Sep 2026 12:32:36 GMT",c935fbbfcbc9efe1937833beeda3f8714e299b8b4e8223ca986d3d423bdb768c,Kia,Sportage,,Premium,2026,d7a33f9ff1ff,Rear Suspension Type,Multi-Link,spec-table
ContactCars,https://www.contactcars.com/en/new-cars/kia-sportage/1356a8313eac,"Fri, 25 Sep 2026 12:32:36 GMT",c935fbbfcbc9efe1937833beeda3f8714e299b8b4e8223ca986d3d423bdb768c,Kia,Sportage,,Premium,2026,58f344b6ff55,Front Brakes Type,Ventilated Disc Brakes,spec-table
ContactCars,https://www.contactcars.com/en/new-cars/kia-sportage/1356a8313eac,"Fri, 25 Sep 2026 12:32:36 GMT",c935fbbfcbc9efe1937833beeda3f8714e299b8b4e8223ca986d3d423bdb768c,Kia,Sportage,,Premium,2026,eb24327dbe4e,Rear Brakes Type,Solid Disc Brakes,spec-table
ContactCars,https://www.contactcars.com/en/new-cars/kia-sportage/1356a8313eac,"Fri, 25 Sep 2026 12:32:36 GMT",c935fbbfcbc9efe1937833beeda3f8714e299b8b4e8223ca986d3d423bdb768c,Kia,Sportage,,Premium,2026,4ed8405e7e5b,Hand Brake Type,Electronic,spec-table
ContactCars,https://www.contactcars.com/en/new-cars/kia-sportage/1356a8313eac,"Fri, 25 Sep 2026 12:32:36 GMT",c935fbbfcbc9efe1937833beeda3f8714e299b8b4e8223ca986d3d423bdb768c,Kia,Sportage,,Premium,2026,d4b30096d663,Wheel Type,Alloy,spec-table
ContactCars,https://www.contactcars.com/en/new-cars/kia-sportage/1356a8313eac,"Fri, 25 Sep 2026 12:32:36 GMT",c935fbbfcbc9efe1937833beeda3f8714e299b8b4e8223ca986d3d423bdb768c,Kia,Sportage,,Premium,2026,1831c41b7b17,Front Wheel Size,19,spec-table
ContactCars,https://www.contactcars.com/en/new-cars/kia-sportage/1356a8313eac,"Fri, 25 Sep 2026 12:32:36 GMT",c935fbbfcbc9efe1937833beeda3f8714e299b8b4e8223ca986d3d423bdb768c,Kia,Sportage,,Premium,2026,1f4797b49117,Rear Wheel Size,19,spec-table
ContactCars,https://www.contactcars.com/en/new-cars/kia-sportage/1356a8313eac,"Fri, 25 Sep 2026 12:32:36 GMT",c935fbbfcbc9efe1937833beeda3f8714e299b8b4e8223ca986d3d423bdb768c,Kia,Sportage,,Premium,2026,60199ad52a420993a3e82372,Front Tire Size,235/55R19,spec-table
ContactCars,https://www.contactcars.com/en/new-cars/kia-sportage/1356a8313eac,"Fri, 25 Sep 2026 12:32:36 GMT",c935fbbfcbc9efe1937833beeda3f8714e299b8b4e8223ca986d3d423bdb768c,Kia,Sportage,,Premium,2026,2076fe4abba4,Rear Tire Size,235/55R19,spec-table
ContactCars,https://www.contactcars.com/en/new-cars/kia-sportage/1356a8313eac,"Fri, 25 Sep 2026 12:32:36 GMT",c935fbbfcbc9efe1937833beeda3f8714e299b8b4e8223ca986d3d423bdb768c,Kia,Sportage,,Premium,2026,cb68666c87e5,Tire Type,All-Season,spec-table
ContactCars,https://www.contactcars.com/en/new-cars/kia-sportage/1356a8313eac,"Fri, 25 Sep 2026 12:32:36 GMT",c935fbbfcbc9efe1937833beeda3f8714e299b8b4e8223ca986d3d423bdb768c,Kia,Sportage,,Premium,2026,ba2239f5bba2,IIHS Results,Top Safety Pick+,spec-table
ContactCars,https://www.contactcars.com/en/new-cars/kia-sportage/1356a8313eac,"Fri, 25 Sep 2026 12:32:36 GMT",c935fbbfcbc9efe1937833beeda3f8714e299b8b4e8223ca986d3d423bdb768c,Kia,Sportage,,Premium,2026,56a59f46e398,Euro NCAP Results,5,spec-table
ContactCars,https://www.contactcars.com/en/new-cars/kia-sportage/1356a8313eac,"Fri, 25 Sep 2026 12:32:36 GMT",c935fbbfcbc9efe1937833beeda3f8714e299b8b4e8223ca986d3d423bdb768c,Kia,Sportage,,Premium,2026,60199ad52a420993a3e8236a,Airbag Count,6,spec-table
ContactCars,https://www.contactcars.com/en/new-cars/kia-sportage/1356a8313eac,"Fri, 25 Sep 2026 12:32:36 GMT",c935fbbfcbc9efe1937833beeda3f8714e299b8b4e8223ca986d3d423bdb768c,Kia,Sportage,,Premium,2026,72fbbbfbb11f,Seat Upholestry,Leather,spec-table
ContactCars,https://www.contactcars.com/en/new-cars/kia-sportage/1356a8313eac,"Fri, 25 Sep 2026 12:32:36 GMT",c935fbbfcbc9efe1937833beeda3f8714e299b8b4e8223ca986d3d423bdb768c,Kia,Sportage,,Premium,2026,40e24a4a83e0,Gearbox Selector,Shift By Wire,spec-table
ContactCars,https://www.contactcars.com/en/new-cars/kia-sportage/1356a8313eac,"Fri, 25 Sep 2026 12:32:36 GMT",c935fbbfcbc9efe1937833beeda3f8714e299b8b4e8223ca986d3d423bdb768c,Kia,Sportage,,Premium,2026,60199ad52a420993a3e82383,Ambient Lighting,Multi Color,spec-table
ContactCars,https://www.contactcars.com/en/new-cars/kia-sportage/1356a8313eac,"Fri, 25 Sep 2026 12:32:36 GMT",c935fbbfcbc9efe1937833beeda3f8714e299b8b4e8223ca986d3d423bdb768c,Kia,Sportage,,Premium,2026,60199ad52a420993a3e8238f,Driver Seat,Driver Seat Electric,spec-table
ContactCars,https://www.contactcars.com/en/new-cars/kia-sportage/1356a8313eac,"Fri, 25 Sep 2026 12:32:36 GMT",c935fbbfcbc9efe1937833beeda3f8714e299b8b4e8223ca986d3d423bdb768c,Kia,Sportage,,Premium,2026,625be8b2b21da3ebf03c43b0,Upholstery,Leather Seats (Camel Brown),spec-table
ContactCars,https://www.contactcars.com/en/new-cars/kia-sportage/1356a8313eac,"Fri, 25 Sep 2026 12:32:36 GMT",c935fbbfcbc9efe1937833beeda3f8714e299b8b4e8223ca986d3d423bdb768c,Kia,Sportage,,Premium,2026,60199ad52a420993a3e8239d,Infotainment Display Size,12٫3,spec-table
ContactCars,https://www.contactcars.com/en/new-cars/kia-sportage/1356a8313eac,"Fri, 25 Sep 2026 12:32:36 GMT",c935fbbfcbc9efe1937833beeda3f8714e299b8b4e8223ca986d3d423bdb768c,Kia,Sportage,,Premium,2026,60199ad52a420993a3e8237c,Instrument Cluster Type,Digital,spec-table
ContactCars,https://www.contactcars.com/en/new-cars/kia-sportage/1356a8313eac,"Fri, 25 Sep 2026 12:32:36 GMT",c935fbbfcbc9efe1937833beeda3f8714e299b8b4e8223ca986d3d423bdb768c,Kia,Sportage,,Premium,2026,75fe2b7d7bc2,Instrument Cluster Size,12٫3,spec-table
ContactCars,https://www.contactcars.com/en/new-cars/kia-sportage/1356a8313eac,"Fri, 25 Sep 2026 12:32:36 GMT",c935fbbfcbc9efe1937833beeda3f8714e299b8b4e8223ca986d3d423bdb768c,Kia,Sportage,,Premium,2026,60199ad52a420993a3e8239c,Smartphone Integration,Android Auto/Apple Car Play,spec-table
ContactCars,https://www.contactcars.com/en/new-cars/kia-sportage/1356a8313eac,"Fri, 25 Sep 2026 12:32:36 GMT",c935fbbfcbc9efe1937833beeda3f8714e299b8b4e8223ca986d3d423bdb768c,Kia,Sportage,,Premium,2026,60199ad52a420993a3e823a2,Number of Speakers,6,spec-table
ContactCars,https://www.contactcars.com/en/new-cars/kia-sportage/1356a8313eac,"Fri, 25 Sep 2026 12:32:36 GMT",c935fbbfcbc9efe1937833beeda3f8714e299b8b4e8223ca986d3d423bdb768c,Kia,Sportage,,Premium,2026,60199ad52a420993a3e82376,Rims,R19,spec-table
ContactCars,https://www.contactcars.com/en/new-cars/kia-sportage/1356a8313eac,"Fri, 25 Sep 2026 12:32:36 GMT",c935fbbfcbc9efe1937833beeda3f8714e299b8b4e8223ca986d3d423bdb768c,Kia,Sportage,,Premium,2026,60199ad52a420993a3e8236d,Headlamps,LED,spec-table
ContactCars,https://www.contactcars.com/en/new-cars/kia-sportage/1356a8313eac,"Fri, 25 Sep 2026 12:32:36 GMT",c935fbbfcbc9efe1937833beeda3f8714e299b8b4e8223ca986d3d423bdb768c,Kia,Sportage,,Premium,2026,60199ad52a420993a3e8236e,Tail Lights,LED,spec-table
ContactCars,https://www.contactcars.com/en/new-cars/kia-sportage/1356a8313eac,"Fri, 25 Sep 2026 12:32:36 GMT",c935fbbfcbc9efe1937833beeda3f8714e299b8b4e8223ca986d3d423bdb768c,Kia,Sportage,,Premium,2026,62d57953644fb1f973ba7c3d,Additional Colors,بلاك بيرل أسود لؤلؤي،  ماجما ريد أحمر بركاني،  بلو فليم أزرق،  ديلوكس وايت أبيض،  إكسبيرينس جرين أخضر ، لونار سيلفر فضي قمري، رمادي وولف جراي، رمادي معدني بينتا ميتال,spec-table
ContactCars,https://www.contactcars.com/en/new-cars/kia-sportage/1356a8313eac,"Fri, 25 Sep 2026 12:32:36 GMT",c935fbbfcbc9efe1937833beeda3f8714e299b8b4e8223ca986d3d423bdb768c,Kia,Sportage,,Premium,2026,62a5f51c3b190c24efacbe38,Basic Vehicle Warranty,"5 years or 100,000 KM",spec-table
ContactCars,https://www.contactcars.com/en/new-cars/kia-sportage/29efd96c8bed,"Fri, 25 Sep 2026 12:32:37 GMT",9b70ea087ffbe4c46c9da0744fd4672a70e4219d96fb297125d8879a6774198e,Kia,Sportage,,Highline,2027,jsonld:offer_price_egp,offer_price_egp,2074900,json-ld
ContactCars,https://www.contactcars.com/en/new-cars/kia-sportage/29efd96c8bed,"Fri, 25 Sep 2026 12:32:37 GMT",9b70ea087ffbe4c46c9da0744fd4672a70e4219d96fb297125d8879a6774198e,Kia,Sportage,,Highline,2027,jsonld:fuelType,fuelType,Gas,json-ld
ContactCars,https://www.contactcars.com/en/new-cars/kia-sportage/29efd96c8bed,"Fri, 25 Sep 2026 12:32:37 GMT",9b70ea087ffbe4c46c9da0744fd4672a70e4219d96fb297125d8879a6774198e,Kia,Sportage,,Highline,2027,jsonld:engineDisplacement,engineDisplacement,1600,json-ld
ContactCars,https://www.contactcars.com/en/new-cars/kia-sportage/29efd96c8bed,"Fri, 25 Sep 2026 12:32:37 GMT",9b70ea087ffbe4c46c9da0744fd4672a70e4219d96fb297125d8879a6774198e,Kia,Sportage,,Highline,2027,jsonld:vehicleTransmission,vehicleTransmission,Dual Clutch,json-ld
ContactCars,https://www.contactcars.com/en/new-cars/kia-sportage/29efd96c8bed,"Fri, 25 Sep 2026 12:32:37 GMT",9b70ea087ffbe4c46c9da0744fd4672a70e4219d96fb297125d8879a6774198e,Kia,Sportage,,Highline,2027,jsonld:bodyType,bodyType,SUV,json-ld
ContactCars,https://www.contactcars.com/en/new-cars/kia-sportage/29efd96c8bed,"Fri, 25 Sep 2026 12:32:37 GMT",9b70ea087ffbe4c46c9da0744fd4672a70e4219d96fb297125d8879a6774198e,Kia,Sportage,,Highline,2027,jsonld:assembly_country,assembly_country,Slovakia,json-ld
ContactCars,https://www.contactcars.com/en/new-cars/kia-sportage/29efd96c8bed,"Fri, 25 Sep 2026 12:32:37 GMT",9b70ea087ffbe4c46c9da0744fd4672a70e4219d96fb297125d8879a6774198e,Kia,Sportage,,Highline,2027,1cff89624677,Vehicle Size Class,Compact,spec-table
ContactCars,https://www.contactcars.com/en/new-cars/kia-sportage/29efd96c8bed,"Fri, 25 Sep 2026 12:32:37 GMT",9b70ea087ffbe4c46c9da0744fd4672a70e4219d96fb297125d8879a6774198e,Kia,Sportage,,Highline,2027,5bedd1146e88,Body Style,SUV,spec-table
ContactCars,https://www.contactcars.com/en/new-cars/kia-sportage/29efd96c8bed,"Fri, 25 Sep 2026 12:32:37 GMT",9b70ea087ffbe4c46c9da0744fd4672a70e4219d96fb297125d8879a6774198e,Kia,Sportage,,Highline,2027,13a10f395a87,Number of Doors,5,spec-table
ContactCars,https://www.contactcars.com/en/new-cars/kia-sportage/29efd96c8bed,"Fri, 25 Sep 2026 12:32:37 GMT",9b70ea087ffbe4c46c9da0744fd4672a70e4219d96fb297125d8879a6774198e,Kia,Sportage,,Highline,2027,60199ad52a420993a3e82387,Number of Seats,5,spec-table
ContactCars,https://www.contactcars.com/en/new-cars/kia-sportage/29efd96c8bed,"Fri, 25 Sep 2026 12:32:37 GMT",9b70ea087ffbe4c46c9da0744fd4672a70e4219d96fb297125d8879a6774198e,Kia,Sportage,,Highline,2027,60199ad52a420993a3e823a4,Rear Trunk Capacity (Liter),591,spec-table
ContactCars,https://www.contactcars.com/en/new-cars/kia-sportage/29efd96c8bed,"Fri, 25 Sep 2026 12:32:37 GMT",9b70ea087ffbe4c46c9da0744fd4672a70e4219d96fb297125d8879a6774198e,Kia,Sportage,,Highline,2027,2cd960af118a,"Rear Trunk Capacity, Seats Folded (Liter)",1780,spec-table
ContactCars,https://www.contactcars.com/en/new-cars/kia-sportage/29efd96c8bed,"Fri, 25 Sep 2026 12:32:37 GMT",9b70ea087ffbe4c46c9da0744fd4672a70e4219d96fb297125d8879a6774198e,Kia,Sportage,,Highline,2027,603647429f57461ab1a74148,Length (mm),4540,spec-table
ContactCars,https://www.contactcars.com/en/new-cars/kia-sportage/29efd96c8bed,"Fri, 25 Sep 2026 12:32:37 GMT",9b70ea087ffbe4c46c9da0744fd4672a70e4219d96fb297125d8879a6774198e,Kia,Sportage,,Highline,2027,6036477d9f57461ab1a74149,Width (mm),1865,spec-table
ContactCars,https://www.contactcars.com/en/new-cars/kia-sportage/29efd96c8bed,"Fri, 25 Sep 2026 12:32:37 GMT",9b70ea087ffbe4c46c9da0744fd4672a70e4219d96fb297125d8879a6774198e,Kia,Sportage,,Highline,2027,603647a49f57461ab1a7414a,Height (mm),1645,spec-table
ContactCars,https://www.contactcars.com/en/new-cars/kia-sportage/29efd96c8bed,"Fri, 25 Sep 2026 12:32:37 GMT",9b70ea087ffbe4c46c9da0744fd4672a70e4219d96fb297125d8879a6774198e,Kia,Sportage,,Highline,2027,6033cae86136e6f66151c687,Wheelbase (mm),2680,spec-table
ContactCars,https://www.contactcars.com/en/new-cars/kia-sportage/29efd96c8bed,"Fri, 25 Sep 2026 12:32:37 GMT",9b70ea087ffbe4c46c9da0744fd4672a70e4219d96fb297125d8879a6774198e,Kia,Sportage,,Highline,2027,6033cbc86136e6f66151c688,Ground Clearance (mm),170,spec-table
ContactCars,https://www.contactcars.com/en/new-cars/kia-sportage/29efd96c8bed,"Fri, 25 Sep 2026 12:32:37 GMT",9b70ea087ffbe4c46c9da0744fd4672a70e4219d96fb297125d8879a6774198e,Kia,Sportage,,Highline,2027,6244612fba30183d7791942e,Curb Weight (KG),"1,626",spec-table
ContactCars,https://www.contactcars.com/en/new-cars/kia-sportage/29efd96c8bed,"Fri, 25 Sep 2026 12:32:37 GMT",9b70ea087ffbe4c46c9da0744fd4672a70e4219d96fb297125d8879a6774198e,Kia,Sportage,,Highline,2027,624443c0ba30183d77919424,Generation,5th,spec-table
ContactCars,https://www.contactcars.com/en/new-cars/kia-sportage/29efd96c8bed,"Fri, 25 Sep 2026 12:32:37 GMT",9b70ea087ffbe4c46c9da0744fd4672a70e4219d96fb297125d8879a6774198e,Kia,Sportage,,Highline,2027,1b9f93607f48,Powertrain Type,ICE (Petrol),spec-table
ContactCars,https://www.contactcars.com/en/new-cars/kia-sportage/29efd96c8bed,"Fri, 25 Sep 2026 12:32:37 GMT",9b70ea087ffbe4c46c9da0744fd4672a70e4219d96fb297125d8879a6774198e,Kia,Sportage,,Highline,2027,60199ad52a420993a3e82353,Combined Maximum Power (HP @ RPM),"180 / 5,500",spec-table
ContactCars,https://www.contactcars.com/en/new-cars/kia-sportage/29efd96c8bed,"Fri, 25 Sep 2026 12:32:37 GMT",9b70ea087ffbe4c46c9da0744fd4672a70e4219d96fb297125d8879a6774198e,Kia,Sportage,,Highline,2027,60199ad52a420993a3e82354,Combined Maximum Torque (N.m @ RPM),"265 / 4,500",spec-table
ContactCars,https://www.contactcars.com/en/new-cars/kia-sportage/29efd96c8bed,"Fri, 25 Sep 2026 12:32:37 GMT",9b70ea087ffbe4c46c9da0744fd4672a70e4219d96fb297125d8879a6774198e,Kia,Sportage,,Highline,2027,60199ad52a420993a3e82359,Fuel Tank Capacity (Litre),54,spec-table
ContactCars,https://www.contactcars.com/en/new-cars/kia-sportage/29efd96c8bed,"Fri, 25 Sep 2026 12:32:37 GMT",9b70ea087ffbe4c46c9da0744fd4672a70e4219d96fb297125d8879a6774198e,Kia,Sportage,,Highline,2027,60199ad52a420993a3e82356,Combined Fuel/Energy Consumption (Liter/100 KM),6٫8,spec-table
ContactCars,https://www.contactcars.com/en/new-cars/kia-sportage/29efd96c8bed,"Fri, 25 Sep 2026 12:32:37 GMT",9b70ea087ffbe4c46c9da0744fd4672a70e4219d96fb297125d8879a6774198e,Kia,Sportage,,Highline,2027,bc8f5919d91f,Engine Type,Inline-4,spec-table
ContactCars,https://www.contactcars.com/en/new-cars/kia-sportage/29efd96c8bed,"Fri, 25 Sep 2026 12:32:37 GMT",9b70ea087ffbe4c46c9da0744fd4672a70e4219d96fb297125d8879a6774198e,Kia,Sportage,,Highline,2027,0922a30a7f46,Engine Function,Drive Wheels,spec-table
ContactCars,https://www.contactcars.com/en/new-cars/kia-sportage/29efd96c8bed,"Fri, 25 Sep 2026 12:32:37 GMT",9b70ea087ffbe4c46c9da0744fd4672a70e4219d96fb297125d8879a6774198e,Kia,Sportage,,Highline,2027,60199ad52a420993a3e82352,Cylinders,4,spec-table
ContactCars,https://www.contactcars.com/en/new-cars/kia-sportage/29efd96c8bed,"Fri, 25 Sep 2026 12:32:37 GMT",9b70ea087ffbe4c46c9da0744fd4672a70e4219d96fb297125d8879a6774198e,Kia,Sportage,,Highline,2027,62445feaba30183d7791942d,Engine Capacity (CC),1600,spec-table
ContactCars,https://www.contactcars.com/en/new-cars/kia-sportage/29efd96c8bed,"Fri, 25 Sep 2026 12:32:37 GMT",9b70ea087ffbe4c46c9da0744fd4672a70e4219d96fb297125d8879a6774198e,Kia,Sportage,,Highline,2027,6244616cba30183d7791942f,Induction Type,Turbocharged,spec-table
ContactCars,https://www.contactcars.com/en/new-cars/kia-sportage/29efd96c8bed,"Fri, 25 Sep 2026 12:32:37 GMT",9b70ea087ffbe4c46c9da0744fd4672a70e4219d96fb297125d8879a6774198e,Kia,Sportage,,Highline,2027,62445f6cba30183d7791942c,Engine Layout,Front,spec-table
ContactCars,https://www.contactcars.com/en/new-cars/kia-sportage/29efd96c8bed,"Fri, 25 Sep 2026 12:32:37 GMT",9b70ea087ffbe4c46c9da0744fd4672a70e4219d96fb297125d8879a6774198e,Kia,Sportage,,Highline,2027,ae3798f5fd83,Drivetrain Type,FWD (Front-Wheel Drive),spec-table
ContactCars,https://www.contactcars.com/en/new-cars/kia-sportage/29efd96c8bed,"Fri, 25 Sep 2026 12:32:37 GMT",9b70ea087ffbe4c46c9da0744fd4672a70e4219d96fb297125d8879a6774198e,Kia,Sportage,,Highline,2027,fd8d1904b500,Transmission Type,Automatic,spec-table
ContactCars,https://www.contactcars.com/en/new-cars/kia-sportage/29efd96c8bed,"Fri, 25 Sep 2026 12:32:37 GMT",9b70ea087ffbe4c46c9da0744fd4672a70e4219d96fb297125d8879a6774198e,Kia,Sportage,,Highline,2027,5229867ce0fa,Transmission Technology,Dry DCT (Dual-Clutch Transmission),spec-table
ContactCars,https://www.contactcars.com/en/new-cars/kia-sportage/29efd96c8bed,"Fri, 25 Sep 2026 12:32:37 GMT",9b70ea087ffbe4c46c9da0744fd4672a70e4219d96fb297125d8879a6774198e,Kia,Sportage,,Highline,2027,60199ad52a420993a3e8235a,Number of Gears,7,spec-table
ContactCars,https://www.contactcars.com/en/new-cars/kia-sportage/29efd96c8bed,"Fri, 25 Sep 2026 12:32:37 GMT",9b70ea087ffbe4c46c9da0744fd4672a70e4219d96fb297125d8879a6774198e,Kia,Sportage,,Highline,2027,60199ad52a420993a3e82385,Steering Wheel,Leather Steering Wheel,spec-table
ContactCars,https://www.contactcars.com/en/new-cars/kia-sportage/29efd96c8bed,"Fri, 25 Sep 2026 12:32:37 GMT",9b70ea087ffbe4c46c9da0744fd4672a70e4219d96fb297125d8879a6774198e,Kia,Sportage,,Highline,2027,60199ad52a420993a3e8235d,Power Steering Type,Electric,spec-table
ContactCars,https://www.contactcars.com/en/new-cars/kia-sportage/29efd96c8bed,"Fri, 25 Sep 2026 12:32:37 GMT",9b70ea087ffbe4c46c9da0744fd4672a70e4219d96fb297125d8879a6774198e,Kia,Sportage,,Highline,2027,602fa37cd768,Steering Adjustment Ops,Manual,spec-table
ContactCars,https://www.contactcars.com/en/new-cars/kia-sportage/29efd96c8bed,"Fri, 25 Sep 2026 12:32:37 GMT",9b70ea087ffbe4c46c9da0744fd4672a70e4219d96fb297125d8879a6774198e,Kia,Sportage,,Highline,2027,e78c472170c2,Front Suspension Type,MacPherson,spec-table
ContactCars,https://www.contactcars.com/en/new-cars/kia-sportage/29efd96c8bed,"Fri, 25 Sep 2026 12:32:37 GMT",9b70ea087ffbe4c46c9da0744fd4672a70e4219d96fb297125d8879a6774198e,Kia,Sportage,,Highline,2027,d7a33f9ff1ff,Rear Suspension Type,Multi-Link,spec-table
ContactCars,https://www.contactcars.com/en/new-cars/kia-sportage/29efd96c8bed,"Fri, 25 Sep 2026 12:32:37 GMT",9b70ea087ffbe4c46c9da0744fd4672a70e4219d96fb297125d8879a6774198e,Kia,Sportage,,Highline,2027,58f344b6ff55,Front Brakes Type,Solid Disc Brakes,spec-table
ContactCars,https://www.contactcars.com/en/new-cars/kia-sportage/29efd96c8bed,"Fri, 25 Sep 2026 12:32:37 GMT",9b70ea087ffbe4c46c9da0744fd4672a70e4219d96fb297125d8879a6774198e,Kia,Sportage,,Highline,2027,eb24327dbe4e,Rear Brakes Type,Solid Disc Brakes,spec-table
ContactCars,https://www.contactcars.com/en/new-cars/kia-sportage/29efd96c8bed,"Fri, 25 Sep 2026 12:32:37 GMT",9b70ea087ffbe4c46c9da0744fd4672a70e4219d96fb297125d8879a6774198e,Kia,Sportage,,Highline,2027,4ed8405e7e5b,Hand Brake Type,Electronic,spec-table
ContactCars,https://www.contactcars.com/en/new-cars/kia-sportage/29efd96c8bed,"Fri, 25 Sep 2026 12:32:37 GMT",9b70ea087ffbe4c46c9da0744fd4672a70e4219d96fb297125d8879a6774198e,Kia,Sportage,,Highline,2027,d4b30096d663,Wheel Type,Alloy,spec-table
ContactCars,https://www.contactcars.com/en/new-cars/kia-sportage/29efd96c8bed,"Fri, 25 Sep 2026 12:32:37 GMT",9b70ea087ffbe4c46c9da0744fd4672a70e4219d96fb297125d8879a6774198e,Kia,Sportage,,Highline,2027,1831c41b7b17,Front Wheel Size,18,spec-table
ContactCars,https://www.contactcars.com/en/new-cars/kia-sportage/29efd96c8bed,"Fri, 25 Sep 2026 12:32:37 GMT",9b70ea087ffbe4c46c9da0744fd4672a70e4219d96fb297125d8879a6774198e,Kia,Sportage,,Highline,2027,1f4797b49117,Rear Wheel Size,18,spec-table
ContactCars,https://www.contactcars.com/en/new-cars/kia-sportage/29efd96c8bed,"Fri, 25 Sep 2026 12:32:37 GMT",9b70ea087ffbe4c46c9da0744fd4672a70e4219d96fb297125d8879a6774198e,Kia,Sportage,,Highline,2027,60199ad52a420993a3e82372,Front Tire Size,235/60R18,spec-table
ContactCars,https://www.contactcars.com/en/new-cars/kia-sportage/29efd96c8bed,"Fri, 25 Sep 2026 12:32:37 GMT",9b70ea087ffbe4c46c9da0744fd4672a70e4219d96fb297125d8879a6774198e,Kia,Sportage,,Highline,2027,2076fe4abba4,Rear Tire Size,235/60R18,spec-table
ContactCars,https://www.contactcars.com/en/new-cars/kia-sportage/29efd96c8bed,"Fri, 25 Sep 2026 12:32:37 GMT",9b70ea087ffbe4c46c9da0744fd4672a70e4219d96fb297125d8879a6774198e,Kia,Sportage,,Highline,2027,cb68666c87e5,Tire Type,All-Season,spec-table
ContactCars,https://www.contactcars.com/en/new-cars/kia-sportage/29efd96c8bed,"Fri, 25 Sep 2026 12:32:37 GMT",9b70ea087ffbe4c46c9da0744fd4672a70e4219d96fb297125d8879a6774198e,Kia,Sportage,,Highline,2027,ba2239f5bba2,IIHS Results,Top Safety Pick+,spec-table
ContactCars,https://www.contactcars.com/en/new-cars/kia-sportage/29efd96c8bed,"Fri, 25 Sep 2026 12:32:37 GMT",9b70ea087ffbe4c46c9da0744fd4672a70e4219d96fb297125d8879a6774198e,Kia,Sportage,,Highline,2027,56a59f46e398,Euro NCAP Results,5,spec-table
ContactCars,https://www.contactcars.com/en/new-cars/kia-sportage/29efd96c8bed,"Fri, 25 Sep 2026 12:32:37 GMT",9b70ea087ffbe4c46c9da0744fd4672a70e4219d96fb297125d8879a6774198e,Kia,Sportage,,Highline,2027,60199ad52a420993a3e8236a,Airbag Count,6,spec-table
ContactCars,https://www.contactcars.com/en/new-cars/kia-sportage/29efd96c8bed,"Fri, 25 Sep 2026 12:32:37 GMT",9b70ea087ffbe4c46c9da0744fd4672a70e4219d96fb297125d8879a6774198e,Kia,Sportage,,Highline,2027,72fbbbfbb11f,Seat Upholestry,Partial Leather,spec-table
ContactCars,https://www.contactcars.com/en/new-cars/kia-sportage/29efd96c8bed,"Fri, 25 Sep 2026 12:32:37 GMT",9b70ea087ffbe4c46c9da0744fd4672a70e4219d96fb297125d8879a6774198e,Kia,Sportage,,Highline,2027,40e24a4a83e0,Gearbox Selector,Shift By Wire,spec-table
ContactCars,https://www.contactcars.com/en/new-cars/kia-sportage/29efd96c8bed,"Fri, 25 Sep 2026 12:32:37 GMT",9b70ea087ffbe4c46c9da0744fd4672a70e4219d96fb297125d8879a6774198e,Kia,Sportage,,Highline,2027,60199ad52a420993a3e82383,Ambient Lighting,Multi Color,spec-table
ContactCars,https://www.contactcars.com/en/new-cars/kia-sportage/29efd96c8bed,"Fri, 25 Sep 2026 12:32:37 GMT",9b70ea087ffbe4c46c9da0744fd4672a70e4219d96fb297125d8879a6774198e,Kia,Sportage,,Highline,2027,60199ad52a420993a3e8238f,Driver Seat,Manual,spec-table
ContactCars,https://www.contactcars.com/en/new-cars/kia-sportage/29efd96c8bed,"Fri, 25 Sep 2026 12:32:37 GMT",9b70ea087ffbe4c46c9da0744fd4672a70e4219d96fb297125d8879a6774198e,Kia,Sportage,,Highline,2027,60199ad52a420993a3e8239d,Infotainment Display Size,12٫3,spec-table
ContactCars,https://www.contactcars.com/en/new-cars/kia-sportage/29efd96c8bed,"Fri, 25 Sep 2026 12:32:37 GMT",9b70ea087ffbe4c46c9da0744fd4672a70e4219d96fb297125d8879a6774198e,Kia,Sportage,,Highline,2027,60199ad52a420993a3e8237c,Instrument Cluster Type,Digital,spec-table
ContactCars,https://www.contactcars.com/en/new-cars/kia-sportage/29efd96c8bed,"Fri, 25 Sep 2026 12:32:37 GMT",9b70ea087ffbe4c46c9da0744fd4672a70e4219d96fb297125d8879a6774198e,Kia,Sportage,,Highline,2027,60199ad52a420993a3e8239c,Smartphone Integration,Android Auto/Apple Car Play,spec-table
ContactCars,https://www.contactcars.com/en/new-cars/kia-sportage/29efd96c8bed,"Fri, 25 Sep 2026 12:32:37 GMT",9b70ea087ffbe4c46c9da0744fd4672a70e4219d96fb297125d8879a6774198e,Kia,Sportage,,Highline,2027,60199ad52a420993a3e823a2,Number of Speakers,6,spec-table
ContactCars,https://www.contactcars.com/en/new-cars/kia-sportage/29efd96c8bed,"Fri, 25 Sep 2026 12:32:37 GMT",9b70ea087ffbe4c46c9da0744fd4672a70e4219d96fb297125d8879a6774198e,Kia,Sportage,,Highline,2027,60199ad52a420993a3e82376,Rims,R18,spec-table
ContactCars,https://www.contactcars.com/en/new-cars/kia-sportage/29efd96c8bed,"Fri, 25 Sep 2026 12:32:37 GMT",9b70ea087ffbe4c46c9da0744fd4672a70e4219d96fb297125d8879a6774198e,Kia,Sportage,,Highline,2027,60199ad52a420993a3e8236d,Headlamps,LED,spec-table
ContactCars,https://www.contactcars.com/en/new-cars/kia-sportage/29efd96c8bed,"Fri, 25 Sep 2026 12:32:37 GMT",9b70ea087ffbe4c46c9da0744fd4672a70e4219d96fb297125d8879a6774198e,Kia,Sportage,,Highline,2027,60199ad52a420993a3e8236e,Tail Lights,LED,spec-table
ContactCars,https://www.contactcars.com/en/new-cars/kia-sportage/29efd96c8bed,"Fri, 25 Sep 2026 12:32:37 GMT",9b70ea087ffbe4c46c9da0744fd4672a70e4219d96fb297125d8879a6774198e,Kia,Sportage,,Highline,2027,62a5f51c3b190c24efacbe38,Basic Vehicle Warranty,"5 years or 100,000 KM",spec-table
ContactCars,https://www.contactcars.com/en/new-cars/kia-sportage/87e4907ffdaa,"Fri, 25 Sep 2026 12:32:39 GMT",0ae4997889397c674f7a73d3fc8b1a1376d44d72f3024ae7474ac5ef08353f89,Kia,Sportage,,LX,2027,jsonld:offer_price_egp,offer_price_egp,1824900,json-ld
ContactCars,https://www.contactcars.com/en/new-cars/kia-sportage/87e4907ffdaa,"Fri, 25 Sep 2026 12:32:39 GMT",0ae4997889397c674f7a73d3fc8b1a1376d44d72f3024ae7474ac5ef08353f89,Kia,Sportage,,LX,2027,jsonld:fuelType,fuelType,Gas,json-ld
ContactCars,https://www.contactcars.com/en/new-cars/kia-sportage/87e4907ffdaa,"Fri, 25 Sep 2026 12:32:39 GMT",0ae4997889397c674f7a73d3fc8b1a1376d44d72f3024ae7474ac5ef08353f89,Kia,Sportage,,LX,2027,jsonld:engineDisplacement,engineDisplacement,1600,json-ld
ContactCars,https://www.contactcars.com/en/new-cars/kia-sportage/87e4907ffdaa,"Fri, 25 Sep 2026 12:32:39 GMT",0ae4997889397c674f7a73d3fc8b1a1376d44d72f3024ae7474ac5ef08353f89,Kia,Sportage,,LX,2027,jsonld:vehicleTransmission,vehicleTransmission,Dual Clutch,json-ld
ContactCars,https://www.contactcars.com/en/new-cars/kia-sportage/87e4907ffdaa,"Fri, 25 Sep 2026 12:32:39 GMT",0ae4997889397c674f7a73d3fc8b1a1376d44d72f3024ae7474ac5ef08353f89,Kia,Sportage,,LX,2027,jsonld:bodyType,bodyType,SUV,json-ld
ContactCars,https://www.contactcars.com/en/new-cars/kia-sportage/87e4907ffdaa,"Fri, 25 Sep 2026 12:32:39 GMT",0ae4997889397c674f7a73d3fc8b1a1376d44d72f3024ae7474ac5ef08353f89,Kia,Sportage,,LX,2027,jsonld:assembly_country,assembly_country,Slovakia,json-ld
ContactCars,https://www.contactcars.com/en/new-cars/kia-sportage/87e4907ffdaa,"Fri, 25 Sep 2026 12:32:39 GMT",0ae4997889397c674f7a73d3fc8b1a1376d44d72f3024ae7474ac5ef08353f89,Kia,Sportage,,LX,2027,1cff89624677,Vehicle Size Class,Compact,spec-table
ContactCars,https://www.contactcars.com/en/new-cars/kia-sportage/87e4907ffdaa,"Fri, 25 Sep 2026 12:32:39 GMT",0ae4997889397c674f7a73d3fc8b1a1376d44d72f3024ae7474ac5ef08353f89,Kia,Sportage,,LX,2027,5bedd1146e88,Body Style,SUV,spec-table
ContactCars,https://www.contactcars.com/en/new-cars/kia-sportage/87e4907ffdaa,"Fri, 25 Sep 2026 12:32:39 GMT",0ae4997889397c674f7a73d3fc8b1a1376d44d72f3024ae7474ac5ef08353f89,Kia,Sportage,,LX,2027,13a10f395a87,Number of Doors,5,spec-table
ContactCars,https://www.contactcars.com/en/new-cars/kia-sportage/87e4907ffdaa,"Fri, 25 Sep 2026 12:32:39 GMT",0ae4997889397c674f7a73d3fc8b1a1376d44d72f3024ae7474ac5ef08353f89,Kia,Sportage,,LX,2027,60199ad52a420993a3e82387,Number of Seats,5,spec-table
ContactCars,https://www.contactcars.com/en/new-cars/kia-sportage/87e4907ffdaa,"Fri, 25 Sep 2026 12:32:39 GMT",0ae4997889397c674f7a73d3fc8b1a1376d44d72f3024ae7474ac5ef08353f89,Kia,Sportage,,LX,2027,60199ad52a420993a3e823a4,Rear Trunk Capacity (Liter),591,spec-table
ContactCars,https://www.contactcars.com/en/new-cars/kia-sportage/87e4907ffdaa,"Fri, 25 Sep 2026 12:32:39 GMT",0ae4997889397c674f7a73d3fc8b1a1376d44d72f3024ae7474ac5ef08353f89,Kia,Sportage,,LX,2027,2cd960af118a,"Rear Trunk Capacity, Seats Folded (Liter)",1780,spec-table
ContactCars,https://www.contactcars.com/en/new-cars/kia-sportage/87e4907ffdaa,"Fri, 25 Sep 2026 12:32:39 GMT",0ae4997889397c674f7a73d3fc8b1a1376d44d72f3024ae7474ac5ef08353f89,Kia,Sportage,,LX,2027,603647429f57461ab1a74148,Length (mm),4540,spec-table
ContactCars,https://www.contactcars.com/en/new-cars/kia-sportage/87e4907ffdaa,"Fri, 25 Sep 2026 12:32:39 GMT",0ae4997889397c674f7a73d3fc8b1a1376d44d72f3024ae7474ac5ef08353f89,Kia,Sportage,,LX,2027,6036477d9f57461ab1a74149,Width (mm),1865,spec-table
ContactCars,https://www.contactcars.com/en/new-cars/kia-sportage/87e4907ffdaa,"Fri, 25 Sep 2026 12:32:39 GMT",0ae4997889397c674f7a73d3fc8b1a1376d44d72f3024ae7474ac5ef08353f89,Kia,Sportage,,LX,2027,603647a49f57461ab1a7414a,Height (mm),1645,spec-table
ContactCars,https://www.contactcars.com/en/new-cars/kia-sportage/87e4907ffdaa,"Fri, 25 Sep 2026 12:32:39 GMT",0ae4997889397c674f7a73d3fc8b1a1376d44d72f3024ae7474ac5ef08353f89,Kia,Sportage,,LX,2027,6033cae86136e6f66151c687,Wheelbase (mm),2680,spec-table
ContactCars,https://www.contactcars.com/en/new-cars/kia-sportage/87e4907ffdaa,"Fri, 25 Sep 2026 12:32:39 GMT",0ae4997889397c674f7a73d3fc8b1a1376d44d72f3024ae7474ac5ef08353f89,Kia,Sportage,,LX,2027,6033cbc86136e6f66151c688,Ground Clearance (mm),170,spec-table
ContactCars,https://www.contactcars.com/en/new-cars/kia-sportage/87e4907ffdaa,"Fri, 25 Sep 2026 12:32:39 GMT",0ae4997889397c674f7a73d3fc8b1a1376d44d72f3024ae7474ac5ef08353f89,Kia,Sportage,,LX,2027,6244612fba30183d7791942e,Curb Weight (KG),"1,626",spec-table
ContactCars,https://www.contactcars.com/en/new-cars/kia-sportage/87e4907ffdaa,"Fri, 25 Sep 2026 12:32:39 GMT",0ae4997889397c674f7a73d3fc8b1a1376d44d72f3024ae7474ac5ef08353f89,Kia,Sportage,,LX,2027,624443c0ba30183d77919424,Generation,5th,spec-table
ContactCars,https://www.contactcars.com/en/new-cars/kia-sportage/87e4907ffdaa,"Fri, 25 Sep 2026 12:32:39 GMT",0ae4997889397c674f7a73d3fc8b1a1376d44d72f3024ae7474ac5ef08353f89,Kia,Sportage,,LX,2027,1b9f93607f48,Powertrain Type,ICE (Petrol),spec-table
ContactCars,https://www.contactcars.com/en/new-cars/kia-sportage/87e4907ffdaa,"Fri, 25 Sep 2026 12:32:39 GMT",0ae4997889397c674f7a73d3fc8b1a1376d44d72f3024ae7474ac5ef08353f89,Kia,Sportage,,LX,2027,60199ad52a420993a3e82353,Combined Maximum Power (HP @ RPM),"180/5,500",spec-table
ContactCars,https://www.contactcars.com/en/new-cars/kia-sportage/87e4907ffdaa,"Fri, 25 Sep 2026 12:32:39 GMT",0ae4997889397c674f7a73d3fc8b1a1376d44d72f3024ae7474ac5ef08353f89,Kia,Sportage,,LX,2027,60199ad52a420993a3e82354,Combined Maximum Torque (N.m @ RPM),"265/4,500",spec-table
ContactCars,https://www.contactcars.com/en/new-cars/kia-sportage/87e4907ffdaa,"Fri, 25 Sep 2026 12:32:39 GMT",0ae4997889397c674f7a73d3fc8b1a1376d44d72f3024ae7474ac5ef08353f89,Kia,Sportage,,LX,2027,60199ad52a420993a3e82359,Fuel Tank Capacity (Litre),54,spec-table
ContactCars,https://www.contactcars.com/en/new-cars/kia-sportage/87e4907ffdaa,"Fri, 25 Sep 2026 12:32:39 GMT",0ae4997889397c674f7a73d3fc8b1a1376d44d72f3024ae7474ac5ef08353f89,Kia,Sportage,,LX,2027,60199ad52a420993a3e82356,Combined Fuel/Energy Consumption (Liter/100 KM),6٫8,spec-table
ContactCars,https://www.contactcars.com/en/new-cars/kia-sportage/87e4907ffdaa,"Fri, 25 Sep 2026 12:32:39 GMT",0ae4997889397c674f7a73d3fc8b1a1376d44d72f3024ae7474ac5ef08353f89,Kia,Sportage,,LX,2027,bc8f5919d91f,Engine Type,Inline-4,spec-table
ContactCars,https://www.contactcars.com/en/new-cars/kia-sportage/87e4907ffdaa,"Fri, 25 Sep 2026 12:32:39 GMT",0ae4997889397c674f7a73d3fc8b1a1376d44d72f3024ae7474ac5ef08353f89,Kia,Sportage,,LX,2027,0922a30a7f46,Engine Function,Drive Wheels,spec-table
ContactCars,https://www.contactcars.com/en/new-cars/kia-sportage/87e4907ffdaa,"Fri, 25 Sep 2026 12:32:39 GMT",0ae4997889397c674f7a73d3fc8b1a1376d44d72f3024ae7474ac5ef08353f89,Kia,Sportage,,LX,2027,60199ad52a420993a3e82352,Cylinders,4,spec-table
ContactCars,https://www.contactcars.com/en/new-cars/kia-sportage/87e4907ffdaa,"Fri, 25 Sep 2026 12:32:39 GMT",0ae4997889397c674f7a73d3fc8b1a1376d44d72f3024ae7474ac5ef08353f89,Kia,Sportage,,LX,2027,62445feaba30183d7791942d,Engine Capacity (CC),1600,spec-table
ContactCars,https://www.contactcars.com/en/new-cars/kia-sportage/87e4907ffdaa,"Fri, 25 Sep 2026 12:32:39 GMT",0ae4997889397c674f7a73d3fc8b1a1376d44d72f3024ae7474ac5ef08353f89,Kia,Sportage,,LX,2027,6244616cba30183d7791942f,Induction Type,Turbocharged,spec-table
ContactCars,https://www.contactcars.com/en/new-cars/kia-sportage/87e4907ffdaa,"Fri, 25 Sep 2026 12:32:39 GMT",0ae4997889397c674f7a73d3fc8b1a1376d44d72f3024ae7474ac5ef08353f89,Kia,Sportage,,LX,2027,62445f6cba30183d7791942c,Engine Layout,Front,spec-table
ContactCars,https://www.contactcars.com/en/new-cars/kia-sportage/87e4907ffdaa,"Fri, 25 Sep 2026 12:32:39 GMT",0ae4997889397c674f7a73d3fc8b1a1376d44d72f3024ae7474ac5ef08353f89,Kia,Sportage,,LX,2027,ae3798f5fd83,Drivetrain Type,FWD (Front-Wheel Drive),spec-table
ContactCars,https://www.contactcars.com/en/new-cars/kia-sportage/87e4907ffdaa,"Fri, 25 Sep 2026 12:32:39 GMT",0ae4997889397c674f7a73d3fc8b1a1376d44d72f3024ae7474ac5ef08353f89,Kia,Sportage,,LX,2027,fd8d1904b500,Transmission Type,Automatic,spec-table
ContactCars,https://www.contactcars.com/en/new-cars/kia-sportage/87e4907ffdaa,"Fri, 25 Sep 2026 12:32:39 GMT",0ae4997889397c674f7a73d3fc8b1a1376d44d72f3024ae7474ac5ef08353f89,Kia,Sportage,,LX,2027,5229867ce0fa,Transmission Technology,Dry DCT (Dual-Clutch Transmission),spec-table
ContactCars,https://www.contactcars.com/en/new-cars/kia-sportage/87e4907ffdaa,"Fri, 25 Sep 2026 12:32:39 GMT",0ae4997889397c674f7a73d3fc8b1a1376d44d72f3024ae7474ac5ef08353f89,Kia,Sportage,,LX,2027,60199ad52a420993a3e8235a,Number of Gears,7,spec-table
ContactCars,https://www.contactcars.com/en/new-cars/kia-sportage/87e4907ffdaa,"Fri, 25 Sep 2026 12:32:39 GMT",0ae4997889397c674f7a73d3fc8b1a1376d44d72f3024ae7474ac5ef08353f89,Kia,Sportage,,LX,2027,60199ad52a420993a3e82385,Steering Wheel,Leather Steering Wheel,spec-table
ContactCars,https://www.contactcars.com/en/new-cars/kia-sportage/87e4907ffdaa,"Fri, 25 Sep 2026 12:32:39 GMT",0ae4997889397c674f7a73d3fc8b1a1376d44d72f3024ae7474ac5ef08353f89,Kia,Sportage,,LX,2027,60199ad52a420993a3e8235d,Power Steering Type,Electric,spec-table
ContactCars,https://www.contactcars.com/en/new-cars/kia-sportage/87e4907ffdaa,"Fri, 25 Sep 2026 12:32:39 GMT",0ae4997889397c674f7a73d3fc8b1a1376d44d72f3024ae7474ac5ef08353f89,Kia,Sportage,,LX,2027,602fa37cd768,Steering Adjustment Ops,Manual,spec-table
ContactCars,https://www.contactcars.com/en/new-cars/kia-sportage/87e4907ffdaa,"Fri, 25 Sep 2026 12:32:39 GMT",0ae4997889397c674f7a73d3fc8b1a1376d44d72f3024ae7474ac5ef08353f89,Kia,Sportage,,LX,2027,e78c472170c2,Front Suspension Type,MacPherson,spec-table
ContactCars,https://www.contactcars.com/en/new-cars/kia-sportage/87e4907ffdaa,"Fri, 25 Sep 2026 12:32:39 GMT",0ae4997889397c674f7a73d3fc8b1a1376d44d72f3024ae7474ac5ef08353f89,Kia,Sportage,,LX,2027,d7a33f9ff1ff,Rear Suspension Type,Multi-Link,spec-table
ContactCars,https://www.contactcars.com/en/new-cars/kia-sportage/87e4907ffdaa,"Fri, 25 Sep 2026 12:32:39 GMT",0ae4997889397c674f7a73d3fc8b1a1376d44d72f3024ae7474ac5ef08353f89,Kia,Sportage,,LX,2027,58f344b6ff55,Front Brakes Type,Solid Disc Brakes,spec-table
ContactCars,https://www.contactcars.com/en/new-cars/kia-sportage/87e4907ffdaa,"Fri, 25 Sep 2026 12:32:39 GMT",0ae4997889397c674f7a73d3fc8b1a1376d44d72f3024ae7474ac5ef08353f89,Kia,Sportage,,LX,2027,eb24327dbe4e,Rear Brakes Type,Solid Disc Brakes,spec-table
ContactCars,https://www.contactcars.com/en/new-cars/kia-sportage/87e4907ffdaa,"Fri, 25 Sep 2026 12:32:39 GMT",0ae4997889397c674f7a73d3fc8b1a1376d44d72f3024ae7474ac5ef08353f89,Kia,Sportage,,LX,2027,4ed8405e7e5b,Hand Brake Type,Electronic,spec-table
ContactCars,https://www.contactcars.com/en/new-cars/kia-sportage/87e4907ffdaa,"Fri, 25 Sep 2026 12:32:39 GMT",0ae4997889397c674f7a73d3fc8b1a1376d44d72f3024ae7474ac5ef08353f89,Kia,Sportage,,LX,2027,d4b30096d663,Wheel Type,Alloy,spec-table
ContactCars,https://www.contactcars.com/en/new-cars/kia-sportage/87e4907ffdaa,"Fri, 25 Sep 2026 12:32:39 GMT",0ae4997889397c674f7a73d3fc8b1a1376d44d72f3024ae7474ac5ef08353f89,Kia,Sportage,,LX,2027,1831c41b7b17,Front Wheel Size,17,spec-table
ContactCars,https://www.contactcars.com/en/new-cars/kia-sportage/87e4907ffdaa,"Fri, 25 Sep 2026 12:32:39 GMT",0ae4997889397c674f7a73d3fc8b1a1376d44d72f3024ae7474ac5ef08353f89,Kia,Sportage,,LX,2027,1f4797b49117,Rear Wheel Size,17,spec-table
ContactCars,https://www.contactcars.com/en/new-cars/kia-sportage/87e4907ffdaa,"Fri, 25 Sep 2026 12:32:39 GMT",0ae4997889397c674f7a73d3fc8b1a1376d44d72f3024ae7474ac5ef08353f89,Kia,Sportage,,LX,2027,60199ad52a420993a3e82372,Front Tire Size,235/65R17 ,spec-table
ContactCars,https://www.contactcars.com/en/new-cars/kia-sportage/87e4907ffdaa,"Fri, 25 Sep 2026 12:32:39 GMT",0ae4997889397c674f7a73d3fc8b1a1376d44d72f3024ae7474ac5ef08353f89,Kia,Sportage,,LX,2027,2076fe4abba4,Rear Tire Size,235/65R17 ,spec-table
ContactCars,https://www.contactcars.com/en/new-cars/kia-sportage/87e4907ffdaa,"Fri, 25 Sep 2026 12:32:39 GMT",0ae4997889397c674f7a73d3fc8b1a1376d44d72f3024ae7474ac5ef08353f89,Kia,Sportage,,LX,2027,cb68666c87e5,Tire Type,All-Season,spec-table
ContactCars,https://www.contactcars.com/en/new-cars/kia-sportage/87e4907ffdaa,"Fri, 25 Sep 2026 12:32:39 GMT",0ae4997889397c674f7a73d3fc8b1a1376d44d72f3024ae7474ac5ef08353f89,Kia,Sportage,,LX,2027,ba2239f5bba2,IIHS Results,Top Safety Pick+,spec-table
ContactCars,https://www.contactcars.com/en/new-cars/kia-sportage/87e4907ffdaa,"Fri, 25 Sep 2026 12:32:39 GMT",0ae4997889397c674f7a73d3fc8b1a1376d44d72f3024ae7474ac5ef08353f89,Kia,Sportage,,LX,2027,56a59f46e398,Euro NCAP Results,5,spec-table
ContactCars,https://www.contactcars.com/en/new-cars/kia-sportage/87e4907ffdaa,"Fri, 25 Sep 2026 12:32:39 GMT",0ae4997889397c674f7a73d3fc8b1a1376d44d72f3024ae7474ac5ef08353f89,Kia,Sportage,,LX,2027,60199ad52a420993a3e8236a,Airbag Count,6,spec-table
ContactCars,https://www.contactcars.com/en/new-cars/kia-sportage/87e4907ffdaa,"Fri, 25 Sep 2026 12:32:39 GMT",0ae4997889397c674f7a73d3fc8b1a1376d44d72f3024ae7474ac5ef08353f89,Kia,Sportage,,LX,2027,72fbbbfbb11f,Seat Upholestry,Cloth,spec-table
ContactCars,https://www.contactcars.com/en/new-cars/kia-sportage/87e4907ffdaa,"Fri, 25 Sep 2026 12:32:39 GMT",0ae4997889397c674f7a73d3fc8b1a1376d44d72f3024ae7474ac5ef08353f89,Kia,Sportage,,LX,2027,40e24a4a83e0,Gearbox Selector,Mechanical,spec-table
ContactCars,https://www.contactcars.com/en/new-cars/kia-sportage/87e4907ffdaa,"Fri, 25 Sep 2026 12:32:39 GMT",0ae4997889397c674f7a73d3fc8b1a1376d44d72f3024ae7474ac5ef08353f89,Kia,Sportage,,LX,2027,60199ad52a420993a3e8238f,Driver Seat,Manual,spec-table
ContactCars,https://www.contactcars.com/en/new-cars/kia-sportage/87e4907ffdaa,"Fri, 25 Sep 2026 12:32:39 GMT",0ae4997889397c674f7a73d3fc8b1a1376d44d72f3024ae7474ac5ef08353f89,Kia,Sportage,,LX,2027,60199ad52a420993a3e8239d,Infotainment Display Size,12٫3,spec-table
ContactCars,https://www.contactcars.com/en/new-cars/kia-sportage/87e4907ffdaa,"Fri, 25 Sep 2026 12:32:39 GMT",0ae4997889397c674f7a73d3fc8b1a1376d44d72f3024ae7474ac5ef08353f89,Kia,Sportage,,LX,2027,60199ad52a420993a3e8237c,Instrument Cluster Type,Partial Digital,spec-table
ContactCars,https://www.contactcars.com/en/new-cars/kia-sportage/87e4907ffdaa,"Fri, 25 Sep 2026 12:32:39 GMT",0ae4997889397c674f7a73d3fc8b1a1376d44d72f3024ae7474ac5ef08353f89,Kia,Sportage,,LX,2027,60199ad52a420993a3e8239c,Smartphone Integration,Android Auto/Apple Car Play,spec-table
ContactCars,https://www.contactcars.com/en/new-cars/kia-sportage/87e4907ffdaa,"Fri, 25 Sep 2026 12:32:39 GMT",0ae4997889397c674f7a73d3fc8b1a1376d44d72f3024ae7474ac5ef08353f89,Kia,Sportage,,LX,2027,60199ad52a420993a3e823a2,Number of Speakers,6,spec-table
ContactCars,https://www.contactcars.com/en/new-cars/kia-sportage/87e4907ffdaa,"Fri, 25 Sep 2026 12:32:39 GMT",0ae4997889397c674f7a73d3fc8b1a1376d44d72f3024ae7474ac5ef08353f89,Kia,Sportage,,LX,2027,60199ad52a420993a3e8236d,Headlamps,LED,spec-table
ContactCars,https://www.contactcars.com/en/new-cars/kia-sportage/87e4907ffdaa,"Fri, 25 Sep 2026 12:32:39 GMT",0ae4997889397c674f7a73d3fc8b1a1376d44d72f3024ae7474ac5ef08353f89,Kia,Sportage,,LX,2027,60199ad52a420993a3e8236e,Tail Lights,LED,spec-table
ContactCars,https://www.contactcars.com/en/new-cars/kia-sportage/87e4907ffdaa,"Fri, 25 Sep 2026 12:32:39 GMT",0ae4997889397c674f7a73d3fc8b1a1376d44d72f3024ae7474ac5ef08353f89,Kia,Sportage,,LX,2027,62a5f51c3b190c24efacbe38,Basic Vehicle Warranty,"5 years or 100,000 KM",spec-table
ContactCars,https://www.contactcars.com/en/new-cars/kia-sportage/939d870353db,"Fri, 25 Sep 2026 12:32:40 GMT",e1c8a918f3581046fd0a39b343420300a02a75302ec4f187f83783ab0c2b13a5,Kia,Sportage,,GT Line,2026,jsonld:offer_price_egp,offer_price_egp,2375000,json-ld
ContactCars,https://www.contactcars.com/en/new-cars/kia-sportage/939d870353db,"Fri, 25 Sep 2026 12:32:40 GMT",e1c8a918f3581046fd0a39b343420300a02a75302ec4f187f83783ab0c2b13a5,Kia,Sportage,,GT Line,2026,jsonld:fuelType,fuelType,Gas,json-ld
ContactCars,https://www.contactcars.com/en/new-cars/kia-sportage/939d870353db,"Fri, 25 Sep 2026 12:32:40 GMT",e1c8a918f3581046fd0a39b343420300a02a75302ec4f187f83783ab0c2b13a5,Kia,Sportage,,GT Line,2026,jsonld:engineDisplacement,engineDisplacement,1600,json-ld
ContactCars,https://www.contactcars.com/en/new-cars/kia-sportage/939d870353db,"Fri, 25 Sep 2026 12:32:40 GMT",e1c8a918f3581046fd0a39b343420300a02a75302ec4f187f83783ab0c2b13a5,Kia,Sportage,,GT Line,2026,jsonld:vehicleTransmission,vehicleTransmission,Dual Clutch,json-ld
ContactCars,https://www.contactcars.com/en/new-cars/kia-sportage/939d870353db,"Fri, 25 Sep 2026 12:32:40 GMT",e1c8a918f3581046fd0a39b343420300a02a75302ec4f187f83783ab0c2b13a5,Kia,Sportage,,GT Line,2026,jsonld:bodyType,bodyType,SUV,json-ld
ContactCars,https://www.contactcars.com/en/new-cars/kia-sportage/939d870353db,"Fri, 25 Sep 2026 12:32:40 GMT",e1c8a918f3581046fd0a39b343420300a02a75302ec4f187f83783ab0c2b13a5,Kia,Sportage,,GT Line,2026,jsonld:assembly_country,assembly_country,Slovakia,json-ld
ContactCars,https://www.contactcars.com/en/new-cars/kia-sportage/939d870353db,"Fri, 25 Sep 2026 12:32:40 GMT",e1c8a918f3581046fd0a39b343420300a02a75302ec4f187f83783ab0c2b13a5,Kia,Sportage,,GT Line,2026,1cff89624677,Vehicle Size Class,Compact,spec-table
ContactCars,https://www.contactcars.com/en/new-cars/kia-sportage/939d870353db,"Fri, 25 Sep 2026 12:32:40 GMT",e1c8a918f3581046fd0a39b343420300a02a75302ec4f187f83783ab0c2b13a5,Kia,Sportage,,GT Line,2026,5bedd1146e88,Body Style,SUV,spec-table
ContactCars,https://www.contactcars.com/en/new-cars/kia-sportage/939d870353db,"Fri, 25 Sep 2026 12:32:40 GMT",e1c8a918f3581046fd0a39b343420300a02a75302ec4f187f83783ab0c2b13a5,Kia,Sportage,,GT Line,2026,13a10f395a87,Number of Doors,5,spec-table
ContactCars,https://www.contactcars.com/en/new-cars/kia-sportage/939d870353db,"Fri, 25 Sep 2026 12:32:40 GMT",e1c8a918f3581046fd0a39b343420300a02a75302ec4f187f83783ab0c2b13a5,Kia,Sportage,,GT Line,2026,60199ad52a420993a3e82387,Number of Seats,5,spec-table
ContactCars,https://www.contactcars.com/en/new-cars/kia-sportage/939d870353db,"Fri, 25 Sep 2026 12:32:40 GMT",e1c8a918f3581046fd0a39b343420300a02a75302ec4f187f83783ab0c2b13a5,Kia,Sportage,,GT Line,2026,60199ad52a420993a3e823a4,Rear Trunk Capacity (Liter),591,spec-table
ContactCars,https://www.contactcars.com/en/new-cars/kia-sportage/939d870353db,"Fri, 25 Sep 2026 12:32:40 GMT",e1c8a918f3581046fd0a39b343420300a02a75302ec4f187f83783ab0c2b13a5,Kia,Sportage,,GT Line,2026,2cd960af118a,"Rear Trunk Capacity, Seats Folded (Liter)",1780,spec-table
ContactCars,https://www.contactcars.com/en/new-cars/kia-sportage/939d870353db,"Fri, 25 Sep 2026 12:32:40 GMT",e1c8a918f3581046fd0a39b343420300a02a75302ec4f187f83783ab0c2b13a5,Kia,Sportage,,GT Line,2026,603647429f57461ab1a74148,Length (mm),4540,spec-table
ContactCars,https://www.contactcars.com/en/new-cars/kia-sportage/939d870353db,"Fri, 25 Sep 2026 12:32:40 GMT",e1c8a918f3581046fd0a39b343420300a02a75302ec4f187f83783ab0c2b13a5,Kia,Sportage,,GT Line,2026,6036477d9f57461ab1a74149,Width (mm),1865,spec-table
ContactCars,https://www.contactcars.com/en/new-cars/kia-sportage/939d870353db,"Fri, 25 Sep 2026 12:32:40 GMT",e1c8a918f3581046fd0a39b343420300a02a75302ec4f187f83783ab0c2b13a5,Kia,Sportage,,GT Line,2026,603647a49f57461ab1a7414a,Height (mm),1645,spec-table
ContactCars,https://www.contactcars.com/en/new-cars/kia-sportage/939d870353db,"Fri, 25 Sep 2026 12:32:40 GMT",e1c8a918f3581046fd0a39b343420300a02a75302ec4f187f83783ab0c2b13a5,Kia,Sportage,,GT Line,2026,6033cae86136e6f66151c687,Wheelbase (mm),2680,spec-table
ContactCars,https://www.contactcars.com/en/new-cars/kia-sportage/939d870353db,"Fri, 25 Sep 2026 12:32:40 GMT",e1c8a918f3581046fd0a39b343420300a02a75302ec4f187f83783ab0c2b13a5,Kia,Sportage,,GT Line,2026,6033cbc86136e6f66151c688,Ground Clearance (mm),170,spec-table
ContactCars,https://www.contactcars.com/en/new-cars/kia-sportage/939d870353db,"Fri, 25 Sep 2026 12:32:40 GMT",e1c8a918f3581046fd0a39b343420300a02a75302ec4f187f83783ab0c2b13a5,Kia,Sportage,,GT Line,2026,6244612fba30183d7791942e,Curb Weight (KG),"1,626",spec-table
ContactCars,https://www.contactcars.com/en/new-cars/kia-sportage/939d870353db,"Fri, 25 Sep 2026 12:32:40 GMT",e1c8a918f3581046fd0a39b343420300a02a75302ec4f187f83783ab0c2b13a5,Kia,Sportage,,GT Line,2026,1b9f93607f48,Powertrain Type,ICE (Petrol),spec-table
ContactCars,https://www.contactcars.com/en/new-cars/kia-sportage/939d870353db,"Fri, 25 Sep 2026 12:32:40 GMT",e1c8a918f3581046fd0a39b343420300a02a75302ec4f187f83783ab0c2b13a5,Kia,Sportage,,GT Line,2026,60199ad52a420993a3e82353,Combined Maximum Power (HP @ RPM),"180 / 5,500",spec-table
ContactCars,https://www.contactcars.com/en/new-cars/kia-sportage/939d870353db,"Fri, 25 Sep 2026 12:32:40 GMT",e1c8a918f3581046fd0a39b343420300a02a75302ec4f187f83783ab0c2b13a5,Kia,Sportage,,GT Line,2026,60199ad52a420993a3e82354,Combined Maximum Torque (N.m @ RPM),"265/4,500",spec-table
ContactCars,https://www.contactcars.com/en/new-cars/kia-sportage/939d870353db,"Fri, 25 Sep 2026 12:32:40 GMT",e1c8a918f3581046fd0a39b343420300a02a75302ec4f187f83783ab0c2b13a5,Kia,Sportage,,GT Line,2026,60199ad52a420993a3e82359,Fuel Tank Capacity (Litre),54,spec-table
ContactCars,https://www.contactcars.com/en/new-cars/kia-sportage/939d870353db,"Fri, 25 Sep 2026 12:32:40 GMT",e1c8a918f3581046fd0a39b343420300a02a75302ec4f187f83783ab0c2b13a5,Kia,Sportage,,GT Line,2026,60199ad52a420993a3e82356,Combined Fuel/Energy Consumption (Liter/100 KM),6٫8,spec-table
ContactCars,https://www.contactcars.com/en/new-cars/kia-sportage/939d870353db,"Fri, 25 Sep 2026 12:32:40 GMT",e1c8a918f3581046fd0a39b343420300a02a75302ec4f187f83783ab0c2b13a5,Kia,Sportage,,GT Line,2026,bc8f5919d91f,Engine Type,Inline-4,spec-table
ContactCars,https://www.contactcars.com/en/new-cars/kia-sportage/939d870353db,"Fri, 25 Sep 2026 12:32:40 GMT",e1c8a918f3581046fd0a39b343420300a02a75302ec4f187f83783ab0c2b13a5,Kia,Sportage,,GT Line,2026,0922a30a7f46,Engine Function,Drive Wheels,spec-table
ContactCars,https://www.contactcars.com/en/new-cars/kia-sportage/939d870353db,"Fri, 25 Sep 2026 12:32:40 GMT",e1c8a918f3581046fd0a39b343420300a02a75302ec4f187f83783ab0c2b13a5,Kia,Sportage,,GT Line,2026,60199ad52a420993a3e82352,Cylinders,4,spec-table
ContactCars,https://www.contactcars.com/en/new-cars/kia-sportage/939d870353db,"Fri, 25 Sep 2026 12:32:40 GMT",e1c8a918f3581046fd0a39b343420300a02a75302ec4f187f83783ab0c2b13a5,Kia,Sportage,,GT Line,2026,62445feaba30183d7791942d,Engine Capacity (CC),1600,spec-table
ContactCars,https://www.contactcars.com/en/new-cars/kia-sportage/939d870353db,"Fri, 25 Sep 2026 12:32:40 GMT",e1c8a918f3581046fd0a39b343420300a02a75302ec4f187f83783ab0c2b13a5,Kia,Sportage,,GT Line,2026,6244616cba30183d7791942f,Induction Type,Turbocharged,spec-table
ContactCars,https://www.contactcars.com/en/new-cars/kia-sportage/939d870353db,"Fri, 25 Sep 2026 12:32:40 GMT",e1c8a918f3581046fd0a39b343420300a02a75302ec4f187f83783ab0c2b13a5,Kia,Sportage,,GT Line,2026,62445f6cba30183d7791942c,Engine Layout,Front,spec-table
ContactCars,https://www.contactcars.com/en/new-cars/kia-sportage/939d870353db,"Fri, 25 Sep 2026 12:32:40 GMT",e1c8a918f3581046fd0a39b343420300a02a75302ec4f187f83783ab0c2b13a5,Kia,Sportage,,GT Line,2026,ae3798f5fd83,Drivetrain Type,FWD (Front-Wheel Drive),spec-table
ContactCars,https://www.contactcars.com/en/new-cars/kia-sportage/939d870353db,"Fri, 25 Sep 2026 12:32:40 GMT",e1c8a918f3581046fd0a39b343420300a02a75302ec4f187f83783ab0c2b13a5,Kia,Sportage,,GT Line,2026,fd8d1904b500,Transmission Type,Automatic,spec-table
ContactCars,https://www.contactcars.com/en/new-cars/kia-sportage/939d870353db,"Fri, 25 Sep 2026 12:32:40 GMT",e1c8a918f3581046fd0a39b343420300a02a75302ec4f187f83783ab0c2b13a5,Kia,Sportage,,GT Line,2026,5229867ce0fa,Transmission Technology,Dry DCT (Dual-Clutch Transmission),spec-table
ContactCars,https://www.contactcars.com/en/new-cars/kia-sportage/939d870353db,"Fri, 25 Sep 2026 12:32:40 GMT",e1c8a918f3581046fd0a39b343420300a02a75302ec4f187f83783ab0c2b13a5,Kia,Sportage,,GT Line,2026,60199ad52a420993a3e8235a,Number of Gears,7,spec-table
ContactCars,https://www.contactcars.com/en/new-cars/kia-sportage/939d870353db,"Fri, 25 Sep 2026 12:32:40 GMT",e1c8a918f3581046fd0a39b343420300a02a75302ec4f187f83783ab0c2b13a5,Kia,Sportage,,GT Line,2026,60199ad52a420993a3e82385,Steering Wheel,GT Steering,spec-table
ContactCars,https://www.contactcars.com/en/new-cars/kia-sportage/939d870353db,"Fri, 25 Sep 2026 12:32:40 GMT",e1c8a918f3581046fd0a39b343420300a02a75302ec4f187f83783ab0c2b13a5,Kia,Sportage,,GT Line,2026,60199ad52a420993a3e8235d,Power Steering Type,Electric,spec-table
ContactCars,https://www.contactcars.com/en/new-cars/kia-sportage/939d870353db,"Fri, 25 Sep 2026 12:32:40 GMT",e1c8a918f3581046fd0a39b343420300a02a75302ec4f187f83783ab0c2b13a5,Kia,Sportage,,GT Line,2026,602fa37cd768,Steering Adjustment Ops,Manual,spec-table
ContactCars,https://www.contactcars.com/en/new-cars/kia-sportage/939d870353db,"Fri, 25 Sep 2026 12:32:40 GMT",e1c8a918f3581046fd0a39b343420300a02a75302ec4f187f83783ab0c2b13a5,Kia,Sportage,,GT Line,2026,e78c472170c2,Front Suspension Type,MacPherson,spec-table
ContactCars,https://www.contactcars.com/en/new-cars/kia-sportage/939d870353db,"Fri, 25 Sep 2026 12:32:40 GMT",e1c8a918f3581046fd0a39b343420300a02a75302ec4f187f83783ab0c2b13a5,Kia,Sportage,,GT Line,2026,d7a33f9ff1ff,Rear Suspension Type,Multi-Link,spec-table
ContactCars,https://www.contactcars.com/en/new-cars/kia-sportage/939d870353db,"Fri, 25 Sep 2026 12:32:40 GMT",e1c8a918f3581046fd0a39b343420300a02a75302ec4f187f83783ab0c2b13a5,Kia,Sportage,,GT Line,2026,58f344b6ff55,Front Brakes Type,Solid Disc Brakes,spec-table
ContactCars,https://www.contactcars.com/en/new-cars/kia-sportage/939d870353db,"Fri, 25 Sep 2026 12:32:40 GMT",e1c8a918f3581046fd0a39b343420300a02a75302ec4f187f83783ab0c2b13a5,Kia,Sportage,,GT Line,2026,eb24327dbe4e,Rear Brakes Type,Solid Disc Brakes,spec-table
ContactCars,https://www.contactcars.com/en/new-cars/kia-sportage/939d870353db,"Fri, 25 Sep 2026 12:32:40 GMT",e1c8a918f3581046fd0a39b343420300a02a75302ec4f187f83783ab0c2b13a5,Kia,Sportage,,GT Line,2026,4ed8405e7e5b,Hand Brake Type,Electronic,spec-table
ContactCars,https://www.contactcars.com/en/new-cars/kia-sportage/939d870353db,"Fri, 25 Sep 2026 12:32:40 GMT",e1c8a918f3581046fd0a39b343420300a02a75302ec4f187f83783ab0c2b13a5,Kia,Sportage,,GT Line,2026,d4b30096d663,Wheel Type,Alloy,spec-table
ContactCars,https://www.contactcars.com/en/new-cars/kia-sportage/939d870353db,"Fri, 25 Sep 2026 12:32:40 GMT",e1c8a918f3581046fd0a39b343420300a02a75302ec4f187f83783ab0c2b13a5,Kia,Sportage,,GT Line,2026,1831c41b7b17,Front Wheel Size,19,spec-table
ContactCars,https://www.contactcars.com/en/new-cars/kia-sportage/939d870353db,"Fri, 25 Sep 2026 12:32:40 GMT",e1c8a918f3581046fd0a39b343420300a02a75302ec4f187f83783ab0c2b13a5,Kia,Sportage,,GT Line,2026,1f4797b49117,Rear Wheel Size,19,spec-table
ContactCars,https://www.contactcars.com/en/new-cars/kia-sportage/939d870353db,"Fri, 25 Sep 2026 12:32:40 GMT",e1c8a918f3581046fd0a39b343420300a02a75302ec4f187f83783ab0c2b13a5,Kia,Sportage,,GT Line,2026,60199ad52a420993a3e82372,Front Tire Size,235/55R19,spec-table
ContactCars,https://www.contactcars.com/en/new-cars/kia-sportage/939d870353db,"Fri, 25 Sep 2026 12:32:40 GMT",e1c8a918f3581046fd0a39b343420300a02a75302ec4f187f83783ab0c2b13a5,Kia,Sportage,,GT Line,2026,2076fe4abba4,Rear Tire Size,235/55R19,spec-table
ContactCars,https://www.contactcars.com/en/new-cars/kia-sportage/939d870353db,"Fri, 25 Sep 2026 12:32:40 GMT",e1c8a918f3581046fd0a39b343420300a02a75302ec4f187f83783ab0c2b13a5,Kia,Sportage,,GT Line,2026,cb68666c87e5,Tire Type,All-Season,spec-table
ContactCars,https://www.contactcars.com/en/new-cars/kia-sportage/939d870353db,"Fri, 25 Sep 2026 12:32:40 GMT",e1c8a918f3581046fd0a39b343420300a02a75302ec4f187f83783ab0c2b13a5,Kia,Sportage,,GT Line,2026,ba2239f5bba2,IIHS Results,Top Safety Pick+,spec-table
ContactCars,https://www.contactcars.com/en/new-cars/kia-sportage/939d870353db,"Fri, 25 Sep 2026 12:32:40 GMT",e1c8a918f3581046fd0a39b343420300a02a75302ec4f187f83783ab0c2b13a5,Kia,Sportage,,GT Line,2026,56a59f46e398,Euro NCAP Results,5,spec-table
ContactCars,https://www.contactcars.com/en/new-cars/kia-sportage/939d870353db,"Fri, 25 Sep 2026 12:32:40 GMT",e1c8a918f3581046fd0a39b343420300a02a75302ec4f187f83783ab0c2b13a5,Kia,Sportage,,GT Line,2026,60199ad52a420993a3e8236a,Airbag Count,6,spec-table
ContactCars,https://www.contactcars.com/en/new-cars/kia-sportage/939d870353db,"Fri, 25 Sep 2026 12:32:40 GMT",e1c8a918f3581046fd0a39b343420300a02a75302ec4f187f83783ab0c2b13a5,Kia,Sportage,,GT Line,2026,72fbbbfbb11f,Seat Upholestry,Leather,spec-table
ContactCars,https://www.contactcars.com/en/new-cars/kia-sportage/939d870353db,"Fri, 25 Sep 2026 12:32:40 GMT",e1c8a918f3581046fd0a39b343420300a02a75302ec4f187f83783ab0c2b13a5,Kia,Sportage,,GT Line,2026,40e24a4a83e0,Gearbox Selector,Shift By Wire,spec-table
ContactCars,https://www.contactcars.com/en/new-cars/kia-sportage/939d870353db,"Fri, 25 Sep 2026 12:32:40 GMT",e1c8a918f3581046fd0a39b343420300a02a75302ec4f187f83783ab0c2b13a5,Kia,Sportage,,GT Line,2026,60199ad52a420993a3e82383,Ambient Lighting,Multi Color,spec-table
ContactCars,https://www.contactcars.com/en/new-cars/kia-sportage/939d870353db,"Fri, 25 Sep 2026 12:32:40 GMT",e1c8a918f3581046fd0a39b343420300a02a75302ec4f187f83783ab0c2b13a5,Kia,Sportage,,GT Line,2026,60199ad52a420993a3e8238f,Driver Seat,Driver Seat Electric,spec-table
ContactCars,https://www.contactcars.com/en/new-cars/kia-sportage/939d870353db,"Fri, 25 Sep 2026 12:32:40 GMT",e1c8a918f3581046fd0a39b343420300a02a75302ec4f187f83783ab0c2b13a5,Kia,Sportage,,GT Line,2026,624473faba30183d77919443,Int. Trim,GT Leather + GT Steering,spec-table
ContactCars,https://www.contactcars.com/en/new-cars/kia-sportage/939d870353db,"Fri, 25 Sep 2026 12:32:40 GMT",e1c8a918f3581046fd0a39b343420300a02a75302ec4f187f83783ab0c2b13a5,Kia,Sportage,,GT Line,2026,60199ad52a420993a3e8239d,Infotainment Display Size,12٫3,spec-table
ContactCars,https://www.contactcars.com/en/new-cars/kia-sportage/939d870353db,"Fri, 25 Sep 2026 12:32:40 GMT",e1c8a918f3581046fd0a39b343420300a02a75302ec4f187f83783ab0c2b13a5,Kia,Sportage,,GT Line,2026,60199ad52a420993a3e8237c,Instrument Cluster Type,Digital,spec-table
ContactCars,https://www.contactcars.com/en/new-cars/kia-sportage/939d870353db,"Fri, 25 Sep 2026 12:32:40 GMT",e1c8a918f3581046fd0a39b343420300a02a75302ec4f187f83783ab0c2b13a5,Kia,Sportage,,GT Line,2026,75fe2b7d7bc2,Instrument Cluster Size,12٫3,spec-table
ContactCars,https://www.contactcars.com/en/new-cars/kia-sportage/939d870353db,"Fri, 25 Sep 2026 12:32:40 GMT",e1c8a918f3581046fd0a39b343420300a02a75302ec4f187f83783ab0c2b13a5,Kia,Sportage,,GT Line,2026,60199ad52a420993a3e8239c,Smartphone Integration,Android Auto/Apple Car Play,spec-table
ContactCars,https://www.contactcars.com/en/new-cars/kia-sportage/939d870353db,"Fri, 25 Sep 2026 12:32:40 GMT",e1c8a918f3581046fd0a39b343420300a02a75302ec4f187f83783ab0c2b13a5,Kia,Sportage,,GT Line,2026,60199ad52a420993a3e823a2,Number of Speakers,6,spec-table
ContactCars,https://www.contactcars.com/en/new-cars/kia-sportage/939d870353db,"Fri, 25 Sep 2026 12:32:40 GMT",e1c8a918f3581046fd0a39b343420300a02a75302ec4f187f83783ab0c2b13a5,Kia,Sportage,,GT Line,2026,858d92859fe6,Foglights,LED,spec-table
ContactCars,https://www.contactcars.com/en/new-cars/kia-sportage/939d870353db,"Fri, 25 Sep 2026 12:32:40 GMT",e1c8a918f3581046fd0a39b343420300a02a75302ec4f187f83783ab0c2b13a5,Kia,Sportage,,GT Line,2026,60199ad52a420993a3e82376,Rims,R19,spec-table
ContactCars,https://www.contactcars.com/en/new-cars/kia-sportage/939d870353db,"Fri, 25 Sep 2026 12:32:40 GMT",e1c8a918f3581046fd0a39b343420300a02a75302ec4f187f83783ab0c2b13a5,Kia,Sportage,,GT Line,2026,60199ad52a420993a3e8236d,Headlamps,LED,spec-table
ContactCars,https://www.contactcars.com/en/new-cars/kia-sportage/939d870353db,"Fri, 25 Sep 2026 12:32:40 GMT",e1c8a918f3581046fd0a39b343420300a02a75302ec4f187f83783ab0c2b13a5,Kia,Sportage,,GT Line,2026,60199ad52a420993a3e8236e,Tail Lights,LED,spec-table
ContactCars,https://www.contactcars.com/en/new-cars/kia-sportage/939d870353db,"Fri, 25 Sep 2026 12:32:40 GMT",e1c8a918f3581046fd0a39b343420300a02a75302ec4f187f83783ab0c2b13a5,Kia,Sportage,,GT Line,2026,62448521ba30183d77919447,Body Stitching,GT Exterior Package,spec-table
ContactCars,https://www.contactcars.com/en/new-cars/kia-sportage/939d870353db,"Fri, 25 Sep 2026 12:32:40 GMT",e1c8a918f3581046fd0a39b343420300a02a75302ec4f187f83783ab0c2b13a5,Kia,Sportage,,GT Line,2026,62d57953644fb1f973ba7c3d,Additional Colors,بلاك بيرل أسود لؤلؤي،  ماجما ريد أحمر بركاني،  بلو فليم أزرق،  ديلوكس وايت أبيض،  إكسبيرينس جرين أخضر ، لونار سيلفر فضي قمري، رمادي وولف جراي، رمادي معدني بينتا ميتال,spec-table
ContactCars,https://www.contactcars.com/en/new-cars/kia-sportage/939d870353db,"Fri, 25 Sep 2026 12:32:40 GMT",e1c8a918f3581046fd0a39b343420300a02a75302ec4f187f83783ab0c2b13a5,Kia,Sportage,,GT Line,2026,62a5f51c3b190c24efacbe38,Basic Vehicle Warranty,"5 years or 100,000 KM",spec-table
ContactCars,https://www.contactcars.com/en/new-cars/kia-sportage/953de1ebccfc,"Fri, 25 Sep 2026 12:32:41 GMT",b366119242cbb97d5c2a52bf0fe09cc35b7653dead529195d8948b897747e2cd,Kia,Sportage,,LX,2026,jsonld:offer_price_egp,offer_price_egp,1800000,json-ld
ContactCars,https://www.contactcars.com/en/new-cars/kia-sportage/953de1ebccfc,"Fri, 25 Sep 2026 12:32:41 GMT",b366119242cbb97d5c2a52bf0fe09cc35b7653dead529195d8948b897747e2cd,Kia,Sportage,,LX,2026,jsonld:fuelType,fuelType,Gas,json-ld
ContactCars,https://www.contactcars.com/en/new-cars/kia-sportage/953de1ebccfc,"Fri, 25 Sep 2026 12:32:41 GMT",b366119242cbb97d5c2a52bf0fe09cc35b7653dead529195d8948b897747e2cd,Kia,Sportage,,LX,2026,jsonld:engineDisplacement,engineDisplacement,1600,json-ld
ContactCars,https://www.contactcars.com/en/new-cars/kia-sportage/953de1ebccfc,"Fri, 25 Sep 2026 12:32:41 GMT",b366119242cbb97d5c2a52bf0fe09cc35b7653dead529195d8948b897747e2cd,Kia,Sportage,,LX,2026,jsonld:vehicleTransmission,vehicleTransmission,Dual Clutch,json-ld
ContactCars,https://www.contactcars.com/en/new-cars/kia-sportage/953de1ebccfc,"Fri, 25 Sep 2026 12:32:41 GMT",b366119242cbb97d5c2a52bf0fe09cc35b7653dead529195d8948b897747e2cd,Kia,Sportage,,LX,2026,jsonld:bodyType,bodyType,SUV,json-ld
ContactCars,https://www.contactcars.com/en/new-cars/kia-sportage/953de1ebccfc,"Fri, 25 Sep 2026 12:32:41 GMT",b366119242cbb97d5c2a52bf0fe09cc35b7653dead529195d8948b897747e2cd,Kia,Sportage,,LX,2026,jsonld:assembly_country,assembly_country,Slovakia,json-ld
ContactCars,https://www.contactcars.com/en/new-cars/kia-sportage/953de1ebccfc,"Fri, 25 Sep 2026 12:32:41 GMT",b366119242cbb97d5c2a52bf0fe09cc35b7653dead529195d8948b897747e2cd,Kia,Sportage,,LX,2026,1cff89624677,Vehicle Size Class,Compact,spec-table
ContactCars,https://www.contactcars.com/en/new-cars/kia-sportage/953de1ebccfc,"Fri, 25 Sep 2026 12:32:41 GMT",b366119242cbb97d5c2a52bf0fe09cc35b7653dead529195d8948b897747e2cd,Kia,Sportage,,LX,2026,5bedd1146e88,Body Style,SUV,spec-table
ContactCars,https://www.contactcars.com/en/new-cars/kia-sportage/953de1ebccfc,"Fri, 25 Sep 2026 12:32:41 GMT",b366119242cbb97d5c2a52bf0fe09cc35b7653dead529195d8948b897747e2cd,Kia,Sportage,,LX,2026,13a10f395a87,Number of Doors,5,spec-table
ContactCars,https://www.contactcars.com/en/new-cars/kia-sportage/953de1ebccfc,"Fri, 25 Sep 2026 12:32:41 GMT",b366119242cbb97d5c2a52bf0fe09cc35b7653dead529195d8948b897747e2cd,Kia,Sportage,,LX,2026,60199ad52a420993a3e82387,Number of Seats,5,spec-table
ContactCars,https://www.contactcars.com/en/new-cars/kia-sportage/953de1ebccfc,"Fri, 25 Sep 2026 12:32:41 GMT",b366119242cbb97d5c2a52bf0fe09cc35b7653dead529195d8948b897747e2cd,Kia,Sportage,,LX,2026,60199ad52a420993a3e823a4,Rear Trunk Capacity (Liter),591,spec-table
ContactCars,https://www.contactcars.com/en/new-cars/kia-sportage/953de1ebccfc,"Fri, 25 Sep 2026 12:32:41 GMT",b366119242cbb97d5c2a52bf0fe09cc35b7653dead529195d8948b897747e2cd,Kia,Sportage,,LX,2026,2cd960af118a,"Rear Trunk Capacity, Seats Folded (Liter)",1780,spec-table
ContactCars,https://www.contactcars.com/en/new-cars/kia-sportage/953de1ebccfc,"Fri, 25 Sep 2026 12:32:41 GMT",b366119242cbb97d5c2a52bf0fe09cc35b7653dead529195d8948b897747e2cd,Kia,Sportage,,LX,2026,603647429f57461ab1a74148,Length (mm),4540,spec-table
ContactCars,https://www.contactcars.com/en/new-cars/kia-sportage/953de1ebccfc,"Fri, 25 Sep 2026 12:32:41 GMT",b366119242cbb97d5c2a52bf0fe09cc35b7653dead529195d8948b897747e2cd,Kia,Sportage,,LX,2026,6036477d9f57461ab1a74149,Width (mm),1865,spec-table
ContactCars,https://www.contactcars.com/en/new-cars/kia-sportage/953de1ebccfc,"Fri, 25 Sep 2026 12:32:41 GMT",b366119242cbb97d5c2a52bf0fe09cc35b7653dead529195d8948b897747e2cd,Kia,Sportage,,LX,2026,603647a49f57461ab1a7414a,Height (mm),1645,spec-table
ContactCars,https://www.contactcars.com/en/new-cars/kia-sportage/953de1ebccfc,"Fri, 25 Sep 2026 12:32:41 GMT",b366119242cbb97d5c2a52bf0fe09cc35b7653dead529195d8948b897747e2cd,Kia,Sportage,,LX,2026,6033cae86136e6f66151c687,Wheelbase (mm),2680,spec-table
ContactCars,https://www.contactcars.com/en/new-cars/kia-sportage/953de1ebccfc,"Fri, 25 Sep 2026 12:32:41 GMT",b366119242cbb97d5c2a52bf0fe09cc35b7653dead529195d8948b897747e2cd,Kia,Sportage,,LX,2026,6033cbc86136e6f66151c688,Ground Clearance (mm),170,spec-table
ContactCars,https://www.contactcars.com/en/new-cars/kia-sportage/953de1ebccfc,"Fri, 25 Sep 2026 12:32:41 GMT",b366119242cbb97d5c2a52bf0fe09cc35b7653dead529195d8948b897747e2cd,Kia,Sportage,,LX,2026,6244612fba30183d7791942e,Curb Weight (KG),"1,626",spec-table
ContactCars,https://www.contactcars.com/en/new-cars/kia-sportage/953de1ebccfc,"Fri, 25 Sep 2026 12:32:41 GMT",b366119242cbb97d5c2a52bf0fe09cc35b7653dead529195d8948b897747e2cd,Kia,Sportage,,LX,2026,624443c0ba30183d77919424,Generation,5th,spec-table
ContactCars,https://www.contactcars.com/en/new-cars/kia-sportage/953de1ebccfc,"Fri, 25 Sep 2026 12:32:41 GMT",b366119242cbb97d5c2a52bf0fe09cc35b7653dead529195d8948b897747e2cd,Kia,Sportage,,LX,2026,1b9f93607f48,Powertrain Type,ICE (Petrol),spec-table
ContactCars,https://www.contactcars.com/en/new-cars/kia-sportage/953de1ebccfc,"Fri, 25 Sep 2026 12:32:41 GMT",b366119242cbb97d5c2a52bf0fe09cc35b7653dead529195d8948b897747e2cd,Kia,Sportage,,LX,2026,60199ad52a420993a3e82353,Combined Maximum Power (HP @ RPM),"180/5,500",spec-table
ContactCars,https://www.contactcars.com/en/new-cars/kia-sportage/953de1ebccfc,"Fri, 25 Sep 2026 12:32:41 GMT",b366119242cbb97d5c2a52bf0fe09cc35b7653dead529195d8948b897747e2cd,Kia,Sportage,,LX,2026,60199ad52a420993a3e82354,Combined Maximum Torque (N.m @ RPM),"265/4,500",spec-table
ContactCars,https://www.contactcars.com/en/new-cars/kia-sportage/953de1ebccfc,"Fri, 25 Sep 2026 12:32:41 GMT",b366119242cbb97d5c2a52bf0fe09cc35b7653dead529195d8948b897747e2cd,Kia,Sportage,,LX,2026,60199ad52a420993a3e82359,Fuel Tank Capacity (Litre),54,spec-table
ContactCars,https://www.contactcars.com/en/new-cars/kia-sportage/953de1ebccfc,"Fri, 25 Sep 2026 12:32:41 GMT",b366119242cbb97d5c2a52bf0fe09cc35b7653dead529195d8948b897747e2cd,Kia,Sportage,,LX,2026,60199ad52a420993a3e82356,Combined Fuel/Energy Consumption (Liter/100 KM),6٫8,spec-table
ContactCars,https://www.contactcars.com/en/new-cars/kia-sportage/953de1ebccfc,"Fri, 25 Sep 2026 12:32:41 GMT",b366119242cbb97d5c2a52bf0fe09cc35b7653dead529195d8948b897747e2cd,Kia,Sportage,,LX,2026,bc8f5919d91f,Engine Type,Inline-4,spec-table
ContactCars,https://www.contactcars.com/en/new-cars/kia-sportage/953de1ebccfc,"Fri, 25 Sep 2026 12:32:41 GMT",b366119242cbb97d5c2a52bf0fe09cc35b7653dead529195d8948b897747e2cd,Kia,Sportage,,LX,2026,0922a30a7f46,Engine Function,Drive Wheels,spec-table
ContactCars,https://www.contactcars.com/en/new-cars/kia-sportage/953de1ebccfc,"Fri, 25 Sep 2026 12:32:41 GMT",b366119242cbb97d5c2a52bf0fe09cc35b7653dead529195d8948b897747e2cd,Kia,Sportage,,LX,2026,60199ad52a420993a3e82352,Cylinders,4,spec-table
ContactCars,https://www.contactcars.com/en/new-cars/kia-sportage/953de1ebccfc,"Fri, 25 Sep 2026 12:32:41 GMT",b366119242cbb97d5c2a52bf0fe09cc35b7653dead529195d8948b897747e2cd,Kia,Sportage,,LX,2026,62445feaba30183d7791942d,Engine Capacity (CC),1600,spec-table
ContactCars,https://www.contactcars.com/en/new-cars/kia-sportage/953de1ebccfc,"Fri, 25 Sep 2026 12:32:41 GMT",b366119242cbb97d5c2a52bf0fe09cc35b7653dead529195d8948b897747e2cd,Kia,Sportage,,LX,2026,6244616cba30183d7791942f,Induction Type,Turbocharged,spec-table
ContactCars,https://www.contactcars.com/en/new-cars/kia-sportage/953de1ebccfc,"Fri, 25 Sep 2026 12:32:41 GMT",b366119242cbb97d5c2a52bf0fe09cc35b7653dead529195d8948b897747e2cd,Kia,Sportage,,LX,2026,62445f6cba30183d7791942c,Engine Layout,Front,spec-table
ContactCars,https://www.contactcars.com/en/new-cars/kia-sportage/953de1ebccfc,"Fri, 25 Sep 2026 12:32:41 GMT",b366119242cbb97d5c2a52bf0fe09cc35b7653dead529195d8948b897747e2cd,Kia,Sportage,,LX,2026,ae3798f5fd83,Drivetrain Type,FWD (Front-Wheel Drive),spec-table
ContactCars,https://www.contactcars.com/en/new-cars/kia-sportage/953de1ebccfc,"Fri, 25 Sep 2026 12:32:41 GMT",b366119242cbb97d5c2a52bf0fe09cc35b7653dead529195d8948b897747e2cd,Kia,Sportage,,LX,2026,fd8d1904b500,Transmission Type,Automatic,spec-table
ContactCars,https://www.contactcars.com/en/new-cars/kia-sportage/953de1ebccfc,"Fri, 25 Sep 2026 12:32:41 GMT",b366119242cbb97d5c2a52bf0fe09cc35b7653dead529195d8948b897747e2cd,Kia,Sportage,,LX,2026,5229867ce0fa,Transmission Technology,Dry DCT (Dual-Clutch Transmission),spec-table
ContactCars,https://www.contactcars.com/en/new-cars/kia-sportage/953de1ebccfc,"Fri, 25 Sep 2026 12:32:41 GMT",b366119242cbb97d5c2a52bf0fe09cc35b7653dead529195d8948b897747e2cd,Kia,Sportage,,LX,2026,60199ad52a420993a3e8235a,Number of Gears,7,spec-table
ContactCars,https://www.contactcars.com/en/new-cars/kia-sportage/953de1ebccfc,"Fri, 25 Sep 2026 12:32:41 GMT",b366119242cbb97d5c2a52bf0fe09cc35b7653dead529195d8948b897747e2cd,Kia,Sportage,,LX,2026,60199ad52a420993a3e82385,Steering Wheel,Leather Steering Wheel,spec-table
ContactCars,https://www.contactcars.com/en/new-cars/kia-sportage/953de1ebccfc,"Fri, 25 Sep 2026 12:32:41 GMT",b366119242cbb97d5c2a52bf0fe09cc35b7653dead529195d8948b897747e2cd,Kia,Sportage,,LX,2026,60199ad52a420993a3e8235d,Power Steering Type,Electric,spec-table
ContactCars,https://www.contactcars.com/en/new-cars/kia-sportage/953de1ebccfc,"Fri, 25 Sep 2026 12:32:41 GMT",b366119242cbb97d5c2a52bf0fe09cc35b7653dead529195d8948b897747e2cd,Kia,Sportage,,LX,2026,602fa37cd768,Steering Adjustment Ops,Manual,spec-table
ContactCars,https://www.contactcars.com/en/new-cars/kia-sportage/953de1ebccfc,"Fri, 25 Sep 2026 12:32:41 GMT",b366119242cbb97d5c2a52bf0fe09cc35b7653dead529195d8948b897747e2cd,Kia,Sportage,,LX,2026,e78c472170c2,Front Suspension Type,MacPherson,spec-table
ContactCars,https://www.contactcars.com/en/new-cars/kia-sportage/953de1ebccfc,"Fri, 25 Sep 2026 12:32:41 GMT",b366119242cbb97d5c2a52bf0fe09cc35b7653dead529195d8948b897747e2cd,Kia,Sportage,,LX,2026,d7a33f9ff1ff,Rear Suspension Type,Multi-Link,spec-table
ContactCars,https://www.contactcars.com/en/new-cars/kia-sportage/953de1ebccfc,"Fri, 25 Sep 2026 12:32:41 GMT",b366119242cbb97d5c2a52bf0fe09cc35b7653dead529195d8948b897747e2cd,Kia,Sportage,,LX,2026,58f344b6ff55,Front Brakes Type,Solid Disc Brakes,spec-table
ContactCars,https://www.contactcars.com/en/new-cars/kia-sportage/953de1ebccfc,"Fri, 25 Sep 2026 12:32:41 GMT",b366119242cbb97d5c2a52bf0fe09cc35b7653dead529195d8948b897747e2cd,Kia,Sportage,,LX,2026,eb24327dbe4e,Rear Brakes Type,Solid Disc Brakes,spec-table
ContactCars,https://www.contactcars.com/en/new-cars/kia-sportage/953de1ebccfc,"Fri, 25 Sep 2026 12:32:41 GMT",b366119242cbb97d5c2a52bf0fe09cc35b7653dead529195d8948b897747e2cd,Kia,Sportage,,LX,2026,4ed8405e7e5b,Hand Brake Type,Electronic,spec-table
ContactCars,https://www.contactcars.com/en/new-cars/kia-sportage/953de1ebccfc,"Fri, 25 Sep 2026 12:32:41 GMT",b366119242cbb97d5c2a52bf0fe09cc35b7653dead529195d8948b897747e2cd,Kia,Sportage,,LX,2026,d4b30096d663,Wheel Type,Alloy,spec-table
ContactCars,https://www.contactcars.com/en/new-cars/kia-sportage/953de1ebccfc,"Fri, 25 Sep 2026 12:32:41 GMT",b366119242cbb97d5c2a52bf0fe09cc35b7653dead529195d8948b897747e2cd,Kia,Sportage,,LX,2026,1831c41b7b17,Front Wheel Size,17,spec-table
ContactCars,https://www.contactcars.com/en/new-cars/kia-sportage/953de1ebccfc,"Fri, 25 Sep 2026 12:32:41 GMT",b366119242cbb97d5c2a52bf0fe09cc35b7653dead529195d8948b897747e2cd,Kia,Sportage,,LX,2026,1f4797b49117,Rear Wheel Size,17,spec-table
ContactCars,https://www.contactcars.com/en/new-cars/kia-sportage/953de1ebccfc,"Fri, 25 Sep 2026 12:32:41 GMT",b366119242cbb97d5c2a52bf0fe09cc35b7653dead529195d8948b897747e2cd,Kia,Sportage,,LX,2026,60199ad52a420993a3e82372,Front Tire Size,235/65R17 ,spec-table
ContactCars,https://www.contactcars.com/en/new-cars/kia-sportage/953de1ebccfc,"Fri, 25 Sep 2026 12:32:41 GMT",b366119242cbb97d5c2a52bf0fe09cc35b7653dead529195d8948b897747e2cd,Kia,Sportage,,LX,2026,2076fe4abba4,Rear Tire Size,235/65R17 ,spec-table
ContactCars,https://www.contactcars.com/en/new-cars/kia-sportage/953de1ebccfc,"Fri, 25 Sep 2026 12:32:41 GMT",b366119242cbb97d5c2a52bf0fe09cc35b7653dead529195d8948b897747e2cd,Kia,Sportage,,LX,2026,cb68666c87e5,Tire Type,All-Season,spec-table
ContactCars,https://www.contactcars.com/en/new-cars/kia-sportage/953de1ebccfc,"Fri, 25 Sep 2026 12:32:41 GMT",b366119242cbb97d5c2a52bf0fe09cc35b7653dead529195d8948b897747e2cd,Kia,Sportage,,LX,2026,ba2239f5bba2,IIHS Results,Top Safety Pick+,spec-table
ContactCars,https://www.contactcars.com/en/new-cars/kia-sportage/953de1ebccfc,"Fri, 25 Sep 2026 12:32:41 GMT",b366119242cbb97d5c2a52bf0fe09cc35b7653dead529195d8948b897747e2cd,Kia,Sportage,,LX,2026,56a59f46e398,Euro NCAP Results,5,spec-table
ContactCars,https://www.contactcars.com/en/new-cars/kia-sportage/953de1ebccfc,"Fri, 25 Sep 2026 12:32:41 GMT",b366119242cbb97d5c2a52bf0fe09cc35b7653dead529195d8948b897747e2cd,Kia,Sportage,,LX,2026,60199ad52a420993a3e8236a,Airbag Count,6,spec-table
ContactCars,https://www.contactcars.com/en/new-cars/kia-sportage/953de1ebccfc,"Fri, 25 Sep 2026 12:32:41 GMT",b366119242cbb97d5c2a52bf0fe09cc35b7653dead529195d8948b897747e2cd,Kia,Sportage,,LX,2026,72fbbbfbb11f,Seat Upholestry,Cloth,spec-table
ContactCars,https://www.contactcars.com/en/new-cars/kia-sportage/953de1ebccfc,"Fri, 25 Sep 2026 12:32:41 GMT",b366119242cbb97d5c2a52bf0fe09cc35b7653dead529195d8948b897747e2cd,Kia,Sportage,,LX,2026,40e24a4a83e0,Gearbox Selector,Mechanical,spec-table
ContactCars,https://www.contactcars.com/en/new-cars/kia-sportage/953de1ebccfc,"Fri, 25 Sep 2026 12:32:41 GMT",b366119242cbb97d5c2a52bf0fe09cc35b7653dead529195d8948b897747e2cd,Kia,Sportage,,LX,2026,60199ad52a420993a3e8238f,Driver Seat,Manual,spec-table
ContactCars,https://www.contactcars.com/en/new-cars/kia-sportage/953de1ebccfc,"Fri, 25 Sep 2026 12:32:41 GMT",b366119242cbb97d5c2a52bf0fe09cc35b7653dead529195d8948b897747e2cd,Kia,Sportage,,LX,2026,60199ad52a420993a3e8239d,Infotainment Display Size,12٫3,spec-table
ContactCars,https://www.contactcars.com/en/new-cars/kia-sportage/953de1ebccfc,"Fri, 25 Sep 2026 12:32:41 GMT",b366119242cbb97d5c2a52bf0fe09cc35b7653dead529195d8948b897747e2cd,Kia,Sportage,,LX,2026,60199ad52a420993a3e8237c,Instrument Cluster Type,Partial Digital,spec-table
ContactCars,https://www.contactcars.com/en/new-cars/kia-sportage/953de1ebccfc,"Fri, 25 Sep 2026 12:32:41 GMT",b366119242cbb97d5c2a52bf0fe09cc35b7653dead529195d8948b897747e2cd,Kia,Sportage,,LX,2026,60199ad52a420993a3e8239c,Smartphone Integration,Android Auto/Apple Car Play,spec-table
ContactCars,https://www.contactcars.com/en/new-cars/kia-sportage/953de1ebccfc,"Fri, 25 Sep 2026 12:32:41 GMT",b366119242cbb97d5c2a52bf0fe09cc35b7653dead529195d8948b897747e2cd,Kia,Sportage,,LX,2026,60199ad52a420993a3e823a2,Number of Speakers,6,spec-table
ContactCars,https://www.contactcars.com/en/new-cars/kia-sportage/953de1ebccfc,"Fri, 25 Sep 2026 12:32:41 GMT",b366119242cbb97d5c2a52bf0fe09cc35b7653dead529195d8948b897747e2cd,Kia,Sportage,,LX,2026,60199ad52a420993a3e8236d,Headlamps,LED,spec-table
ContactCars,https://www.contactcars.com/en/new-cars/kia-sportage/953de1ebccfc,"Fri, 25 Sep 2026 12:32:41 GMT",b366119242cbb97d5c2a52bf0fe09cc35b7653dead529195d8948b897747e2cd,Kia,Sportage,,LX,2026,60199ad52a420993a3e8236e,Tail Lights,LED,spec-table
ContactCars,https://www.contactcars.com/en/new-cars/kia-sportage/953de1ebccfc,"Fri, 25 Sep 2026 12:32:41 GMT",b366119242cbb97d5c2a52bf0fe09cc35b7653dead529195d8948b897747e2cd,Kia,Sportage,,LX,2026,62a5f51c3b190c24efacbe38,Basic Vehicle Warranty,"5 years or 100,000 KM",spec-table
ContactCars,https://www.contactcars.com/en/new-cars/kia-sportage/ab515410c502,"Fri, 25 Sep 2026 12:32:42 GMT",dfa46c0d5f6350e30431474fa0d8e5247437572a1fc775060f068b24c0b2b1d9,Kia,Sportage,,GT-line:,2027,jsonld:offer_price_egp,offer_price_egp,2399900,json-ld
ContactCars,https://www.contactcars.com/en/new-cars/kia-sportage/ab515410c502,"Fri, 25 Sep 2026 12:32:42 GMT",dfa46c0d5f6350e30431474fa0d8e5247437572a1fc775060f068b24c0b2b1d9,Kia,Sportage,,GT-line:,2027,jsonld:fuelType,fuelType,Gas,json-ld
ContactCars,https://www.contactcars.com/en/new-cars/kia-sportage/ab515410c502,"Fri, 25 Sep 2026 12:32:42 GMT",dfa46c0d5f6350e30431474fa0d8e5247437572a1fc775060f068b24c0b2b1d9,Kia,Sportage,,GT-line:,2027,jsonld:engineDisplacement,engineDisplacement,1600,json-ld
ContactCars,https://www.contactcars.com/en/new-cars/kia-sportage/ab515410c502,"Fri, 25 Sep 2026 12:32:42 GMT",dfa46c0d5f6350e30431474fa0d8e5247437572a1fc775060f068b24c0b2b1d9,Kia,Sportage,,GT-line:,2027,jsonld:vehicleTransmission,vehicleTransmission,Dual Clutch,json-ld
ContactCars,https://www.contactcars.com/en/new-cars/kia-sportage/ab515410c502,"Fri, 25 Sep 2026 12:32:42 GMT",dfa46c0d5f6350e30431474fa0d8e5247437572a1fc775060f068b24c0b2b1d9,Kia,Sportage,,GT-line:,2027,jsonld:bodyType,bodyType,SUV,json-ld
ContactCars,https://www.contactcars.com/en/new-cars/kia-sportage/ab515410c502,"Fri, 25 Sep 2026 12:32:42 GMT",dfa46c0d5f6350e30431474fa0d8e5247437572a1fc775060f068b24c0b2b1d9,Kia,Sportage,,GT-line:,2027,jsonld:assembly_country,assembly_country,Slovakia,json-ld
ContactCars,https://www.contactcars.com/en/new-cars/kia-sportage/ab515410c502,"Fri, 25 Sep 2026 12:32:42 GMT",dfa46c0d5f6350e30431474fa0d8e5247437572a1fc775060f068b24c0b2b1d9,Kia,Sportage,,GT-line:,2027,1cff89624677,Vehicle Size Class,Compact,spec-table
ContactCars,https://www.contactcars.com/en/new-cars/kia-sportage/ab515410c502,"Fri, 25 Sep 2026 12:32:42 GMT",dfa46c0d5f6350e30431474fa0d8e5247437572a1fc775060f068b24c0b2b1d9,Kia,Sportage,,GT-line:,2027,5bedd1146e88,Body Style,SUV,spec-table
ContactCars,https://www.contactcars.com/en/new-cars/kia-sportage/ab515410c502,"Fri, 25 Sep 2026 12:32:42 GMT",dfa46c0d5f6350e30431474fa0d8e5247437572a1fc775060f068b24c0b2b1d9,Kia,Sportage,,GT-line:,2027,13a10f395a87,Number of Doors,5,spec-table
ContactCars,https://www.contactcars.com/en/new-cars/kia-sportage/ab515410c502,"Fri, 25 Sep 2026 12:32:42 GMT",dfa46c0d5f6350e30431474fa0d8e5247437572a1fc775060f068b24c0b2b1d9,Kia,Sportage,,GT-line:,2027,60199ad52a420993a3e82387,Number of Seats,5,spec-table
ContactCars,https://www.contactcars.com/en/new-cars/kia-sportage/ab515410c502,"Fri, 25 Sep 2026 12:32:42 GMT",dfa46c0d5f6350e30431474fa0d8e5247437572a1fc775060f068b24c0b2b1d9,Kia,Sportage,,GT-line:,2027,60199ad52a420993a3e823a4,Rear Trunk Capacity (Liter),591,spec-table
ContactCars,https://www.contactcars.com/en/new-cars/kia-sportage/ab515410c502,"Fri, 25 Sep 2026 12:32:42 GMT",dfa46c0d5f6350e30431474fa0d8e5247437572a1fc775060f068b24c0b2b1d9,Kia,Sportage,,GT-line:,2027,2cd960af118a,"Rear Trunk Capacity, Seats Folded (Liter)",1780,spec-table
ContactCars,https://www.contactcars.com/en/new-cars/kia-sportage/ab515410c502,"Fri, 25 Sep 2026 12:32:42 GMT",dfa46c0d5f6350e30431474fa0d8e5247437572a1fc775060f068b24c0b2b1d9,Kia,Sportage,,GT-line:,2027,603647429f57461ab1a74148,Length (mm),4540,spec-table
ContactCars,https://www.contactcars.com/en/new-cars/kia-sportage/ab515410c502,"Fri, 25 Sep 2026 12:32:42 GMT",dfa46c0d5f6350e30431474fa0d8e5247437572a1fc775060f068b24c0b2b1d9,Kia,Sportage,,GT-line:,2027,6036477d9f57461ab1a74149,Width (mm),1865,spec-table
ContactCars,https://www.contactcars.com/en/new-cars/kia-sportage/ab515410c502,"Fri, 25 Sep 2026 12:32:42 GMT",dfa46c0d5f6350e30431474fa0d8e5247437572a1fc775060f068b24c0b2b1d9,Kia,Sportage,,GT-line:,2027,603647a49f57461ab1a7414a,Height (mm),1645,spec-table
ContactCars,https://www.contactcars.com/en/new-cars/kia-sportage/ab515410c502,"Fri, 25 Sep 2026 12:32:42 GMT",dfa46c0d5f6350e30431474fa0d8e5247437572a1fc775060f068b24c0b2b1d9,Kia,Sportage,,GT-line:,2027,6033cae86136e6f66151c687,Wheelbase (mm),2680,spec-table
ContactCars,https://www.contactcars.com/en/new-cars/kia-sportage/ab515410c502,"Fri, 25 Sep 2026 12:32:42 GMT",dfa46c0d5f6350e30431474fa0d8e5247437572a1fc775060f068b24c0b2b1d9,Kia,Sportage,,GT-line:,2027,6033cbc86136e6f66151c688,Ground Clearance (mm),170,spec-table
ContactCars,https://www.contactcars.com/en/new-cars/kia-sportage/ab515410c502,"Fri, 25 Sep 2026 12:32:42 GMT",dfa46c0d5f6350e30431474fa0d8e5247437572a1fc775060f068b24c0b2b1d9,Kia,Sportage,,GT-line:,2027,6244612fba30183d7791942e,Curb Weight (KG),"1,626",spec-table
ContactCars,https://www.contactcars.com/en/new-cars/kia-sportage/ab515410c502,"Fri, 25 Sep 2026 12:32:42 GMT",dfa46c0d5f6350e30431474fa0d8e5247437572a1fc775060f068b24c0b2b1d9,Kia,Sportage,,GT-line:,2027,1b9f93607f48,Powertrain Type,ICE (Petrol),spec-table
ContactCars,https://www.contactcars.com/en/new-cars/kia-sportage/ab515410c502,"Fri, 25 Sep 2026 12:32:42 GMT",dfa46c0d5f6350e30431474fa0d8e5247437572a1fc775060f068b24c0b2b1d9,Kia,Sportage,,GT-line:,2027,60199ad52a420993a3e82353,Combined Maximum Power (HP @ RPM),"180 / 5,500",spec-table
ContactCars,https://www.contactcars.com/en/new-cars/kia-sportage/ab515410c502,"Fri, 25 Sep 2026 12:32:42 GMT",dfa46c0d5f6350e30431474fa0d8e5247437572a1fc775060f068b24c0b2b1d9,Kia,Sportage,,GT-line:,2027,60199ad52a420993a3e82354,Combined Maximum Torque (N.m @ RPM),"265/4,500",spec-table
ContactCars,https://www.contactcars.com/en/new-cars/kia-sportage/ab515410c502,"Fri, 25 Sep 2026 12:32:42 GMT",dfa46c0d5f6350e30431474fa0d8e5247437572a1fc775060f068b24c0b2b1d9,Kia,Sportage,,GT-line:,2027,60199ad52a420993a3e82359,Fuel Tank Capacity (Litre),54,spec-table
ContactCars,https://www.contactcars.com/en/new-cars/kia-sportage/ab515410c502,"Fri, 25 Sep 2026 12:32:42 GMT",dfa46c0d5f6350e30431474fa0d8e5247437572a1fc775060f068b24c0b2b1d9,Kia,Sportage,,GT-line:,2027,60199ad52a420993a3e82356,Combined Fuel/Energy Consumption (Liter/100 KM),6٫8,spec-table
ContactCars,https://www.contactcars.com/en/new-cars/kia-sportage/ab515410c502,"Fri, 25 Sep 2026 12:32:42 GMT",dfa46c0d5f6350e30431474fa0d8e5247437572a1fc775060f068b24c0b2b1d9,Kia,Sportage,,GT-line:,2027,bc8f5919d91f,Engine Type,Inline-4,spec-table
ContactCars,https://www.contactcars.com/en/new-cars/kia-sportage/ab515410c502,"Fri, 25 Sep 2026 12:32:42 GMT",dfa46c0d5f6350e30431474fa0d8e5247437572a1fc775060f068b24c0b2b1d9,Kia,Sportage,,GT-line:,2027,0922a30a7f46,Engine Function,Drive Wheels,spec-table
ContactCars,https://www.contactcars.com/en/new-cars/kia-sportage/ab515410c502,"Fri, 25 Sep 2026 12:32:42 GMT",dfa46c0d5f6350e30431474fa0d8e5247437572a1fc775060f068b24c0b2b1d9,Kia,Sportage,,GT-line:,2027,60199ad52a420993a3e82352,Cylinders,4,spec-table
ContactCars,https://www.contactcars.com/en/new-cars/kia-sportage/ab515410c502,"Fri, 25 Sep 2026 12:32:42 GMT",dfa46c0d5f6350e30431474fa0d8e5247437572a1fc775060f068b24c0b2b1d9,Kia,Sportage,,GT-line:,2027,62445feaba30183d7791942d,Engine Capacity (CC),1600,spec-table
ContactCars,https://www.contactcars.com/en/new-cars/kia-sportage/ab515410c502,"Fri, 25 Sep 2026 12:32:42 GMT",dfa46c0d5f6350e30431474fa0d8e5247437572a1fc775060f068b24c0b2b1d9,Kia,Sportage,,GT-line:,2027,6244616cba30183d7791942f,Induction Type,Turbocharged,spec-table
ContactCars,https://www.contactcars.com/en/new-cars/kia-sportage/ab515410c502,"Fri, 25 Sep 2026 12:32:42 GMT",dfa46c0d5f6350e30431474fa0d8e5247437572a1fc775060f068b24c0b2b1d9,Kia,Sportage,,GT-line:,2027,62445f6cba30183d7791942c,Engine Layout,Front,spec-table
ContactCars,https://www.contactcars.com/en/new-cars/kia-sportage/ab515410c502,"Fri, 25 Sep 2026 12:32:42 GMT",dfa46c0d5f6350e30431474fa0d8e5247437572a1fc775060f068b24c0b2b1d9,Kia,Sportage,,GT-line:,2027,ae3798f5fd83,Drivetrain Type,FWD (Front-Wheel Drive),spec-table
ContactCars,https://www.contactcars.com/en/new-cars/kia-sportage/ab515410c502,"Fri, 25 Sep 2026 12:32:42 GMT",dfa46c0d5f6350e30431474fa0d8e5247437572a1fc775060f068b24c0b2b1d9,Kia,Sportage,,GT-line:,2027,fd8d1904b500,Transmission Type,Automatic,spec-table
ContactCars,https://www.contactcars.com/en/new-cars/kia-sportage/ab515410c502,"Fri, 25 Sep 2026 12:32:42 GMT",dfa46c0d5f6350e30431474fa0d8e5247437572a1fc775060f068b24c0b2b1d9,Kia,Sportage,,GT-line:,2027,5229867ce0fa,Transmission Technology,Dry DCT (Dual-Clutch Transmission),spec-table
ContactCars,https://www.contactcars.com/en/new-cars/kia-sportage/ab515410c502,"Fri, 25 Sep 2026 12:32:42 GMT",dfa46c0d5f6350e30431474fa0d8e5247437572a1fc775060f068b24c0b2b1d9,Kia,Sportage,,GT-line:,2027,60199ad52a420993a3e8235a,Number of Gears,7,spec-table
ContactCars,https://www.contactcars.com/en/new-cars/kia-sportage/ab515410c502,"Fri, 25 Sep 2026 12:32:42 GMT",dfa46c0d5f6350e30431474fa0d8e5247437572a1fc775060f068b24c0b2b1d9,Kia,Sportage,,GT-line:,2027,60199ad52a420993a3e82385,Steering Wheel,GT Steering,spec-table
ContactCars,https://www.contactcars.com/en/new-cars/kia-sportage/ab515410c502,"Fri, 25 Sep 2026 12:32:42 GMT",dfa46c0d5f6350e30431474fa0d8e5247437572a1fc775060f068b24c0b2b1d9,Kia,Sportage,,GT-line:,2027,60199ad52a420993a3e8235d,Power Steering Type,Electric,spec-table
ContactCars,https://www.contactcars.com/en/new-cars/kia-sportage/ab515410c502,"Fri, 25 Sep 2026 12:32:42 GMT",dfa46c0d5f6350e30431474fa0d8e5247437572a1fc775060f068b24c0b2b1d9,Kia,Sportage,,GT-line:,2027,602fa37cd768,Steering Adjustment Ops,Manual,spec-table
ContactCars,https://www.contactcars.com/en/new-cars/kia-sportage/ab515410c502,"Fri, 25 Sep 2026 12:32:42 GMT",dfa46c0d5f6350e30431474fa0d8e5247437572a1fc775060f068b24c0b2b1d9,Kia,Sportage,,GT-line:,2027,e78c472170c2,Front Suspension Type,MacPherson,spec-table
ContactCars,https://www.contactcars.com/en/new-cars/kia-sportage/ab515410c502,"Fri, 25 Sep 2026 12:32:42 GMT",dfa46c0d5f6350e30431474fa0d8e5247437572a1fc775060f068b24c0b2b1d9,Kia,Sportage,,GT-line:,2027,d7a33f9ff1ff,Rear Suspension Type,Multi-Link,spec-table
ContactCars,https://www.contactcars.com/en/new-cars/kia-sportage/ab515410c502,"Fri, 25 Sep 2026 12:32:42 GMT",dfa46c0d5f6350e30431474fa0d8e5247437572a1fc775060f068b24c0b2b1d9,Kia,Sportage,,GT-line:,2027,58f344b6ff55,Front Brakes Type,Solid Disc Brakes,spec-table
ContactCars,https://www.contactcars.com/en/new-cars/kia-sportage/ab515410c502,"Fri, 25 Sep 2026 12:32:42 GMT",dfa46c0d5f6350e30431474fa0d8e5247437572a1fc775060f068b24c0b2b1d9,Kia,Sportage,,GT-line:,2027,eb24327dbe4e,Rear Brakes Type,Solid Disc Brakes,spec-table
ContactCars,https://www.contactcars.com/en/new-cars/kia-sportage/ab515410c502,"Fri, 25 Sep 2026 12:32:42 GMT",dfa46c0d5f6350e30431474fa0d8e5247437572a1fc775060f068b24c0b2b1d9,Kia,Sportage,,GT-line:,2027,4ed8405e7e5b,Hand Brake Type,Electronic,spec-table
ContactCars,https://www.contactcars.com/en/new-cars/kia-sportage/ab515410c502,"Fri, 25 Sep 2026 12:32:42 GMT",dfa46c0d5f6350e30431474fa0d8e5247437572a1fc775060f068b24c0b2b1d9,Kia,Sportage,,GT-line:,2027,d4b30096d663,Wheel Type,Alloy,spec-table
ContactCars,https://www.contactcars.com/en/new-cars/kia-sportage/ab515410c502,"Fri, 25 Sep 2026 12:32:42 GMT",dfa46c0d5f6350e30431474fa0d8e5247437572a1fc775060f068b24c0b2b1d9,Kia,Sportage,,GT-line:,2027,1831c41b7b17,Front Wheel Size,19,spec-table
ContactCars,https://www.contactcars.com/en/new-cars/kia-sportage/ab515410c502,"Fri, 25 Sep 2026 12:32:42 GMT",dfa46c0d5f6350e30431474fa0d8e5247437572a1fc775060f068b24c0b2b1d9,Kia,Sportage,,GT-line:,2027,1f4797b49117,Rear Wheel Size,19,spec-table
ContactCars,https://www.contactcars.com/en/new-cars/kia-sportage/ab515410c502,"Fri, 25 Sep 2026 12:32:42 GMT",dfa46c0d5f6350e30431474fa0d8e5247437572a1fc775060f068b24c0b2b1d9,Kia,Sportage,,GT-line:,2027,60199ad52a420993a3e82372,Front Tire Size,235/55R19,spec-table
ContactCars,https://www.contactcars.com/en/new-cars/kia-sportage/ab515410c502,"Fri, 25 Sep 2026 12:32:42 GMT",dfa46c0d5f6350e30431474fa0d8e5247437572a1fc775060f068b24c0b2b1d9,Kia,Sportage,,GT-line:,2027,2076fe4abba4,Rear Tire Size,235/55R19,spec-table
ContactCars,https://www.contactcars.com/en/new-cars/kia-sportage/ab515410c502,"Fri, 25 Sep 2026 12:32:42 GMT",dfa46c0d5f6350e30431474fa0d8e5247437572a1fc775060f068b24c0b2b1d9,Kia,Sportage,,GT-line:,2027,cb68666c87e5,Tire Type,All-Season,spec-table
ContactCars,https://www.contactcars.com/en/new-cars/kia-sportage/ab515410c502,"Fri, 25 Sep 2026 12:32:42 GMT",dfa46c0d5f6350e30431474fa0d8e5247437572a1fc775060f068b24c0b2b1d9,Kia,Sportage,,GT-line:,2027,ba2239f5bba2,IIHS Results,Top Safety Pick+,spec-table
ContactCars,https://www.contactcars.com/en/new-cars/kia-sportage/ab515410c502,"Fri, 25 Sep 2026 12:32:42 GMT",dfa46c0d5f6350e30431474fa0d8e5247437572a1fc775060f068b24c0b2b1d9,Kia,Sportage,,GT-line:,2027,56a59f46e398,Euro NCAP Results,5,spec-table
ContactCars,https://www.contactcars.com/en/new-cars/kia-sportage/ab515410c502,"Fri, 25 Sep 2026 12:32:42 GMT",dfa46c0d5f6350e30431474fa0d8e5247437572a1fc775060f068b24c0b2b1d9,Kia,Sportage,,GT-line:,2027,60199ad52a420993a3e8236a,Airbag Count,6,spec-table
ContactCars,https://www.contactcars.com/en/new-cars/kia-sportage/ab515410c502,"Fri, 25 Sep 2026 12:32:42 GMT",dfa46c0d5f6350e30431474fa0d8e5247437572a1fc775060f068b24c0b2b1d9,Kia,Sportage,,GT-line:,2027,72fbbbfbb11f,Seat Upholestry,Leather,spec-table
ContactCars,https://www.contactcars.com/en/new-cars/kia-sportage/ab515410c502,"Fri, 25 Sep 2026 12:32:42 GMT",dfa46c0d5f6350e30431474fa0d8e5247437572a1fc775060f068b24c0b2b1d9,Kia,Sportage,,GT-line:,2027,40e24a4a83e0,Gearbox Selector,Shift By Wire,spec-table
ContactCars,https://www.contactcars.com/en/new-cars/kia-sportage/ab515410c502,"Fri, 25 Sep 2026 12:32:42 GMT",dfa46c0d5f6350e30431474fa0d8e5247437572a1fc775060f068b24c0b2b1d9,Kia,Sportage,,GT-line:,2027,60199ad52a420993a3e82383,Ambient Lighting,Multi Color,spec-table
ContactCars,https://www.contactcars.com/en/new-cars/kia-sportage/ab515410c502,"Fri, 25 Sep 2026 12:32:42 GMT",dfa46c0d5f6350e30431474fa0d8e5247437572a1fc775060f068b24c0b2b1d9,Kia,Sportage,,GT-line:,2027,60199ad52a420993a3e8238f,Driver Seat,Driver Seat Electric,spec-table
ContactCars,https://www.contactcars.com/en/new-cars/kia-sportage/ab515410c502,"Fri, 25 Sep 2026 12:32:42 GMT",dfa46c0d5f6350e30431474fa0d8e5247437572a1fc775060f068b24c0b2b1d9,Kia,Sportage,,GT-line:,2027,624473faba30183d77919443,Int. Trim,GT Leather + GT Steering,spec-table
ContactCars,https://www.contactcars.com/en/new-cars/kia-sportage/ab515410c502,"Fri, 25 Sep 2026 12:32:42 GMT",dfa46c0d5f6350e30431474fa0d8e5247437572a1fc775060f068b24c0b2b1d9,Kia,Sportage,,GT-line:,2027,60199ad52a420993a3e8239d,Infotainment Display Size,12٫3,spec-table
ContactCars,https://www.contactcars.com/en/new-cars/kia-sportage/ab515410c502,"Fri, 25 Sep 2026 12:32:42 GMT",dfa46c0d5f6350e30431474fa0d8e5247437572a1fc775060f068b24c0b2b1d9,Kia,Sportage,,GT-line:,2027,60199ad52a420993a3e8237c,Instrument Cluster Type,Digital,spec-table
ContactCars,https://www.contactcars.com/en/new-cars/kia-sportage/ab515410c502,"Fri, 25 Sep 2026 12:32:42 GMT",dfa46c0d5f6350e30431474fa0d8e5247437572a1fc775060f068b24c0b2b1d9,Kia,Sportage,,GT-line:,2027,75fe2b7d7bc2,Instrument Cluster Size,12٫3,spec-table
ContactCars,https://www.contactcars.com/en/new-cars/kia-sportage/ab515410c502,"Fri, 25 Sep 2026 12:32:42 GMT",dfa46c0d5f6350e30431474fa0d8e5247437572a1fc775060f068b24c0b2b1d9,Kia,Sportage,,GT-line:,2027,60199ad52a420993a3e8239c,Smartphone Integration,Android Auto/Apple Car Play,spec-table
ContactCars,https://www.contactcars.com/en/new-cars/kia-sportage/ab515410c502,"Fri, 25 Sep 2026 12:32:42 GMT",dfa46c0d5f6350e30431474fa0d8e5247437572a1fc775060f068b24c0b2b1d9,Kia,Sportage,,GT-line:,2027,60199ad52a420993a3e823a2,Number of Speakers,6,spec-table
ContactCars,https://www.contactcars.com/en/new-cars/kia-sportage/ab515410c502,"Fri, 25 Sep 2026 12:32:42 GMT",dfa46c0d5f6350e30431474fa0d8e5247437572a1fc775060f068b24c0b2b1d9,Kia,Sportage,,GT-line:,2027,858d92859fe6,Foglights,LED,spec-table
ContactCars,https://www.contactcars.com/en/new-cars/kia-sportage/ab515410c502,"Fri, 25 Sep 2026 12:32:42 GMT",dfa46c0d5f6350e30431474fa0d8e5247437572a1fc775060f068b24c0b2b1d9,Kia,Sportage,,GT-line:,2027,60199ad52a420993a3e82376,Rims,R19,spec-table
ContactCars,https://www.contactcars.com/en/new-cars/kia-sportage/ab515410c502,"Fri, 25 Sep 2026 12:32:42 GMT",dfa46c0d5f6350e30431474fa0d8e5247437572a1fc775060f068b24c0b2b1d9,Kia,Sportage,,GT-line:,2027,60199ad52a420993a3e8236d,Headlamps,LED,spec-table
ContactCars,https://www.contactcars.com/en/new-cars/kia-sportage/ab515410c502,"Fri, 25 Sep 2026 12:32:42 GMT",dfa46c0d5f6350e30431474fa0d8e5247437572a1fc775060f068b24c0b2b1d9,Kia,Sportage,,GT-line:,2027,60199ad52a420993a3e8236e,Tail Lights,LED,spec-table
ContactCars,https://www.contactcars.com/en/new-cars/kia-sportage/ab515410c502,"Fri, 25 Sep 2026 12:32:42 GMT",dfa46c0d5f6350e30431474fa0d8e5247437572a1fc775060f068b24c0b2b1d9,Kia,Sportage,,GT-line:,2027,62448521ba30183d77919447,Body Stitching,GT Exterior Package,spec-table
ContactCars,https://www.contactcars.com/en/new-cars/kia-sportage/ab515410c502,"Fri, 25 Sep 2026 12:32:42 GMT",dfa46c0d5f6350e30431474fa0d8e5247437572a1fc775060f068b24c0b2b1d9,Kia,Sportage,,GT-line:,2027,62d57953644fb1f973ba7c3d,Additional Colors,بلاك بيرل أسود لؤلؤي،  ماجما ريد أحمر بركاني،  بلو فليم أزرق،  ديلوكس وايت أبيض،  إكسبيرينس جرين أخضر ، لونار سيلفر فضي قمري، رمادي وولف جراي، رمادي معدني بينتا ميتال,spec-table
ContactCars,https://www.contactcars.com/en/new-cars/kia-sportage/ab515410c502,"Fri, 25 Sep 2026 12:32:42 GMT",dfa46c0d5f6350e30431474fa0d8e5247437572a1fc775060f068b24c0b2b1d9,Kia,Sportage,,GT-line:,2027,62a5f51c3b190c24efacbe38,Basic Vehicle Warranty,"5 years or 100,000 KM",spec-table
ContactCars,https://www.contactcars.com/en/new-cars/kia-sportage/de64539a2bac,"Fri, 25 Sep 2026 12:32:44 GMT",217b0ceab8c7cfd37bea84d9f6f2799aa4a325250dbc8d3595b77ae5a8378f27,Kia,Sportage,,EX,2027,jsonld:offer_price_egp,offer_price_egp,1924900,json-ld
ContactCars,https://www.contactcars.com/en/new-cars/kia-sportage/de64539a2bac,"Fri, 25 Sep 2026 12:32:44 GMT",217b0ceab8c7cfd37bea84d9f6f2799aa4a325250dbc8d3595b77ae5a8378f27,Kia,Sportage,,EX,2027,jsonld:fuelType,fuelType,Gas,json-ld
ContactCars,https://www.contactcars.com/en/new-cars/kia-sportage/de64539a2bac,"Fri, 25 Sep 2026 12:32:44 GMT",217b0ceab8c7cfd37bea84d9f6f2799aa4a325250dbc8d3595b77ae5a8378f27,Kia,Sportage,,EX,2027,jsonld:engineDisplacement,engineDisplacement,1600,json-ld
ContactCars,https://www.contactcars.com/en/new-cars/kia-sportage/de64539a2bac,"Fri, 25 Sep 2026 12:32:44 GMT",217b0ceab8c7cfd37bea84d9f6f2799aa4a325250dbc8d3595b77ae5a8378f27,Kia,Sportage,,EX,2027,jsonld:vehicleTransmission,vehicleTransmission,Dual Clutch,json-ld
ContactCars,https://www.contactcars.com/en/new-cars/kia-sportage/de64539a2bac,"Fri, 25 Sep 2026 12:32:44 GMT",217b0ceab8c7cfd37bea84d9f6f2799aa4a325250dbc8d3595b77ae5a8378f27,Kia,Sportage,,EX,2027,jsonld:bodyType,bodyType,SUV,json-ld
ContactCars,https://www.contactcars.com/en/new-cars/kia-sportage/de64539a2bac,"Fri, 25 Sep 2026 12:32:44 GMT",217b0ceab8c7cfd37bea84d9f6f2799aa4a325250dbc8d3595b77ae5a8378f27,Kia,Sportage,,EX,2027,jsonld:assembly_country,assembly_country,Slovakia,json-ld
ContactCars,https://www.contactcars.com/en/new-cars/kia-sportage/de64539a2bac,"Fri, 25 Sep 2026 12:32:44 GMT",217b0ceab8c7cfd37bea84d9f6f2799aa4a325250dbc8d3595b77ae5a8378f27,Kia,Sportage,,EX,2027,1cff89624677,Vehicle Size Class,Compact,spec-table
ContactCars,https://www.contactcars.com/en/new-cars/kia-sportage/de64539a2bac,"Fri, 25 Sep 2026 12:32:44 GMT",217b0ceab8c7cfd37bea84d9f6f2799aa4a325250dbc8d3595b77ae5a8378f27,Kia,Sportage,,EX,2027,5bedd1146e88,Body Style,SUV,spec-table
ContactCars,https://www.contactcars.com/en/new-cars/kia-sportage/de64539a2bac,"Fri, 25 Sep 2026 12:32:44 GMT",217b0ceab8c7cfd37bea84d9f6f2799aa4a325250dbc8d3595b77ae5a8378f27,Kia,Sportage,,EX,2027,13a10f395a87,Number of Doors,5,spec-table
ContactCars,https://www.contactcars.com/en/new-cars/kia-sportage/de64539a2bac,"Fri, 25 Sep 2026 12:32:44 GMT",217b0ceab8c7cfd37bea84d9f6f2799aa4a325250dbc8d3595b77ae5a8378f27,Kia,Sportage,,EX,2027,60199ad52a420993a3e82387,Number of Seats,5,spec-table
ContactCars,https://www.contactcars.com/en/new-cars/kia-sportage/de64539a2bac,"Fri, 25 Sep 2026 12:32:44 GMT",217b0ceab8c7cfd37bea84d9f6f2799aa4a325250dbc8d3595b77ae5a8378f27,Kia,Sportage,,EX,2027,60199ad52a420993a3e823a4,Rear Trunk Capacity (Liter),591,spec-table
ContactCars,https://www.contactcars.com/en/new-cars/kia-sportage/de64539a2bac,"Fri, 25 Sep 2026 12:32:44 GMT",217b0ceab8c7cfd37bea84d9f6f2799aa4a325250dbc8d3595b77ae5a8378f27,Kia,Sportage,,EX,2027,2cd960af118a,"Rear Trunk Capacity, Seats Folded (Liter)",1780,spec-table
ContactCars,https://www.contactcars.com/en/new-cars/kia-sportage/de64539a2bac,"Fri, 25 Sep 2026 12:32:44 GMT",217b0ceab8c7cfd37bea84d9f6f2799aa4a325250dbc8d3595b77ae5a8378f27,Kia,Sportage,,EX,2027,603647429f57461ab1a74148,Length (mm),4540,spec-table
ContactCars,https://www.contactcars.com/en/new-cars/kia-sportage/de64539a2bac,"Fri, 25 Sep 2026 12:32:44 GMT",217b0ceab8c7cfd37bea84d9f6f2799aa4a325250dbc8d3595b77ae5a8378f27,Kia,Sportage,,EX,2027,6036477d9f57461ab1a74149,Width (mm),1865,spec-table
ContactCars,https://www.contactcars.com/en/new-cars/kia-sportage/de64539a2bac,"Fri, 25 Sep 2026 12:32:44 GMT",217b0ceab8c7cfd37bea84d9f6f2799aa4a325250dbc8d3595b77ae5a8378f27,Kia,Sportage,,EX,2027,603647a49f57461ab1a7414a,Height (mm),1645,spec-table
ContactCars,https://www.contactcars.com/en/new-cars/kia-sportage/de64539a2bac,"Fri, 25 Sep 2026 12:32:44 GMT",217b0ceab8c7cfd37bea84d9f6f2799aa4a325250dbc8d3595b77ae5a8378f27,Kia,Sportage,,EX,2027,6033cae86136e6f66151c687,Wheelbase (mm),2680,spec-table
ContactCars,https://www.contactcars.com/en/new-cars/kia-sportage/de64539a2bac,"Fri, 25 Sep 2026 12:32:44 GMT",217b0ceab8c7cfd37bea84d9f6f2799aa4a325250dbc8d3595b77ae5a8378f27,Kia,Sportage,,EX,2027,6033cbc86136e6f66151c688,Ground Clearance (mm),170,spec-table
ContactCars,https://www.contactcars.com/en/new-cars/kia-sportage/de64539a2bac,"Fri, 25 Sep 2026 12:32:44 GMT",217b0ceab8c7cfd37bea84d9f6f2799aa4a325250dbc8d3595b77ae5a8378f27,Kia,Sportage,,EX,2027,6244612fba30183d7791942e,Curb Weight (KG),"1,626",spec-table
ContactCars,https://www.contactcars.com/en/new-cars/kia-sportage/de64539a2bac,"Fri, 25 Sep 2026 12:32:44 GMT",217b0ceab8c7cfd37bea84d9f6f2799aa4a325250dbc8d3595b77ae5a8378f27,Kia,Sportage,,EX,2027,624443c0ba30183d77919424,Generation,5th,spec-table
ContactCars,https://www.contactcars.com/en/new-cars/kia-sportage/de64539a2bac,"Fri, 25 Sep 2026 12:32:44 GMT",217b0ceab8c7cfd37bea84d9f6f2799aa4a325250dbc8d3595b77ae5a8378f27,Kia,Sportage,,EX,2027,1b9f93607f48,Powertrain Type,ICE (Petrol),spec-table
ContactCars,https://www.contactcars.com/en/new-cars/kia-sportage/de64539a2bac,"Fri, 25 Sep 2026 12:32:44 GMT",217b0ceab8c7cfd37bea84d9f6f2799aa4a325250dbc8d3595b77ae5a8378f27,Kia,Sportage,,EX,2027,60199ad52a420993a3e82353,Combined Maximum Power (HP @ RPM),"180 / 5,500",spec-table
ContactCars,https://www.contactcars.com/en/new-cars/kia-sportage/de64539a2bac,"Fri, 25 Sep 2026 12:32:44 GMT",217b0ceab8c7cfd37bea84d9f6f2799aa4a325250dbc8d3595b77ae5a8378f27,Kia,Sportage,,EX,2027,60199ad52a420993a3e82354,Combined Maximum Torque (N.m @ RPM),"265/4,500",spec-table
ContactCars,https://www.contactcars.com/en/new-cars/kia-sportage/de64539a2bac,"Fri, 25 Sep 2026 12:32:44 GMT",217b0ceab8c7cfd37bea84d9f6f2799aa4a325250dbc8d3595b77ae5a8378f27,Kia,Sportage,,EX,2027,60199ad52a420993a3e82359,Fuel Tank Capacity (Litre),54,spec-table
ContactCars,https://www.contactcars.com/en/new-cars/kia-sportage/de64539a2bac,"Fri, 25 Sep 2026 12:32:44 GMT",217b0ceab8c7cfd37bea84d9f6f2799aa4a325250dbc8d3595b77ae5a8378f27,Kia,Sportage,,EX,2027,60199ad52a420993a3e82356,Combined Fuel/Energy Consumption (Liter/100 KM),6٫8,spec-table
ContactCars,https://www.contactcars.com/en/new-cars/kia-sportage/de64539a2bac,"Fri, 25 Sep 2026 12:32:44 GMT",217b0ceab8c7cfd37bea84d9f6f2799aa4a325250dbc8d3595b77ae5a8378f27,Kia,Sportage,,EX,2027,bc8f5919d91f,Engine Type,Inline-4,spec-table
ContactCars,https://www.contactcars.com/en/new-cars/kia-sportage/de64539a2bac,"Fri, 25 Sep 2026 12:32:44 GMT",217b0ceab8c7cfd37bea84d9f6f2799aa4a325250dbc8d3595b77ae5a8378f27,Kia,Sportage,,EX,2027,0922a30a7f46,Engine Function,Drive Wheels,spec-table
ContactCars,https://www.contactcars.com/en/new-cars/kia-sportage/de64539a2bac,"Fri, 25 Sep 2026 12:32:44 GMT",217b0ceab8c7cfd37bea84d9f6f2799aa4a325250dbc8d3595b77ae5a8378f27,Kia,Sportage,,EX,2027,60199ad52a420993a3e82352,Cylinders,4,spec-table
ContactCars,https://www.contactcars.com/en/new-cars/kia-sportage/de64539a2bac,"Fri, 25 Sep 2026 12:32:44 GMT",217b0ceab8c7cfd37bea84d9f6f2799aa4a325250dbc8d3595b77ae5a8378f27,Kia,Sportage,,EX,2027,62445feaba30183d7791942d,Engine Capacity (CC),1600,spec-table
ContactCars,https://www.contactcars.com/en/new-cars/kia-sportage/de64539a2bac,"Fri, 25 Sep 2026 12:32:44 GMT",217b0ceab8c7cfd37bea84d9f6f2799aa4a325250dbc8d3595b77ae5a8378f27,Kia,Sportage,,EX,2027,6244616cba30183d7791942f,Induction Type,Turbocharged,spec-table
ContactCars,https://www.contactcars.com/en/new-cars/kia-sportage/de64539a2bac,"Fri, 25 Sep 2026 12:32:44 GMT",217b0ceab8c7cfd37bea84d9f6f2799aa4a325250dbc8d3595b77ae5a8378f27,Kia,Sportage,,EX,2027,62445f6cba30183d7791942c,Engine Layout,Front,spec-table
ContactCars,https://www.contactcars.com/en/new-cars/kia-sportage/de64539a2bac,"Fri, 25 Sep 2026 12:32:44 GMT",217b0ceab8c7cfd37bea84d9f6f2799aa4a325250dbc8d3595b77ae5a8378f27,Kia,Sportage,,EX,2027,ae3798f5fd83,Drivetrain Type,FWD (Front-Wheel Drive),spec-table
ContactCars,https://www.contactcars.com/en/new-cars/kia-sportage/de64539a2bac,"Fri, 25 Sep 2026 12:32:44 GMT",217b0ceab8c7cfd37bea84d9f6f2799aa4a325250dbc8d3595b77ae5a8378f27,Kia,Sportage,,EX,2027,fd8d1904b500,Transmission Type,Automatic,spec-table
ContactCars,https://www.contactcars.com/en/new-cars/kia-sportage/de64539a2bac,"Fri, 25 Sep 2026 12:32:44 GMT",217b0ceab8c7cfd37bea84d9f6f2799aa4a325250dbc8d3595b77ae5a8378f27,Kia,Sportage,,EX,2027,5229867ce0fa,Transmission Technology,Dry DCT (Dual-Clutch Transmission),spec-table
ContactCars,https://www.contactcars.com/en/new-cars/kia-sportage/de64539a2bac,"Fri, 25 Sep 2026 12:32:44 GMT",217b0ceab8c7cfd37bea84d9f6f2799aa4a325250dbc8d3595b77ae5a8378f27,Kia,Sportage,,EX,2027,60199ad52a420993a3e8235a,Number of Gears,7,spec-table
ContactCars,https://www.contactcars.com/en/new-cars/kia-sportage/de64539a2bac,"Fri, 25 Sep 2026 12:32:44 GMT",217b0ceab8c7cfd37bea84d9f6f2799aa4a325250dbc8d3595b77ae5a8378f27,Kia,Sportage,,EX,2027,60199ad52a420993a3e82385,Steering Wheel,Leather multi function,spec-table
ContactCars,https://www.contactcars.com/en/new-cars/kia-sportage/de64539a2bac,"Fri, 25 Sep 2026 12:32:44 GMT",217b0ceab8c7cfd37bea84d9f6f2799aa4a325250dbc8d3595b77ae5a8378f27,Kia,Sportage,,EX,2027,60199ad52a420993a3e8235d,Power Steering Type,Electric,spec-table
ContactCars,https://www.contactcars.com/en/new-cars/kia-sportage/de64539a2bac,"Fri, 25 Sep 2026 12:32:44 GMT",217b0ceab8c7cfd37bea84d9f6f2799aa4a325250dbc8d3595b77ae5a8378f27,Kia,Sportage,,EX,2027,602fa37cd768,Steering Adjustment Ops,Manual,spec-table
ContactCars,https://www.contactcars.com/en/new-cars/kia-sportage/de64539a2bac,"Fri, 25 Sep 2026 12:32:44 GMT",217b0ceab8c7cfd37bea84d9f6f2799aa4a325250dbc8d3595b77ae5a8378f27,Kia,Sportage,,EX,2027,e78c472170c2,Front Suspension Type,MacPherson,spec-table
ContactCars,https://www.contactcars.com/en/new-cars/kia-sportage/de64539a2bac,"Fri, 25 Sep 2026 12:32:44 GMT",217b0ceab8c7cfd37bea84d9f6f2799aa4a325250dbc8d3595b77ae5a8378f27,Kia,Sportage,,EX,2027,d7a33f9ff1ff,Rear Suspension Type,Multi-Link,spec-table
ContactCars,https://www.contactcars.com/en/new-cars/kia-sportage/de64539a2bac,"Fri, 25 Sep 2026 12:32:44 GMT",217b0ceab8c7cfd37bea84d9f6f2799aa4a325250dbc8d3595b77ae5a8378f27,Kia,Sportage,,EX,2027,58f344b6ff55,Front Brakes Type,Solid Disc Brakes,spec-table
ContactCars,https://www.contactcars.com/en/new-cars/kia-sportage/de64539a2bac,"Fri, 25 Sep 2026 12:32:44 GMT",217b0ceab8c7cfd37bea84d9f6f2799aa4a325250dbc8d3595b77ae5a8378f27,Kia,Sportage,,EX,2027,eb24327dbe4e,Rear Brakes Type,Solid Disc Brakes,spec-table
ContactCars,https://www.contactcars.com/en/new-cars/kia-sportage/de64539a2bac,"Fri, 25 Sep 2026 12:32:44 GMT",217b0ceab8c7cfd37bea84d9f6f2799aa4a325250dbc8d3595b77ae5a8378f27,Kia,Sportage,,EX,2027,4ed8405e7e5b,Hand Brake Type,Electronic,spec-table
ContactCars,https://www.contactcars.com/en/new-cars/kia-sportage/de64539a2bac,"Fri, 25 Sep 2026 12:32:44 GMT",217b0ceab8c7cfd37bea84d9f6f2799aa4a325250dbc8d3595b77ae5a8378f27,Kia,Sportage,,EX,2027,d4b30096d663,Wheel Type,Alloy,spec-table
ContactCars,https://www.contactcars.com/en/new-cars/kia-sportage/de64539a2bac,"Fri, 25 Sep 2026 12:32:44 GMT",217b0ceab8c7cfd37bea84d9f6f2799aa4a325250dbc8d3595b77ae5a8378f27,Kia,Sportage,,EX,2027,1831c41b7b17,Front Wheel Size,17,spec-table
ContactCars,https://www.contactcars.com/en/new-cars/kia-sportage/de64539a2bac,"Fri, 25 Sep 2026 12:32:44 GMT",217b0ceab8c7cfd37bea84d9f6f2799aa4a325250dbc8d3595b77ae5a8378f27,Kia,Sportage,,EX,2027,1f4797b49117,Rear Wheel Size,17,spec-table
ContactCars,https://www.contactcars.com/en/new-cars/kia-sportage/de64539a2bac,"Fri, 25 Sep 2026 12:32:44 GMT",217b0ceab8c7cfd37bea84d9f6f2799aa4a325250dbc8d3595b77ae5a8378f27,Kia,Sportage,,EX,2027,60199ad52a420993a3e82372,Front Tire Size,235/65R17 ,spec-table
ContactCars,https://www.contactcars.com/en/new-cars/kia-sportage/de64539a2bac,"Fri, 25 Sep 2026 12:32:44 GMT",217b0ceab8c7cfd37bea84d9f6f2799aa4a325250dbc8d3595b77ae5a8378f27,Kia,Sportage,,EX,2027,2076fe4abba4,Rear Tire Size,235/65R17 ,spec-table
ContactCars,https://www.contactcars.com/en/new-cars/kia-sportage/de64539a2bac,"Fri, 25 Sep 2026 12:32:44 GMT",217b0ceab8c7cfd37bea84d9f6f2799aa4a325250dbc8d3595b77ae5a8378f27,Kia,Sportage,,EX,2027,cb68666c87e5,Tire Type,All-Season,spec-table
ContactCars,https://www.contactcars.com/en/new-cars/kia-sportage/de64539a2bac,"Fri, 25 Sep 2026 12:32:44 GMT",217b0ceab8c7cfd37bea84d9f6f2799aa4a325250dbc8d3595b77ae5a8378f27,Kia,Sportage,,EX,2027,ba2239f5bba2,IIHS Results,Top Safety Pick+,spec-table
ContactCars,https://www.contactcars.com/en/new-cars/kia-sportage/de64539a2bac,"Fri, 25 Sep 2026 12:32:44 GMT",217b0ceab8c7cfd37bea84d9f6f2799aa4a325250dbc8d3595b77ae5a8378f27,Kia,Sportage,,EX,2027,56a59f46e398,Euro NCAP Results,5,spec-table
ContactCars,https://www.contactcars.com/en/new-cars/kia-sportage/de64539a2bac,"Fri, 25 Sep 2026 12:32:44 GMT",217b0ceab8c7cfd37bea84d9f6f2799aa4a325250dbc8d3595b77ae5a8378f27,Kia,Sportage,,EX,2027,60199ad52a420993a3e8236a,Airbag Count,6,spec-table
ContactCars,https://www.contactcars.com/en/new-cars/kia-sportage/de64539a2bac,"Fri, 25 Sep 2026 12:32:44 GMT",217b0ceab8c7cfd37bea84d9f6f2799aa4a325250dbc8d3595b77ae5a8378f27,Kia,Sportage,,EX,2027,72fbbbfbb11f,Seat Upholestry,Cloth,spec-table
ContactCars,https://www.contactcars.com/en/new-cars/kia-sportage/de64539a2bac,"Fri, 25 Sep 2026 12:32:44 GMT",217b0ceab8c7cfd37bea84d9f6f2799aa4a325250dbc8d3595b77ae5a8378f27,Kia,Sportage,,EX,2027,40e24a4a83e0,Gearbox Selector,Mechanical,spec-table
ContactCars,https://www.contactcars.com/en/new-cars/kia-sportage/de64539a2bac,"Fri, 25 Sep 2026 12:32:44 GMT",217b0ceab8c7cfd37bea84d9f6f2799aa4a325250dbc8d3595b77ae5a8378f27,Kia,Sportage,,EX,2027,60199ad52a420993a3e8238f,Driver Seat,Manual,spec-table
ContactCars,https://www.contactcars.com/en/new-cars/kia-sportage/de64539a2bac,"Fri, 25 Sep 2026 12:32:44 GMT",217b0ceab8c7cfd37bea84d9f6f2799aa4a325250dbc8d3595b77ae5a8378f27,Kia,Sportage,,EX,2027,60199ad52a420993a3e8239d,Infotainment Display Size,12٫3,spec-table
ContactCars,https://www.contactcars.com/en/new-cars/kia-sportage/de64539a2bac,"Fri, 25 Sep 2026 12:32:44 GMT",217b0ceab8c7cfd37bea84d9f6f2799aa4a325250dbc8d3595b77ae5a8378f27,Kia,Sportage,,EX,2027,60199ad52a420993a3e8237c,Instrument Cluster Type,Digital,spec-table
ContactCars,https://www.contactcars.com/en/new-cars/kia-sportage/de64539a2bac,"Fri, 25 Sep 2026 12:32:44 GMT",217b0ceab8c7cfd37bea84d9f6f2799aa4a325250dbc8d3595b77ae5a8378f27,Kia,Sportage,,EX,2027,60199ad52a420993a3e8239c,Smartphone Integration,Android Auto/Apple Car Play,spec-table
ContactCars,https://www.contactcars.com/en/new-cars/kia-sportage/de64539a2bac,"Fri, 25 Sep 2026 12:32:44 GMT",217b0ceab8c7cfd37bea84d9f6f2799aa4a325250dbc8d3595b77ae5a8378f27,Kia,Sportage,,EX,2027,60199ad52a420993a3e823a2,Number of Speakers,6,spec-table
ContactCars,https://www.contactcars.com/en/new-cars/kia-sportage/de64539a2bac,"Fri, 25 Sep 2026 12:32:44 GMT",217b0ceab8c7cfd37bea84d9f6f2799aa4a325250dbc8d3595b77ae5a8378f27,Kia,Sportage,,EX,2027,60199ad52a420993a3e8236d,Headlamps,LED,spec-table
ContactCars,https://www.contactcars.com/en/new-cars/kia-sportage/de64539a2bac,"Fri, 25 Sep 2026 12:32:44 GMT",217b0ceab8c7cfd37bea84d9f6f2799aa4a325250dbc8d3595b77ae5a8378f27,Kia,Sportage,,EX,2027,60199ad52a420993a3e8236e,Tail Lights,LED,spec-table
ContactCars,https://www.contactcars.com/en/new-cars/kia-sportage/de64539a2bac,"Fri, 25 Sep 2026 12:32:44 GMT",217b0ceab8c7cfd37bea84d9f6f2799aa4a325250dbc8d3595b77ae5a8378f27,Kia,Sportage,,EX,2027,62a5f51c3b190c24efacbe38,Basic Vehicle Warranty,"5 years or 100,000 KM",spec-table
ContactCars,https://www.contactcars.com/en/new-cars/kia-sportage/fb0525ca7d1d,"Fri, 25 Sep 2026 12:32:45 GMT",175f6069933264fbc805293e51e62ad310feb9d2313ea4445f97eb90629c42ba,Kia,Sportage,,Highline,2026,jsonld:offer_price_egp,offer_price_egp,2050000,json-ld
ContactCars,https://www.contactcars.com/en/new-cars/kia-sportage/fb0525ca7d1d,"Fri, 25 Sep 2026 12:32:45 GMT",175f6069933264fbc805293e51e62ad310feb9d2313ea4445f97eb90629c42ba,Kia,Sportage,,Highline,2026,jsonld:fuelType,fuelType,Gas,json-ld
ContactCars,https://www.contactcars.com/en/new-cars/kia-sportage/fb0525ca7d1d,"Fri, 25 Sep 2026 12:32:45 GMT",175f6069933264fbc805293e51e62ad310feb9d2313ea4445f97eb90629c42ba,Kia,Sportage,,Highline,2026,jsonld:engineDisplacement,engineDisplacement,1600,json-ld
ContactCars,https://www.contactcars.com/en/new-cars/kia-sportage/fb0525ca7d1d,"Fri, 25 Sep 2026 12:32:45 GMT",175f6069933264fbc805293e51e62ad310feb9d2313ea4445f97eb90629c42ba,Kia,Sportage,,Highline,2026,jsonld:vehicleTransmission,vehicleTransmission,Dual Clutch,json-ld
ContactCars,https://www.contactcars.com/en/new-cars/kia-sportage/fb0525ca7d1d,"Fri, 25 Sep 2026 12:32:45 GMT",175f6069933264fbc805293e51e62ad310feb9d2313ea4445f97eb90629c42ba,Kia,Sportage,,Highline,2026,jsonld:bodyType,bodyType,SUV,json-ld
ContactCars,https://www.contactcars.com/en/new-cars/kia-sportage/fb0525ca7d1d,"Fri, 25 Sep 2026 12:32:45 GMT",175f6069933264fbc805293e51e62ad310feb9d2313ea4445f97eb90629c42ba,Kia,Sportage,,Highline,2026,jsonld:assembly_country,assembly_country,Slovakia,json-ld
ContactCars,https://www.contactcars.com/en/new-cars/kia-sportage/fb0525ca7d1d,"Fri, 25 Sep 2026 12:32:45 GMT",175f6069933264fbc805293e51e62ad310feb9d2313ea4445f97eb90629c42ba,Kia,Sportage,,Highline,2026,1cff89624677,Vehicle Size Class,Compact,spec-table
ContactCars,https://www.contactcars.com/en/new-cars/kia-sportage/fb0525ca7d1d,"Fri, 25 Sep 2026 12:32:45 GMT",175f6069933264fbc805293e51e62ad310feb9d2313ea4445f97eb90629c42ba,Kia,Sportage,,Highline,2026,5bedd1146e88,Body Style,SUV,spec-table
ContactCars,https://www.contactcars.com/en/new-cars/kia-sportage/fb0525ca7d1d,"Fri, 25 Sep 2026 12:32:45 GMT",175f6069933264fbc805293e51e62ad310feb9d2313ea4445f97eb90629c42ba,Kia,Sportage,,Highline,2026,13a10f395a87,Number of Doors,5,spec-table
ContactCars,https://www.contactcars.com/en/new-cars/kia-sportage/fb0525ca7d1d,"Fri, 25 Sep 2026 12:32:45 GMT",175f6069933264fbc805293e51e62ad310feb9d2313ea4445f97eb90629c42ba,Kia,Sportage,,Highline,2026,60199ad52a420993a3e82387,Number of Seats,5,spec-table
ContactCars,https://www.contactcars.com/en/new-cars/kia-sportage/fb0525ca7d1d,"Fri, 25 Sep 2026 12:32:45 GMT",175f6069933264fbc805293e51e62ad310feb9d2313ea4445f97eb90629c42ba,Kia,Sportage,,Highline,2026,60199ad52a420993a3e823a4,Rear Trunk Capacity (Liter),591,spec-table
ContactCars,https://www.contactcars.com/en/new-cars/kia-sportage/fb0525ca7d1d,"Fri, 25 Sep 2026 12:32:45 GMT",175f6069933264fbc805293e51e62ad310feb9d2313ea4445f97eb90629c42ba,Kia,Sportage,,Highline,2026,2cd960af118a,"Rear Trunk Capacity, Seats Folded (Liter)",1780,spec-table
ContactCars,https://www.contactcars.com/en/new-cars/kia-sportage/fb0525ca7d1d,"Fri, 25 Sep 2026 12:32:45 GMT",175f6069933264fbc805293e51e62ad310feb9d2313ea4445f97eb90629c42ba,Kia,Sportage,,Highline,2026,603647429f57461ab1a74148,Length (mm),4540,spec-table
ContactCars,https://www.contactcars.com/en/new-cars/kia-sportage/fb0525ca7d1d,"Fri, 25 Sep 2026 12:32:45 GMT",175f6069933264fbc805293e51e62ad310feb9d2313ea4445f97eb90629c42ba,Kia,Sportage,,Highline,2026,6036477d9f57461ab1a74149,Width (mm),1865,spec-table
ContactCars,https://www.contactcars.com/en/new-cars/kia-sportage/fb0525ca7d1d,"Fri, 25 Sep 2026 12:32:45 GMT",175f6069933264fbc805293e51e62ad310feb9d2313ea4445f97eb90629c42ba,Kia,Sportage,,Highline,2026,603647a49f57461ab1a7414a,Height (mm),1645,spec-table
ContactCars,https://www.contactcars.com/en/new-cars/kia-sportage/fb0525ca7d1d,"Fri, 25 Sep 2026 12:32:45 GMT",175f6069933264fbc805293e51e62ad310feb9d2313ea4445f97eb90629c42ba,Kia,Sportage,,Highline,2026,6033cae86136e6f66151c687,Wheelbase (mm),2680,spec-table
ContactCars,https://www.contactcars.com/en/new-cars/kia-sportage/fb0525ca7d1d,"Fri, 25 Sep 2026 12:32:45 GMT",175f6069933264fbc805293e51e62ad310feb9d2313ea4445f97eb90629c42ba,Kia,Sportage,,Highline,2026,6033cbc86136e6f66151c688,Ground Clearance (mm),170,spec-table
ContactCars,https://www.contactcars.com/en/new-cars/kia-sportage/fb0525ca7d1d,"Fri, 25 Sep 2026 12:32:45 GMT",175f6069933264fbc805293e51e62ad310feb9d2313ea4445f97eb90629c42ba,Kia,Sportage,,Highline,2026,6244612fba30183d7791942e,Curb Weight (KG),"1,626",spec-table
ContactCars,https://www.contactcars.com/en/new-cars/kia-sportage/fb0525ca7d1d,"Fri, 25 Sep 2026 12:32:45 GMT",175f6069933264fbc805293e51e62ad310feb9d2313ea4445f97eb90629c42ba,Kia,Sportage,,Highline,2026,624443c0ba30183d77919424,Generation,5th,spec-table
ContactCars,https://www.contactcars.com/en/new-cars/kia-sportage/fb0525ca7d1d,"Fri, 25 Sep 2026 12:32:45 GMT",175f6069933264fbc805293e51e62ad310feb9d2313ea4445f97eb90629c42ba,Kia,Sportage,,Highline,2026,1b9f93607f48,Powertrain Type,ICE (Petrol),spec-table
ContactCars,https://www.contactcars.com/en/new-cars/kia-sportage/fb0525ca7d1d,"Fri, 25 Sep 2026 12:32:45 GMT",175f6069933264fbc805293e51e62ad310feb9d2313ea4445f97eb90629c42ba,Kia,Sportage,,Highline,2026,60199ad52a420993a3e82353,Combined Maximum Power (HP @ RPM),"180 / 5,500",spec-table
ContactCars,https://www.contactcars.com/en/new-cars/kia-sportage/fb0525ca7d1d,"Fri, 25 Sep 2026 12:32:45 GMT",175f6069933264fbc805293e51e62ad310feb9d2313ea4445f97eb90629c42ba,Kia,Sportage,,Highline,2026,60199ad52a420993a3e82354,Combined Maximum Torque (N.m @ RPM),"265 / 4,500",spec-table
ContactCars,https://www.contactcars.com/en/new-cars/kia-sportage/fb0525ca7d1d,"Fri, 25 Sep 2026 12:32:45 GMT",175f6069933264fbc805293e51e62ad310feb9d2313ea4445f97eb90629c42ba,Kia,Sportage,,Highline,2026,60199ad52a420993a3e82359,Fuel Tank Capacity (Litre),54,spec-table
ContactCars,https://www.contactcars.com/en/new-cars/kia-sportage/fb0525ca7d1d,"Fri, 25 Sep 2026 12:32:45 GMT",175f6069933264fbc805293e51e62ad310feb9d2313ea4445f97eb90629c42ba,Kia,Sportage,,Highline,2026,60199ad52a420993a3e82356,Combined Fuel/Energy Consumption (Liter/100 KM),6٫8,spec-table
ContactCars,https://www.contactcars.com/en/new-cars/kia-sportage/fb0525ca7d1d,"Fri, 25 Sep 2026 12:32:45 GMT",175f6069933264fbc805293e51e62ad310feb9d2313ea4445f97eb90629c42ba,Kia,Sportage,,Highline,2026,bc8f5919d91f,Engine Type,Inline-4,spec-table
ContactCars,https://www.contactcars.com/en/new-cars/kia-sportage/fb0525ca7d1d,"Fri, 25 Sep 2026 12:32:45 GMT",175f6069933264fbc805293e51e62ad310feb9d2313ea4445f97eb90629c42ba,Kia,Sportage,,Highline,2026,0922a30a7f46,Engine Function,Drive Wheels,spec-table
ContactCars,https://www.contactcars.com/en/new-cars/kia-sportage/fb0525ca7d1d,"Fri, 25 Sep 2026 12:32:45 GMT",175f6069933264fbc805293e51e62ad310feb9d2313ea4445f97eb90629c42ba,Kia,Sportage,,Highline,2026,60199ad52a420993a3e82352,Cylinders,4,spec-table
ContactCars,https://www.contactcars.com/en/new-cars/kia-sportage/fb0525ca7d1d,"Fri, 25 Sep 2026 12:32:45 GMT",175f6069933264fbc805293e51e62ad310feb9d2313ea4445f97eb90629c42ba,Kia,Sportage,,Highline,2026,62445feaba30183d7791942d,Engine Capacity (CC),1600,spec-table
ContactCars,https://www.contactcars.com/en/new-cars/kia-sportage/fb0525ca7d1d,"Fri, 25 Sep 2026 12:32:45 GMT",175f6069933264fbc805293e51e62ad310feb9d2313ea4445f97eb90629c42ba,Kia,Sportage,,Highline,2026,6244616cba30183d7791942f,Induction Type,Turbocharged,spec-table
ContactCars,https://www.contactcars.com/en/new-cars/kia-sportage/fb0525ca7d1d,"Fri, 25 Sep 2026 12:32:45 GMT",175f6069933264fbc805293e51e62ad310feb9d2313ea4445f97eb90629c42ba,Kia,Sportage,,Highline,2026,62445f6cba30183d7791942c,Engine Layout,Front,spec-table
ContactCars,https://www.contactcars.com/en/new-cars/kia-sportage/fb0525ca7d1d,"Fri, 25 Sep 2026 12:32:45 GMT",175f6069933264fbc805293e51e62ad310feb9d2313ea4445f97eb90629c42ba,Kia,Sportage,,Highline,2026,ae3798f5fd83,Drivetrain Type,FWD (Front-Wheel Drive),spec-table
ContactCars,https://www.contactcars.com/en/new-cars/kia-sportage/fb0525ca7d1d,"Fri, 25 Sep 2026 12:32:45 GMT",175f6069933264fbc805293e51e62ad310feb9d2313ea4445f97eb90629c42ba,Kia,Sportage,,Highline,2026,fd8d1904b500,Transmission Type,Automatic,spec-table
ContactCars,https://www.contactcars.com/en/new-cars/kia-sportage/fb0525ca7d1d,"Fri, 25 Sep 2026 12:32:45 GMT",175f6069933264fbc805293e51e62ad310feb9d2313ea4445f97eb90629c42ba,Kia,Sportage,,Highline,2026,5229867ce0fa,Transmission Technology,Dry DCT (Dual-Clutch Transmission),spec-table
ContactCars,https://www.contactcars.com/en/new-cars/kia-sportage/fb0525ca7d1d,"Fri, 25 Sep 2026 12:32:45 GMT",175f6069933264fbc805293e51e62ad310feb9d2313ea4445f97eb90629c42ba,Kia,Sportage,,Highline,2026,60199ad52a420993a3e8235a,Number of Gears,7,spec-table
ContactCars,https://www.contactcars.com/en/new-cars/kia-sportage/fb0525ca7d1d,"Fri, 25 Sep 2026 12:32:45 GMT",175f6069933264fbc805293e51e62ad310feb9d2313ea4445f97eb90629c42ba,Kia,Sportage,,Highline,2026,60199ad52a420993a3e82385,Steering Wheel,Leather Steering Wheel,spec-table
ContactCars,https://www.contactcars.com/en/new-cars/kia-sportage/fb0525ca7d1d,"Fri, 25 Sep 2026 12:32:45 GMT",175f6069933264fbc805293e51e62ad310feb9d2313ea4445f97eb90629c42ba,Kia,Sportage,,Highline,2026,60199ad52a420993a3e8235d,Power Steering Type,Electric,spec-table
ContactCars,https://www.contactcars.com/en/new-cars/kia-sportage/fb0525ca7d1d,"Fri, 25 Sep 2026 12:32:45 GMT",175f6069933264fbc805293e51e62ad310feb9d2313ea4445f97eb90629c42ba,Kia,Sportage,,Highline,2026,602fa37cd768,Steering Adjustment Ops,Manual,spec-table
ContactCars,https://www.contactcars.com/en/new-cars/kia-sportage/fb0525ca7d1d,"Fri, 25 Sep 2026 12:32:45 GMT",175f6069933264fbc805293e51e62ad310feb9d2313ea4445f97eb90629c42ba,Kia,Sportage,,Highline,2026,e78c472170c2,Front Suspension Type,MacPherson,spec-table
ContactCars,https://www.contactcars.com/en/new-cars/kia-sportage/fb0525ca7d1d,"Fri, 25 Sep 2026 12:32:45 GMT",175f6069933264fbc805293e51e62ad310feb9d2313ea4445f97eb90629c42ba,Kia,Sportage,,Highline,2026,d7a33f9ff1ff,Rear Suspension Type,Multi-Link,spec-table
ContactCars,https://www.contactcars.com/en/new-cars/kia-sportage/fb0525ca7d1d,"Fri, 25 Sep 2026 12:32:45 GMT",175f6069933264fbc805293e51e62ad310feb9d2313ea4445f97eb90629c42ba,Kia,Sportage,,Highline,2026,58f344b6ff55,Front Brakes Type,Solid Disc Brakes,spec-table
ContactCars,https://www.contactcars.com/en/new-cars/kia-sportage/fb0525ca7d1d,"Fri, 25 Sep 2026 12:32:45 GMT",175f6069933264fbc805293e51e62ad310feb9d2313ea4445f97eb90629c42ba,Kia,Sportage,,Highline,2026,eb24327dbe4e,Rear Brakes Type,Solid Disc Brakes,spec-table
ContactCars,https://www.contactcars.com/en/new-cars/kia-sportage/fb0525ca7d1d,"Fri, 25 Sep 2026 12:32:45 GMT",175f6069933264fbc805293e51e62ad310feb9d2313ea4445f97eb90629c42ba,Kia,Sportage,,Highline,2026,4ed8405e7e5b,Hand Brake Type,Electronic,spec-table
ContactCars,https://www.contactcars.com/en/new-cars/kia-sportage/fb0525ca7d1d,"Fri, 25 Sep 2026 12:32:45 GMT",175f6069933264fbc805293e51e62ad310feb9d2313ea4445f97eb90629c42ba,Kia,Sportage,,Highline,2026,d4b30096d663,Wheel Type,Alloy,spec-table
ContactCars,https://www.contactcars.com/en/new-cars/kia-sportage/fb0525ca7d1d,"Fri, 25 Sep 2026 12:32:45 GMT",175f6069933264fbc805293e51e62ad310feb9d2313ea4445f97eb90629c42ba,Kia,Sportage,,Highline,2026,1831c41b7b17,Front Wheel Size,18,spec-table
ContactCars,https://www.contactcars.com/en/new-cars/kia-sportage/fb0525ca7d1d,"Fri, 25 Sep 2026 12:32:45 GMT",175f6069933264fbc805293e51e62ad310feb9d2313ea4445f97eb90629c42ba,Kia,Sportage,,Highline,2026,1f4797b49117,Rear Wheel Size,18,spec-table
ContactCars,https://www.contactcars.com/en/new-cars/kia-sportage/fb0525ca7d1d,"Fri, 25 Sep 2026 12:32:45 GMT",175f6069933264fbc805293e51e62ad310feb9d2313ea4445f97eb90629c42ba,Kia,Sportage,,Highline,2026,60199ad52a420993a3e82372,Front Tire Size,235/60R18,spec-table
ContactCars,https://www.contactcars.com/en/new-cars/kia-sportage/fb0525ca7d1d,"Fri, 25 Sep 2026 12:32:45 GMT",175f6069933264fbc805293e51e62ad310feb9d2313ea4445f97eb90629c42ba,Kia,Sportage,,Highline,2026,2076fe4abba4,Rear Tire Size,235/60R18,spec-table
ContactCars,https://www.contactcars.com/en/new-cars/kia-sportage/fb0525ca7d1d,"Fri, 25 Sep 2026 12:32:45 GMT",175f6069933264fbc805293e51e62ad310feb9d2313ea4445f97eb90629c42ba,Kia,Sportage,,Highline,2026,cb68666c87e5,Tire Type,All-Season,spec-table
ContactCars,https://www.contactcars.com/en/new-cars/kia-sportage/fb0525ca7d1d,"Fri, 25 Sep 2026 12:32:45 GMT",175f6069933264fbc805293e51e62ad310feb9d2313ea4445f97eb90629c42ba,Kia,Sportage,,Highline,2026,ba2239f5bba2,IIHS Results,Top Safety Pick+,spec-table
ContactCars,https://www.contactcars.com/en/new-cars/kia-sportage/fb0525ca7d1d,"Fri, 25 Sep 2026 12:32:45 GMT",175f6069933264fbc805293e51e62ad310feb9d2313ea4445f97eb90629c42ba,Kia,Sportage,,Highline,2026,56a59f46e398,Euro NCAP Results,5,spec-table
ContactCars,https://www.contactcars.com/en/new-cars/kia-sportage/fb0525ca7d1d,"Fri, 25 Sep 2026 12:32:45 GMT",175f6069933264fbc805293e51e62ad310feb9d2313ea4445f97eb90629c42ba,Kia,Sportage,,Highline,2026,60199ad52a420993a3e8236a,Airbag Count,6,spec-table
ContactCars,https://www.contactcars.com/en/new-cars/kia-sportage/fb0525ca7d1d,"Fri, 25 Sep 2026 12:32:45 GMT",175f6069933264fbc805293e51e62ad310feb9d2313ea4445f97eb90629c42ba,Kia,Sportage,,Highline,2026,72fbbbfbb11f,Seat Upholestry,Partial Leather,spec-table
ContactCars,https://www.contactcars.com/en/new-cars/kia-sportage/fb0525ca7d1d,"Fri, 25 Sep 2026 12:32:45 GMT",175f6069933264fbc805293e51e62ad310feb9d2313ea4445f97eb90629c42ba,Kia,Sportage,,Highline,2026,40e24a4a83e0,Gearbox Selector,Shift By Wire,spec-table
ContactCars,https://www.contactcars.com/en/new-cars/kia-sportage/fb0525ca7d1d,"Fri, 25 Sep 2026 12:32:45 GMT",175f6069933264fbc805293e51e62ad310feb9d2313ea4445f97eb90629c42ba,Kia,Sportage,,Highline,2026,60199ad52a420993a3e82383,Ambient Lighting,Multi Color,spec-table
ContactCars,https://www.contactcars.com/en/new-cars/kia-sportage/fb0525ca7d1d,"Fri, 25 Sep 2026 12:32:45 GMT",175f6069933264fbc805293e51e62ad310feb9d2313ea4445f97eb90629c42ba,Kia,Sportage,,Highline,2026,60199ad52a420993a3e8238f,Driver Seat,Manual,spec-table
ContactCars,https://www.contactcars.com/en/new-cars/kia-sportage/fb0525ca7d1d,"Fri, 25 Sep 2026 12:32:45 GMT",175f6069933264fbc805293e51e62ad310feb9d2313ea4445f97eb90629c42ba,Kia,Sportage,,Highline,2026,60199ad52a420993a3e8239d,Infotainment Display Size,12٫3,spec-table
ContactCars,https://www.contactcars.com/en/new-cars/kia-sportage/fb0525ca7d1d,"Fri, 25 Sep 2026 12:32:45 GMT",175f6069933264fbc805293e51e62ad310feb9d2313ea4445f97eb90629c42ba,Kia,Sportage,,Highline,2026,60199ad52a420993a3e8237c,Instrument Cluster Type,Digital,spec-table
ContactCars,https://www.contactcars.com/en/new-cars/kia-sportage/fb0525ca7d1d,"Fri, 25 Sep 2026 12:32:45 GMT",175f6069933264fbc805293e51e62ad310feb9d2313ea4445f97eb90629c42ba,Kia,Sportage,,Highline,2026,60199ad52a420993a3e8239c,Smartphone Integration,Android Auto/Apple Car Play,spec-table
ContactCars,https://www.contactcars.com/en/new-cars/kia-sportage/fb0525ca7d1d,"Fri, 25 Sep 2026 12:32:45 GMT",175f6069933264fbc805293e51e62ad310feb9d2313ea4445f97eb90629c42ba,Kia,Sportage,,Highline,2026,60199ad52a420993a3e823a2,Number of Speakers,6,spec-table
ContactCars,https://www.contactcars.com/en/new-cars/kia-sportage/fb0525ca7d1d,"Fri, 25 Sep 2026 12:32:45 GMT",175f6069933264fbc805293e51e62ad310feb9d2313ea4445f97eb90629c42ba,Kia,Sportage,,Highline,2026,60199ad52a420993a3e82376,Rims,R18,spec-table
ContactCars,https://www.contactcars.com/en/new-cars/kia-sportage/fb0525ca7d1d,"Fri, 25 Sep 2026 12:32:45 GMT",175f6069933264fbc805293e51e62ad310feb9d2313ea4445f97eb90629c42ba,Kia,Sportage,,Highline,2026,60199ad52a420993a3e8236d,Headlamps,LED,spec-table
ContactCars,https://www.contactcars.com/en/new-cars/kia-sportage/fb0525ca7d1d,"Fri, 25 Sep 2026 12:32:45 GMT",175f6069933264fbc805293e51e62ad310feb9d2313ea4445f97eb90629c42ba,Kia,Sportage,,Highline,2026,60199ad52a420993a3e8236e,Tail Lights,LED,spec-table
ContactCars,https://www.contactcars.com/en/new-cars/kia-sportage/fb0525ca7d1d,"Fri, 25 Sep 2026 12:32:45 GMT",175f6069933264fbc805293e51e62ad310feb9d2313ea4445f97eb90629c42ba,Kia,Sportage,,Highline,2026,62a5f51c3b190c24efacbe38,Basic Vehicle Warranty,"5 years or 100,000 KM",spec-table
ContactCars,https://www.contactcars.com/en/new-cars/kia-sportage/fc2a12a54358,"Fri, 25 Sep 2026 12:32:46 GMT",40f68294cba8359cab5e87f85bb884c000889545b61fdea573775adb32cb0bff,Kia,Sportage,,EX,2026,jsonld:offer_price_egp,offer_price_egp,1900000,json-ld
ContactCars,https://www.contactcars.com/en/new-cars/kia-sportage/fc2a12a54358,"Fri, 25 Sep 2026 12:32:46 GMT",40f68294cba8359cab5e87f85bb884c000889545b61fdea573775adb32cb0bff,Kia,Sportage,,EX,2026,jsonld:fuelType,fuelType,Gas,json-ld
ContactCars,https://www.contactcars.com/en/new-cars/kia-sportage/fc2a12a54358,"Fri, 25 Sep 2026 12:32:46 GMT",40f68294cba8359cab5e87f85bb884c000889545b61fdea573775adb32cb0bff,Kia,Sportage,,EX,2026,jsonld:engineDisplacement,engineDisplacement,1600,json-ld
ContactCars,https://www.contactcars.com/en/new-cars/kia-sportage/fc2a12a54358,"Fri, 25 Sep 2026 12:32:46 GMT",40f68294cba8359cab5e87f85bb884c000889545b61fdea573775adb32cb0bff,Kia,Sportage,,EX,2026,jsonld:vehicleTransmission,vehicleTransmission,Dual Clutch,json-ld
ContactCars,https://www.contactcars.com/en/new-cars/kia-sportage/fc2a12a54358,"Fri, 25 Sep 2026 12:32:46 GMT",40f68294cba8359cab5e87f85bb884c000889545b61fdea573775adb32cb0bff,Kia,Sportage,,EX,2026,jsonld:bodyType,bodyType,SUV,json-ld
ContactCars,https://www.contactcars.com/en/new-cars/kia-sportage/fc2a12a54358,"Fri, 25 Sep 2026 12:32:46 GMT",40f68294cba8359cab5e87f85bb884c000889545b61fdea573775adb32cb0bff,Kia,Sportage,,EX,2026,jsonld:assembly_country,assembly_country,Slovakia,json-ld
ContactCars,https://www.contactcars.com/en/new-cars/kia-sportage/fc2a12a54358,"Fri, 25 Sep 2026 12:32:46 GMT",40f68294cba8359cab5e87f85bb884c000889545b61fdea573775adb32cb0bff,Kia,Sportage,,EX,2026,1cff89624677,Vehicle Size Class,Compact,spec-table
ContactCars,https://www.contactcars.com/en/new-cars/kia-sportage/fc2a12a54358,"Fri, 25 Sep 2026 12:32:46 GMT",40f68294cba8359cab5e87f85bb884c000889545b61fdea573775adb32cb0bff,Kia,Sportage,,EX,2026,5bedd1146e88,Body Style,SUV,spec-table
ContactCars,https://www.contactcars.com/en/new-cars/kia-sportage/fc2a12a54358,"Fri, 25 Sep 2026 12:32:46 GMT",40f68294cba8359cab5e87f85bb884c000889545b61fdea573775adb32cb0bff,Kia,Sportage,,EX,2026,13a10f395a87,Number of Doors,5,spec-table
ContactCars,https://www.contactcars.com/en/new-cars/kia-sportage/fc2a12a54358,"Fri, 25 Sep 2026 12:32:46 GMT",40f68294cba8359cab5e87f85bb884c000889545b61fdea573775adb32cb0bff,Kia,Sportage,,EX,2026,60199ad52a420993a3e82387,Number of Seats,5,spec-table
ContactCars,https://www.contactcars.com/en/new-cars/kia-sportage/fc2a12a54358,"Fri, 25 Sep 2026 12:32:46 GMT",40f68294cba8359cab5e87f85bb884c000889545b61fdea573775adb32cb0bff,Kia,Sportage,,EX,2026,60199ad52a420993a3e823a4,Rear Trunk Capacity (Liter),591,spec-table
ContactCars,https://www.contactcars.com/en/new-cars/kia-sportage/fc2a12a54358,"Fri, 25 Sep 2026 12:32:46 GMT",40f68294cba8359cab5e87f85bb884c000889545b61fdea573775adb32cb0bff,Kia,Sportage,,EX,2026,2cd960af118a,"Rear Trunk Capacity, Seats Folded (Liter)",1780,spec-table
ContactCars,https://www.contactcars.com/en/new-cars/kia-sportage/fc2a12a54358,"Fri, 25 Sep 2026 12:32:46 GMT",40f68294cba8359cab5e87f85bb884c000889545b61fdea573775adb32cb0bff,Kia,Sportage,,EX,2026,603647429f57461ab1a74148,Length (mm),4540,spec-table
ContactCars,https://www.contactcars.com/en/new-cars/kia-sportage/fc2a12a54358,"Fri, 25 Sep 2026 12:32:46 GMT",40f68294cba8359cab5e87f85bb884c000889545b61fdea573775adb32cb0bff,Kia,Sportage,,EX,2026,6036477d9f57461ab1a74149,Width (mm),1865,spec-table
ContactCars,https://www.contactcars.com/en/new-cars/kia-sportage/fc2a12a54358,"Fri, 25 Sep 2026 12:32:46 GMT",40f68294cba8359cab5e87f85bb884c000889545b61fdea573775adb32cb0bff,Kia,Sportage,,EX,2026,603647a49f57461ab1a7414a,Height (mm),1645,spec-table
ContactCars,https://www.contactcars.com/en/new-cars/kia-sportage/fc2a12a54358,"Fri, 25 Sep 2026 12:32:46 GMT",40f68294cba8359cab5e87f85bb884c000889545b61fdea573775adb32cb0bff,Kia,Sportage,,EX,2026,6033cae86136e6f66151c687,Wheelbase (mm),2680,spec-table
ContactCars,https://www.contactcars.com/en/new-cars/kia-sportage/fc2a12a54358,"Fri, 25 Sep 2026 12:32:46 GMT",40f68294cba8359cab5e87f85bb884c000889545b61fdea573775adb32cb0bff,Kia,Sportage,,EX,2026,6033cbc86136e6f66151c688,Ground Clearance (mm),170,spec-table
ContactCars,https://www.contactcars.com/en/new-cars/kia-sportage/fc2a12a54358,"Fri, 25 Sep 2026 12:32:46 GMT",40f68294cba8359cab5e87f85bb884c000889545b61fdea573775adb32cb0bff,Kia,Sportage,,EX,2026,6244612fba30183d7791942e,Curb Weight (KG),"1,626",spec-table
ContactCars,https://www.contactcars.com/en/new-cars/kia-sportage/fc2a12a54358,"Fri, 25 Sep 2026 12:32:46 GMT",40f68294cba8359cab5e87f85bb884c000889545b61fdea573775adb32cb0bff,Kia,Sportage,,EX,2026,624443c0ba30183d77919424,Generation,5th,spec-table
ContactCars,https://www.contactcars.com/en/new-cars/kia-sportage/fc2a12a54358,"Fri, 25 Sep 2026 12:32:46 GMT",40f68294cba8359cab5e87f85bb884c000889545b61fdea573775adb32cb0bff,Kia,Sportage,,EX,2026,1b9f93607f48,Powertrain Type,ICE (Petrol),spec-table
ContactCars,https://www.contactcars.com/en/new-cars/kia-sportage/fc2a12a54358,"Fri, 25 Sep 2026 12:32:46 GMT",40f68294cba8359cab5e87f85bb884c000889545b61fdea573775adb32cb0bff,Kia,Sportage,,EX,2026,60199ad52a420993a3e82353,Combined Maximum Power (HP @ RPM),"180 / 5,500",spec-table
ContactCars,https://www.contactcars.com/en/new-cars/kia-sportage/fc2a12a54358,"Fri, 25 Sep 2026 12:32:46 GMT",40f68294cba8359cab5e87f85bb884c000889545b61fdea573775adb32cb0bff,Kia,Sportage,,EX,2026,60199ad52a420993a3e82354,Combined Maximum Torque (N.m @ RPM),"265/4,500",spec-table
ContactCars,https://www.contactcars.com/en/new-cars/kia-sportage/fc2a12a54358,"Fri, 25 Sep 2026 12:32:46 GMT",40f68294cba8359cab5e87f85bb884c000889545b61fdea573775adb32cb0bff,Kia,Sportage,,EX,2026,60199ad52a420993a3e82359,Fuel Tank Capacity (Litre),54,spec-table
ContactCars,https://www.contactcars.com/en/new-cars/kia-sportage/fc2a12a54358,"Fri, 25 Sep 2026 12:32:46 GMT",40f68294cba8359cab5e87f85bb884c000889545b61fdea573775adb32cb0bff,Kia,Sportage,,EX,2026,60199ad52a420993a3e82356,Combined Fuel/Energy Consumption (Liter/100 KM),6٫8,spec-table
ContactCars,https://www.contactcars.com/en/new-cars/kia-sportage/fc2a12a54358,"Fri, 25 Sep 2026 12:32:46 GMT",40f68294cba8359cab5e87f85bb884c000889545b61fdea573775adb32cb0bff,Kia,Sportage,,EX,2026,bc8f5919d91f,Engine Type,Inline-4,spec-table
ContactCars,https://www.contactcars.com/en/new-cars/kia-sportage/fc2a12a54358,"Fri, 25 Sep 2026 12:32:46 GMT",40f68294cba8359cab5e87f85bb884c000889545b61fdea573775adb32cb0bff,Kia,Sportage,,EX,2026,0922a30a7f46,Engine Function,Drive Wheels,spec-table
ContactCars,https://www.contactcars.com/en/new-cars/kia-sportage/fc2a12a54358,"Fri, 25 Sep 2026 12:32:46 GMT",40f68294cba8359cab5e87f85bb884c000889545b61fdea573775adb32cb0bff,Kia,Sportage,,EX,2026,60199ad52a420993a3e82352,Cylinders,4,spec-table
ContactCars,https://www.contactcars.com/en/new-cars/kia-sportage/fc2a12a54358,"Fri, 25 Sep 2026 12:32:46 GMT",40f68294cba8359cab5e87f85bb884c000889545b61fdea573775adb32cb0bff,Kia,Sportage,,EX,2026,62445feaba30183d7791942d,Engine Capacity (CC),1600,spec-table
ContactCars,https://www.contactcars.com/en/new-cars/kia-sportage/fc2a12a54358,"Fri, 25 Sep 2026 12:32:46 GMT",40f68294cba8359cab5e87f85bb884c000889545b61fdea573775adb32cb0bff,Kia,Sportage,,EX,2026,6244616cba30183d7791942f,Induction Type,Turbocharged,spec-table
ContactCars,https://www.contactcars.com/en/new-cars/kia-sportage/fc2a12a54358,"Fri, 25 Sep 2026 12:32:46 GMT",40f68294cba8359cab5e87f85bb884c000889545b61fdea573775adb32cb0bff,Kia,Sportage,,EX,2026,62445f6cba30183d7791942c,Engine Layout,Front,spec-table
ContactCars,https://www.contactcars.com/en/new-cars/kia-sportage/fc2a12a54358,"Fri, 25 Sep 2026 12:32:46 GMT",40f68294cba8359cab5e87f85bb884c000889545b61fdea573775adb32cb0bff,Kia,Sportage,,EX,2026,ae3798f5fd83,Drivetrain Type,FWD (Front-Wheel Drive),spec-table
ContactCars,https://www.contactcars.com/en/new-cars/kia-sportage/fc2a12a54358,"Fri, 25 Sep 2026 12:32:46 GMT",40f68294cba8359cab5e87f85bb884c000889545b61fdea573775adb32cb0bff,Kia,Sportage,,EX,2026,fd8d1904b500,Transmission Type,Automatic,spec-table
ContactCars,https://www.contactcars.com/en/new-cars/kia-sportage/fc2a12a54358,"Fri, 25 Sep 2026 12:32:46 GMT",40f68294cba8359cab5e87f85bb884c000889545b61fdea573775adb32cb0bff,Kia,Sportage,,EX,2026,5229867ce0fa,Transmission Technology,Dry DCT (Dual-Clutch Transmission),spec-table
ContactCars,https://www.contactcars.com/en/new-cars/kia-sportage/fc2a12a54358,"Fri, 25 Sep 2026 12:32:46 GMT",40f68294cba8359cab5e87f85bb884c000889545b61fdea573775adb32cb0bff,Kia,Sportage,,EX,2026,60199ad52a420993a3e8235a,Number of Gears,7,spec-table
ContactCars,https://www.contactcars.com/en/new-cars/kia-sportage/fc2a12a54358,"Fri, 25 Sep 2026 12:32:46 GMT",40f68294cba8359cab5e87f85bb884c000889545b61fdea573775adb32cb0bff,Kia,Sportage,,EX,2026,60199ad52a420993a3e82385,Steering Wheel,Leather multi function,spec-table
ContactCars,https://www.contactcars.com/en/new-cars/kia-sportage/fc2a12a54358,"Fri, 25 Sep 2026 12:32:46 GMT",40f68294cba8359cab5e87f85bb884c000889545b61fdea573775adb32cb0bff,Kia,Sportage,,EX,2026,60199ad52a420993a3e8235d,Power Steering Type,Electric,spec-table
ContactCars,https://www.contactcars.com/en/new-cars/kia-sportage/fc2a12a54358,"Fri, 25 Sep 2026 12:32:46 GMT",40f68294cba8359cab5e87f85bb884c000889545b61fdea573775adb32cb0bff,Kia,Sportage,,EX,2026,602fa37cd768,Steering Adjustment Ops,Manual,spec-table
ContactCars,https://www.contactcars.com/en/new-cars/kia-sportage/fc2a12a54358,"Fri, 25 Sep 2026 12:32:46 GMT",40f68294cba8359cab5e87f85bb884c000889545b61fdea573775adb32cb0bff,Kia,Sportage,,EX,2026,e78c472170c2,Front Suspension Type,MacPherson,spec-table
ContactCars,https://www.contactcars.com/en/new-cars/kia-sportage/fc2a12a54358,"Fri, 25 Sep 2026 12:32:46 GMT",40f68294cba8359cab5e87f85bb884c000889545b61fdea573775adb32cb0bff,Kia,Sportage,,EX,2026,d7a33f9ff1ff,Rear Suspension Type,Multi-Link,spec-table
ContactCars,https://www.contactcars.com/en/new-cars/kia-sportage/fc2a12a54358,"Fri, 25 Sep 2026 12:32:46 GMT",40f68294cba8359cab5e87f85bb884c000889545b61fdea573775adb32cb0bff,Kia,Sportage,,EX,2026,58f344b6ff55,Front Brakes Type,Solid Disc Brakes,spec-table
ContactCars,https://www.contactcars.com/en/new-cars/kia-sportage/fc2a12a54358,"Fri, 25 Sep 2026 12:32:46 GMT",40f68294cba8359cab5e87f85bb884c000889545b61fdea573775adb32cb0bff,Kia,Sportage,,EX,2026,eb24327dbe4e,Rear Brakes Type,Solid Disc Brakes,spec-table
ContactCars,https://www.contactcars.com/en/new-cars/kia-sportage/fc2a12a54358,"Fri, 25 Sep 2026 12:32:46 GMT",40f68294cba8359cab5e87f85bb884c000889545b61fdea573775adb32cb0bff,Kia,Sportage,,EX,2026,4ed8405e7e5b,Hand Brake Type,Electronic,spec-table
ContactCars,https://www.contactcars.com/en/new-cars/kia-sportage/fc2a12a54358,"Fri, 25 Sep 2026 12:32:46 GMT",40f68294cba8359cab5e87f85bb884c000889545b61fdea573775adb32cb0bff,Kia,Sportage,,EX,2026,d4b30096d663,Wheel Type,Alloy,spec-table
ContactCars,https://www.contactcars.com/en/new-cars/kia-sportage/fc2a12a54358,"Fri, 25 Sep 2026 12:32:46 GMT",40f68294cba8359cab5e87f85bb884c000889545b61fdea573775adb32cb0bff,Kia,Sportage,,EX,2026,1831c41b7b17,Front Wheel Size,17,spec-table
ContactCars,https://www.contactcars.com/en/new-cars/kia-sportage/fc2a12a54358,"Fri, 25 Sep 2026 12:32:46 GMT",40f68294cba8359cab5e87f85bb884c000889545b61fdea573775adb32cb0bff,Kia,Sportage,,EX,2026,1f4797b49117,Rear Wheel Size,17,spec-table
ContactCars,https://www.contactcars.com/en/new-cars/kia-sportage/fc2a12a54358,"Fri, 25 Sep 2026 12:32:46 GMT",40f68294cba8359cab5e87f85bb884c000889545b61fdea573775adb32cb0bff,Kia,Sportage,,EX,2026,60199ad52a420993a3e82372,Front Tire Size,235/65R17 ,spec-table
ContactCars,https://www.contactcars.com/en/new-cars/kia-sportage/fc2a12a54358,"Fri, 25 Sep 2026 12:32:46 GMT",40f68294cba8359cab5e87f85bb884c000889545b61fdea573775adb32cb0bff,Kia,Sportage,,EX,2026,2076fe4abba4,Rear Tire Size,235/65R17 ,spec-table
ContactCars,https://www.contactcars.com/en/new-cars/kia-sportage/fc2a12a54358,"Fri, 25 Sep 2026 12:32:46 GMT",40f68294cba8359cab5e87f85bb884c000889545b61fdea573775adb32cb0bff,Kia,Sportage,,EX,2026,cb68666c87e5,Tire Type,All-Season,spec-table
ContactCars,https://www.contactcars.com/en/new-cars/kia-sportage/fc2a12a54358,"Fri, 25 Sep 2026 12:32:46 GMT",40f68294cba8359cab5e87f85bb884c000889545b61fdea573775adb32cb0bff,Kia,Sportage,,EX,2026,ba2239f5bba2,IIHS Results,Top Safety Pick+,spec-table
ContactCars,https://www.contactcars.com/en/new-cars/kia-sportage/fc2a12a54358,"Fri, 25 Sep 2026 12:32:46 GMT",40f68294cba8359cab5e87f85bb884c000889545b61fdea573775adb32cb0bff,Kia,Sportage,,EX,2026,56a59f46e398,Euro NCAP Results,5,spec-table
ContactCars,https://www.contactcars.com/en/new-cars/kia-sportage/fc2a12a54358,"Fri, 25 Sep 2026 12:32:46 GMT",40f68294cba8359cab5e87f85bb884c000889545b61fdea573775adb32cb0bff,Kia,Sportage,,EX,2026,60199ad52a420993a3e8236a,Airbag Count,6,spec-table
ContactCars,https://www.contactcars.com/en/new-cars/kia-sportage/fc2a12a54358,"Fri, 25 Sep 2026 12:32:46 GMT",40f68294cba8359cab5e87f85bb884c000889545b61fdea573775adb32cb0bff,Kia,Sportage,,EX,2026,72fbbbfbb11f,Seat Upholestry,Cloth,spec-table
ContactCars,https://www.contactcars.com/en/new-cars/kia-sportage/fc2a12a54358,"Fri, 25 Sep 2026 12:32:46 GMT",40f68294cba8359cab5e87f85bb884c000889545b61fdea573775adb32cb0bff,Kia,Sportage,,EX,2026,40e24a4a83e0,Gearbox Selector,Mechanical,spec-table
ContactCars,https://www.contactcars.com/en/new-cars/kia-sportage/fc2a12a54358,"Fri, 25 Sep 2026 12:32:46 GMT",40f68294cba8359cab5e87f85bb884c000889545b61fdea573775adb32cb0bff,Kia,Sportage,,EX,2026,60199ad52a420993a3e8238f,Driver Seat,Manual,spec-table
ContactCars,https://www.contactcars.com/en/new-cars/kia-sportage/fc2a12a54358,"Fri, 25 Sep 2026 12:32:46 GMT",40f68294cba8359cab5e87f85bb884c000889545b61fdea573775adb32cb0bff,Kia,Sportage,,EX,2026,60199ad52a420993a3e8239d,Infotainment Display Size,12٫3,spec-table
ContactCars,https://www.contactcars.com/en/new-cars/kia-sportage/fc2a12a54358,"Fri, 25 Sep 2026 12:32:46 GMT",40f68294cba8359cab5e87f85bb884c000889545b61fdea573775adb32cb0bff,Kia,Sportage,,EX,2026,60199ad52a420993a3e8237c,Instrument Cluster Type,Digital,spec-table
ContactCars,https://www.contactcars.com/en/new-cars/kia-sportage/fc2a12a54358,"Fri, 25 Sep 2026 12:32:46 GMT",40f68294cba8359cab5e87f85bb884c000889545b61fdea573775adb32cb0bff,Kia,Sportage,,EX,2026,60199ad52a420993a3e8239c,Smartphone Integration,Android Auto/Apple Car Play,spec-table
ContactCars,https://www.contactcars.com/en/new-cars/kia-sportage/fc2a12a54358,"Fri, 25 Sep 2026 12:32:46 GMT",40f68294cba8359cab5e87f85bb884c000889545b61fdea573775adb32cb0bff,Kia,Sportage,,EX,2026,60199ad52a420993a3e823a2,Number of Speakers,6,spec-table
ContactCars,https://www.contactcars.com/en/new-cars/kia-sportage/fc2a12a54358,"Fri, 25 Sep 2026 12:32:46 GMT",40f68294cba8359cab5e87f85bb884c000889545b61fdea573775adb32cb0bff,Kia,Sportage,,EX,2026,60199ad52a420993a3e8236d,Headlamps,LED,spec-table
ContactCars,https://www.contactcars.com/en/new-cars/kia-sportage/fc2a12a54358,"Fri, 25 Sep 2026 12:32:46 GMT",40f68294cba8359cab5e87f85bb884c000889545b61fdea573775adb32cb0bff,Kia,Sportage,,EX,2026,60199ad52a420993a3e8236e,Tail Lights,LED,spec-table
ContactCars,https://www.contactcars.com/en/new-cars/kia-sportage/fc2a12a54358,"Fri, 25 Sep 2026 12:32:46 GMT",40f68294cba8359cab5e87f85bb884c000889545b61fdea573775adb32cb0bff,Kia,Sportage,,EX,2026,62a5f51c3b190c24efacbe38,Basic Vehicle Warranty,"5 years or 100,000 KM",spec-table
ContactCars,https://www.contactcars.com/en/new-cars/mg-hs/a0566a874e7d,"Fri, 25 Sep 2026 12:32:48 GMT",896080a1d8bff5ae62739d7f4d19b42b5403c577cc23e8d92a42dd03b2b8721f,MG,HS,,HEV,2026,jsonld:offer_price_egp,offer_price_egp,1625000,json-ld
ContactCars,https://www.contactcars.com/en/new-cars/mg-hs/a0566a874e7d,"Fri, 25 Sep 2026 12:32:48 GMT",896080a1d8bff5ae62739d7f4d19b42b5403c577cc23e8d92a42dd03b2b8721f,MG,HS,,HEV,2026,jsonld:fuelType,fuelType,Hybrid,json-ld
ContactCars,https://www.contactcars.com/en/new-cars/mg-hs/a0566a874e7d,"Fri, 25 Sep 2026 12:32:48 GMT",896080a1d8bff5ae62739d7f4d19b42b5403c577cc23e8d92a42dd03b2b8721f,MG,HS,,HEV,2026,jsonld:engineDisplacement,engineDisplacement,1500,json-ld
ContactCars,https://www.contactcars.com/en/new-cars/mg-hs/a0566a874e7d,"Fri, 25 Sep 2026 12:32:48 GMT",896080a1d8bff5ae62739d7f4d19b42b5403c577cc23e8d92a42dd03b2b8721f,MG,HS,,HEV,2026,jsonld:vehicleTransmission,vehicleTransmission,Automatic,json-ld
ContactCars,https://www.contactcars.com/en/new-cars/mg-hs/a0566a874e7d,"Fri, 25 Sep 2026 12:32:48 GMT",896080a1d8bff5ae62739d7f4d19b42b5403c577cc23e8d92a42dd03b2b8721f,MG,HS,,HEV,2026,jsonld:bodyType,bodyType,SUV,json-ld
ContactCars,https://www.contactcars.com/en/new-cars/mg-hs/a0566a874e7d,"Fri, 25 Sep 2026 12:32:48 GMT",896080a1d8bff5ae62739d7f4d19b42b5403c577cc23e8d92a42dd03b2b8721f,MG,HS,,HEV,2026,jsonld:assembly_country,assembly_country,China,json-ld
ContactCars,https://www.contactcars.com/en/new-cars/mg-hs/a0566a874e7d,"Fri, 25 Sep 2026 12:32:48 GMT",896080a1d8bff5ae62739d7f4d19b42b5403c577cc23e8d92a42dd03b2b8721f,MG,HS,,HEV,2026,1cff89624677,Vehicle Size Class,Compact,spec-table
ContactCars,https://www.contactcars.com/en/new-cars/mg-hs/a0566a874e7d,"Fri, 25 Sep 2026 12:32:48 GMT",896080a1d8bff5ae62739d7f4d19b42b5403c577cc23e8d92a42dd03b2b8721f,MG,HS,,HEV,2026,5bedd1146e88,Body Style,SUV,spec-table
ContactCars,https://www.contactcars.com/en/new-cars/mg-hs/a0566a874e7d,"Fri, 25 Sep 2026 12:32:48 GMT",896080a1d8bff5ae62739d7f4d19b42b5403c577cc23e8d92a42dd03b2b8721f,MG,HS,,HEV,2026,13a10f395a87,Number of Doors,5,spec-table
ContactCars,https://www.contactcars.com/en/new-cars/mg-hs/a0566a874e7d,"Fri, 25 Sep 2026 12:32:48 GMT",896080a1d8bff5ae62739d7f4d19b42b5403c577cc23e8d92a42dd03b2b8721f,MG,HS,,HEV,2026,60199ad52a420993a3e82387,Number of Seats,5,spec-table
ContactCars,https://www.contactcars.com/en/new-cars/mg-hs/a0566a874e7d,"Fri, 25 Sep 2026 12:32:48 GMT",896080a1d8bff5ae62739d7f4d19b42b5403c577cc23e8d92a42dd03b2b8721f,MG,HS,,HEV,2026,60199ad52a420993a3e823a4,Rear Trunk Capacity (Liter),463,spec-table
ContactCars,https://www.contactcars.com/en/new-cars/mg-hs/a0566a874e7d,"Fri, 25 Sep 2026 12:32:48 GMT",896080a1d8bff5ae62739d7f4d19b42b5403c577cc23e8d92a42dd03b2b8721f,MG,HS,,HEV,2026,603647429f57461ab1a74148,Length (mm),4670,spec-table
ContactCars,https://www.contactcars.com/en/new-cars/mg-hs/a0566a874e7d,"Fri, 25 Sep 2026 12:32:48 GMT",896080a1d8bff5ae62739d7f4d19b42b5403c577cc23e8d92a42dd03b2b8721f,MG,HS,,HEV,2026,6036477d9f57461ab1a74149,Width (mm),1890,spec-table
ContactCars,https://www.contactcars.com/en/new-cars/mg-hs/a0566a874e7d,"Fri, 25 Sep 2026 12:32:48 GMT",896080a1d8bff5ae62739d7f4d19b42b5403c577cc23e8d92a42dd03b2b8721f,MG,HS,,HEV,2026,603647a49f57461ab1a7414a,Height (mm),1663,spec-table
ContactCars,https://www.contactcars.com/en/new-cars/mg-hs/a0566a874e7d,"Fri, 25 Sep 2026 12:32:48 GMT",896080a1d8bff5ae62739d7f4d19b42b5403c577cc23e8d92a42dd03b2b8721f,MG,HS,,HEV,2026,6033cae86136e6f66151c687,Wheelbase (mm),2750,spec-table
ContactCars,https://www.contactcars.com/en/new-cars/mg-hs/a0566a874e7d,"Fri, 25 Sep 2026 12:32:48 GMT",896080a1d8bff5ae62739d7f4d19b42b5403c577cc23e8d92a42dd03b2b8721f,MG,HS,,HEV,2026,624443c0ba30183d77919424,Generation,2nd,spec-table
ContactCars,https://www.contactcars.com/en/new-cars/mg-hs/a0566a874e7d,"Fri, 25 Sep 2026 12:32:48 GMT",896080a1d8bff5ae62739d7f4d19b42b5403c577cc23e8d92a42dd03b2b8721f,MG,HS,,HEV,2026,1b9f93607f48,Powertrain Type,ICE (Petrol),spec-table
ContactCars,https://www.contactcars.com/en/new-cars/mg-hs/a0566a874e7d,"Fri, 25 Sep 2026 12:32:48 GMT",896080a1d8bff5ae62739d7f4d19b42b5403c577cc23e8d92a42dd03b2b8721f,MG,HS,,HEV,2026,60199ad52a420993a3e82353,Combined Maximum Power (HP @ RPM),221,spec-table
ContactCars,https://www.contactcars.com/en/new-cars/mg-hs/a0566a874e7d,"Fri, 25 Sep 2026 12:32:48 GMT",896080a1d8bff5ae62739d7f4d19b42b5403c577cc23e8d92a42dd03b2b8721f,MG,HS,,HEV,2026,60199ad52a420993a3e82354,Combined Maximum Torque (N.m @ RPM),340,spec-table
ContactCars,https://www.contactcars.com/en/new-cars/mg-hs/a0566a874e7d,"Fri, 25 Sep 2026 12:32:48 GMT",896080a1d8bff5ae62739d7f4d19b42b5403c577cc23e8d92a42dd03b2b8721f,MG,HS,,HEV,2026,60199ad52a420993a3e82355,Acceleration (0 - 100 km/h),7٫9,spec-table
ContactCars,https://www.contactcars.com/en/new-cars/mg-hs/a0566a874e7d,"Fri, 25 Sep 2026 12:32:48 GMT",896080a1d8bff5ae62739d7f4d19b42b5403c577cc23e8d92a42dd03b2b8721f,MG,HS,,HEV,2026,dd306cc1c3b0,Acceleration from 0-100 km/h in,7٫9,spec-table
ContactCars,https://www.contactcars.com/en/new-cars/mg-hs/a0566a874e7d,"Fri, 25 Sep 2026 12:32:48 GMT",896080a1d8bff5ae62739d7f4d19b42b5403c577cc23e8d92a42dd03b2b8721f,MG,HS,,HEV,2026,60199ad52a420993a3e82359,Fuel Tank Capacity (Litre),55,spec-table
ContactCars,https://www.contactcars.com/en/new-cars/mg-hs/a0566a874e7d,"Fri, 25 Sep 2026 12:32:48 GMT",896080a1d8bff5ae62739d7f4d19b42b5403c577cc23e8d92a42dd03b2b8721f,MG,HS,,HEV,2026,60199ad52a420993a3e82356,Combined Fuel/Energy Consumption (Liter/100 KM),5٫5,spec-table
ContactCars,https://www.contactcars.com/en/new-cars/mg-hs/a0566a874e7d,"Fri, 25 Sep 2026 12:32:48 GMT",896080a1d8bff5ae62739d7f4d19b42b5403c577cc23e8d92a42dd03b2b8721f,MG,HS,,HEV,2026,bc8f5919d91f,Engine Type,Inline-4,spec-table
ContactCars,https://www.contactcars.com/en/new-cars/mg-hs/a0566a874e7d,"Fri, 25 Sep 2026 12:32:48 GMT",896080a1d8bff5ae62739d7f4d19b42b5403c577cc23e8d92a42dd03b2b8721f,MG,HS,,HEV,2026,0922a30a7f46,Engine Function,Drive Wheels,spec-table
ContactCars,https://www.contactcars.com/en/new-cars/mg-hs/a0566a874e7d,"Fri, 25 Sep 2026 12:32:48 GMT",896080a1d8bff5ae62739d7f4d19b42b5403c577cc23e8d92a42dd03b2b8721f,MG,HS,,HEV,2026,60199ad52a420993a3e82352,Cylinders,4,spec-table
ContactCars,https://www.contactcars.com/en/new-cars/mg-hs/a0566a874e7d,"Fri, 25 Sep 2026 12:32:48 GMT",896080a1d8bff5ae62739d7f4d19b42b5403c577cc23e8d92a42dd03b2b8721f,MG,HS,,HEV,2026,62445feaba30183d7791942d,Engine Capacity (CC),1500,spec-table
ContactCars,https://www.contactcars.com/en/new-cars/mg-hs/a0566a874e7d,"Fri, 25 Sep 2026 12:32:48 GMT",896080a1d8bff5ae62739d7f4d19b42b5403c577cc23e8d92a42dd03b2b8721f,MG,HS,,HEV,2026,6244616cba30183d7791942f,Induction Type,Turbocharged,spec-table
ContactCars,https://www.contactcars.com/en/new-cars/mg-hs/a0566a874e7d,"Fri, 25 Sep 2026 12:32:48 GMT",896080a1d8bff5ae62739d7f4d19b42b5403c577cc23e8d92a42dd03b2b8721f,MG,HS,,HEV,2026,626916559ba5,Maximum Power Output (hp),221,spec-table
ContactCars,https://www.contactcars.com/en/new-cars/mg-hs/a0566a874e7d,"Fri, 25 Sep 2026 12:32:48 GMT",896080a1d8bff5ae62739d7f4d19b42b5403c577cc23e8d92a42dd03b2b8721f,MG,HS,,HEV,2026,62445f6cba30183d7791942c,Engine Layout,Front,spec-table
ContactCars,https://www.contactcars.com/en/new-cars/mg-hs/a0566a874e7d,"Fri, 25 Sep 2026 12:32:48 GMT",896080a1d8bff5ae62739d7f4d19b42b5403c577cc23e8d92a42dd03b2b8721f,MG,HS,,HEV,2026,9b380f9039be,Electric Motor Count,1,spec-table
ContactCars,https://www.contactcars.com/en/new-cars/mg-hs/a0566a874e7d,"Fri, 25 Sep 2026 12:32:48 GMT",896080a1d8bff5ae62739d7f4d19b42b5403c577cc23e8d92a42dd03b2b8721f,MG,HS,,HEV,2026,82943ae5cd1e,Motor Power KW,146,spec-table
ContactCars,https://www.contactcars.com/en/new-cars/mg-hs/a0566a874e7d,"Fri, 25 Sep 2026 12:32:48 GMT",896080a1d8bff5ae62739d7f4d19b42b5403c577cc23e8d92a42dd03b2b8721f,MG,HS,,HEV,2026,405078366d48,Electric Motor Position,Front,spec-table
ContactCars,https://www.contactcars.com/en/new-cars/mg-hs/a0566a874e7d,"Fri, 25 Sep 2026 12:32:48 GMT",896080a1d8bff5ae62739d7f4d19b42b5403c577cc23e8d92a42dd03b2b8721f,MG,HS,,HEV,2026,ef13db391b59,Motor Power HP,199,spec-table
ContactCars,https://www.contactcars.com/en/new-cars/mg-hs/a0566a874e7d,"Fri, 25 Sep 2026 12:32:48 GMT",896080a1d8bff5ae62739d7f4d19b42b5403c577cc23e8d92a42dd03b2b8721f,MG,HS,,HEV,2026,425a704a565a,Max Torque N.m,340,spec-table
ContactCars,https://www.contactcars.com/en/new-cars/mg-hs/a0566a874e7d,"Fri, 25 Sep 2026 12:32:48 GMT",896080a1d8bff5ae62739d7f4d19b42b5403c577cc23e8d92a42dd03b2b8721f,MG,HS,,HEV,2026,ae3798f5fd83,Drivetrain Type,FWD (Front-Wheel Drive),spec-table
ContactCars,https://www.contactcars.com/en/new-cars/mg-hs/a0566a874e7d,"Fri, 25 Sep 2026 12:32:48 GMT",896080a1d8bff5ae62739d7f4d19b42b5403c577cc23e8d92a42dd03b2b8721f,MG,HS,,HEV,2026,fd8d1904b500,Transmission Type,Automatic,spec-table
ContactCars,https://www.contactcars.com/en/new-cars/mg-hs/a0566a874e7d,"Fri, 25 Sep 2026 12:32:48 GMT",896080a1d8bff5ae62739d7f4d19b42b5403c577cc23e8d92a42dd03b2b8721f,MG,HS,,HEV,2026,5229867ce0fa,Transmission Technology,Direct Drive,spec-table
ContactCars,https://www.contactcars.com/en/new-cars/mg-hs/a0566a874e7d,"Fri, 25 Sep 2026 12:32:48 GMT",896080a1d8bff5ae62739d7f4d19b42b5403c577cc23e8d92a42dd03b2b8721f,MG,HS,,HEV,2026,60199ad52a420993a3e8235a,Number of Gears,2,spec-table
ContactCars,https://www.contactcars.com/en/new-cars/mg-hs/a0566a874e7d,"Fri, 25 Sep 2026 12:32:48 GMT",896080a1d8bff5ae62739d7f4d19b42b5403c577cc23e8d92a42dd03b2b8721f,MG,HS,,HEV,2026,f99e9199742a,Battery Capacity Kwh,1٫8,spec-table
ContactCars,https://www.contactcars.com/en/new-cars/mg-hs/a0566a874e7d,"Fri, 25 Sep 2026 12:32:48 GMT",896080a1d8bff5ae62739d7f4d19b42b5403c577cc23e8d92a42dd03b2b8721f,MG,HS,,HEV,2026,60199ad52a420993a3e8235d,Power Steering Type,Electric,spec-table
ContactCars,https://www.contactcars.com/en/new-cars/mg-hs/a0566a874e7d,"Fri, 25 Sep 2026 12:32:48 GMT",896080a1d8bff5ae62739d7f4d19b42b5403c577cc23e8d92a42dd03b2b8721f,MG,HS,,HEV,2026,602fa37cd768,Steering Adjustment Ops,Manual,spec-table
ContactCars,https://www.contactcars.com/en/new-cars/mg-hs/a0566a874e7d,"Fri, 25 Sep 2026 12:32:48 GMT",896080a1d8bff5ae62739d7f4d19b42b5403c577cc23e8d92a42dd03b2b8721f,MG,HS,,HEV,2026,e78c472170c2,Front Suspension Type,MacPherson,spec-table
ContactCars,https://www.contactcars.com/en/new-cars/mg-hs/a0566a874e7d,"Fri, 25 Sep 2026 12:32:48 GMT",896080a1d8bff5ae62739d7f4d19b42b5403c577cc23e8d92a42dd03b2b8721f,MG,HS,,HEV,2026,d7a33f9ff1ff,Rear Suspension Type,Multi-Link,spec-table
ContactCars,https://www.contactcars.com/en/new-cars/mg-hs/a0566a874e7d,"Fri, 25 Sep 2026 12:32:48 GMT",896080a1d8bff5ae62739d7f4d19b42b5403c577cc23e8d92a42dd03b2b8721f,MG,HS,,HEV,2026,58f344b6ff55,Front Brakes Type,Ventilated Disc Brakes,spec-table
ContactCars,https://www.contactcars.com/en/new-cars/mg-hs/a0566a874e7d,"Fri, 25 Sep 2026 12:32:48 GMT",896080a1d8bff5ae62739d7f4d19b42b5403c577cc23e8d92a42dd03b2b8721f,MG,HS,,HEV,2026,eb24327dbe4e,Rear Brakes Type,Solid Disc Brakes,spec-table
ContactCars,https://www.contactcars.com/en/new-cars/mg-hs/a0566a874e7d,"Fri, 25 Sep 2026 12:32:48 GMT",896080a1d8bff5ae62739d7f4d19b42b5403c577cc23e8d92a42dd03b2b8721f,MG,HS,,HEV,2026,4ed8405e7e5b,Hand Brake Type,Electronic,spec-table
ContactCars,https://www.contactcars.com/en/new-cars/mg-hs/a0566a874e7d,"Fri, 25 Sep 2026 12:32:48 GMT",896080a1d8bff5ae62739d7f4d19b42b5403c577cc23e8d92a42dd03b2b8721f,MG,HS,,HEV,2026,d4b30096d663,Wheel Type,Alloy,spec-table
ContactCars,https://www.contactcars.com/en/new-cars/mg-hs/a0566a874e7d,"Fri, 25 Sep 2026 12:32:48 GMT",896080a1d8bff5ae62739d7f4d19b42b5403c577cc23e8d92a42dd03b2b8721f,MG,HS,,HEV,2026,1831c41b7b17,Front Wheel Size,19,spec-table
ContactCars,https://www.contactcars.com/en/new-cars/mg-hs/a0566a874e7d,"Fri, 25 Sep 2026 12:32:48 GMT",896080a1d8bff5ae62739d7f4d19b42b5403c577cc23e8d92a42dd03b2b8721f,MG,HS,,HEV,2026,1f4797b49117,Rear Wheel Size,19,spec-table
ContactCars,https://www.contactcars.com/en/new-cars/mg-hs/a0566a874e7d,"Fri, 25 Sep 2026 12:32:48 GMT",896080a1d8bff5ae62739d7f4d19b42b5403c577cc23e8d92a42dd03b2b8721f,MG,HS,,HEV,2026,60199ad52a420993a3e82372,Front Tire Size,225 / 55 R19,spec-table
ContactCars,https://www.contactcars.com/en/new-cars/mg-hs/a0566a874e7d,"Fri, 25 Sep 2026 12:32:48 GMT",896080a1d8bff5ae62739d7f4d19b42b5403c577cc23e8d92a42dd03b2b8721f,MG,HS,,HEV,2026,2076fe4abba4,Rear Tire Size,225 / 55 R19,spec-table
ContactCars,https://www.contactcars.com/en/new-cars/mg-hs/a0566a874e7d,"Fri, 25 Sep 2026 12:32:48 GMT",896080a1d8bff5ae62739d7f4d19b42b5403c577cc23e8d92a42dd03b2b8721f,MG,HS,,HEV,2026,cb68666c87e5,Tire Type,All-Season,spec-table
ContactCars,https://www.contactcars.com/en/new-cars/mg-hs/a0566a874e7d,"Fri, 25 Sep 2026 12:32:48 GMT",896080a1d8bff5ae62739d7f4d19b42b5403c577cc23e8d92a42dd03b2b8721f,MG,HS,,HEV,2026,56a59f46e398,Euro NCAP Results,5,spec-table
ContactCars,https://www.contactcars.com/en/new-cars/mg-hs/a0566a874e7d,"Fri, 25 Sep 2026 12:32:48 GMT",896080a1d8bff5ae62739d7f4d19b42b5403c577cc23e8d92a42dd03b2b8721f,MG,HS,,HEV,2026,60199ad52a420993a3e8236a,Airbag Count,6,spec-table
ContactCars,https://www.contactcars.com/en/new-cars/mg-hs/a0566a874e7d,"Fri, 25 Sep 2026 12:32:48 GMT",896080a1d8bff5ae62739d7f4d19b42b5403c577cc23e8d92a42dd03b2b8721f,MG,HS,,HEV,2026,72fbbbfbb11f,Seat Upholestry,Leather,spec-table
ContactCars,https://www.contactcars.com/en/new-cars/mg-hs/a0566a874e7d,"Fri, 25 Sep 2026 12:32:48 GMT",896080a1d8bff5ae62739d7f4d19b42b5403c577cc23e8d92a42dd03b2b8721f,MG,HS,,HEV,2026,40e24a4a83e0,Gearbox Selector,Shift By Wire,spec-table
ContactCars,https://www.contactcars.com/en/new-cars/mg-hs/a0566a874e7d,"Fri, 25 Sep 2026 12:32:48 GMT",896080a1d8bff5ae62739d7f4d19b42b5403c577cc23e8d92a42dd03b2b8721f,MG,HS,,HEV,2026,14e70b139af5,Air Conditioning,Dual Zone,spec-table
ContactCars,https://www.contactcars.com/en/new-cars/mg-hs/a0566a874e7d,"Fri, 25 Sep 2026 12:32:48 GMT",896080a1d8bff5ae62739d7f4d19b42b5403c577cc23e8d92a42dd03b2b8721f,MG,HS,,HEV,2026,60199ad52a420993a3e82383,Ambient Lighting,No,spec-table
ContactCars,https://www.contactcars.com/en/new-cars/mg-hs/a0566a874e7d,"Fri, 25 Sep 2026 12:32:48 GMT",896080a1d8bff5ae62739d7f4d19b42b5403c577cc23e8d92a42dd03b2b8721f,MG,HS,,HEV,2026,60199ad52a420993a3e8238f,Driver Seat,Driver Seat Electric,spec-table
ContactCars,https://www.contactcars.com/en/new-cars/mg-hs/a0566a874e7d,"Fri, 25 Sep 2026 12:32:48 GMT",896080a1d8bff5ae62739d7f4d19b42b5403c577cc23e8d92a42dd03b2b8721f,MG,HS,,HEV,2026,60199ad52a420993a3e8239d,Infotainment Display Size,12٫5,spec-table
ContactCars,https://www.contactcars.com/en/new-cars/mg-hs/a0566a874e7d,"Fri, 25 Sep 2026 12:32:48 GMT",896080a1d8bff5ae62739d7f4d19b42b5403c577cc23e8d92a42dd03b2b8721f,MG,HS,,HEV,2026,60199ad52a420993a3e8237c,Instrument Cluster Type,Digital,spec-table
ContactCars,https://www.contactcars.com/en/new-cars/mg-hs/a0566a874e7d,"Fri, 25 Sep 2026 12:32:48 GMT",896080a1d8bff5ae62739d7f4d19b42b5403c577cc23e8d92a42dd03b2b8721f,MG,HS,,HEV,2026,75fe2b7d7bc2,Instrument Cluster Size,12٫5,spec-table
ContactCars,https://www.contactcars.com/en/new-cars/mg-hs/a0566a874e7d,"Fri, 25 Sep 2026 12:32:48 GMT",896080a1d8bff5ae62739d7f4d19b42b5403c577cc23e8d92a42dd03b2b8721f,MG,HS,,HEV,2026,60199ad52a420993a3e8239c,Smartphone Integration,Android Auto/Apple Car Play,spec-table
ContactCars,https://www.contactcars.com/en/new-cars/mg-hs/a0566a874e7d,"Fri, 25 Sep 2026 12:32:48 GMT",896080a1d8bff5ae62739d7f4d19b42b5403c577cc23e8d92a42dd03b2b8721f,MG,HS,,HEV,2026,60199ad52a420993a3e823a2,Number of Speakers,8,spec-table
ContactCars,https://www.contactcars.com/en/new-cars/mg-hs/a0566a874e7d,"Fri, 25 Sep 2026 12:32:48 GMT",896080a1d8bff5ae62739d7f4d19b42b5403c577cc23e8d92a42dd03b2b8721f,MG,HS,,HEV,2026,858d92859fe6,Foglights,LED,spec-table
ContactCars,https://www.contactcars.com/en/new-cars/mg-hs/a0566a874e7d,"Fri, 25 Sep 2026 12:32:48 GMT",896080a1d8bff5ae62739d7f4d19b42b5403c577cc23e8d92a42dd03b2b8721f,MG,HS,,HEV,2026,60199ad52a420993a3e8236d,Headlamps,LED,spec-table
ContactCars,https://www.contactcars.com/en/new-cars/mg-hs/a0566a874e7d,"Fri, 25 Sep 2026 12:32:48 GMT",896080a1d8bff5ae62739d7f4d19b42b5403c577cc23e8d92a42dd03b2b8721f,MG,HS,,HEV,2026,60199ad52a420993a3e8236e,Tail Lights,LED,spec-table
ContactCars,https://www.contactcars.com/en/new-cars/mg-hs/a0566a874e7d,"Fri, 25 Sep 2026 12:32:48 GMT",896080a1d8bff5ae62739d7f4d19b42b5403c577cc23e8d92a42dd03b2b8721f,MG,HS,,HEV,2026,62a5f51c3b190c24efacbe38,Basic Vehicle Warranty," Six YEARS / 150,000 KM",spec-table
ContactCars,https://www.contactcars.com/en/new-cars/mg-hs/d5b4e95f39c8,"Fri, 25 Sep 2026 12:32:49 GMT",6b7731e8a9c1924198d1b8597430f7b5baa7029ec4ec2cde1ba707887056fee9,MG,HS,,+ Luxury ,2026,jsonld:offer_price_egp,offer_price_egp,1525000,json-ld
ContactCars,https://www.contactcars.com/en/new-cars/mg-hs/d5b4e95f39c8,"Fri, 25 Sep 2026 12:32:49 GMT",6b7731e8a9c1924198d1b8597430f7b5baa7029ec4ec2cde1ba707887056fee9,MG,HS,,+ Luxury ,2026,jsonld:fuelType,fuelType,Gas,json-ld
ContactCars,https://www.contactcars.com/en/new-cars/mg-hs/d5b4e95f39c8,"Fri, 25 Sep 2026 12:32:49 GMT",6b7731e8a9c1924198d1b8597430f7b5baa7029ec4ec2cde1ba707887056fee9,MG,HS,,+ Luxury ,2026,jsonld:engineDisplacement,engineDisplacement,1500,json-ld
ContactCars,https://www.contactcars.com/en/new-cars/mg-hs/d5b4e95f39c8,"Fri, 25 Sep 2026 12:32:49 GMT",6b7731e8a9c1924198d1b8597430f7b5baa7029ec4ec2cde1ba707887056fee9,MG,HS,,+ Luxury ,2026,jsonld:vehicleTransmission,vehicleTransmission,Dual Clutch,json-ld
ContactCars,https://www.contactcars.com/en/new-cars/mg-hs/d5b4e95f39c8,"Fri, 25 Sep 2026 12:32:49 GMT",6b7731e8a9c1924198d1b8597430f7b5baa7029ec4ec2cde1ba707887056fee9,MG,HS,,+ Luxury ,2026,jsonld:bodyType,bodyType,SUV,json-ld
ContactCars,https://www.contactcars.com/en/new-cars/mg-hs/d5b4e95f39c8,"Fri, 25 Sep 2026 12:32:49 GMT",6b7731e8a9c1924198d1b8597430f7b5baa7029ec4ec2cde1ba707887056fee9,MG,HS,,+ Luxury ,2026,jsonld:assembly_country,assembly_country,China,json-ld
ContactCars,https://www.contactcars.com/en/new-cars/mg-hs/d5b4e95f39c8,"Fri, 25 Sep 2026 12:32:49 GMT",6b7731e8a9c1924198d1b8597430f7b5baa7029ec4ec2cde1ba707887056fee9,MG,HS,,+ Luxury ,2026,1cff89624677,Vehicle Size Class,Compact,spec-table
ContactCars,https://www.contactcars.com/en/new-cars/mg-hs/d5b4e95f39c8,"Fri, 25 Sep 2026 12:32:49 GMT",6b7731e8a9c1924198d1b8597430f7b5baa7029ec4ec2cde1ba707887056fee9,MG,HS,,+ Luxury ,2026,5bedd1146e88,Body Style,SUV,spec-table
ContactCars,https://www.contactcars.com/en/new-cars/mg-hs/d5b4e95f39c8,"Fri, 25 Sep 2026 12:32:49 GMT",6b7731e8a9c1924198d1b8597430f7b5baa7029ec4ec2cde1ba707887056fee9,MG,HS,,+ Luxury ,2026,13a10f395a87,Number of Doors,5,spec-table
ContactCars,https://www.contactcars.com/en/new-cars/mg-hs/d5b4e95f39c8,"Fri, 25 Sep 2026 12:32:49 GMT",6b7731e8a9c1924198d1b8597430f7b5baa7029ec4ec2cde1ba707887056fee9,MG,HS,,+ Luxury ,2026,60199ad52a420993a3e82387,Number of Seats,5,spec-table
ContactCars,https://www.contactcars.com/en/new-cars/mg-hs/d5b4e95f39c8,"Fri, 25 Sep 2026 12:32:49 GMT",6b7731e8a9c1924198d1b8597430f7b5baa7029ec4ec2cde1ba707887056fee9,MG,HS,,+ Luxury ,2026,60199ad52a420993a3e823a4,Rear Trunk Capacity (Liter),463,spec-table
ContactCars,https://www.contactcars.com/en/new-cars/mg-hs/d5b4e95f39c8,"Fri, 25 Sep 2026 12:32:49 GMT",6b7731e8a9c1924198d1b8597430f7b5baa7029ec4ec2cde1ba707887056fee9,MG,HS,,+ Luxury ,2026,603647429f57461ab1a74148,Length (mm),4670,spec-table
ContactCars,https://www.contactcars.com/en/new-cars/mg-hs/d5b4e95f39c8,"Fri, 25 Sep 2026 12:32:49 GMT",6b7731e8a9c1924198d1b8597430f7b5baa7029ec4ec2cde1ba707887056fee9,MG,HS,,+ Luxury ,2026,6036477d9f57461ab1a74149,Width (mm),1890,spec-table
ContactCars,https://www.contactcars.com/en/new-cars/mg-hs/d5b4e95f39c8,"Fri, 25 Sep 2026 12:32:49 GMT",6b7731e8a9c1924198d1b8597430f7b5baa7029ec4ec2cde1ba707887056fee9,MG,HS,,+ Luxury ,2026,603647a49f57461ab1a7414a,Height (mm),1663,spec-table
ContactCars,https://www.contactcars.com/en/new-cars/mg-hs/d5b4e95f39c8,"Fri, 25 Sep 2026 12:32:49 GMT",6b7731e8a9c1924198d1b8597430f7b5baa7029ec4ec2cde1ba707887056fee9,MG,HS,,+ Luxury ,2026,6033cae86136e6f66151c687,Wheelbase (mm),2750,spec-table
ContactCars,https://www.contactcars.com/en/new-cars/mg-hs/d5b4e95f39c8,"Fri, 25 Sep 2026 12:32:49 GMT",6b7731e8a9c1924198d1b8597430f7b5baa7029ec4ec2cde1ba707887056fee9,MG,HS,,+ Luxury ,2026,624443c0ba30183d77919424,Generation,2nd,spec-table
ContactCars,https://www.contactcars.com/en/new-cars/mg-hs/d5b4e95f39c8,"Fri, 25 Sep 2026 12:32:49 GMT",6b7731e8a9c1924198d1b8597430f7b5baa7029ec4ec2cde1ba707887056fee9,MG,HS,,+ Luxury ,2026,1b9f93607f48,Powertrain Type,ICE (Petrol),spec-table
ContactCars,https://www.contactcars.com/en/new-cars/mg-hs/d5b4e95f39c8,"Fri, 25 Sep 2026 12:32:49 GMT",6b7731e8a9c1924198d1b8597430f7b5baa7029ec4ec2cde1ba707887056fee9,MG,HS,,+ Luxury ,2026,60199ad52a420993a3e82353,Combined Maximum Power (HP @ RPM),170,spec-table
ContactCars,https://www.contactcars.com/en/new-cars/mg-hs/d5b4e95f39c8,"Fri, 25 Sep 2026 12:32:49 GMT",6b7731e8a9c1924198d1b8597430f7b5baa7029ec4ec2cde1ba707887056fee9,MG,HS,,+ Luxury ,2026,60199ad52a420993a3e82354,Combined Maximum Torque (N.m @ RPM),275,spec-table
ContactCars,https://www.contactcars.com/en/new-cars/mg-hs/d5b4e95f39c8,"Fri, 25 Sep 2026 12:32:49 GMT",6b7731e8a9c1924198d1b8597430f7b5baa7029ec4ec2cde1ba707887056fee9,MG,HS,,+ Luxury ,2026,60199ad52a420993a3e82355,Acceleration (0 - 100 km/h),9٫8,spec-table
ContactCars,https://www.contactcars.com/en/new-cars/mg-hs/d5b4e95f39c8,"Fri, 25 Sep 2026 12:32:49 GMT",6b7731e8a9c1924198d1b8597430f7b5baa7029ec4ec2cde1ba707887056fee9,MG,HS,,+ Luxury ,2026,60199ad52a420993a3e82359,Fuel Tank Capacity (Litre),55,spec-table
ContactCars,https://www.contactcars.com/en/new-cars/mg-hs/d5b4e95f39c8,"Fri, 25 Sep 2026 12:32:49 GMT",6b7731e8a9c1924198d1b8597430f7b5baa7029ec4ec2cde1ba707887056fee9,MG,HS,,+ Luxury ,2026,60199ad52a420993a3e82356,Combined Fuel/Energy Consumption (Liter/100 KM),7٫6,spec-table
ContactCars,https://www.contactcars.com/en/new-cars/mg-hs/d5b4e95f39c8,"Fri, 25 Sep 2026 12:32:49 GMT",6b7731e8a9c1924198d1b8597430f7b5baa7029ec4ec2cde1ba707887056fee9,MG,HS,,+ Luxury ,2026,bc8f5919d91f,Engine Type,Inline-4,spec-table
ContactCars,https://www.contactcars.com/en/new-cars/mg-hs/d5b4e95f39c8,"Fri, 25 Sep 2026 12:32:49 GMT",6b7731e8a9c1924198d1b8597430f7b5baa7029ec4ec2cde1ba707887056fee9,MG,HS,,+ Luxury ,2026,0922a30a7f46,Engine Function,Drive Wheels,spec-table
ContactCars,https://www.contactcars.com/en/new-cars/mg-hs/d5b4e95f39c8,"Fri, 25 Sep 2026 12:32:49 GMT",6b7731e8a9c1924198d1b8597430f7b5baa7029ec4ec2cde1ba707887056fee9,MG,HS,,+ Luxury ,2026,60199ad52a420993a3e82352,Cylinders,4,spec-table
ContactCars,https://www.contactcars.com/en/new-cars/mg-hs/d5b4e95f39c8,"Fri, 25 Sep 2026 12:32:49 GMT",6b7731e8a9c1924198d1b8597430f7b5baa7029ec4ec2cde1ba707887056fee9,MG,HS,,+ Luxury ,2026,62445feaba30183d7791942d,Engine Capacity (CC),1500,spec-table
ContactCars,https://www.contactcars.com/en/new-cars/mg-hs/d5b4e95f39c8,"Fri, 25 Sep 2026 12:32:49 GMT",6b7731e8a9c1924198d1b8597430f7b5baa7029ec4ec2cde1ba707887056fee9,MG,HS,,+ Luxury ,2026,6244616cba30183d7791942f,Induction Type,Turbocharged,spec-table
ContactCars,https://www.contactcars.com/en/new-cars/mg-hs/d5b4e95f39c8,"Fri, 25 Sep 2026 12:32:49 GMT",6b7731e8a9c1924198d1b8597430f7b5baa7029ec4ec2cde1ba707887056fee9,MG,HS,,+ Luxury ,2026,626916559ba5,Maximum Power Output (hp),170,spec-table
ContactCars,https://www.contactcars.com/en/new-cars/mg-hs/d5b4e95f39c8,"Fri, 25 Sep 2026 12:32:49 GMT",6b7731e8a9c1924198d1b8597430f7b5baa7029ec4ec2cde1ba707887056fee9,MG,HS,,+ Luxury ,2026,60d3a866c259,Maximum Torque (Nm),275,spec-table
ContactCars,https://www.contactcars.com/en/new-cars/mg-hs/d5b4e95f39c8,"Fri, 25 Sep 2026 12:32:49 GMT",6b7731e8a9c1924198d1b8597430f7b5baa7029ec4ec2cde1ba707887056fee9,MG,HS,,+ Luxury ,2026,62445f6cba30183d7791942c,Engine Layout,Front,spec-table
ContactCars,https://www.contactcars.com/en/new-cars/mg-hs/d5b4e95f39c8,"Fri, 25 Sep 2026 12:32:49 GMT",6b7731e8a9c1924198d1b8597430f7b5baa7029ec4ec2cde1ba707887056fee9,MG,HS,,+ Luxury ,2026,ae3798f5fd83,Drivetrain Type,FWD (Front-Wheel Drive),spec-table
ContactCars,https://www.contactcars.com/en/new-cars/mg-hs/d5b4e95f39c8,"Fri, 25 Sep 2026 12:32:49 GMT",6b7731e8a9c1924198d1b8597430f7b5baa7029ec4ec2cde1ba707887056fee9,MG,HS,,+ Luxury ,2026,fd8d1904b500,Transmission Type,Automatic,spec-table
ContactCars,https://www.contactcars.com/en/new-cars/mg-hs/d5b4e95f39c8,"Fri, 25 Sep 2026 12:32:49 GMT",6b7731e8a9c1924198d1b8597430f7b5baa7029ec4ec2cde1ba707887056fee9,MG,HS,,+ Luxury ,2026,5229867ce0fa,Transmission Technology,Wet DCT (Dual-Clutch Transmission),spec-table
ContactCars,https://www.contactcars.com/en/new-cars/mg-hs/d5b4e95f39c8,"Fri, 25 Sep 2026 12:32:49 GMT",6b7731e8a9c1924198d1b8597430f7b5baa7029ec4ec2cde1ba707887056fee9,MG,HS,,+ Luxury ,2026,60199ad52a420993a3e8235a,Number of Gears,7,spec-table
ContactCars,https://www.contactcars.com/en/new-cars/mg-hs/d5b4e95f39c8,"Fri, 25 Sep 2026 12:32:49 GMT",6b7731e8a9c1924198d1b8597430f7b5baa7029ec4ec2cde1ba707887056fee9,MG,HS,,+ Luxury ,2026,60199ad52a420993a3e82385,Steering Wheel,Leather Steering Wheel عجلة قيادة جلد,spec-table
ContactCars,https://www.contactcars.com/en/new-cars/mg-hs/d5b4e95f39c8,"Fri, 25 Sep 2026 12:32:49 GMT",6b7731e8a9c1924198d1b8597430f7b5baa7029ec4ec2cde1ba707887056fee9,MG,HS,,+ Luxury ,2026,60199ad52a420993a3e8235d,Power Steering Type,Electric,spec-table
ContactCars,https://www.contactcars.com/en/new-cars/mg-hs/d5b4e95f39c8,"Fri, 25 Sep 2026 12:32:49 GMT",6b7731e8a9c1924198d1b8597430f7b5baa7029ec4ec2cde1ba707887056fee9,MG,HS,,+ Luxury ,2026,602fa37cd768,Steering Adjustment Ops,Manual,spec-table
ContactCars,https://www.contactcars.com/en/new-cars/mg-hs/d5b4e95f39c8,"Fri, 25 Sep 2026 12:32:49 GMT",6b7731e8a9c1924198d1b8597430f7b5baa7029ec4ec2cde1ba707887056fee9,MG,HS,,+ Luxury ,2026,e78c472170c2,Front Suspension Type,MacPherson,spec-table
ContactCars,https://www.contactcars.com/en/new-cars/mg-hs/d5b4e95f39c8,"Fri, 25 Sep 2026 12:32:49 GMT",6b7731e8a9c1924198d1b8597430f7b5baa7029ec4ec2cde1ba707887056fee9,MG,HS,,+ Luxury ,2026,d7a33f9ff1ff,Rear Suspension Type,Multi-Link,spec-table
ContactCars,https://www.contactcars.com/en/new-cars/mg-hs/d5b4e95f39c8,"Fri, 25 Sep 2026 12:32:49 GMT",6b7731e8a9c1924198d1b8597430f7b5baa7029ec4ec2cde1ba707887056fee9,MG,HS,,+ Luxury ,2026,58f344b6ff55,Front Brakes Type,Ventilated Disc Brakes,spec-table
ContactCars,https://www.contactcars.com/en/new-cars/mg-hs/d5b4e95f39c8,"Fri, 25 Sep 2026 12:32:49 GMT",6b7731e8a9c1924198d1b8597430f7b5baa7029ec4ec2cde1ba707887056fee9,MG,HS,,+ Luxury ,2026,eb24327dbe4e,Rear Brakes Type,Solid Disc Brakes,spec-table
ContactCars,https://www.contactcars.com/en/new-cars/mg-hs/d5b4e95f39c8,"Fri, 25 Sep 2026 12:32:49 GMT",6b7731e8a9c1924198d1b8597430f7b5baa7029ec4ec2cde1ba707887056fee9,MG,HS,,+ Luxury ,2026,4ed8405e7e5b,Hand Brake Type,Electronic,spec-table
ContactCars,https://www.contactcars.com/en/new-cars/mg-hs/d5b4e95f39c8,"Fri, 25 Sep 2026 12:32:49 GMT",6b7731e8a9c1924198d1b8597430f7b5baa7029ec4ec2cde1ba707887056fee9,MG,HS,,+ Luxury ,2026,d4b30096d663,Wheel Type,Alloy,spec-table
ContactCars,https://www.contactcars.com/en/new-cars/mg-hs/d5b4e95f39c8,"Fri, 25 Sep 2026 12:32:49 GMT",6b7731e8a9c1924198d1b8597430f7b5baa7029ec4ec2cde1ba707887056fee9,MG,HS,,+ Luxury ,2026,1831c41b7b17,Front Wheel Size,19,spec-table
ContactCars,https://www.contactcars.com/en/new-cars/mg-hs/d5b4e95f39c8,"Fri, 25 Sep 2026 12:32:49 GMT",6b7731e8a9c1924198d1b8597430f7b5baa7029ec4ec2cde1ba707887056fee9,MG,HS,,+ Luxury ,2026,1f4797b49117,Rear Wheel Size,19,spec-table
ContactCars,https://www.contactcars.com/en/new-cars/mg-hs/d5b4e95f39c8,"Fri, 25 Sep 2026 12:32:49 GMT",6b7731e8a9c1924198d1b8597430f7b5baa7029ec4ec2cde1ba707887056fee9,MG,HS,,+ Luxury ,2026,60199ad52a420993a3e82372,Front Tire Size,225 / 55 R19,spec-table
ContactCars,https://www.contactcars.com/en/new-cars/mg-hs/d5b4e95f39c8,"Fri, 25 Sep 2026 12:32:49 GMT",6b7731e8a9c1924198d1b8597430f7b5baa7029ec4ec2cde1ba707887056fee9,MG,HS,,+ Luxury ,2026,2076fe4abba4,Rear Tire Size,225 / 55 R19,spec-table
ContactCars,https://www.contactcars.com/en/new-cars/mg-hs/d5b4e95f39c8,"Fri, 25 Sep 2026 12:32:49 GMT",6b7731e8a9c1924198d1b8597430f7b5baa7029ec4ec2cde1ba707887056fee9,MG,HS,,+ Luxury ,2026,cb68666c87e5,Tire Type,All-Season,spec-table
ContactCars,https://www.contactcars.com/en/new-cars/mg-hs/d5b4e95f39c8,"Fri, 25 Sep 2026 12:32:49 GMT",6b7731e8a9c1924198d1b8597430f7b5baa7029ec4ec2cde1ba707887056fee9,MG,HS,,+ Luxury ,2026,56a59f46e398,Euro NCAP Results,5,spec-table
ContactCars,https://www.contactcars.com/en/new-cars/mg-hs/d5b4e95f39c8,"Fri, 25 Sep 2026 12:32:49 GMT",6b7731e8a9c1924198d1b8597430f7b5baa7029ec4ec2cde1ba707887056fee9,MG,HS,,+ Luxury ,2026,60199ad52a420993a3e8236a,Airbag Count,6,spec-table
ContactCars,https://www.contactcars.com/en/new-cars/mg-hs/d5b4e95f39c8,"Fri, 25 Sep 2026 12:32:49 GMT",6b7731e8a9c1924198d1b8597430f7b5baa7029ec4ec2cde1ba707887056fee9,MG,HS,,+ Luxury ,2026,72fbbbfbb11f,Seat Upholestry,Leather,spec-table
ContactCars,https://www.contactcars.com/en/new-cars/mg-hs/d5b4e95f39c8,"Fri, 25 Sep 2026 12:32:49 GMT",6b7731e8a9c1924198d1b8597430f7b5baa7029ec4ec2cde1ba707887056fee9,MG,HS,,+ Luxury ,2026,40e24a4a83e0,Gearbox Selector,Shift By Wire,spec-table
ContactCars,https://www.contactcars.com/en/new-cars/mg-hs/d5b4e95f39c8,"Fri, 25 Sep 2026 12:32:49 GMT",6b7731e8a9c1924198d1b8597430f7b5baa7029ec4ec2cde1ba707887056fee9,MG,HS,,+ Luxury ,2026,14e70b139af5,Air Conditioning,Dual Zone,spec-table
ContactCars,https://www.contactcars.com/en/new-cars/mg-hs/d5b4e95f39c8,"Fri, 25 Sep 2026 12:32:49 GMT",6b7731e8a9c1924198d1b8597430f7b5baa7029ec4ec2cde1ba707887056fee9,MG,HS,,+ Luxury ,2026,60199ad52a420993a3e82383,Ambient Lighting,No,spec-table
ContactCars,https://www.contactcars.com/en/new-cars/mg-hs/d5b4e95f39c8,"Fri, 25 Sep 2026 12:32:49 GMT",6b7731e8a9c1924198d1b8597430f7b5baa7029ec4ec2cde1ba707887056fee9,MG,HS,,+ Luxury ,2026,60199ad52a420993a3e8238f,Driver Seat,Driver Seat Electric,spec-table
ContactCars,https://www.contactcars.com/en/new-cars/mg-hs/d5b4e95f39c8,"Fri, 25 Sep 2026 12:32:49 GMT",6b7731e8a9c1924198d1b8597430f7b5baa7029ec4ec2cde1ba707887056fee9,MG,HS,,+ Luxury ,2026,60199ad52a420993a3e8239d,Infotainment Display Size,12٫5,spec-table
ContactCars,https://www.contactcars.com/en/new-cars/mg-hs/d5b4e95f39c8,"Fri, 25 Sep 2026 12:32:49 GMT",6b7731e8a9c1924198d1b8597430f7b5baa7029ec4ec2cde1ba707887056fee9,MG,HS,,+ Luxury ,2026,60199ad52a420993a3e8237c,Instrument Cluster Type,Digital,spec-table
ContactCars,https://www.contactcars.com/en/new-cars/mg-hs/d5b4e95f39c8,"Fri, 25 Sep 2026 12:32:49 GMT",6b7731e8a9c1924198d1b8597430f7b5baa7029ec4ec2cde1ba707887056fee9,MG,HS,,+ Luxury ,2026,75fe2b7d7bc2,Instrument Cluster Size,12٫5,spec-table
ContactCars,https://www.contactcars.com/en/new-cars/mg-hs/d5b4e95f39c8,"Fri, 25 Sep 2026 12:32:49 GMT",6b7731e8a9c1924198d1b8597430f7b5baa7029ec4ec2cde1ba707887056fee9,MG,HS,,+ Luxury ,2026,60199ad52a420993a3e8239c,Smartphone Integration,Android Auto/Apple Car Play,spec-table
ContactCars,https://www.contactcars.com/en/new-cars/mg-hs/d5b4e95f39c8,"Fri, 25 Sep 2026 12:32:49 GMT",6b7731e8a9c1924198d1b8597430f7b5baa7029ec4ec2cde1ba707887056fee9,MG,HS,,+ Luxury ,2026,60199ad52a420993a3e823a2,Number of Speakers,6,spec-table
ContactCars,https://www.contactcars.com/en/new-cars/mg-hs/d5b4e95f39c8,"Fri, 25 Sep 2026 12:32:49 GMT",6b7731e8a9c1924198d1b8597430f7b5baa7029ec4ec2cde1ba707887056fee9,MG,HS,,+ Luxury ,2026,60199ad52a420993a3e8236d,Headlamps,LED,spec-table
ContactCars,https://www.contactcars.com/en/new-cars/mg-hs/d5b4e95f39c8,"Fri, 25 Sep 2026 12:32:49 GMT",6b7731e8a9c1924198d1b8597430f7b5baa7029ec4ec2cde1ba707887056fee9,MG,HS,,+ Luxury ,2026,60199ad52a420993a3e8236e,Tail Lights,LED,spec-table
ContactCars,https://www.contactcars.com/en/new-cars/mg-hs/d5b4e95f39c8,"Fri, 25 Sep 2026 12:32:49 GMT",6b7731e8a9c1924198d1b8597430f7b5baa7029ec4ec2cde1ba707887056fee9,MG,HS,,+ Luxury ,2026,62a5f51c3b190c24efacbe38,Basic Vehicle Warranty," Six YEARS / 150,000 KM",spec-table
ContactCars,https://www.contactcars.com/en/new-cars/nissan-qashqai/0243a56c29ad,"Fri, 25 Sep 2026 12:32:50 GMT",1c1330448e71db853408a7c4894038f668688b587aa4aeafb7a6a2bf5a8bde32,Nissan,Qashqai,,Tekna 2T,2027,jsonld:offer_price_egp,offer_price_egp,1888000,json-ld
ContactCars,https://www.contactcars.com/en/new-cars/nissan-qashqai/0243a56c29ad,"Fri, 25 Sep 2026 12:32:50 GMT",1c1330448e71db853408a7c4894038f668688b587aa4aeafb7a6a2bf5a8bde32,Nissan,Qashqai,,Tekna 2T,2027,jsonld:fuelType,fuelType,Gas,json-ld
ContactCars,https://www.contactcars.com/en/new-cars/nissan-qashqai/0243a56c29ad,"Fri, 25 Sep 2026 12:32:50 GMT",1c1330448e71db853408a7c4894038f668688b587aa4aeafb7a6a2bf5a8bde32,Nissan,Qashqai,,Tekna 2T,2027,jsonld:engineDisplacement,engineDisplacement,1300,json-ld
ContactCars,https://www.contactcars.com/en/new-cars/nissan-qashqai/0243a56c29ad,"Fri, 25 Sep 2026 12:32:50 GMT",1c1330448e71db853408a7c4894038f668688b587aa4aeafb7a6a2bf5a8bde32,Nissan,Qashqai,,Tekna 2T,2027,jsonld:vehicleTransmission,vehicleTransmission,CVT,json-ld
ContactCars,https://www.contactcars.com/en/new-cars/nissan-qashqai/0243a56c29ad,"Fri, 25 Sep 2026 12:32:50 GMT",1c1330448e71db853408a7c4894038f668688b587aa4aeafb7a6a2bf5a8bde32,Nissan,Qashqai,,Tekna 2T,2027,jsonld:bodyType,bodyType,SUV,json-ld
ContactCars,https://www.contactcars.com/en/new-cars/nissan-qashqai/0243a56c29ad,"Fri, 25 Sep 2026 12:32:50 GMT",1c1330448e71db853408a7c4894038f668688b587aa4aeafb7a6a2bf5a8bde32,Nissan,Qashqai,,Tekna 2T,2027,jsonld:assembly_country,assembly_country,United Kingdom,json-ld
ContactCars,https://www.contactcars.com/en/new-cars/nissan-qashqai/0243a56c29ad,"Fri, 25 Sep 2026 12:32:50 GMT",1c1330448e71db853408a7c4894038f668688b587aa4aeafb7a6a2bf5a8bde32,Nissan,Qashqai,,Tekna 2T,2027,1cff89624677,Vehicle Size Class,Compact,spec-table
ContactCars,https://www.contactcars.com/en/new-cars/nissan-qashqai/0243a56c29ad,"Fri, 25 Sep 2026 12:32:50 GMT",1c1330448e71db853408a7c4894038f668688b587aa4aeafb7a6a2bf5a8bde32,Nissan,Qashqai,,Tekna 2T,2027,5bedd1146e88,Body Style,SUV,spec-table
ContactCars,https://www.contactcars.com/en/new-cars/nissan-qashqai/0243a56c29ad,"Fri, 25 Sep 2026 12:32:50 GMT",1c1330448e71db853408a7c4894038f668688b587aa4aeafb7a6a2bf5a8bde32,Nissan,Qashqai,,Tekna 2T,2027,60199ad52a420993a3e82387,Number of Seats,5,spec-table
ContactCars,https://www.contactcars.com/en/new-cars/nissan-qashqai/0243a56c29ad,"Fri, 25 Sep 2026 12:32:50 GMT",1c1330448e71db853408a7c4894038f668688b587aa4aeafb7a6a2bf5a8bde32,Nissan,Qashqai,,Tekna 2T,2027,60199ad52a420993a3e823a4,Rear Trunk Capacity (Liter),479,spec-table
ContactCars,https://www.contactcars.com/en/new-cars/nissan-qashqai/0243a56c29ad,"Fri, 25 Sep 2026 12:32:50 GMT",1c1330448e71db853408a7c4894038f668688b587aa4aeafb7a6a2bf5a8bde32,Nissan,Qashqai,,Tekna 2T,2027,603647429f57461ab1a74148,Length (mm),4425,spec-table
ContactCars,https://www.contactcars.com/en/new-cars/nissan-qashqai/0243a56c29ad,"Fri, 25 Sep 2026 12:32:50 GMT",1c1330448e71db853408a7c4894038f668688b587aa4aeafb7a6a2bf5a8bde32,Nissan,Qashqai,,Tekna 2T,2027,6036477d9f57461ab1a74149,Width (mm),1848,spec-table
ContactCars,https://www.contactcars.com/en/new-cars/nissan-qashqai/0243a56c29ad,"Fri, 25 Sep 2026 12:32:50 GMT",1c1330448e71db853408a7c4894038f668688b587aa4aeafb7a6a2bf5a8bde32,Nissan,Qashqai,,Tekna 2T,2027,603647a49f57461ab1a7414a,Height (mm),1625,spec-table
ContactCars,https://www.contactcars.com/en/new-cars/nissan-qashqai/0243a56c29ad,"Fri, 25 Sep 2026 12:32:50 GMT",1c1330448e71db853408a7c4894038f668688b587aa4aeafb7a6a2bf5a8bde32,Nissan,Qashqai,,Tekna 2T,2027,6033cae86136e6f66151c687,Wheelbase (mm),2665,spec-table
ContactCars,https://www.contactcars.com/en/new-cars/nissan-qashqai/0243a56c29ad,"Fri, 25 Sep 2026 12:32:50 GMT",1c1330448e71db853408a7c4894038f668688b587aa4aeafb7a6a2bf5a8bde32,Nissan,Qashqai,,Tekna 2T,2027,6033cbc86136e6f66151c688,Ground Clearance (mm),18,spec-table
ContactCars,https://www.contactcars.com/en/new-cars/nissan-qashqai/0243a56c29ad,"Fri, 25 Sep 2026 12:32:50 GMT",1c1330448e71db853408a7c4894038f668688b587aa4aeafb7a6a2bf5a8bde32,Nissan,Qashqai,,Tekna 2T,2027,6244612fba30183d7791942e,Curb Weight (KG),1468,spec-table
ContactCars,https://www.contactcars.com/en/new-cars/nissan-qashqai/0243a56c29ad,"Fri, 25 Sep 2026 12:32:50 GMT",1c1330448e71db853408a7c4894038f668688b587aa4aeafb7a6a2bf5a8bde32,Nissan,Qashqai,,Tekna 2T,2027,624443c0ba30183d77919424,Generation,3rd-J12,spec-table
ContactCars,https://www.contactcars.com/en/new-cars/nissan-qashqai/0243a56c29ad,"Fri, 25 Sep 2026 12:32:50 GMT",1c1330448e71db853408a7c4894038f668688b587aa4aeafb7a6a2bf5a8bde32,Nissan,Qashqai,,Tekna 2T,2027,60199ad52a420993a3e82353,Combined Maximum Power (HP @ RPM),148/5000,spec-table
ContactCars,https://www.contactcars.com/en/new-cars/nissan-qashqai/0243a56c29ad,"Fri, 25 Sep 2026 12:32:50 GMT",1c1330448e71db853408a7c4894038f668688b587aa4aeafb7a6a2bf5a8bde32,Nissan,Qashqai,,Tekna 2T,2027,60199ad52a420993a3e82354,Combined Maximum Torque (N.m @ RPM),250/1600-3750,spec-table
ContactCars,https://www.contactcars.com/en/new-cars/nissan-qashqai/0243a56c29ad,"Fri, 25 Sep 2026 12:32:50 GMT",1c1330448e71db853408a7c4894038f668688b587aa4aeafb7a6a2bf5a8bde32,Nissan,Qashqai,,Tekna 2T,2027,60199ad52a420993a3e82357,Maximum Speed (Km/h),203,spec-table
ContactCars,https://www.contactcars.com/en/new-cars/nissan-qashqai/0243a56c29ad,"Fri, 25 Sep 2026 12:32:50 GMT",1c1330448e71db853408a7c4894038f668688b587aa4aeafb7a6a2bf5a8bde32,Nissan,Qashqai,,Tekna 2T,2027,60199ad52a420993a3e82355,Acceleration (0 - 100 km/h),8٫9,spec-table
ContactCars,https://www.contactcars.com/en/new-cars/nissan-qashqai/0243a56c29ad,"Fri, 25 Sep 2026 12:32:50 GMT",1c1330448e71db853408a7c4894038f668688b587aa4aeafb7a6a2bf5a8bde32,Nissan,Qashqai,,Tekna 2T,2027,60199ad52a420993a3e82359,Fuel Tank Capacity (Litre),55,spec-table
ContactCars,https://www.contactcars.com/en/new-cars/nissan-qashqai/0243a56c29ad,"Fri, 25 Sep 2026 12:32:50 GMT",1c1330448e71db853408a7c4894038f668688b587aa4aeafb7a6a2bf5a8bde32,Nissan,Qashqai,,Tekna 2T,2027,60199ad52a420993a3e82356,Combined Fuel/Energy Consumption (Liter/100 KM),6٫1,spec-table
ContactCars,https://www.contactcars.com/en/new-cars/nissan-qashqai/0243a56c29ad,"Fri, 25 Sep 2026 12:32:50 GMT",1c1330448e71db853408a7c4894038f668688b587aa4aeafb7a6a2bf5a8bde32,Nissan,Qashqai,,Tekna 2T,2027,60199ad52a420993a3e82352,Cylinders,4,spec-table
ContactCars,https://www.contactcars.com/en/new-cars/nissan-qashqai/0243a56c29ad,"Fri, 25 Sep 2026 12:32:50 GMT",1c1330448e71db853408a7c4894038f668688b587aa4aeafb7a6a2bf5a8bde32,Nissan,Qashqai,,Tekna 2T,2027,62445feaba30183d7791942d,Engine Capacity (CC),1300 cc,spec-table
ContactCars,https://www.contactcars.com/en/new-cars/nissan-qashqai/0243a56c29ad,"Fri, 25 Sep 2026 12:32:50 GMT",1c1330448e71db853408a7c4894038f668688b587aa4aeafb7a6a2bf5a8bde32,Nissan,Qashqai,,Tekna 2T,2027,6244616cba30183d7791942f,Induction Type,Turbocharged,spec-table
ContactCars,https://www.contactcars.com/en/new-cars/nissan-qashqai/0243a56c29ad,"Fri, 25 Sep 2026 12:32:50 GMT",1c1330448e71db853408a7c4894038f668688b587aa4aeafb7a6a2bf5a8bde32,Nissan,Qashqai,,Tekna 2T,2027,60199ad52a420993a3e82358,Recommend Fuel Grade,95,spec-table
ContactCars,https://www.contactcars.com/en/new-cars/nissan-qashqai/0243a56c29ad,"Fri, 25 Sep 2026 12:32:50 GMT",1c1330448e71db853408a7c4894038f668688b587aa4aeafb7a6a2bf5a8bde32,Nissan,Qashqai,,Tekna 2T,2027,62445f6cba30183d7791942c,Engine Layout,Front,spec-table
ContactCars,https://www.contactcars.com/en/new-cars/nissan-qashqai/0243a56c29ad,"Fri, 25 Sep 2026 12:32:50 GMT",1c1330448e71db853408a7c4894038f668688b587aa4aeafb7a6a2bf5a8bde32,Nissan,Qashqai,,Tekna 2T,2027,ae3798f5fd83,Drivetrain Type,FWD (Front-Wheel Drive),spec-table
ContactCars,https://www.contactcars.com/en/new-cars/nissan-qashqai/0243a56c29ad,"Fri, 25 Sep 2026 12:32:50 GMT",1c1330448e71db853408a7c4894038f668688b587aa4aeafb7a6a2bf5a8bde32,Nissan,Qashqai,,Tekna 2T,2027,fd8d1904b500,Transmission Type,Automatic,spec-table
ContactCars,https://www.contactcars.com/en/new-cars/nissan-qashqai/0243a56c29ad,"Fri, 25 Sep 2026 12:32:50 GMT",1c1330448e71db853408a7c4894038f668688b587aa4aeafb7a6a2bf5a8bde32,Nissan,Qashqai,,Tekna 2T,2027,5229867ce0fa,Transmission Technology,CVT,spec-table
ContactCars,https://www.contactcars.com/en/new-cars/nissan-qashqai/0243a56c29ad,"Fri, 25 Sep 2026 12:32:50 GMT",1c1330448e71db853408a7c4894038f668688b587aa4aeafb7a6a2bf5a8bde32,Nissan,Qashqai,,Tekna 2T,2027,60199ad52a420993a3e82385,Steering Wheel,Leather,spec-table
ContactCars,https://www.contactcars.com/en/new-cars/nissan-qashqai/0243a56c29ad,"Fri, 25 Sep 2026 12:32:50 GMT",1c1330448e71db853408a7c4894038f668688b587aa4aeafb7a6a2bf5a8bde32,Nissan,Qashqai,,Tekna 2T,2027,60199ad52a420993a3e8235d,Power Steering Type,Electric,spec-table
ContactCars,https://www.contactcars.com/en/new-cars/nissan-qashqai/0243a56c29ad,"Fri, 25 Sep 2026 12:32:50 GMT",1c1330448e71db853408a7c4894038f668688b587aa4aeafb7a6a2bf5a8bde32,Nissan,Qashqai,,Tekna 2T,2027,60199ad52a420993a3e82372,Front Tire Size,235/50,spec-table
ContactCars,https://www.contactcars.com/en/new-cars/nissan-qashqai/0243a56c29ad,"Fri, 25 Sep 2026 12:32:50 GMT",1c1330448e71db853408a7c4894038f668688b587aa4aeafb7a6a2bf5a8bde32,Nissan,Qashqai,,Tekna 2T,2027,60199ad52a420993a3e8236a,Airbag Count,6,spec-table
ContactCars,https://www.contactcars.com/en/new-cars/nissan-qashqai/0243a56c29ad,"Fri, 25 Sep 2026 12:32:50 GMT",1c1330448e71db853408a7c4894038f668688b587aa4aeafb7a6a2bf5a8bde32,Nissan,Qashqai,,Tekna 2T,2027,60199ad52a420993a3e82383,Ambient Lighting,Multi Color,spec-table
ContactCars,https://www.contactcars.com/en/new-cars/nissan-qashqai/0243a56c29ad,"Fri, 25 Sep 2026 12:32:50 GMT",1c1330448e71db853408a7c4894038f668688b587aa4aeafb7a6a2bf5a8bde32,Nissan,Qashqai,,Tekna 2T,2027,60199ad52a420993a3e8238f,Driver Seat,Electric With Memory,spec-table
ContactCars,https://www.contactcars.com/en/new-cars/nissan-qashqai/0243a56c29ad,"Fri, 25 Sep 2026 12:32:50 GMT",1c1330448e71db853408a7c4894038f668688b587aa4aeafb7a6a2bf5a8bde32,Nissan,Qashqai,,Tekna 2T,2027,625be8b2b21da3ebf03c43b0,Upholstery,Synthetic Leather,spec-table
ContactCars,https://www.contactcars.com/en/new-cars/nissan-qashqai/0243a56c29ad,"Fri, 25 Sep 2026 12:32:50 GMT",1c1330448e71db853408a7c4894038f668688b587aa4aeafb7a6a2bf5a8bde32,Nissan,Qashqai,,Tekna 2T,2027,60199ad52a420993a3e8239d,Infotainment Display Size,12٫3 Inch Touch Screen,spec-table
ContactCars,https://www.contactcars.com/en/new-cars/nissan-qashqai/0243a56c29ad,"Fri, 25 Sep 2026 12:32:50 GMT",1c1330448e71db853408a7c4894038f668688b587aa4aeafb7a6a2bf5a8bde32,Nissan,Qashqai,,Tekna 2T,2027,60199ad52a420993a3e8237c,Instrument Cluster Type,Digital,spec-table
ContactCars,https://www.contactcars.com/en/new-cars/nissan-qashqai/0243a56c29ad,"Fri, 25 Sep 2026 12:32:50 GMT",1c1330448e71db853408a7c4894038f668688b587aa4aeafb7a6a2bf5a8bde32,Nissan,Qashqai,,Tekna 2T,2027,75fe2b7d7bc2,Instrument Cluster Size,12٫3 بوصة,spec-table
ContactCars,https://www.contactcars.com/en/new-cars/nissan-qashqai/0243a56c29ad,"Fri, 25 Sep 2026 12:32:50 GMT",1c1330448e71db853408a7c4894038f668688b587aa4aeafb7a6a2bf5a8bde32,Nissan,Qashqai,,Tekna 2T,2027,60199ad52a420993a3e8239c,Smartphone Integration,Android Auto/Apple Car Play,spec-table
ContactCars,https://www.contactcars.com/en/new-cars/nissan-qashqai/0243a56c29ad,"Fri, 25 Sep 2026 12:32:50 GMT",1c1330448e71db853408a7c4894038f668688b587aa4aeafb7a6a2bf5a8bde32,Nissan,Qashqai,,Tekna 2T,2027,60199ad52a420993a3e823a2,Number of Speakers,BOSE Speakers - 10,spec-table
ContactCars,https://www.contactcars.com/en/new-cars/nissan-qashqai/0243a56c29ad,"Fri, 25 Sep 2026 12:32:50 GMT",1c1330448e71db853408a7c4894038f668688b587aa4aeafb7a6a2bf5a8bde32,Nissan,Qashqai,,Tekna 2T,2027,60199ad52a420993a3e82376,Rims,R19 Alloy,spec-table
ContactCars,https://www.contactcars.com/en/new-cars/nissan-qashqai/0243a56c29ad,"Fri, 25 Sep 2026 12:32:50 GMT",1c1330448e71db853408a7c4894038f668688b587aa4aeafb7a6a2bf5a8bde32,Nissan,Qashqai,,Tekna 2T,2027,60199ad52a420993a3e8236d,Headlamps,LED,spec-table
ContactCars,https://www.contactcars.com/en/new-cars/nissan-qashqai/0243a56c29ad,"Fri, 25 Sep 2026 12:32:50 GMT",1c1330448e71db853408a7c4894038f668688b587aa4aeafb7a6a2bf5a8bde32,Nissan,Qashqai,,Tekna 2T,2027,60199ad52a420993a3e8236e,Tail Lights,LED,spec-table
ContactCars,https://www.contactcars.com/en/new-cars/nissan-qashqai/0243a56c29ad,"Fri, 25 Sep 2026 12:32:50 GMT",1c1330448e71db853408a7c4894038f668688b587aa4aeafb7a6a2bf5a8bde32,Nissan,Qashqai,,Tekna 2T,2027,62a5f51c3b190c24efacbe38,Basic Vehicle Warranty,"5 Years Or 150,000kms",spec-table
ContactCars,https://www.contactcars.com/en/new-cars/nissan-qashqai/493a4a080a39,"Fri, 25 Sep 2026 12:32:52 GMT",6d013c477de6e81a238cdcb97656002dc7682dbaedb420b958877019a4ed33c3,Nissan,Qashqai,,N-connecta,2027,jsonld:offer_price_egp,offer_price_egp,1555000,json-ld
ContactCars,https://www.contactcars.com/en/new-cars/nissan-qashqai/493a4a080a39,"Fri, 25 Sep 2026 12:32:52 GMT",6d013c477de6e81a238cdcb97656002dc7682dbaedb420b958877019a4ed33c3,Nissan,Qashqai,,N-connecta,2027,jsonld:fuelType,fuelType,Gas,json-ld
ContactCars,https://www.contactcars.com/en/new-cars/nissan-qashqai/493a4a080a39,"Fri, 25 Sep 2026 12:32:52 GMT",6d013c477de6e81a238cdcb97656002dc7682dbaedb420b958877019a4ed33c3,Nissan,Qashqai,,N-connecta,2027,jsonld:engineDisplacement,engineDisplacement,1300,json-ld
ContactCars,https://www.contactcars.com/en/new-cars/nissan-qashqai/493a4a080a39,"Fri, 25 Sep 2026 12:32:52 GMT",6d013c477de6e81a238cdcb97656002dc7682dbaedb420b958877019a4ed33c3,Nissan,Qashqai,,N-connecta,2027,jsonld:vehicleTransmission,vehicleTransmission,CVT,json-ld
ContactCars,https://www.contactcars.com/en/new-cars/nissan-qashqai/493a4a080a39,"Fri, 25 Sep 2026 12:32:52 GMT",6d013c477de6e81a238cdcb97656002dc7682dbaedb420b958877019a4ed33c3,Nissan,Qashqai,,N-connecta,2027,jsonld:bodyType,bodyType,SUV,json-ld
ContactCars,https://www.contactcars.com/en/new-cars/nissan-qashqai/493a4a080a39,"Fri, 25 Sep 2026 12:32:52 GMT",6d013c477de6e81a238cdcb97656002dc7682dbaedb420b958877019a4ed33c3,Nissan,Qashqai,,N-connecta,2027,jsonld:assembly_country,assembly_country,United Kingdom,json-ld
ContactCars,https://www.contactcars.com/en/new-cars/nissan-qashqai/493a4a080a39,"Fri, 25 Sep 2026 12:32:52 GMT",6d013c477de6e81a238cdcb97656002dc7682dbaedb420b958877019a4ed33c3,Nissan,Qashqai,,N-connecta,2027,1cff89624677,Vehicle Size Class,Compact,spec-table
ContactCars,https://www.contactcars.com/en/new-cars/nissan-qashqai/493a4a080a39,"Fri, 25 Sep 2026 12:32:52 GMT",6d013c477de6e81a238cdcb97656002dc7682dbaedb420b958877019a4ed33c3,Nissan,Qashqai,,N-connecta,2027,5bedd1146e88,Body Style,SUV,spec-table
ContactCars,https://www.contactcars.com/en/new-cars/nissan-qashqai/493a4a080a39,"Fri, 25 Sep 2026 12:32:52 GMT",6d013c477de6e81a238cdcb97656002dc7682dbaedb420b958877019a4ed33c3,Nissan,Qashqai,,N-connecta,2027,60199ad52a420993a3e82387,Number of Seats,5,spec-table
ContactCars,https://www.contactcars.com/en/new-cars/nissan-qashqai/493a4a080a39,"Fri, 25 Sep 2026 12:32:52 GMT",6d013c477de6e81a238cdcb97656002dc7682dbaedb420b958877019a4ed33c3,Nissan,Qashqai,,N-connecta,2027,60199ad52a420993a3e823a4,Rear Trunk Capacity (Liter),504,spec-table
ContactCars,https://www.contactcars.com/en/new-cars/nissan-qashqai/493a4a080a39,"Fri, 25 Sep 2026 12:32:52 GMT",6d013c477de6e81a238cdcb97656002dc7682dbaedb420b958877019a4ed33c3,Nissan,Qashqai,,N-connecta,2027,603647429f57461ab1a74148,Length (mm),4425,spec-table
ContactCars,https://www.contactcars.com/en/new-cars/nissan-qashqai/493a4a080a39,"Fri, 25 Sep 2026 12:32:52 GMT",6d013c477de6e81a238cdcb97656002dc7682dbaedb420b958877019a4ed33c3,Nissan,Qashqai,,N-connecta,2027,6036477d9f57461ab1a74149,Width (mm),1835,spec-table
ContactCars,https://www.contactcars.com/en/new-cars/nissan-qashqai/493a4a080a39,"Fri, 25 Sep 2026 12:32:52 GMT",6d013c477de6e81a238cdcb97656002dc7682dbaedb420b958877019a4ed33c3,Nissan,Qashqai,,N-connecta,2027,603647a49f57461ab1a7414a,Height (mm),1625,spec-table
ContactCars,https://www.contactcars.com/en/new-cars/nissan-qashqai/493a4a080a39,"Fri, 25 Sep 2026 12:32:52 GMT",6d013c477de6e81a238cdcb97656002dc7682dbaedb420b958877019a4ed33c3,Nissan,Qashqai,,N-connecta,2027,6033cae86136e6f66151c687,Wheelbase (mm),2665,spec-table
ContactCars,https://www.contactcars.com/en/new-cars/nissan-qashqai/493a4a080a39,"Fri, 25 Sep 2026 12:32:52 GMT",6d013c477de6e81a238cdcb97656002dc7682dbaedb420b958877019a4ed33c3,Nissan,Qashqai,,N-connecta,2027,6033cbc86136e6f66151c688,Ground Clearance (mm),18,spec-table
ContactCars,https://www.contactcars.com/en/new-cars/nissan-qashqai/493a4a080a39,"Fri, 25 Sep 2026 12:32:52 GMT",6d013c477de6e81a238cdcb97656002dc7682dbaedb420b958877019a4ed33c3,Nissan,Qashqai,,N-connecta,2027,6244612fba30183d7791942e,Curb Weight (KG),1468,spec-table
ContactCars,https://www.contactcars.com/en/new-cars/nissan-qashqai/493a4a080a39,"Fri, 25 Sep 2026 12:32:52 GMT",6d013c477de6e81a238cdcb97656002dc7682dbaedb420b958877019a4ed33c3,Nissan,Qashqai,,N-connecta,2027,624443c0ba30183d77919424,Generation,3rd-J12,spec-table
ContactCars,https://www.contactcars.com/en/new-cars/nissan-qashqai/493a4a080a39,"Fri, 25 Sep 2026 12:32:52 GMT",6d013c477de6e81a238cdcb97656002dc7682dbaedb420b958877019a4ed33c3,Nissan,Qashqai,,N-connecta,2027,1b9f93607f48,Powertrain Type,ICE (Petrol),spec-table
ContactCars,https://www.contactcars.com/en/new-cars/nissan-qashqai/493a4a080a39,"Fri, 25 Sep 2026 12:32:52 GMT",6d013c477de6e81a238cdcb97656002dc7682dbaedb420b958877019a4ed33c3,Nissan,Qashqai,,N-connecta,2027,60199ad52a420993a3e82353,Combined Maximum Power (HP @ RPM),148/5000,spec-table
ContactCars,https://www.contactcars.com/en/new-cars/nissan-qashqai/493a4a080a39,"Fri, 25 Sep 2026 12:32:52 GMT",6d013c477de6e81a238cdcb97656002dc7682dbaedb420b958877019a4ed33c3,Nissan,Qashqai,,N-connecta,2027,60199ad52a420993a3e82354,Combined Maximum Torque (N.m @ RPM),250/1600-3750,spec-table
ContactCars,https://www.contactcars.com/en/new-cars/nissan-qashqai/493a4a080a39,"Fri, 25 Sep 2026 12:32:52 GMT",6d013c477de6e81a238cdcb97656002dc7682dbaedb420b958877019a4ed33c3,Nissan,Qashqai,,N-connecta,2027,60199ad52a420993a3e82357,Maximum Speed (Km/h),203,spec-table
ContactCars,https://www.contactcars.com/en/new-cars/nissan-qashqai/493a4a080a39,"Fri, 25 Sep 2026 12:32:52 GMT",6d013c477de6e81a238cdcb97656002dc7682dbaedb420b958877019a4ed33c3,Nissan,Qashqai,,N-connecta,2027,60199ad52a420993a3e82355,Acceleration (0 - 100 km/h),8٫9,spec-table
ContactCars,https://www.contactcars.com/en/new-cars/nissan-qashqai/493a4a080a39,"Fri, 25 Sep 2026 12:32:52 GMT",6d013c477de6e81a238cdcb97656002dc7682dbaedb420b958877019a4ed33c3,Nissan,Qashqai,,N-connecta,2027,60199ad52a420993a3e82359,Fuel Tank Capacity (Litre),55,spec-table
ContactCars,https://www.contactcars.com/en/new-cars/nissan-qashqai/493a4a080a39,"Fri, 25 Sep 2026 12:32:52 GMT",6d013c477de6e81a238cdcb97656002dc7682dbaedb420b958877019a4ed33c3,Nissan,Qashqai,,N-connecta,2027,60199ad52a420993a3e82356,Combined Fuel/Energy Consumption (Liter/100 KM),6٫1,spec-table
ContactCars,https://www.contactcars.com/en/new-cars/nissan-qashqai/493a4a080a39,"Fri, 25 Sep 2026 12:32:52 GMT",6d013c477de6e81a238cdcb97656002dc7682dbaedb420b958877019a4ed33c3,Nissan,Qashqai,,N-connecta,2027,60199ad52a420993a3e82352,Cylinders,4,spec-table
ContactCars,https://www.contactcars.com/en/new-cars/nissan-qashqai/493a4a080a39,"Fri, 25 Sep 2026 12:32:52 GMT",6d013c477de6e81a238cdcb97656002dc7682dbaedb420b958877019a4ed33c3,Nissan,Qashqai,,N-connecta,2027,62445feaba30183d7791942d,Engine Capacity (CC),1300 cc,spec-table
ContactCars,https://www.contactcars.com/en/new-cars/nissan-qashqai/493a4a080a39,"Fri, 25 Sep 2026 12:32:52 GMT",6d013c477de6e81a238cdcb97656002dc7682dbaedb420b958877019a4ed33c3,Nissan,Qashqai,,N-connecta,2027,6244616cba30183d7791942f,Induction Type,Turbocharged,spec-table
ContactCars,https://www.contactcars.com/en/new-cars/nissan-qashqai/493a4a080a39,"Fri, 25 Sep 2026 12:32:52 GMT",6d013c477de6e81a238cdcb97656002dc7682dbaedb420b958877019a4ed33c3,Nissan,Qashqai,,N-connecta,2027,60199ad52a420993a3e82358,Recommend Fuel Grade,95,spec-table
ContactCars,https://www.contactcars.com/en/new-cars/nissan-qashqai/493a4a080a39,"Fri, 25 Sep 2026 12:32:52 GMT",6d013c477de6e81a238cdcb97656002dc7682dbaedb420b958877019a4ed33c3,Nissan,Qashqai,,N-connecta,2027,62445f6cba30183d7791942c,Engine Layout,Front,spec-table
ContactCars,https://www.contactcars.com/en/new-cars/nissan-qashqai/493a4a080a39,"Fri, 25 Sep 2026 12:32:52 GMT",6d013c477de6e81a238cdcb97656002dc7682dbaedb420b958877019a4ed33c3,Nissan,Qashqai,,N-connecta,2027,ae3798f5fd83,Drivetrain Type,FWD (Front-Wheel Drive),spec-table
ContactCars,https://www.contactcars.com/en/new-cars/nissan-qashqai/493a4a080a39,"Fri, 25 Sep 2026 12:32:52 GMT",6d013c477de6e81a238cdcb97656002dc7682dbaedb420b958877019a4ed33c3,Nissan,Qashqai,,N-connecta,2027,fd8d1904b500,Transmission Type,Automatic,spec-table
ContactCars,https://www.contactcars.com/en/new-cars/nissan-qashqai/493a4a080a39,"Fri, 25 Sep 2026 12:32:52 GMT",6d013c477de6e81a238cdcb97656002dc7682dbaedb420b958877019a4ed33c3,Nissan,Qashqai,,N-connecta,2027,5229867ce0fa,Transmission Technology,CVT,spec-table
ContactCars,https://www.contactcars.com/en/new-cars/nissan-qashqai/493a4a080a39,"Fri, 25 Sep 2026 12:32:52 GMT",6d013c477de6e81a238cdcb97656002dc7682dbaedb420b958877019a4ed33c3,Nissan,Qashqai,,N-connecta,2027,60199ad52a420993a3e82385,Steering Wheel,Leather,spec-table
ContactCars,https://www.contactcars.com/en/new-cars/nissan-qashqai/493a4a080a39,"Fri, 25 Sep 2026 12:32:52 GMT",6d013c477de6e81a238cdcb97656002dc7682dbaedb420b958877019a4ed33c3,Nissan,Qashqai,,N-connecta,2027,60199ad52a420993a3e8235d,Power Steering Type,Electric,spec-table
ContactCars,https://www.contactcars.com/en/new-cars/nissan-qashqai/493a4a080a39,"Fri, 25 Sep 2026 12:32:52 GMT",6d013c477de6e81a238cdcb97656002dc7682dbaedb420b958877019a4ed33c3,Nissan,Qashqai,,N-connecta,2027,60199ad52a420993a3e82372,Front Tire Size,215/65,spec-table
ContactCars,https://www.contactcars.com/en/new-cars/nissan-qashqai/493a4a080a39,"Fri, 25 Sep 2026 12:32:52 GMT",6d013c477de6e81a238cdcb97656002dc7682dbaedb420b958877019a4ed33c3,Nissan,Qashqai,,N-connecta,2027,56a59f46e398,Euro NCAP Results,5,spec-table
ContactCars,https://www.contactcars.com/en/new-cars/nissan-qashqai/493a4a080a39,"Fri, 25 Sep 2026 12:32:52 GMT",6d013c477de6e81a238cdcb97656002dc7682dbaedb420b958877019a4ed33c3,Nissan,Qashqai,,N-connecta,2027,60199ad52a420993a3e8236a,Airbag Count,6,spec-table
ContactCars,https://www.contactcars.com/en/new-cars/nissan-qashqai/493a4a080a39,"Fri, 25 Sep 2026 12:32:52 GMT",6d013c477de6e81a238cdcb97656002dc7682dbaedb420b958877019a4ed33c3,Nissan,Qashqai,,N-connecta,2027,60199ad52a420993a3e82383,Ambient Lighting,No,spec-table
ContactCars,https://www.contactcars.com/en/new-cars/nissan-qashqai/493a4a080a39,"Fri, 25 Sep 2026 12:32:52 GMT",6d013c477de6e81a238cdcb97656002dc7682dbaedb420b958877019a4ed33c3,Nissan,Qashqai,,N-connecta,2027,60199ad52a420993a3e8238f,Driver Seat,Manual,spec-table
ContactCars,https://www.contactcars.com/en/new-cars/nissan-qashqai/493a4a080a39,"Fri, 25 Sep 2026 12:32:52 GMT",6d013c477de6e81a238cdcb97656002dc7682dbaedb420b958877019a4ed33c3,Nissan,Qashqai,,N-connecta,2027,625be8b2b21da3ebf03c43b0,Upholstery,Fabric,spec-table
ContactCars,https://www.contactcars.com/en/new-cars/nissan-qashqai/493a4a080a39,"Fri, 25 Sep 2026 12:32:52 GMT",6d013c477de6e81a238cdcb97656002dc7682dbaedb420b958877019a4ed33c3,Nissan,Qashqai,,N-connecta,2027,60199ad52a420993a3e8239d,Infotainment Display Size,12٫3 Inch Touch Screen,spec-table
ContactCars,https://www.contactcars.com/en/new-cars/nissan-qashqai/493a4a080a39,"Fri, 25 Sep 2026 12:32:52 GMT",6d013c477de6e81a238cdcb97656002dc7682dbaedb420b958877019a4ed33c3,Nissan,Qashqai,,N-connecta,2027,60199ad52a420993a3e8237c,Instrument Cluster Type,Partial Digital,spec-table
ContactCars,https://www.contactcars.com/en/new-cars/nissan-qashqai/493a4a080a39,"Fri, 25 Sep 2026 12:32:52 GMT",6d013c477de6e81a238cdcb97656002dc7682dbaedb420b958877019a4ed33c3,Nissan,Qashqai,,N-connecta,2027,60199ad52a420993a3e8239c,Smartphone Integration,Android Auto/Apple Car Play,spec-table
ContactCars,https://www.contactcars.com/en/new-cars/nissan-qashqai/493a4a080a39,"Fri, 25 Sep 2026 12:32:52 GMT",6d013c477de6e81a238cdcb97656002dc7682dbaedb420b958877019a4ed33c3,Nissan,Qashqai,,N-connecta,2027,60199ad52a420993a3e823a2,Number of Speakers,6,spec-table
ContactCars,https://www.contactcars.com/en/new-cars/nissan-qashqai/493a4a080a39,"Fri, 25 Sep 2026 12:32:52 GMT",6d013c477de6e81a238cdcb97656002dc7682dbaedb420b958877019a4ed33c3,Nissan,Qashqai,,N-connecta,2027,60199ad52a420993a3e82376,Rims,R17,spec-table
ContactCars,https://www.contactcars.com/en/new-cars/nissan-qashqai/493a4a080a39,"Fri, 25 Sep 2026 12:32:52 GMT",6d013c477de6e81a238cdcb97656002dc7682dbaedb420b958877019a4ed33c3,Nissan,Qashqai,,N-connecta,2027,60199ad52a420993a3e8236d,Headlamps,LED,spec-table
ContactCars,https://www.contactcars.com/en/new-cars/nissan-qashqai/493a4a080a39,"Fri, 25 Sep 2026 12:32:52 GMT",6d013c477de6e81a238cdcb97656002dc7682dbaedb420b958877019a4ed33c3,Nissan,Qashqai,,N-connecta,2027,60199ad52a420993a3e8236e,Tail Lights,LED,spec-table
ContactCars,https://www.contactcars.com/en/new-cars/nissan-qashqai/493a4a080a39,"Fri, 25 Sep 2026 12:32:52 GMT",6d013c477de6e81a238cdcb97656002dc7682dbaedb420b958877019a4ed33c3,Nissan,Qashqai,,N-connecta,2027,62a5f51c3b190c24efacbe38,Basic Vehicle Warranty,"5 Years Or 150,000kms",spec-table
ContactCars,https://www.contactcars.com/en/new-cars/nissan-qashqai/87b47867aec9,"Fri, 25 Sep 2026 12:32:53 GMT",443d078413bab456ac501b04b1a0e2f81f9b2775024e83a3cedc360738bb7fb9,Nissan,Qashqai,,N-Design e-PWR,2027,jsonld:offer_price_egp,offer_price_egp,1999000,json-ld
ContactCars,https://www.contactcars.com/en/new-cars/nissan-qashqai/87b47867aec9,"Fri, 25 Sep 2026 12:32:53 GMT",443d078413bab456ac501b04b1a0e2f81f9b2775024e83a3cedc360738bb7fb9,Nissan,Qashqai,,N-Design e-PWR,2027,jsonld:fuelType,fuelType,Gas,json-ld
ContactCars,https://www.contactcars.com/en/new-cars/nissan-qashqai/87b47867aec9,"Fri, 25 Sep 2026 12:32:53 GMT",443d078413bab456ac501b04b1a0e2f81f9b2775024e83a3cedc360738bb7fb9,Nissan,Qashqai,,N-Design e-PWR,2027,jsonld:engineDisplacement,engineDisplacement,1300,json-ld
ContactCars,https://www.contactcars.com/en/new-cars/nissan-qashqai/87b47867aec9,"Fri, 25 Sep 2026 12:32:53 GMT",443d078413bab456ac501b04b1a0e2f81f9b2775024e83a3cedc360738bb7fb9,Nissan,Qashqai,,N-Design e-PWR,2027,jsonld:vehicleTransmission,vehicleTransmission,CVT,json-ld
ContactCars,https://www.contactcars.com/en/new-cars/nissan-qashqai/87b47867aec9,"Fri, 25 Sep 2026 12:32:53 GMT",443d078413bab456ac501b04b1a0e2f81f9b2775024e83a3cedc360738bb7fb9,Nissan,Qashqai,,N-Design e-PWR,2027,jsonld:bodyType,bodyType,SUV,json-ld
ContactCars,https://www.contactcars.com/en/new-cars/nissan-qashqai/87b47867aec9,"Fri, 25 Sep 2026 12:32:53 GMT",443d078413bab456ac501b04b1a0e2f81f9b2775024e83a3cedc360738bb7fb9,Nissan,Qashqai,,N-Design e-PWR,2027,jsonld:assembly_country,assembly_country,United Kingdom,json-ld
ContactCars,https://www.contactcars.com/en/new-cars/nissan-qashqai/87b47867aec9,"Fri, 25 Sep 2026 12:32:53 GMT",443d078413bab456ac501b04b1a0e2f81f9b2775024e83a3cedc360738bb7fb9,Nissan,Qashqai,,N-Design e-PWR,2027,1cff89624677,Vehicle Size Class,Compact,spec-table
ContactCars,https://www.contactcars.com/en/new-cars/nissan-qashqai/87b47867aec9,"Fri, 25 Sep 2026 12:32:53 GMT",443d078413bab456ac501b04b1a0e2f81f9b2775024e83a3cedc360738bb7fb9,Nissan,Qashqai,,N-Design e-PWR,2027,5bedd1146e88,Body Style,SUV,spec-table
ContactCars,https://www.contactcars.com/en/new-cars/nissan-qashqai/87b47867aec9,"Fri, 25 Sep 2026 12:32:53 GMT",443d078413bab456ac501b04b1a0e2f81f9b2775024e83a3cedc360738bb7fb9,Nissan,Qashqai,,N-Design e-PWR,2027,13a10f395a87,Number of Doors,5,spec-table
ContactCars,https://www.contactcars.com/en/new-cars/nissan-qashqai/87b47867aec9,"Fri, 25 Sep 2026 12:32:53 GMT",443d078413bab456ac501b04b1a0e2f81f9b2775024e83a3cedc360738bb7fb9,Nissan,Qashqai,,N-Design e-PWR,2027,60199ad52a420993a3e82387,Number of Seats,5,spec-table
ContactCars,https://www.contactcars.com/en/new-cars/nissan-qashqai/87b47867aec9,"Fri, 25 Sep 2026 12:32:53 GMT",443d078413bab456ac501b04b1a0e2f81f9b2775024e83a3cedc360738bb7fb9,Nissan,Qashqai,,N-Design e-PWR,2027,60199ad52a420993a3e823a4,Rear Trunk Capacity (Liter),404,spec-table
ContactCars,https://www.contactcars.com/en/new-cars/nissan-qashqai/87b47867aec9,"Fri, 25 Sep 2026 12:32:53 GMT",443d078413bab456ac501b04b1a0e2f81f9b2775024e83a3cedc360738bb7fb9,Nissan,Qashqai,,N-Design e-PWR,2027,603647429f57461ab1a74148,Length (mm),4425,spec-table
ContactCars,https://www.contactcars.com/en/new-cars/nissan-qashqai/87b47867aec9,"Fri, 25 Sep 2026 12:32:53 GMT",443d078413bab456ac501b04b1a0e2f81f9b2775024e83a3cedc360738bb7fb9,Nissan,Qashqai,,N-Design e-PWR,2027,6036477d9f57461ab1a74149,Width (mm),1848,spec-table
ContactCars,https://www.contactcars.com/en/new-cars/nissan-qashqai/87b47867aec9,"Fri, 25 Sep 2026 12:32:53 GMT",443d078413bab456ac501b04b1a0e2f81f9b2775024e83a3cedc360738bb7fb9,Nissan,Qashqai,,N-Design e-PWR,2027,603647a49f57461ab1a7414a,Height (mm),1625,spec-table
ContactCars,https://www.contactcars.com/en/new-cars/nissan-qashqai/87b47867aec9,"Fri, 25 Sep 2026 12:32:53 GMT",443d078413bab456ac501b04b1a0e2f81f9b2775024e83a3cedc360738bb7fb9,Nissan,Qashqai,,N-Design e-PWR,2027,6033cae86136e6f66151c687,Wheelbase (mm),2665,spec-table
ContactCars,https://www.contactcars.com/en/new-cars/nissan-qashqai/87b47867aec9,"Fri, 25 Sep 2026 12:32:53 GMT",443d078413bab456ac501b04b1a0e2f81f9b2775024e83a3cedc360738bb7fb9,Nissan,Qashqai,,N-Design e-PWR,2027,6033cbc86136e6f66151c688,Ground Clearance (mm),175,spec-table
ContactCars,https://www.contactcars.com/en/new-cars/nissan-qashqai/87b47867aec9,"Fri, 25 Sep 2026 12:32:53 GMT",443d078413bab456ac501b04b1a0e2f81f9b2775024e83a3cedc360738bb7fb9,Nissan,Qashqai,,N-Design e-PWR,2027,6244612fba30183d7791942e,Curb Weight (KG),1468,spec-table
ContactCars,https://www.contactcars.com/en/new-cars/nissan-qashqai/87b47867aec9,"Fri, 25 Sep 2026 12:32:53 GMT",443d078413bab456ac501b04b1a0e2f81f9b2775024e83a3cedc360738bb7fb9,Nissan,Qashqai,,N-Design e-PWR,2027,624443c0ba30183d77919424,Generation,3rd-J12,spec-table
ContactCars,https://www.contactcars.com/en/new-cars/nissan-qashqai/87b47867aec9,"Fri, 25 Sep 2026 12:32:53 GMT",443d078413bab456ac501b04b1a0e2f81f9b2775024e83a3cedc360738bb7fb9,Nissan,Qashqai,,N-Design e-PWR,2027,1b9f93607f48,Powertrain Type,ٍREEV,spec-table
ContactCars,https://www.contactcars.com/en/new-cars/nissan-qashqai/87b47867aec9,"Fri, 25 Sep 2026 12:32:53 GMT",443d078413bab456ac501b04b1a0e2f81f9b2775024e83a3cedc360738bb7fb9,Nissan,Qashqai,,N-Design e-PWR,2027,60199ad52a420993a3e82353,Combined Maximum Power (HP @ RPM),201,spec-table
ContactCars,https://www.contactcars.com/en/new-cars/nissan-qashqai/87b47867aec9,"Fri, 25 Sep 2026 12:32:53 GMT",443d078413bab456ac501b04b1a0e2f81f9b2775024e83a3cedc360738bb7fb9,Nissan,Qashqai,,N-Design e-PWR,2027,60199ad52a420993a3e82354,Combined Maximum Torque (N.m @ RPM),330/1600-3750,spec-table
ContactCars,https://www.contactcars.com/en/new-cars/nissan-qashqai/87b47867aec9,"Fri, 25 Sep 2026 12:32:53 GMT",443d078413bab456ac501b04b1a0e2f81f9b2775024e83a3cedc360738bb7fb9,Nissan,Qashqai,,N-Design e-PWR,2027,60199ad52a420993a3e82357,Maximum Speed (Km/h),203,spec-table
ContactCars,https://www.contactcars.com/en/new-cars/nissan-qashqai/87b47867aec9,"Fri, 25 Sep 2026 12:32:53 GMT",443d078413bab456ac501b04b1a0e2f81f9b2775024e83a3cedc360738bb7fb9,Nissan,Qashqai,,N-Design e-PWR,2027,60199ad52a420993a3e82355,Acceleration (0 - 100 km/h),7٫9,spec-table
ContactCars,https://www.contactcars.com/en/new-cars/nissan-qashqai/87b47867aec9,"Fri, 25 Sep 2026 12:32:53 GMT",443d078413bab456ac501b04b1a0e2f81f9b2775024e83a3cedc360738bb7fb9,Nissan,Qashqai,,N-Design e-PWR,2027,60199ad52a420993a3e82359,Fuel Tank Capacity (Litre),55,spec-table
ContactCars,https://www.contactcars.com/en/new-cars/nissan-qashqai/87b47867aec9,"Fri, 25 Sep 2026 12:32:53 GMT",443d078413bab456ac501b04b1a0e2f81f9b2775024e83a3cedc360738bb7fb9,Nissan,Qashqai,,N-Design e-PWR,2027,60199ad52a420993a3e82356,Combined Fuel/Energy Consumption (Liter/100 KM),6٫1,spec-table
ContactCars,https://www.contactcars.com/en/new-cars/nissan-qashqai/87b47867aec9,"Fri, 25 Sep 2026 12:32:53 GMT",443d078413bab456ac501b04b1a0e2f81f9b2775024e83a3cedc360738bb7fb9,Nissan,Qashqai,,N-Design e-PWR,2027,bc8f5919d91f,Engine Type,Inline-3,spec-table
ContactCars,https://www.contactcars.com/en/new-cars/nissan-qashqai/87b47867aec9,"Fri, 25 Sep 2026 12:32:53 GMT",443d078413bab456ac501b04b1a0e2f81f9b2775024e83a3cedc360738bb7fb9,Nissan,Qashqai,,N-Design e-PWR,2027,0922a30a7f46,Engine Function,Generator,spec-table
ContactCars,https://www.contactcars.com/en/new-cars/nissan-qashqai/87b47867aec9,"Fri, 25 Sep 2026 12:32:53 GMT",443d078413bab456ac501b04b1a0e2f81f9b2775024e83a3cedc360738bb7fb9,Nissan,Qashqai,,N-Design e-PWR,2027,60199ad52a420993a3e82352,Cylinders,3,spec-table
ContactCars,https://www.contactcars.com/en/new-cars/nissan-qashqai/87b47867aec9,"Fri, 25 Sep 2026 12:32:53 GMT",443d078413bab456ac501b04b1a0e2f81f9b2775024e83a3cedc360738bb7fb9,Nissan,Qashqai,,N-Design e-PWR,2027,62445feaba30183d7791942d,Engine Capacity (CC),1497 cc,spec-table
ContactCars,https://www.contactcars.com/en/new-cars/nissan-qashqai/87b47867aec9,"Fri, 25 Sep 2026 12:32:53 GMT",443d078413bab456ac501b04b1a0e2f81f9b2775024e83a3cedc360738bb7fb9,Nissan,Qashqai,,N-Design e-PWR,2027,6244616cba30183d7791942f,Induction Type,Turbocharged,spec-table
ContactCars,https://www.contactcars.com/en/new-cars/nissan-qashqai/87b47867aec9,"Fri, 25 Sep 2026 12:32:53 GMT",443d078413bab456ac501b04b1a0e2f81f9b2775024e83a3cedc360738bb7fb9,Nissan,Qashqai,,N-Design e-PWR,2027,62445f6cba30183d7791942c,Engine Layout,Front,spec-table
ContactCars,https://www.contactcars.com/en/new-cars/nissan-qashqai/87b47867aec9,"Fri, 25 Sep 2026 12:32:53 GMT",443d078413bab456ac501b04b1a0e2f81f9b2775024e83a3cedc360738bb7fb9,Nissan,Qashqai,,N-Design e-PWR,2027,9b380f9039be,Electric Motor Count,1,spec-table
ContactCars,https://www.contactcars.com/en/new-cars/nissan-qashqai/87b47867aec9,"Fri, 25 Sep 2026 12:32:53 GMT",443d078413bab456ac501b04b1a0e2f81f9b2775024e83a3cedc360738bb7fb9,Nissan,Qashqai,,N-Design e-PWR,2027,405078366d48,Electric Motor Position,Front,spec-table
ContactCars,https://www.contactcars.com/en/new-cars/nissan-qashqai/87b47867aec9,"Fri, 25 Sep 2026 12:32:53 GMT",443d078413bab456ac501b04b1a0e2f81f9b2775024e83a3cedc360738bb7fb9,Nissan,Qashqai,,N-Design e-PWR,2027,ae3798f5fd83,Drivetrain Type,FWD (Front-Wheel Drive),spec-table
ContactCars,https://www.contactcars.com/en/new-cars/nissan-qashqai/87b47867aec9,"Fri, 25 Sep 2026 12:32:53 GMT",443d078413bab456ac501b04b1a0e2f81f9b2775024e83a3cedc360738bb7fb9,Nissan,Qashqai,,N-Design e-PWR,2027,fd8d1904b500,Transmission Type,Single-Speed,spec-table
ContactCars,https://www.contactcars.com/en/new-cars/nissan-qashqai/87b47867aec9,"Fri, 25 Sep 2026 12:32:53 GMT",443d078413bab456ac501b04b1a0e2f81f9b2775024e83a3cedc360738bb7fb9,Nissan,Qashqai,,N-Design e-PWR,2027,7024a4520fc8,Battery Type,ليثيوم أيون Lithium ion,spec-table
ContactCars,https://www.contactcars.com/en/new-cars/nissan-qashqai/87b47867aec9,"Fri, 25 Sep 2026 12:32:53 GMT",443d078413bab456ac501b04b1a0e2f81f9b2775024e83a3cedc360738bb7fb9,Nissan,Qashqai,,N-Design e-PWR,2027,f99e9199742a,Battery Capacity Kwh,2٫1,spec-table
ContactCars,https://www.contactcars.com/en/new-cars/nissan-qashqai/87b47867aec9,"Fri, 25 Sep 2026 12:32:53 GMT",443d078413bab456ac501b04b1a0e2f81f9b2775024e83a3cedc360738bb7fb9,Nissan,Qashqai,,N-Design e-PWR,2027,60199ad52a420993a3e82385,Steering Wheel,Leather,spec-table
ContactCars,https://www.contactcars.com/en/new-cars/nissan-qashqai/87b47867aec9,"Fri, 25 Sep 2026 12:32:53 GMT",443d078413bab456ac501b04b1a0e2f81f9b2775024e83a3cedc360738bb7fb9,Nissan,Qashqai,,N-Design e-PWR,2027,60199ad52a420993a3e8235d,Power Steering Type,Electric,spec-table
ContactCars,https://www.contactcars.com/en/new-cars/nissan-qashqai/87b47867aec9,"Fri, 25 Sep 2026 12:32:53 GMT",443d078413bab456ac501b04b1a0e2f81f9b2775024e83a3cedc360738bb7fb9,Nissan,Qashqai,,N-Design e-PWR,2027,602fa37cd768,Steering Adjustment Ops,Manual,spec-table
ContactCars,https://www.contactcars.com/en/new-cars/nissan-qashqai/87b47867aec9,"Fri, 25 Sep 2026 12:32:53 GMT",443d078413bab456ac501b04b1a0e2f81f9b2775024e83a3cedc360738bb7fb9,Nissan,Qashqai,,N-Design e-PWR,2027,e78c472170c2,Front Suspension Type,MacPherson,spec-table
ContactCars,https://www.contactcars.com/en/new-cars/nissan-qashqai/87b47867aec9,"Fri, 25 Sep 2026 12:32:53 GMT",443d078413bab456ac501b04b1a0e2f81f9b2775024e83a3cedc360738bb7fb9,Nissan,Qashqai,,N-Design e-PWR,2027,d7a33f9ff1ff,Rear Suspension Type,Multi-Link,spec-table
ContactCars,https://www.contactcars.com/en/new-cars/nissan-qashqai/87b47867aec9,"Fri, 25 Sep 2026 12:32:53 GMT",443d078413bab456ac501b04b1a0e2f81f9b2775024e83a3cedc360738bb7fb9,Nissan,Qashqai,,N-Design e-PWR,2027,58f344b6ff55,Front Brakes Type,Solid Disc Brakes,spec-table
ContactCars,https://www.contactcars.com/en/new-cars/nissan-qashqai/87b47867aec9,"Fri, 25 Sep 2026 12:32:53 GMT",443d078413bab456ac501b04b1a0e2f81f9b2775024e83a3cedc360738bb7fb9,Nissan,Qashqai,,N-Design e-PWR,2027,eb24327dbe4e,Rear Brakes Type,Solid Disc Brakes,spec-table
ContactCars,https://www.contactcars.com/en/new-cars/nissan-qashqai/87b47867aec9,"Fri, 25 Sep 2026 12:32:53 GMT",443d078413bab456ac501b04b1a0e2f81f9b2775024e83a3cedc360738bb7fb9,Nissan,Qashqai,,N-Design e-PWR,2027,4ed8405e7e5b,Hand Brake Type,Electronic,spec-table
ContactCars,https://www.contactcars.com/en/new-cars/nissan-qashqai/87b47867aec9,"Fri, 25 Sep 2026 12:32:53 GMT",443d078413bab456ac501b04b1a0e2f81f9b2775024e83a3cedc360738bb7fb9,Nissan,Qashqai,,N-Design e-PWR,2027,d4b30096d663,Wheel Type,Dual Tone Alloy,spec-table
ContactCars,https://www.contactcars.com/en/new-cars/nissan-qashqai/87b47867aec9,"Fri, 25 Sep 2026 12:32:53 GMT",443d078413bab456ac501b04b1a0e2f81f9b2775024e83a3cedc360738bb7fb9,Nissan,Qashqai,,N-Design e-PWR,2027,1831c41b7b17,Front Wheel Size,20,spec-table
ContactCars,https://www.contactcars.com/en/new-cars/nissan-qashqai/87b47867aec9,"Fri, 25 Sep 2026 12:32:53 GMT",443d078413bab456ac501b04b1a0e2f81f9b2775024e83a3cedc360738bb7fb9,Nissan,Qashqai,,N-Design e-PWR,2027,1f4797b49117,Rear Wheel Size,20,spec-table
ContactCars,https://www.contactcars.com/en/new-cars/nissan-qashqai/87b47867aec9,"Fri, 25 Sep 2026 12:32:53 GMT",443d078413bab456ac501b04b1a0e2f81f9b2775024e83a3cedc360738bb7fb9,Nissan,Qashqai,,N-Design e-PWR,2027,60199ad52a420993a3e82372,Front Tire Size,235/45 R20,spec-table
ContactCars,https://www.contactcars.com/en/new-cars/nissan-qashqai/87b47867aec9,"Fri, 25 Sep 2026 12:32:53 GMT",443d078413bab456ac501b04b1a0e2f81f9b2775024e83a3cedc360738bb7fb9,Nissan,Qashqai,,N-Design e-PWR,2027,2076fe4abba4,Rear Tire Size,235/45 R20,spec-table
ContactCars,https://www.contactcars.com/en/new-cars/nissan-qashqai/87b47867aec9,"Fri, 25 Sep 2026 12:32:53 GMT",443d078413bab456ac501b04b1a0e2f81f9b2775024e83a3cedc360738bb7fb9,Nissan,Qashqai,,N-Design e-PWR,2027,cb68666c87e5,Tire Type,All-Season,spec-table
ContactCars,https://www.contactcars.com/en/new-cars/nissan-qashqai/87b47867aec9,"Fri, 25 Sep 2026 12:32:53 GMT",443d078413bab456ac501b04b1a0e2f81f9b2775024e83a3cedc360738bb7fb9,Nissan,Qashqai,,N-Design e-PWR,2027,7dc8980c1bea,Spare Tire Type,Tire Repair Kit Only,spec-table
ContactCars,https://www.contactcars.com/en/new-cars/nissan-qashqai/87b47867aec9,"Fri, 25 Sep 2026 12:32:53 GMT",443d078413bab456ac501b04b1a0e2f81f9b2775024e83a3cedc360738bb7fb9,Nissan,Qashqai,,N-Design e-PWR,2027,56a59f46e398,Euro NCAP Results,5,spec-table
ContactCars,https://www.contactcars.com/en/new-cars/nissan-qashqai/87b47867aec9,"Fri, 25 Sep 2026 12:32:53 GMT",443d078413bab456ac501b04b1a0e2f81f9b2775024e83a3cedc360738bb7fb9,Nissan,Qashqai,,N-Design e-PWR,2027,60199ad52a420993a3e8236a,Airbag Count,6,spec-table
ContactCars,https://www.contactcars.com/en/new-cars/nissan-qashqai/87b47867aec9,"Fri, 25 Sep 2026 12:32:53 GMT",443d078413bab456ac501b04b1a0e2f81f9b2775024e83a3cedc360738bb7fb9,Nissan,Qashqai,,N-Design e-PWR,2027,72fbbbfbb11f,Seat Upholestry,Leather,spec-table
ContactCars,https://www.contactcars.com/en/new-cars/nissan-qashqai/87b47867aec9,"Fri, 25 Sep 2026 12:32:53 GMT",443d078413bab456ac501b04b1a0e2f81f9b2775024e83a3cedc360738bb7fb9,Nissan,Qashqai,,N-Design e-PWR,2027,60199ad52a420993a3e82383,Ambient Lighting,Multi Color,spec-table
ContactCars,https://www.contactcars.com/en/new-cars/nissan-qashqai/87b47867aec9,"Fri, 25 Sep 2026 12:32:53 GMT",443d078413bab456ac501b04b1a0e2f81f9b2775024e83a3cedc360738bb7fb9,Nissan,Qashqai,,N-Design e-PWR,2027,60199ad52a420993a3e8238f,Driver Seat,Electric With Memory,spec-table
ContactCars,https://www.contactcars.com/en/new-cars/nissan-qashqai/87b47867aec9,"Fri, 25 Sep 2026 12:32:53 GMT",443d078413bab456ac501b04b1a0e2f81f9b2775024e83a3cedc360738bb7fb9,Nissan,Qashqai,,N-Design e-PWR,2027,625be8b2b21da3ebf03c43b0,Upholstery,Synthetic Leather+ ALCANTARA,spec-table
ContactCars,https://www.contactcars.com/en/new-cars/nissan-qashqai/87b47867aec9,"Fri, 25 Sep 2026 12:32:53 GMT",443d078413bab456ac501b04b1a0e2f81f9b2775024e83a3cedc360738bb7fb9,Nissan,Qashqai,,N-Design e-PWR,2027,60199ad52a420993a3e8239d,Infotainment Display Size, 12٫3 Inch Touch Screen,spec-table
ContactCars,https://www.contactcars.com/en/new-cars/nissan-qashqai/87b47867aec9,"Fri, 25 Sep 2026 12:32:53 GMT",443d078413bab456ac501b04b1a0e2f81f9b2775024e83a3cedc360738bb7fb9,Nissan,Qashqai,,N-Design e-PWR,2027,60199ad52a420993a3e8237c,Instrument Cluster Type,Digital,spec-table
ContactCars,https://www.contactcars.com/en/new-cars/nissan-qashqai/87b47867aec9,"Fri, 25 Sep 2026 12:32:53 GMT",443d078413bab456ac501b04b1a0e2f81f9b2775024e83a3cedc360738bb7fb9,Nissan,Qashqai,,N-Design e-PWR,2027,75fe2b7d7bc2,Instrument Cluster Size,12٫3,spec-table
ContactCars,https://www.contactcars.com/en/new-cars/nissan-qashqai/87b47867aec9,"Fri, 25 Sep 2026 12:32:53 GMT",443d078413bab456ac501b04b1a0e2f81f9b2775024e83a3cedc360738bb7fb9,Nissan,Qashqai,,N-Design e-PWR,2027,60199ad52a420993a3e8239c,Smartphone Integration,Android Auto/Apple Car Play,spec-table
ContactCars,https://www.contactcars.com/en/new-cars/nissan-qashqai/87b47867aec9,"Fri, 25 Sep 2026 12:32:53 GMT",443d078413bab456ac501b04b1a0e2f81f9b2775024e83a3cedc360738bb7fb9,Nissan,Qashqai,,N-Design e-PWR,2027,60199ad52a420993a3e823a2,Number of Speakers,10,spec-table
ContactCars,https://www.contactcars.com/en/new-cars/nissan-qashqai/87b47867aec9,"Fri, 25 Sep 2026 12:32:53 GMT",443d078413bab456ac501b04b1a0e2f81f9b2775024e83a3cedc360738bb7fb9,Nissan,Qashqai,,N-Design e-PWR,2027,872802aacccf,Sound System Brand,BOSE ,spec-table
ContactCars,https://www.contactcars.com/en/new-cars/nissan-qashqai/87b47867aec9,"Fri, 25 Sep 2026 12:32:53 GMT",443d078413bab456ac501b04b1a0e2f81f9b2775024e83a3cedc360738bb7fb9,Nissan,Qashqai,,N-Design e-PWR,2027,60199ad52a420993a3e82376,Rims,R20  ,spec-table
ContactCars,https://www.contactcars.com/en/new-cars/nissan-qashqai/87b47867aec9,"Fri, 25 Sep 2026 12:32:53 GMT",443d078413bab456ac501b04b1a0e2f81f9b2775024e83a3cedc360738bb7fb9,Nissan,Qashqai,,N-Design e-PWR,2027,60199ad52a420993a3e8236d,Headlamps,LED,spec-table
ContactCars,https://www.contactcars.com/en/new-cars/nissan-qashqai/87b47867aec9,"Fri, 25 Sep 2026 12:32:53 GMT",443d078413bab456ac501b04b1a0e2f81f9b2775024e83a3cedc360738bb7fb9,Nissan,Qashqai,,N-Design e-PWR,2027,60199ad52a420993a3e8236e,Tail Lights,LED,spec-table
ContactCars,https://www.contactcars.com/en/new-cars/nissan-qashqai/87b47867aec9,"Fri, 25 Sep 2026 12:32:53 GMT",443d078413bab456ac501b04b1a0e2f81f9b2775024e83a3cedc360738bb7fb9,Nissan,Qashqai,,N-Design e-PWR,2027,62a5f51c3b190c24efacbe38,Basic Vehicle Warranty,"5 Years Or 150,000kms",spec-table
ContactCars,https://www.contactcars.com/en/new-cars/nissan-qashqai/920ab0dcb9ab,"Fri, 25 Sep 2026 12:32:54 GMT",07ac063293e1f9f5b4291af587b78be0f2e817acd4469cc0b09f8debbf7cf426,Nissan,Qashqai,,Tekna Plus 4WD,2027,jsonld:offer_price_egp,offer_price_egp,2068000,json-ld
ContactCars,https://www.contactcars.com/en/new-cars/nissan-qashqai/920ab0dcb9ab,"Fri, 25 Sep 2026 12:32:54 GMT",07ac063293e1f9f5b4291af587b78be0f2e817acd4469cc0b09f8debbf7cf426,Nissan,Qashqai,,Tekna Plus 4WD,2027,jsonld:fuelType,fuelType,Gas,json-ld
ContactCars,https://www.contactcars.com/en/new-cars/nissan-qashqai/920ab0dcb9ab,"Fri, 25 Sep 2026 12:32:54 GMT",07ac063293e1f9f5b4291af587b78be0f2e817acd4469cc0b09f8debbf7cf426,Nissan,Qashqai,,Tekna Plus 4WD,2027,jsonld:engineDisplacement,engineDisplacement,1300,json-ld
ContactCars,https://www.contactcars.com/en/new-cars/nissan-qashqai/920ab0dcb9ab,"Fri, 25 Sep 2026 12:32:54 GMT",07ac063293e1f9f5b4291af587b78be0f2e817acd4469cc0b09f8debbf7cf426,Nissan,Qashqai,,Tekna Plus 4WD,2027,jsonld:vehicleTransmission,vehicleTransmission,CVT,json-ld
ContactCars,https://www.contactcars.com/en/new-cars/nissan-qashqai/920ab0dcb9ab,"Fri, 25 Sep 2026 12:32:54 GMT",07ac063293e1f9f5b4291af587b78be0f2e817acd4469cc0b09f8debbf7cf426,Nissan,Qashqai,,Tekna Plus 4WD,2027,jsonld:bodyType,bodyType,SUV,json-ld
ContactCars,https://www.contactcars.com/en/new-cars/nissan-qashqai/920ab0dcb9ab,"Fri, 25 Sep 2026 12:32:54 GMT",07ac063293e1f9f5b4291af587b78be0f2e817acd4469cc0b09f8debbf7cf426,Nissan,Qashqai,,Tekna Plus 4WD,2027,jsonld:assembly_country,assembly_country,United Kingdom,json-ld
ContactCars,https://www.contactcars.com/en/new-cars/nissan-qashqai/920ab0dcb9ab,"Fri, 25 Sep 2026 12:32:54 GMT",07ac063293e1f9f5b4291af587b78be0f2e817acd4469cc0b09f8debbf7cf426,Nissan,Qashqai,,Tekna Plus 4WD,2027,1cff89624677,Vehicle Size Class,Compact,spec-table
ContactCars,https://www.contactcars.com/en/new-cars/nissan-qashqai/920ab0dcb9ab,"Fri, 25 Sep 2026 12:32:54 GMT",07ac063293e1f9f5b4291af587b78be0f2e817acd4469cc0b09f8debbf7cf426,Nissan,Qashqai,,Tekna Plus 4WD,2027,5bedd1146e88,Body Style,SUV,spec-table
ContactCars,https://www.contactcars.com/en/new-cars/nissan-qashqai/920ab0dcb9ab,"Fri, 25 Sep 2026 12:32:54 GMT",07ac063293e1f9f5b4291af587b78be0f2e817acd4469cc0b09f8debbf7cf426,Nissan,Qashqai,,Tekna Plus 4WD,2027,13a10f395a87,Number of Doors,5,spec-table
ContactCars,https://www.contactcars.com/en/new-cars/nissan-qashqai/920ab0dcb9ab,"Fri, 25 Sep 2026 12:32:54 GMT",07ac063293e1f9f5b4291af587b78be0f2e817acd4469cc0b09f8debbf7cf426,Nissan,Qashqai,,Tekna Plus 4WD,2027,60199ad52a420993a3e82387,Number of Seats,5,spec-table
ContactCars,https://www.contactcars.com/en/new-cars/nissan-qashqai/920ab0dcb9ab,"Fri, 25 Sep 2026 12:32:54 GMT",07ac063293e1f9f5b4291af587b78be0f2e817acd4469cc0b09f8debbf7cf426,Nissan,Qashqai,,Tekna Plus 4WD,2027,60199ad52a420993a3e823a4,Rear Trunk Capacity (Liter),455,spec-table
ContactCars,https://www.contactcars.com/en/new-cars/nissan-qashqai/920ab0dcb9ab,"Fri, 25 Sep 2026 12:32:54 GMT",07ac063293e1f9f5b4291af587b78be0f2e817acd4469cc0b09f8debbf7cf426,Nissan,Qashqai,,Tekna Plus 4WD,2027,603647429f57461ab1a74148,Length (mm),4425,spec-table
ContactCars,https://www.contactcars.com/en/new-cars/nissan-qashqai/920ab0dcb9ab,"Fri, 25 Sep 2026 12:32:54 GMT",07ac063293e1f9f5b4291af587b78be0f2e817acd4469cc0b09f8debbf7cf426,Nissan,Qashqai,,Tekna Plus 4WD,2027,6036477d9f57461ab1a74149,Width (mm),1835,spec-table
ContactCars,https://www.contactcars.com/en/new-cars/nissan-qashqai/920ab0dcb9ab,"Fri, 25 Sep 2026 12:32:54 GMT",07ac063293e1f9f5b4291af587b78be0f2e817acd4469cc0b09f8debbf7cf426,Nissan,Qashqai,,Tekna Plus 4WD,2027,603647a49f57461ab1a7414a,Height (mm),1625,spec-table
ContactCars,https://www.contactcars.com/en/new-cars/nissan-qashqai/920ab0dcb9ab,"Fri, 25 Sep 2026 12:32:54 GMT",07ac063293e1f9f5b4291af587b78be0f2e817acd4469cc0b09f8debbf7cf426,Nissan,Qashqai,,Tekna Plus 4WD,2027,6033cae86136e6f66151c687,Wheelbase (mm),2665,spec-table
ContactCars,https://www.contactcars.com/en/new-cars/nissan-qashqai/920ab0dcb9ab,"Fri, 25 Sep 2026 12:32:54 GMT",07ac063293e1f9f5b4291af587b78be0f2e817acd4469cc0b09f8debbf7cf426,Nissan,Qashqai,,Tekna Plus 4WD,2027,6033cbc86136e6f66151c688,Ground Clearance (mm),175,spec-table
ContactCars,https://www.contactcars.com/en/new-cars/nissan-qashqai/920ab0dcb9ab,"Fri, 25 Sep 2026 12:32:54 GMT",07ac063293e1f9f5b4291af587b78be0f2e817acd4469cc0b09f8debbf7cf426,Nissan,Qashqai,,Tekna Plus 4WD,2027,6244612fba30183d7791942e,Curb Weight (KG),1468,spec-table
ContactCars,https://www.contactcars.com/en/new-cars/nissan-qashqai/920ab0dcb9ab,"Fri, 25 Sep 2026 12:32:54 GMT",07ac063293e1f9f5b4291af587b78be0f2e817acd4469cc0b09f8debbf7cf426,Nissan,Qashqai,,Tekna Plus 4WD,2027,624443c0ba30183d77919424,Generation,3rd-J12,spec-table
ContactCars,https://www.contactcars.com/en/new-cars/nissan-qashqai/920ab0dcb9ab,"Fri, 25 Sep 2026 12:32:54 GMT",07ac063293e1f9f5b4291af587b78be0f2e817acd4469cc0b09f8debbf7cf426,Nissan,Qashqai,,Tekna Plus 4WD,2027,1b9f93607f48,Powertrain Type,ICE (Petrol),spec-table
ContactCars,https://www.contactcars.com/en/new-cars/nissan-qashqai/920ab0dcb9ab,"Fri, 25 Sep 2026 12:32:54 GMT",07ac063293e1f9f5b4291af587b78be0f2e817acd4469cc0b09f8debbf7cf426,Nissan,Qashqai,,Tekna Plus 4WD,2027,60199ad52a420993a3e82353,Combined Maximum Power (HP @ RPM),148/5000,spec-table
ContactCars,https://www.contactcars.com/en/new-cars/nissan-qashqai/920ab0dcb9ab,"Fri, 25 Sep 2026 12:32:54 GMT",07ac063293e1f9f5b4291af587b78be0f2e817acd4469cc0b09f8debbf7cf426,Nissan,Qashqai,,Tekna Plus 4WD,2027,60199ad52a420993a3e82354,Combined Maximum Torque (N.m @ RPM),250/1600-3750,spec-table
ContactCars,https://www.contactcars.com/en/new-cars/nissan-qashqai/920ab0dcb9ab,"Fri, 25 Sep 2026 12:32:54 GMT",07ac063293e1f9f5b4291af587b78be0f2e817acd4469cc0b09f8debbf7cf426,Nissan,Qashqai,,Tekna Plus 4WD,2027,60199ad52a420993a3e82357,Maximum Speed (Km/h),203,spec-table
ContactCars,https://www.contactcars.com/en/new-cars/nissan-qashqai/920ab0dcb9ab,"Fri, 25 Sep 2026 12:32:54 GMT",07ac063293e1f9f5b4291af587b78be0f2e817acd4469cc0b09f8debbf7cf426,Nissan,Qashqai,,Tekna Plus 4WD,2027,60199ad52a420993a3e82355,Acceleration (0 - 100 km/h),9٫4,spec-table
ContactCars,https://www.contactcars.com/en/new-cars/nissan-qashqai/920ab0dcb9ab,"Fri, 25 Sep 2026 12:32:54 GMT",07ac063293e1f9f5b4291af587b78be0f2e817acd4469cc0b09f8debbf7cf426,Nissan,Qashqai,,Tekna Plus 4WD,2027,60199ad52a420993a3e82359,Fuel Tank Capacity (Litre),55,spec-table
ContactCars,https://www.contactcars.com/en/new-cars/nissan-qashqai/920ab0dcb9ab,"Fri, 25 Sep 2026 12:32:54 GMT",07ac063293e1f9f5b4291af587b78be0f2e817acd4469cc0b09f8debbf7cf426,Nissan,Qashqai,,Tekna Plus 4WD,2027,60199ad52a420993a3e82356,Combined Fuel/Energy Consumption (Liter/100 KM),6٫1,spec-table
ContactCars,https://www.contactcars.com/en/new-cars/nissan-qashqai/920ab0dcb9ab,"Fri, 25 Sep 2026 12:32:54 GMT",07ac063293e1f9f5b4291af587b78be0f2e817acd4469cc0b09f8debbf7cf426,Nissan,Qashqai,,Tekna Plus 4WD,2027,bc8f5919d91f,Engine Type,Inline-4,spec-table
ContactCars,https://www.contactcars.com/en/new-cars/nissan-qashqai/920ab0dcb9ab,"Fri, 25 Sep 2026 12:32:54 GMT",07ac063293e1f9f5b4291af587b78be0f2e817acd4469cc0b09f8debbf7cf426,Nissan,Qashqai,,Tekna Plus 4WD,2027,0922a30a7f46,Engine Function,Drive Wheels,spec-table
ContactCars,https://www.contactcars.com/en/new-cars/nissan-qashqai/920ab0dcb9ab,"Fri, 25 Sep 2026 12:32:54 GMT",07ac063293e1f9f5b4291af587b78be0f2e817acd4469cc0b09f8debbf7cf426,Nissan,Qashqai,,Tekna Plus 4WD,2027,60199ad52a420993a3e82352,Cylinders,4,spec-table
ContactCars,https://www.contactcars.com/en/new-cars/nissan-qashqai/920ab0dcb9ab,"Fri, 25 Sep 2026 12:32:54 GMT",07ac063293e1f9f5b4291af587b78be0f2e817acd4469cc0b09f8debbf7cf426,Nissan,Qashqai,,Tekna Plus 4WD,2027,62445feaba30183d7791942d,Engine Capacity (CC),1300 cc,spec-table
ContactCars,https://www.contactcars.com/en/new-cars/nissan-qashqai/920ab0dcb9ab,"Fri, 25 Sep 2026 12:32:54 GMT",07ac063293e1f9f5b4291af587b78be0f2e817acd4469cc0b09f8debbf7cf426,Nissan,Qashqai,,Tekna Plus 4WD,2027,6244616cba30183d7791942f,Induction Type,Turbocharged,spec-table
ContactCars,https://www.contactcars.com/en/new-cars/nissan-qashqai/920ab0dcb9ab,"Fri, 25 Sep 2026 12:32:54 GMT",07ac063293e1f9f5b4291af587b78be0f2e817acd4469cc0b09f8debbf7cf426,Nissan,Qashqai,,Tekna Plus 4WD,2027,626916559ba5,Maximum Power Output (hp),148,spec-table
ContactCars,https://www.contactcars.com/en/new-cars/nissan-qashqai/920ab0dcb9ab,"Fri, 25 Sep 2026 12:32:54 GMT",07ac063293e1f9f5b4291af587b78be0f2e817acd4469cc0b09f8debbf7cf426,Nissan,Qashqai,,Tekna Plus 4WD,2027,60d3a866c259,Maximum Torque (Nm),250,spec-table
ContactCars,https://www.contactcars.com/en/new-cars/nissan-qashqai/920ab0dcb9ab,"Fri, 25 Sep 2026 12:32:54 GMT",07ac063293e1f9f5b4291af587b78be0f2e817acd4469cc0b09f8debbf7cf426,Nissan,Qashqai,,Tekna Plus 4WD,2027,60199ad52a420993a3e82358,Recommend Fuel Grade,95,spec-table
ContactCars,https://www.contactcars.com/en/new-cars/nissan-qashqai/920ab0dcb9ab,"Fri, 25 Sep 2026 12:32:54 GMT",07ac063293e1f9f5b4291af587b78be0f2e817acd4469cc0b09f8debbf7cf426,Nissan,Qashqai,,Tekna Plus 4WD,2027,62445f6cba30183d7791942c,Engine Layout,Front,spec-table
ContactCars,https://www.contactcars.com/en/new-cars/nissan-qashqai/920ab0dcb9ab,"Fri, 25 Sep 2026 12:32:54 GMT",07ac063293e1f9f5b4291af587b78be0f2e817acd4469cc0b09f8debbf7cf426,Nissan,Qashqai,,Tekna Plus 4WD,2027,ef13db391b59,Motor Power HP,148,spec-table
ContactCars,https://www.contactcars.com/en/new-cars/nissan-qashqai/920ab0dcb9ab,"Fri, 25 Sep 2026 12:32:54 GMT",07ac063293e1f9f5b4291af587b78be0f2e817acd4469cc0b09f8debbf7cf426,Nissan,Qashqai,,Tekna Plus 4WD,2027,425a704a565a,Max Torque N.m,250,spec-table
ContactCars,https://www.contactcars.com/en/new-cars/nissan-qashqai/920ab0dcb9ab,"Fri, 25 Sep 2026 12:32:54 GMT",07ac063293e1f9f5b4291af587b78be0f2e817acd4469cc0b09f8debbf7cf426,Nissan,Qashqai,,Tekna Plus 4WD,2027,ae3798f5fd83,Drivetrain Type,4WD (Four-Wheel Drive),spec-table
ContactCars,https://www.contactcars.com/en/new-cars/nissan-qashqai/920ab0dcb9ab,"Fri, 25 Sep 2026 12:32:54 GMT",07ac063293e1f9f5b4291af587b78be0f2e817acd4469cc0b09f8debbf7cf426,Nissan,Qashqai,,Tekna Plus 4WD,2027,fd8d1904b500,Transmission Type,Automatic,spec-table
ContactCars,https://www.contactcars.com/en/new-cars/nissan-qashqai/920ab0dcb9ab,"Fri, 25 Sep 2026 12:32:54 GMT",07ac063293e1f9f5b4291af587b78be0f2e817acd4469cc0b09f8debbf7cf426,Nissan,Qashqai,,Tekna Plus 4WD,2027,5229867ce0fa,Transmission Technology,CVT,spec-table
ContactCars,https://www.contactcars.com/en/new-cars/nissan-qashqai/920ab0dcb9ab,"Fri, 25 Sep 2026 12:32:54 GMT",07ac063293e1f9f5b4291af587b78be0f2e817acd4469cc0b09f8debbf7cf426,Nissan,Qashqai,,Tekna Plus 4WD,2027,60199ad52a420993a3e82385,Steering Wheel,Leather,spec-table
ContactCars,https://www.contactcars.com/en/new-cars/nissan-qashqai/920ab0dcb9ab,"Fri, 25 Sep 2026 12:32:54 GMT",07ac063293e1f9f5b4291af587b78be0f2e817acd4469cc0b09f8debbf7cf426,Nissan,Qashqai,,Tekna Plus 4WD,2027,60199ad52a420993a3e8235d,Power Steering Type,Electric,spec-table
ContactCars,https://www.contactcars.com/en/new-cars/nissan-qashqai/920ab0dcb9ab,"Fri, 25 Sep 2026 12:32:54 GMT",07ac063293e1f9f5b4291af587b78be0f2e817acd4469cc0b09f8debbf7cf426,Nissan,Qashqai,,Tekna Plus 4WD,2027,602fa37cd768,Steering Adjustment Ops,Automatic,spec-table
ContactCars,https://www.contactcars.com/en/new-cars/nissan-qashqai/920ab0dcb9ab,"Fri, 25 Sep 2026 12:32:54 GMT",07ac063293e1f9f5b4291af587b78be0f2e817acd4469cc0b09f8debbf7cf426,Nissan,Qashqai,,Tekna Plus 4WD,2027,e78c472170c2,Front Suspension Type,MacPherson,spec-table
ContactCars,https://www.contactcars.com/en/new-cars/nissan-qashqai/920ab0dcb9ab,"Fri, 25 Sep 2026 12:32:54 GMT",07ac063293e1f9f5b4291af587b78be0f2e817acd4469cc0b09f8debbf7cf426,Nissan,Qashqai,,Tekna Plus 4WD,2027,d7a33f9ff1ff,Rear Suspension Type,Multi-Link,spec-table
ContactCars,https://www.contactcars.com/en/new-cars/nissan-qashqai/920ab0dcb9ab,"Fri, 25 Sep 2026 12:32:54 GMT",07ac063293e1f9f5b4291af587b78be0f2e817acd4469cc0b09f8debbf7cf426,Nissan,Qashqai,,Tekna Plus 4WD,2027,58f344b6ff55,Front Brakes Type,Ventilated Disc Brakes,spec-table
ContactCars,https://www.contactcars.com/en/new-cars/nissan-qashqai/920ab0dcb9ab,"Fri, 25 Sep 2026 12:32:54 GMT",07ac063293e1f9f5b4291af587b78be0f2e817acd4469cc0b09f8debbf7cf426,Nissan,Qashqai,,Tekna Plus 4WD,2027,eb24327dbe4e,Rear Brakes Type,Solid Disc Brakes,spec-table
ContactCars,https://www.contactcars.com/en/new-cars/nissan-qashqai/920ab0dcb9ab,"Fri, 25 Sep 2026 12:32:54 GMT",07ac063293e1f9f5b4291af587b78be0f2e817acd4469cc0b09f8debbf7cf426,Nissan,Qashqai,,Tekna Plus 4WD,2027,4ed8405e7e5b,Hand Brake Type,Electronic,spec-table
ContactCars,https://www.contactcars.com/en/new-cars/nissan-qashqai/920ab0dcb9ab,"Fri, 25 Sep 2026 12:32:54 GMT",07ac063293e1f9f5b4291af587b78be0f2e817acd4469cc0b09f8debbf7cf426,Nissan,Qashqai,,Tekna Plus 4WD,2027,d4b30096d663,Wheel Type,Alloy,spec-table
ContactCars,https://www.contactcars.com/en/new-cars/nissan-qashqai/920ab0dcb9ab,"Fri, 25 Sep 2026 12:32:54 GMT",07ac063293e1f9f5b4291af587b78be0f2e817acd4469cc0b09f8debbf7cf426,Nissan,Qashqai,,Tekna Plus 4WD,2027,1831c41b7b17,Front Wheel Size,20,spec-table
ContactCars,https://www.contactcars.com/en/new-cars/nissan-qashqai/920ab0dcb9ab,"Fri, 25 Sep 2026 12:32:54 GMT",07ac063293e1f9f5b4291af587b78be0f2e817acd4469cc0b09f8debbf7cf426,Nissan,Qashqai,,Tekna Plus 4WD,2027,1f4797b49117,Rear Wheel Size,20,spec-table
ContactCars,https://www.contactcars.com/en/new-cars/nissan-qashqai/920ab0dcb9ab,"Fri, 25 Sep 2026 12:32:54 GMT",07ac063293e1f9f5b4291af587b78be0f2e817acd4469cc0b09f8debbf7cf426,Nissan,Qashqai,,Tekna Plus 4WD,2027,60199ad52a420993a3e82372,Front Tire Size,235/40R20,spec-table
ContactCars,https://www.contactcars.com/en/new-cars/nissan-qashqai/920ab0dcb9ab,"Fri, 25 Sep 2026 12:32:54 GMT",07ac063293e1f9f5b4291af587b78be0f2e817acd4469cc0b09f8debbf7cf426,Nissan,Qashqai,,Tekna Plus 4WD,2027,2076fe4abba4,Rear Tire Size,235/40R20,spec-table
ContactCars,https://www.contactcars.com/en/new-cars/nissan-qashqai/920ab0dcb9ab,"Fri, 25 Sep 2026 12:32:54 GMT",07ac063293e1f9f5b4291af587b78be0f2e817acd4469cc0b09f8debbf7cf426,Nissan,Qashqai,,Tekna Plus 4WD,2027,cb68666c87e5,Tire Type,All-Season,spec-table
ContactCars,https://www.contactcars.com/en/new-cars/nissan-qashqai/920ab0dcb9ab,"Fri, 25 Sep 2026 12:32:54 GMT",07ac063293e1f9f5b4291af587b78be0f2e817acd4469cc0b09f8debbf7cf426,Nissan,Qashqai,,Tekna Plus 4WD,2027,56a59f46e398,Euro NCAP Results,5,spec-table
ContactCars,https://www.contactcars.com/en/new-cars/nissan-qashqai/920ab0dcb9ab,"Fri, 25 Sep 2026 12:32:54 GMT",07ac063293e1f9f5b4291af587b78be0f2e817acd4469cc0b09f8debbf7cf426,Nissan,Qashqai,,Tekna Plus 4WD,2027,60199ad52a420993a3e8236a,Airbag Count,6,spec-table
ContactCars,https://www.contactcars.com/en/new-cars/nissan-qashqai/920ab0dcb9ab,"Fri, 25 Sep 2026 12:32:54 GMT",07ac063293e1f9f5b4291af587b78be0f2e817acd4469cc0b09f8debbf7cf426,Nissan,Qashqai,,Tekna Plus 4WD,2027,72fbbbfbb11f,Seat Upholestry,Leather with Alcantara,spec-table
ContactCars,https://www.contactcars.com/en/new-cars/nissan-qashqai/920ab0dcb9ab,"Fri, 25 Sep 2026 12:32:54 GMT",07ac063293e1f9f5b4291af587b78be0f2e817acd4469cc0b09f8debbf7cf426,Nissan,Qashqai,,Tekna Plus 4WD,2027,40e24a4a83e0,Gearbox Selector,Shift By Wire,spec-table
ContactCars,https://www.contactcars.com/en/new-cars/nissan-qashqai/920ab0dcb9ab,"Fri, 25 Sep 2026 12:32:54 GMT",07ac063293e1f9f5b4291af587b78be0f2e817acd4469cc0b09f8debbf7cf426,Nissan,Qashqai,,Tekna Plus 4WD,2027,60199ad52a420993a3e82383,Ambient Lighting,Multi Color,spec-table
ContactCars,https://www.contactcars.com/en/new-cars/nissan-qashqai/920ab0dcb9ab,"Fri, 25 Sep 2026 12:32:54 GMT",07ac063293e1f9f5b4291af587b78be0f2e817acd4469cc0b09f8debbf7cf426,Nissan,Qashqai,,Tekna Plus 4WD,2027,60199ad52a420993a3e8238f,Driver Seat,Electric With Memory,spec-table
ContactCars,https://www.contactcars.com/en/new-cars/nissan-qashqai/920ab0dcb9ab,"Fri, 25 Sep 2026 12:32:54 GMT",07ac063293e1f9f5b4291af587b78be0f2e817acd4469cc0b09f8debbf7cf426,Nissan,Qashqai,,Tekna Plus 4WD,2027,625be8b2b21da3ebf03c43b0,Upholstery,Genuine Leather,spec-table
ContactCars,https://www.contactcars.com/en/new-cars/nissan-qashqai/920ab0dcb9ab,"Fri, 25 Sep 2026 12:32:54 GMT",07ac063293e1f9f5b4291af587b78be0f2e817acd4469cc0b09f8debbf7cf426,Nissan,Qashqai,,Tekna Plus 4WD,2027,60199ad52a420993a3e8239d,Infotainment Display Size,12٫3 Inch Touch Screen,spec-table
ContactCars,https://www.contactcars.com/en/new-cars/nissan-qashqai/920ab0dcb9ab,"Fri, 25 Sep 2026 12:32:54 GMT",07ac063293e1f9f5b4291af587b78be0f2e817acd4469cc0b09f8debbf7cf426,Nissan,Qashqai,,Tekna Plus 4WD,2027,60199ad52a420993a3e8237c,Instrument Cluster Type,Digital,spec-table
ContactCars,https://www.contactcars.com/en/new-cars/nissan-qashqai/920ab0dcb9ab,"Fri, 25 Sep 2026 12:32:54 GMT",07ac063293e1f9f5b4291af587b78be0f2e817acd4469cc0b09f8debbf7cf426,Nissan,Qashqai,,Tekna Plus 4WD,2027,75fe2b7d7bc2,Instrument Cluster Size,12٫3 بوصة,spec-table
ContactCars,https://www.contactcars.com/en/new-cars/nissan-qashqai/920ab0dcb9ab,"Fri, 25 Sep 2026 12:32:54 GMT",07ac063293e1f9f5b4291af587b78be0f2e817acd4469cc0b09f8debbf7cf426,Nissan,Qashqai,,Tekna Plus 4WD,2027,60199ad52a420993a3e8239c,Smartphone Integration,Android Auto/Apple Car Play,spec-table
ContactCars,https://www.contactcars.com/en/new-cars/nissan-qashqai/920ab0dcb9ab,"Fri, 25 Sep 2026 12:32:54 GMT",07ac063293e1f9f5b4291af587b78be0f2e817acd4469cc0b09f8debbf7cf426,Nissan,Qashqai,,Tekna Plus 4WD,2027,60199ad52a420993a3e823a2,Number of Speakers,BOSE Speakers - 10,spec-table
ContactCars,https://www.contactcars.com/en/new-cars/nissan-qashqai/920ab0dcb9ab,"Fri, 25 Sep 2026 12:32:54 GMT",07ac063293e1f9f5b4291af587b78be0f2e817acd4469cc0b09f8debbf7cf426,Nissan,Qashqai,,Tekna Plus 4WD,2027,858d92859fe6,Foglights,LED,spec-table
ContactCars,https://www.contactcars.com/en/new-cars/nissan-qashqai/920ab0dcb9ab,"Fri, 25 Sep 2026 12:32:54 GMT",07ac063293e1f9f5b4291af587b78be0f2e817acd4469cc0b09f8debbf7cf426,Nissan,Qashqai,,Tekna Plus 4WD,2027,60199ad52a420993a3e82376,Rims,R20 Alloy,spec-table
ContactCars,https://www.contactcars.com/en/new-cars/nissan-qashqai/920ab0dcb9ab,"Fri, 25 Sep 2026 12:32:54 GMT",07ac063293e1f9f5b4291af587b78be0f2e817acd4469cc0b09f8debbf7cf426,Nissan,Qashqai,,Tekna Plus 4WD,2027,60199ad52a420993a3e8236d,Headlamps,LED,spec-table
ContactCars,https://www.contactcars.com/en/new-cars/nissan-qashqai/920ab0dcb9ab,"Fri, 25 Sep 2026 12:32:54 GMT",07ac063293e1f9f5b4291af587b78be0f2e817acd4469cc0b09f8debbf7cf426,Nissan,Qashqai,,Tekna Plus 4WD,2027,60199ad52a420993a3e8236e,Tail Lights,LED,spec-table
ContactCars,https://www.contactcars.com/en/new-cars/nissan-qashqai/920ab0dcb9ab,"Fri, 25 Sep 2026 12:32:54 GMT",07ac063293e1f9f5b4291af587b78be0f2e817acd4469cc0b09f8debbf7cf426,Nissan,Qashqai,,Tekna Plus 4WD,2027,62a5f51c3b190c24efacbe38,Basic Vehicle Warranty,"5 Years Or 150,000kms",spec-table
ContactCars,https://www.contactcars.com/en/new-cars/nissan-qashqai/c4fcaddb04f1,"Fri, 25 Sep 2026 12:32:56 GMT",7bdee5b5715c0ae9976371f5b8658da2b04aa9ac3c8bb4f80f381eac8d2585a2,Nissan,Qashqai,,N-connecta+ 2T,2027,jsonld:offer_price_egp,offer_price_egp,1777000,json-ld
ContactCars,https://www.contactcars.com/en/new-cars/nissan-qashqai/c4fcaddb04f1,"Fri, 25 Sep 2026 12:32:56 GMT",7bdee5b5715c0ae9976371f5b8658da2b04aa9ac3c8bb4f80f381eac8d2585a2,Nissan,Qashqai,,N-connecta+ 2T,2027,jsonld:fuelType,fuelType,Gas,json-ld
ContactCars,https://www.contactcars.com/en/new-cars/nissan-qashqai/c4fcaddb04f1,"Fri, 25 Sep 2026 12:32:56 GMT",7bdee5b5715c0ae9976371f5b8658da2b04aa9ac3c8bb4f80f381eac8d2585a2,Nissan,Qashqai,,N-connecta+ 2T,2027,jsonld:engineDisplacement,engineDisplacement,1300,json-ld
ContactCars,https://www.contactcars.com/en/new-cars/nissan-qashqai/c4fcaddb04f1,"Fri, 25 Sep 2026 12:32:56 GMT",7bdee5b5715c0ae9976371f5b8658da2b04aa9ac3c8bb4f80f381eac8d2585a2,Nissan,Qashqai,,N-connecta+ 2T,2027,jsonld:vehicleTransmission,vehicleTransmission,CVT,json-ld
ContactCars,https://www.contactcars.com/en/new-cars/nissan-qashqai/c4fcaddb04f1,"Fri, 25 Sep 2026 12:32:56 GMT",7bdee5b5715c0ae9976371f5b8658da2b04aa9ac3c8bb4f80f381eac8d2585a2,Nissan,Qashqai,,N-connecta+ 2T,2027,jsonld:bodyType,bodyType,SUV,json-ld
ContactCars,https://www.contactcars.com/en/new-cars/nissan-qashqai/c4fcaddb04f1,"Fri, 25 Sep 2026 12:32:56 GMT",7bdee5b5715c0ae9976371f5b8658da2b04aa9ac3c8bb4f80f381eac8d2585a2,Nissan,Qashqai,,N-connecta+ 2T,2027,jsonld:assembly_country,assembly_country,United Kingdom,json-ld
ContactCars,https://www.contactcars.com/en/new-cars/nissan-qashqai/c4fcaddb04f1,"Fri, 25 Sep 2026 12:32:56 GMT",7bdee5b5715c0ae9976371f5b8658da2b04aa9ac3c8bb4f80f381eac8d2585a2,Nissan,Qashqai,,N-connecta+ 2T,2027,1cff89624677,Vehicle Size Class,Compact,spec-table
ContactCars,https://www.contactcars.com/en/new-cars/nissan-qashqai/c4fcaddb04f1,"Fri, 25 Sep 2026 12:32:56 GMT",7bdee5b5715c0ae9976371f5b8658da2b04aa9ac3c8bb4f80f381eac8d2585a2,Nissan,Qashqai,,N-connecta+ 2T,2027,5bedd1146e88,Body Style,Crossover,spec-table
ContactCars,https://www.contactcars.com/en/new-cars/nissan-qashqai/c4fcaddb04f1,"Fri, 25 Sep 2026 12:32:56 GMT",7bdee5b5715c0ae9976371f5b8658da2b04aa9ac3c8bb4f80f381eac8d2585a2,Nissan,Qashqai,,N-connecta+ 2T,2027,13a10f395a87,Number of Doors,5,spec-table
ContactCars,https://www.contactcars.com/en/new-cars/nissan-qashqai/c4fcaddb04f1,"Fri, 25 Sep 2026 12:32:56 GMT",7bdee5b5715c0ae9976371f5b8658da2b04aa9ac3c8bb4f80f381eac8d2585a2,Nissan,Qashqai,,N-connecta+ 2T,2027,60199ad52a420993a3e82387,Number of Seats,5,spec-table
ContactCars,https://www.contactcars.com/en/new-cars/nissan-qashqai/c4fcaddb04f1,"Fri, 25 Sep 2026 12:32:56 GMT",7bdee5b5715c0ae9976371f5b8658da2b04aa9ac3c8bb4f80f381eac8d2585a2,Nissan,Qashqai,,N-connecta+ 2T,2027,60199ad52a420993a3e823a4,Rear Trunk Capacity (Liter),479,spec-table
ContactCars,https://www.contactcars.com/en/new-cars/nissan-qashqai/c4fcaddb04f1,"Fri, 25 Sep 2026 12:32:56 GMT",7bdee5b5715c0ae9976371f5b8658da2b04aa9ac3c8bb4f80f381eac8d2585a2,Nissan,Qashqai,,N-connecta+ 2T,2027,603647429f57461ab1a74148,Length (mm),4425,spec-table
ContactCars,https://www.contactcars.com/en/new-cars/nissan-qashqai/c4fcaddb04f1,"Fri, 25 Sep 2026 12:32:56 GMT",7bdee5b5715c0ae9976371f5b8658da2b04aa9ac3c8bb4f80f381eac8d2585a2,Nissan,Qashqai,,N-connecta+ 2T,2027,6036477d9f57461ab1a74149,Width (mm),1848,spec-table
ContactCars,https://www.contactcars.com/en/new-cars/nissan-qashqai/c4fcaddb04f1,"Fri, 25 Sep 2026 12:32:56 GMT",7bdee5b5715c0ae9976371f5b8658da2b04aa9ac3c8bb4f80f381eac8d2585a2,Nissan,Qashqai,,N-connecta+ 2T,2027,603647a49f57461ab1a7414a,Height (mm),1625,spec-table
ContactCars,https://www.contactcars.com/en/new-cars/nissan-qashqai/c4fcaddb04f1,"Fri, 25 Sep 2026 12:32:56 GMT",7bdee5b5715c0ae9976371f5b8658da2b04aa9ac3c8bb4f80f381eac8d2585a2,Nissan,Qashqai,,N-connecta+ 2T,2027,6033cae86136e6f66151c687,Wheelbase (mm),2665,spec-table
ContactCars,https://www.contactcars.com/en/new-cars/nissan-qashqai/c4fcaddb04f1,"Fri, 25 Sep 2026 12:32:56 GMT",7bdee5b5715c0ae9976371f5b8658da2b04aa9ac3c8bb4f80f381eac8d2585a2,Nissan,Qashqai,,N-connecta+ 2T,2027,6033cbc86136e6f66151c688,Ground Clearance (mm),18,spec-table
ContactCars,https://www.contactcars.com/en/new-cars/nissan-qashqai/c4fcaddb04f1,"Fri, 25 Sep 2026 12:32:56 GMT",7bdee5b5715c0ae9976371f5b8658da2b04aa9ac3c8bb4f80f381eac8d2585a2,Nissan,Qashqai,,N-connecta+ 2T,2027,6244612fba30183d7791942e,Curb Weight (KG),1468,spec-table
ContactCars,https://www.contactcars.com/en/new-cars/nissan-qashqai/c4fcaddb04f1,"Fri, 25 Sep 2026 12:32:56 GMT",7bdee5b5715c0ae9976371f5b8658da2b04aa9ac3c8bb4f80f381eac8d2585a2,Nissan,Qashqai,,N-connecta+ 2T,2027,624443c0ba30183d77919424,Generation,3rd-J12,spec-table
ContactCars,https://www.contactcars.com/en/new-cars/nissan-qashqai/c4fcaddb04f1,"Fri, 25 Sep 2026 12:32:56 GMT",7bdee5b5715c0ae9976371f5b8658da2b04aa9ac3c8bb4f80f381eac8d2585a2,Nissan,Qashqai,,N-connecta+ 2T,2027,60199ad52a420993a3e82353,Combined Maximum Power (HP @ RPM),148/5000,spec-table
ContactCars,https://www.contactcars.com/en/new-cars/nissan-qashqai/c4fcaddb04f1,"Fri, 25 Sep 2026 12:32:56 GMT",7bdee5b5715c0ae9976371f5b8658da2b04aa9ac3c8bb4f80f381eac8d2585a2,Nissan,Qashqai,,N-connecta+ 2T,2027,60199ad52a420993a3e82354,Combined Maximum Torque (N.m @ RPM),250/1600-3750,spec-table
ContactCars,https://www.contactcars.com/en/new-cars/nissan-qashqai/c4fcaddb04f1,"Fri, 25 Sep 2026 12:32:56 GMT",7bdee5b5715c0ae9976371f5b8658da2b04aa9ac3c8bb4f80f381eac8d2585a2,Nissan,Qashqai,,N-connecta+ 2T,2027,60199ad52a420993a3e82357,Maximum Speed (Km/h),203,spec-table
ContactCars,https://www.contactcars.com/en/new-cars/nissan-qashqai/c4fcaddb04f1,"Fri, 25 Sep 2026 12:32:56 GMT",7bdee5b5715c0ae9976371f5b8658da2b04aa9ac3c8bb4f80f381eac8d2585a2,Nissan,Qashqai,,N-connecta+ 2T,2027,60199ad52a420993a3e82355,Acceleration (0 - 100 km/h),8٫9,spec-table
ContactCars,https://www.contactcars.com/en/new-cars/nissan-qashqai/c4fcaddb04f1,"Fri, 25 Sep 2026 12:32:56 GMT",7bdee5b5715c0ae9976371f5b8658da2b04aa9ac3c8bb4f80f381eac8d2585a2,Nissan,Qashqai,,N-connecta+ 2T,2027,60199ad52a420993a3e82359,Fuel Tank Capacity (Litre),55,spec-table
ContactCars,https://www.contactcars.com/en/new-cars/nissan-qashqai/c4fcaddb04f1,"Fri, 25 Sep 2026 12:32:56 GMT",7bdee5b5715c0ae9976371f5b8658da2b04aa9ac3c8bb4f80f381eac8d2585a2,Nissan,Qashqai,,N-connecta+ 2T,2027,60199ad52a420993a3e82356,Combined Fuel/Energy Consumption (Liter/100 KM),6٫1,spec-table
ContactCars,https://www.contactcars.com/en/new-cars/nissan-qashqai/c4fcaddb04f1,"Fri, 25 Sep 2026 12:32:56 GMT",7bdee5b5715c0ae9976371f5b8658da2b04aa9ac3c8bb4f80f381eac8d2585a2,Nissan,Qashqai,,N-connecta+ 2T,2027,60199ad52a420993a3e82352,Cylinders,4,spec-table
ContactCars,https://www.contactcars.com/en/new-cars/nissan-qashqai/c4fcaddb04f1,"Fri, 25 Sep 2026 12:32:56 GMT",7bdee5b5715c0ae9976371f5b8658da2b04aa9ac3c8bb4f80f381eac8d2585a2,Nissan,Qashqai,,N-connecta+ 2T,2027,62445feaba30183d7791942d,Engine Capacity (CC),1300 cc,spec-table
ContactCars,https://www.contactcars.com/en/new-cars/nissan-qashqai/c4fcaddb04f1,"Fri, 25 Sep 2026 12:32:56 GMT",7bdee5b5715c0ae9976371f5b8658da2b04aa9ac3c8bb4f80f381eac8d2585a2,Nissan,Qashqai,,N-connecta+ 2T,2027,6244616cba30183d7791942f,Induction Type,Turbocharged,spec-table
ContactCars,https://www.contactcars.com/en/new-cars/nissan-qashqai/c4fcaddb04f1,"Fri, 25 Sep 2026 12:32:56 GMT",7bdee5b5715c0ae9976371f5b8658da2b04aa9ac3c8bb4f80f381eac8d2585a2,Nissan,Qashqai,,N-connecta+ 2T,2027,626916559ba5,Maximum Power Output (hp),148,spec-table
ContactCars,https://www.contactcars.com/en/new-cars/nissan-qashqai/c4fcaddb04f1,"Fri, 25 Sep 2026 12:32:56 GMT",7bdee5b5715c0ae9976371f5b8658da2b04aa9ac3c8bb4f80f381eac8d2585a2,Nissan,Qashqai,,N-connecta+ 2T,2027,60d3a866c259,Maximum Torque (Nm),250,spec-table
ContactCars,https://www.contactcars.com/en/new-cars/nissan-qashqai/c4fcaddb04f1,"Fri, 25 Sep 2026 12:32:56 GMT",7bdee5b5715c0ae9976371f5b8658da2b04aa9ac3c8bb4f80f381eac8d2585a2,Nissan,Qashqai,,N-connecta+ 2T,2027,60199ad52a420993a3e82358,Recommend Fuel Grade,95,spec-table
ContactCars,https://www.contactcars.com/en/new-cars/nissan-qashqai/c4fcaddb04f1,"Fri, 25 Sep 2026 12:32:56 GMT",7bdee5b5715c0ae9976371f5b8658da2b04aa9ac3c8bb4f80f381eac8d2585a2,Nissan,Qashqai,,N-connecta+ 2T,2027,62445f6cba30183d7791942c,Engine Layout,Front,spec-table
ContactCars,https://www.contactcars.com/en/new-cars/nissan-qashqai/c4fcaddb04f1,"Fri, 25 Sep 2026 12:32:56 GMT",7bdee5b5715c0ae9976371f5b8658da2b04aa9ac3c8bb4f80f381eac8d2585a2,Nissan,Qashqai,,N-connecta+ 2T,2027,ae3798f5fd83,Drivetrain Type,FWD (Front-Wheel Drive),spec-table
ContactCars,https://www.contactcars.com/en/new-cars/nissan-qashqai/c4fcaddb04f1,"Fri, 25 Sep 2026 12:32:56 GMT",7bdee5b5715c0ae9976371f5b8658da2b04aa9ac3c8bb4f80f381eac8d2585a2,Nissan,Qashqai,,N-connecta+ 2T,2027,fd8d1904b500,Transmission Type,Automatic,spec-table
ContactCars,https://www.contactcars.com/en/new-cars/nissan-qashqai/c4fcaddb04f1,"Fri, 25 Sep 2026 12:32:56 GMT",7bdee5b5715c0ae9976371f5b8658da2b04aa9ac3c8bb4f80f381eac8d2585a2,Nissan,Qashqai,,N-connecta+ 2T,2027,5229867ce0fa,Transmission Technology,CVT,spec-table
ContactCars,https://www.contactcars.com/en/new-cars/nissan-qashqai/c4fcaddb04f1,"Fri, 25 Sep 2026 12:32:56 GMT",7bdee5b5715c0ae9976371f5b8658da2b04aa9ac3c8bb4f80f381eac8d2585a2,Nissan,Qashqai,,N-connecta+ 2T,2027,60199ad52a420993a3e82385,Steering Wheel,Leather,spec-table
ContactCars,https://www.contactcars.com/en/new-cars/nissan-qashqai/c4fcaddb04f1,"Fri, 25 Sep 2026 12:32:56 GMT",7bdee5b5715c0ae9976371f5b8658da2b04aa9ac3c8bb4f80f381eac8d2585a2,Nissan,Qashqai,,N-connecta+ 2T,2027,60199ad52a420993a3e8235d,Power Steering Type,Electric,spec-table
ContactCars,https://www.contactcars.com/en/new-cars/nissan-qashqai/c4fcaddb04f1,"Fri, 25 Sep 2026 12:32:56 GMT",7bdee5b5715c0ae9976371f5b8658da2b04aa9ac3c8bb4f80f381eac8d2585a2,Nissan,Qashqai,,N-connecta+ 2T,2027,e78c472170c2,Front Suspension Type,MacPherson,spec-table
ContactCars,https://www.contactcars.com/en/new-cars/nissan-qashqai/c4fcaddb04f1,"Fri, 25 Sep 2026 12:32:56 GMT",7bdee5b5715c0ae9976371f5b8658da2b04aa9ac3c8bb4f80f381eac8d2585a2,Nissan,Qashqai,,N-connecta+ 2T,2027,d7a33f9ff1ff,Rear Suspension Type,Multi-Link,spec-table
ContactCars,https://www.contactcars.com/en/new-cars/nissan-qashqai/c4fcaddb04f1,"Fri, 25 Sep 2026 12:32:56 GMT",7bdee5b5715c0ae9976371f5b8658da2b04aa9ac3c8bb4f80f381eac8d2585a2,Nissan,Qashqai,,N-connecta+ 2T,2027,58f344b6ff55,Front Brakes Type,Ventilated Disc Brakes,spec-table
ContactCars,https://www.contactcars.com/en/new-cars/nissan-qashqai/c4fcaddb04f1,"Fri, 25 Sep 2026 12:32:56 GMT",7bdee5b5715c0ae9976371f5b8658da2b04aa9ac3c8bb4f80f381eac8d2585a2,Nissan,Qashqai,,N-connecta+ 2T,2027,eb24327dbe4e,Rear Brakes Type,Solid Disc Brakes,spec-table
ContactCars,https://www.contactcars.com/en/new-cars/nissan-qashqai/c4fcaddb04f1,"Fri, 25 Sep 2026 12:32:56 GMT",7bdee5b5715c0ae9976371f5b8658da2b04aa9ac3c8bb4f80f381eac8d2585a2,Nissan,Qashqai,,N-connecta+ 2T,2027,60199ad52a420993a3e82372,Front Tire Size,235/55,spec-table
ContactCars,https://www.contactcars.com/en/new-cars/nissan-qashqai/c4fcaddb04f1,"Fri, 25 Sep 2026 12:32:56 GMT",7bdee5b5715c0ae9976371f5b8658da2b04aa9ac3c8bb4f80f381eac8d2585a2,Nissan,Qashqai,,N-connecta+ 2T,2027,56a59f46e398,Euro NCAP Results,5,spec-table
ContactCars,https://www.contactcars.com/en/new-cars/nissan-qashqai/c4fcaddb04f1,"Fri, 25 Sep 2026 12:32:56 GMT",7bdee5b5715c0ae9976371f5b8658da2b04aa9ac3c8bb4f80f381eac8d2585a2,Nissan,Qashqai,,N-connecta+ 2T,2027,60199ad52a420993a3e8236a,Airbag Count,6,spec-table
ContactCars,https://www.contactcars.com/en/new-cars/nissan-qashqai/c4fcaddb04f1,"Fri, 25 Sep 2026 12:32:56 GMT",7bdee5b5715c0ae9976371f5b8658da2b04aa9ac3c8bb4f80f381eac8d2585a2,Nissan,Qashqai,,N-connecta+ 2T,2027,60199ad52a420993a3e82383,Ambient Lighting,Multi Color,spec-table
ContactCars,https://www.contactcars.com/en/new-cars/nissan-qashqai/c4fcaddb04f1,"Fri, 25 Sep 2026 12:32:56 GMT",7bdee5b5715c0ae9976371f5b8658da2b04aa9ac3c8bb4f80f381eac8d2585a2,Nissan,Qashqai,,N-connecta+ 2T,2027,60199ad52a420993a3e8238f,Driver Seat,Manual,spec-table
ContactCars,https://www.contactcars.com/en/new-cars/nissan-qashqai/c4fcaddb04f1,"Fri, 25 Sep 2026 12:32:56 GMT",7bdee5b5715c0ae9976371f5b8658da2b04aa9ac3c8bb4f80f381eac8d2585a2,Nissan,Qashqai,,N-connecta+ 2T,2027,625be8b2b21da3ebf03c43b0,Upholstery,Synthetic Leather and Cloth,spec-table
ContactCars,https://www.contactcars.com/en/new-cars/nissan-qashqai/c4fcaddb04f1,"Fri, 25 Sep 2026 12:32:56 GMT",7bdee5b5715c0ae9976371f5b8658da2b04aa9ac3c8bb4f80f381eac8d2585a2,Nissan,Qashqai,,N-connecta+ 2T,2027,60199ad52a420993a3e8239d,Infotainment Display Size,12٫3 Inch Touch Screen,spec-table
ContactCars,https://www.contactcars.com/en/new-cars/nissan-qashqai/c4fcaddb04f1,"Fri, 25 Sep 2026 12:32:56 GMT",7bdee5b5715c0ae9976371f5b8658da2b04aa9ac3c8bb4f80f381eac8d2585a2,Nissan,Qashqai,,N-connecta+ 2T,2027,60199ad52a420993a3e8237c,Instrument Cluster Type,Digital,spec-table
ContactCars,https://www.contactcars.com/en/new-cars/nissan-qashqai/c4fcaddb04f1,"Fri, 25 Sep 2026 12:32:56 GMT",7bdee5b5715c0ae9976371f5b8658da2b04aa9ac3c8bb4f80f381eac8d2585a2,Nissan,Qashqai,,N-connecta+ 2T,2027,75fe2b7d7bc2,Instrument Cluster Size,12٫3 بوصة,spec-table
ContactCars,https://www.contactcars.com/en/new-cars/nissan-qashqai/c4fcaddb04f1,"Fri, 25 Sep 2026 12:32:56 GMT",7bdee5b5715c0ae9976371f5b8658da2b04aa9ac3c8bb4f80f381eac8d2585a2,Nissan,Qashqai,,N-connecta+ 2T,2027,60199ad52a420993a3e8239c,Smartphone Integration,Android Auto/Apple Car Play,spec-table
ContactCars,https://www.contactcars.com/en/new-cars/nissan-qashqai/c4fcaddb04f1,"Fri, 25 Sep 2026 12:32:56 GMT",7bdee5b5715c0ae9976371f5b8658da2b04aa9ac3c8bb4f80f381eac8d2585a2,Nissan,Qashqai,,N-connecta+ 2T,2027,60199ad52a420993a3e823a2,Number of Speakers,6,spec-table
ContactCars,https://www.contactcars.com/en/new-cars/nissan-qashqai/c4fcaddb04f1,"Fri, 25 Sep 2026 12:32:56 GMT",7bdee5b5715c0ae9976371f5b8658da2b04aa9ac3c8bb4f80f381eac8d2585a2,Nissan,Qashqai,,N-connecta+ 2T,2027,60199ad52a420993a3e82376,Rims,R18 Alloy,spec-table
ContactCars,https://www.contactcars.com/en/new-cars/nissan-qashqai/c4fcaddb04f1,"Fri, 25 Sep 2026 12:32:56 GMT",7bdee5b5715c0ae9976371f5b8658da2b04aa9ac3c8bb4f80f381eac8d2585a2,Nissan,Qashqai,,N-connecta+ 2T,2027,60199ad52a420993a3e8236d,Headlamps,LED,spec-table
ContactCars,https://www.contactcars.com/en/new-cars/nissan-qashqai/c4fcaddb04f1,"Fri, 25 Sep 2026 12:32:56 GMT",7bdee5b5715c0ae9976371f5b8658da2b04aa9ac3c8bb4f80f381eac8d2585a2,Nissan,Qashqai,,N-connecta+ 2T,2027,60199ad52a420993a3e8236e,Tail Lights,LED,spec-table
ContactCars,https://www.contactcars.com/en/new-cars/nissan-qashqai/c4fcaddb04f1,"Fri, 25 Sep 2026 12:32:56 GMT",7bdee5b5715c0ae9976371f5b8658da2b04aa9ac3c8bb4f80f381eac8d2585a2,Nissan,Qashqai,,N-connecta+ 2T,2027,62a5f51c3b190c24efacbe38,Basic Vehicle Warranty,"5 Years Or 150,000kms",spec-table
ContactCars,https://www.contactcars.com/en/new-cars/nissan-qashqai/fee760cefcec,"Fri, 25 Sep 2026 12:32:57 GMT",622c8c463ad774feea4853ede66517fab03ecf421882b9e07117b5e41277dfa5,Nissan,Qashqai,,  N-connecta Plus,2027,jsonld:offer_price_egp,offer_price_egp,1757000,json-ld
ContactCars,https://www.contactcars.com/en/new-cars/nissan-qashqai/fee760cefcec,"Fri, 25 Sep 2026 12:32:57 GMT",622c8c463ad774feea4853ede66517fab03ecf421882b9e07117b5e41277dfa5,Nissan,Qashqai,,  N-connecta Plus,2027,jsonld:fuelType,fuelType,Gas,json-ld
ContactCars,https://www.contactcars.com/en/new-cars/nissan-qashqai/fee760cefcec,"Fri, 25 Sep 2026 12:32:57 GMT",622c8c463ad774feea4853ede66517fab03ecf421882b9e07117b5e41277dfa5,Nissan,Qashqai,,  N-connecta Plus,2027,jsonld:engineDisplacement,engineDisplacement,1300,json-ld
ContactCars,https://www.contactcars.com/en/new-cars/nissan-qashqai/fee760cefcec,"Fri, 25 Sep 2026 12:32:57 GMT",622c8c463ad774feea4853ede66517fab03ecf421882b9e07117b5e41277dfa5,Nissan,Qashqai,,  N-connecta Plus,2027,jsonld:vehicleTransmission,vehicleTransmission,CVT,json-ld
ContactCars,https://www.contactcars.com/en/new-cars/nissan-qashqai/fee760cefcec,"Fri, 25 Sep 2026 12:32:57 GMT",622c8c463ad774feea4853ede66517fab03ecf421882b9e07117b5e41277dfa5,Nissan,Qashqai,,  N-connecta Plus,2027,jsonld:bodyType,bodyType,SUV,json-ld
ContactCars,https://www.contactcars.com/en/new-cars/nissan-qashqai/fee760cefcec,"Fri, 25 Sep 2026 12:32:57 GMT",622c8c463ad774feea4853ede66517fab03ecf421882b9e07117b5e41277dfa5,Nissan,Qashqai,,  N-connecta Plus,2027,jsonld:assembly_country,assembly_country,United Kingdom,json-ld
ContactCars,https://www.contactcars.com/en/new-cars/nissan-qashqai/fee760cefcec,"Fri, 25 Sep 2026 12:32:57 GMT",622c8c463ad774feea4853ede66517fab03ecf421882b9e07117b5e41277dfa5,Nissan,Qashqai,,  N-connecta Plus,2027,1cff89624677,Vehicle Size Class,Compact,spec-table
ContactCars,https://www.contactcars.com/en/new-cars/nissan-qashqai/fee760cefcec,"Fri, 25 Sep 2026 12:32:57 GMT",622c8c463ad774feea4853ede66517fab03ecf421882b9e07117b5e41277dfa5,Nissan,Qashqai,,  N-connecta Plus,2027,5bedd1146e88,Body Style,SUV,spec-table
ContactCars,https://www.contactcars.com/en/new-cars/nissan-qashqai/fee760cefcec,"Fri, 25 Sep 2026 12:32:57 GMT",622c8c463ad774feea4853ede66517fab03ecf421882b9e07117b5e41277dfa5,Nissan,Qashqai,,  N-connecta Plus,2027,13a10f395a87,Number of Doors,5,spec-table
ContactCars,https://www.contactcars.com/en/new-cars/nissan-qashqai/fee760cefcec,"Fri, 25 Sep 2026 12:32:57 GMT",622c8c463ad774feea4853ede66517fab03ecf421882b9e07117b5e41277dfa5,Nissan,Qashqai,,  N-connecta Plus,2027,60199ad52a420993a3e82387,Number of Seats,5,spec-table
ContactCars,https://www.contactcars.com/en/new-cars/nissan-qashqai/fee760cefcec,"Fri, 25 Sep 2026 12:32:57 GMT",622c8c463ad774feea4853ede66517fab03ecf421882b9e07117b5e41277dfa5,Nissan,Qashqai,,  N-connecta Plus,2027,60199ad52a420993a3e823a4,Rear Trunk Capacity (Liter),479,spec-table
ContactCars,https://www.contactcars.com/en/new-cars/nissan-qashqai/fee760cefcec,"Fri, 25 Sep 2026 12:32:57 GMT",622c8c463ad774feea4853ede66517fab03ecf421882b9e07117b5e41277dfa5,Nissan,Qashqai,,  N-connecta Plus,2027,603647429f57461ab1a74148,Length (mm),4425,spec-table
ContactCars,https://www.contactcars.com/en/new-cars/nissan-qashqai/fee760cefcec,"Fri, 25 Sep 2026 12:32:57 GMT",622c8c463ad774feea4853ede66517fab03ecf421882b9e07117b5e41277dfa5,Nissan,Qashqai,,  N-connecta Plus,2027,6036477d9f57461ab1a74149,Width (mm),1835,spec-table
ContactCars,https://www.contactcars.com/en/new-cars/nissan-qashqai/fee760cefcec,"Fri, 25 Sep 2026 12:32:57 GMT",622c8c463ad774feea4853ede66517fab03ecf421882b9e07117b5e41277dfa5,Nissan,Qashqai,,  N-connecta Plus,2027,603647a49f57461ab1a7414a,Height (mm),1625,spec-table
ContactCars,https://www.contactcars.com/en/new-cars/nissan-qashqai/fee760cefcec,"Fri, 25 Sep 2026 12:32:57 GMT",622c8c463ad774feea4853ede66517fab03ecf421882b9e07117b5e41277dfa5,Nissan,Qashqai,,  N-connecta Plus,2027,6033cae86136e6f66151c687,Wheelbase (mm),2665,spec-table
ContactCars,https://www.contactcars.com/en/new-cars/nissan-qashqai/fee760cefcec,"Fri, 25 Sep 2026 12:32:57 GMT",622c8c463ad774feea4853ede66517fab03ecf421882b9e07117b5e41277dfa5,Nissan,Qashqai,,  N-connecta Plus,2027,6033cbc86136e6f66151c688,Ground Clearance (mm),18,spec-table
ContactCars,https://www.contactcars.com/en/new-cars/nissan-qashqai/fee760cefcec,"Fri, 25 Sep 2026 12:32:57 GMT",622c8c463ad774feea4853ede66517fab03ecf421882b9e07117b5e41277dfa5,Nissan,Qashqai,,  N-connecta Plus,2027,6244612fba30183d7791942e,Curb Weight (KG),1468,spec-table
ContactCars,https://www.contactcars.com/en/new-cars/nissan-qashqai/fee760cefcec,"Fri, 25 Sep 2026 12:32:57 GMT",622c8c463ad774feea4853ede66517fab03ecf421882b9e07117b5e41277dfa5,Nissan,Qashqai,,  N-connecta Plus,2027,624443c0ba30183d77919424,Generation,3rd-J12,spec-table
ContactCars,https://www.contactcars.com/en/new-cars/nissan-qashqai/fee760cefcec,"Fri, 25 Sep 2026 12:32:57 GMT",622c8c463ad774feea4853ede66517fab03ecf421882b9e07117b5e41277dfa5,Nissan,Qashqai,,  N-connecta Plus,2027,1b9f93607f48,Powertrain Type,ICE (Petrol),spec-table
ContactCars,https://www.contactcars.com/en/new-cars/nissan-qashqai/fee760cefcec,"Fri, 25 Sep 2026 12:32:57 GMT",622c8c463ad774feea4853ede66517fab03ecf421882b9e07117b5e41277dfa5,Nissan,Qashqai,,  N-connecta Plus,2027,60199ad52a420993a3e82353,Combined Maximum Power (HP @ RPM),148/5000,spec-table
ContactCars,https://www.contactcars.com/en/new-cars/nissan-qashqai/fee760cefcec,"Fri, 25 Sep 2026 12:32:57 GMT",622c8c463ad774feea4853ede66517fab03ecf421882b9e07117b5e41277dfa5,Nissan,Qashqai,,  N-connecta Plus,2027,60199ad52a420993a3e82354,Combined Maximum Torque (N.m @ RPM),250/1600-3750,spec-table
ContactCars,https://www.contactcars.com/en/new-cars/nissan-qashqai/fee760cefcec,"Fri, 25 Sep 2026 12:32:57 GMT",622c8c463ad774feea4853ede66517fab03ecf421882b9e07117b5e41277dfa5,Nissan,Qashqai,,  N-connecta Plus,2027,60199ad52a420993a3e82357,Maximum Speed (Km/h),203,spec-table
ContactCars,https://www.contactcars.com/en/new-cars/nissan-qashqai/fee760cefcec,"Fri, 25 Sep 2026 12:32:57 GMT",622c8c463ad774feea4853ede66517fab03ecf421882b9e07117b5e41277dfa5,Nissan,Qashqai,,  N-connecta Plus,2027,60199ad52a420993a3e82355,Acceleration (0 - 100 km/h),8٫9,spec-table
ContactCars,https://www.contactcars.com/en/new-cars/nissan-qashqai/fee760cefcec,"Fri, 25 Sep 2026 12:32:57 GMT",622c8c463ad774feea4853ede66517fab03ecf421882b9e07117b5e41277dfa5,Nissan,Qashqai,,  N-connecta Plus,2027,60199ad52a420993a3e82359,Fuel Tank Capacity (Litre),55,spec-table
ContactCars,https://www.contactcars.com/en/new-cars/nissan-qashqai/fee760cefcec,"Fri, 25 Sep 2026 12:32:57 GMT",622c8c463ad774feea4853ede66517fab03ecf421882b9e07117b5e41277dfa5,Nissan,Qashqai,,  N-connecta Plus,2027,60199ad52a420993a3e82356,Combined Fuel/Energy Consumption (Liter/100 KM),8٫9,spec-table
ContactCars,https://www.contactcars.com/en/new-cars/nissan-qashqai/fee760cefcec,"Fri, 25 Sep 2026 12:32:57 GMT",622c8c463ad774feea4853ede66517fab03ecf421882b9e07117b5e41277dfa5,Nissan,Qashqai,,  N-connecta Plus,2027,bc8f5919d91f,Engine Type,Inline-4,spec-table
ContactCars,https://www.contactcars.com/en/new-cars/nissan-qashqai/fee760cefcec,"Fri, 25 Sep 2026 12:32:57 GMT",622c8c463ad774feea4853ede66517fab03ecf421882b9e07117b5e41277dfa5,Nissan,Qashqai,,  N-connecta Plus,2027,0922a30a7f46,Engine Function,Drive Wheels,spec-table
ContactCars,https://www.contactcars.com/en/new-cars/nissan-qashqai/fee760cefcec,"Fri, 25 Sep 2026 12:32:57 GMT",622c8c463ad774feea4853ede66517fab03ecf421882b9e07117b5e41277dfa5,Nissan,Qashqai,,  N-connecta Plus,2027,60199ad52a420993a3e82352,Cylinders,4,spec-table
ContactCars,https://www.contactcars.com/en/new-cars/nissan-qashqai/fee760cefcec,"Fri, 25 Sep 2026 12:32:57 GMT",622c8c463ad774feea4853ede66517fab03ecf421882b9e07117b5e41277dfa5,Nissan,Qashqai,,  N-connecta Plus,2027,62445feaba30183d7791942d,Engine Capacity (CC),1300 cc,spec-table
ContactCars,https://www.contactcars.com/en/new-cars/nissan-qashqai/fee760cefcec,"Fri, 25 Sep 2026 12:32:57 GMT",622c8c463ad774feea4853ede66517fab03ecf421882b9e07117b5e41277dfa5,Nissan,Qashqai,,  N-connecta Plus,2027,6244616cba30183d7791942f,Induction Type,Turbocharged,spec-table
ContactCars,https://www.contactcars.com/en/new-cars/nissan-qashqai/fee760cefcec,"Fri, 25 Sep 2026 12:32:57 GMT",622c8c463ad774feea4853ede66517fab03ecf421882b9e07117b5e41277dfa5,Nissan,Qashqai,,  N-connecta Plus,2027,626916559ba5,Maximum Power Output (hp),108,spec-table
ContactCars,https://www.contactcars.com/en/new-cars/nissan-qashqai/fee760cefcec,"Fri, 25 Sep 2026 12:32:57 GMT",622c8c463ad774feea4853ede66517fab03ecf421882b9e07117b5e41277dfa5,Nissan,Qashqai,,  N-connecta Plus,2027,60d3a866c259,Maximum Torque (Nm),250,spec-table
ContactCars,https://www.contactcars.com/en/new-cars/nissan-qashqai/fee760cefcec,"Fri, 25 Sep 2026 12:32:57 GMT",622c8c463ad774feea4853ede66517fab03ecf421882b9e07117b5e41277dfa5,Nissan,Qashqai,,  N-connecta Plus,2027,60199ad52a420993a3e82358,Recommend Fuel Grade,95,spec-table
ContactCars,https://www.contactcars.com/en/new-cars/nissan-qashqai/fee760cefcec,"Fri, 25 Sep 2026 12:32:57 GMT",622c8c463ad774feea4853ede66517fab03ecf421882b9e07117b5e41277dfa5,Nissan,Qashqai,,  N-connecta Plus,2027,62445f6cba30183d7791942c,Engine Layout,Front,spec-table
ContactCars,https://www.contactcars.com/en/new-cars/nissan-qashqai/fee760cefcec,"Fri, 25 Sep 2026 12:32:57 GMT",622c8c463ad774feea4853ede66517fab03ecf421882b9e07117b5e41277dfa5,Nissan,Qashqai,,  N-connecta Plus,2027,ae3798f5fd83,Drivetrain Type,FWD (Front-Wheel Drive),spec-table
ContactCars,https://www.contactcars.com/en/new-cars/nissan-qashqai/fee760cefcec,"Fri, 25 Sep 2026 12:32:57 GMT",622c8c463ad774feea4853ede66517fab03ecf421882b9e07117b5e41277dfa5,Nissan,Qashqai,,  N-connecta Plus,2027,fd8d1904b500,Transmission Type,Automatic,spec-table
ContactCars,https://www.contactcars.com/en/new-cars/nissan-qashqai/fee760cefcec,"Fri, 25 Sep 2026 12:32:57 GMT",622c8c463ad774feea4853ede66517fab03ecf421882b9e07117b5e41277dfa5,Nissan,Qashqai,,  N-connecta Plus,2027,5229867ce0fa,Transmission Technology,CVT,spec-table
ContactCars,https://www.contactcars.com/en/new-cars/nissan-qashqai/fee760cefcec,"Fri, 25 Sep 2026 12:32:57 GMT",622c8c463ad774feea4853ede66517fab03ecf421882b9e07117b5e41277dfa5,Nissan,Qashqai,,  N-connecta Plus,2027,60199ad52a420993a3e82385,Steering Wheel,Leather,spec-table
ContactCars,https://www.contactcars.com/en/new-cars/nissan-qashqai/fee760cefcec,"Fri, 25 Sep 2026 12:32:57 GMT",622c8c463ad774feea4853ede66517fab03ecf421882b9e07117b5e41277dfa5,Nissan,Qashqai,,  N-connecta Plus,2027,60199ad52a420993a3e8235d,Power Steering Type,Electric,spec-table
ContactCars,https://www.contactcars.com/en/new-cars/nissan-qashqai/fee760cefcec,"Fri, 25 Sep 2026 12:32:57 GMT",622c8c463ad774feea4853ede66517fab03ecf421882b9e07117b5e41277dfa5,Nissan,Qashqai,,  N-connecta Plus,2027,602fa37cd768,Steering Adjustment Ops,Manual,spec-table
ContactCars,https://www.contactcars.com/en/new-cars/nissan-qashqai/fee760cefcec,"Fri, 25 Sep 2026 12:32:57 GMT",622c8c463ad774feea4853ede66517fab03ecf421882b9e07117b5e41277dfa5,Nissan,Qashqai,,  N-connecta Plus,2027,e78c472170c2,Front Suspension Type,MacPherson,spec-table
ContactCars,https://www.contactcars.com/en/new-cars/nissan-qashqai/fee760cefcec,"Fri, 25 Sep 2026 12:32:57 GMT",622c8c463ad774feea4853ede66517fab03ecf421882b9e07117b5e41277dfa5,Nissan,Qashqai,,  N-connecta Plus,2027,d7a33f9ff1ff,Rear Suspension Type,Multi-Link,spec-table
ContactCars,https://www.contactcars.com/en/new-cars/nissan-qashqai/fee760cefcec,"Fri, 25 Sep 2026 12:32:57 GMT",622c8c463ad774feea4853ede66517fab03ecf421882b9e07117b5e41277dfa5,Nissan,Qashqai,,  N-connecta Plus,2027,58f344b6ff55,Front Brakes Type,Ventilated Disc Brakes,spec-table
ContactCars,https://www.contactcars.com/en/new-cars/nissan-qashqai/fee760cefcec,"Fri, 25 Sep 2026 12:32:57 GMT",622c8c463ad774feea4853ede66517fab03ecf421882b9e07117b5e41277dfa5,Nissan,Qashqai,,  N-connecta Plus,2027,eb24327dbe4e,Rear Brakes Type,Solid Disc Brakes,spec-table
ContactCars,https://www.contactcars.com/en/new-cars/nissan-qashqai/fee760cefcec,"Fri, 25 Sep 2026 12:32:57 GMT",622c8c463ad774feea4853ede66517fab03ecf421882b9e07117b5e41277dfa5,Nissan,Qashqai,,  N-connecta Plus,2027,4ed8405e7e5b,Hand Brake Type,Electronic,spec-table
ContactCars,https://www.contactcars.com/en/new-cars/nissan-qashqai/fee760cefcec,"Fri, 25 Sep 2026 12:32:57 GMT",622c8c463ad774feea4853ede66517fab03ecf421882b9e07117b5e41277dfa5,Nissan,Qashqai,,  N-connecta Plus,2027,d4b30096d663,Wheel Type,Alloy,spec-table
ContactCars,https://www.contactcars.com/en/new-cars/nissan-qashqai/fee760cefcec,"Fri, 25 Sep 2026 12:32:57 GMT",622c8c463ad774feea4853ede66517fab03ecf421882b9e07117b5e41277dfa5,Nissan,Qashqai,,  N-connecta Plus,2027,1831c41b7b17,Front Wheel Size,18,spec-table
ContactCars,https://www.contactcars.com/en/new-cars/nissan-qashqai/fee760cefcec,"Fri, 25 Sep 2026 12:32:57 GMT",622c8c463ad774feea4853ede66517fab03ecf421882b9e07117b5e41277dfa5,Nissan,Qashqai,,  N-connecta Plus,2027,1f4797b49117,Rear Wheel Size,18,spec-table
ContactCars,https://www.contactcars.com/en/new-cars/nissan-qashqai/fee760cefcec,"Fri, 25 Sep 2026 12:32:57 GMT",622c8c463ad774feea4853ede66517fab03ecf421882b9e07117b5e41277dfa5,Nissan,Qashqai,,  N-connecta Plus,2027,60199ad52a420993a3e82372,Front Tire Size,235/55 R18,spec-table
ContactCars,https://www.contactcars.com/en/new-cars/nissan-qashqai/fee760cefcec,"Fri, 25 Sep 2026 12:32:57 GMT",622c8c463ad774feea4853ede66517fab03ecf421882b9e07117b5e41277dfa5,Nissan,Qashqai,,  N-connecta Plus,2027,2076fe4abba4,Rear Tire Size,235/55 R18,spec-table
ContactCars,https://www.contactcars.com/en/new-cars/nissan-qashqai/fee760cefcec,"Fri, 25 Sep 2026 12:32:57 GMT",622c8c463ad774feea4853ede66517fab03ecf421882b9e07117b5e41277dfa5,Nissan,Qashqai,,  N-connecta Plus,2027,cb68666c87e5,Tire Type,All-Season,spec-table
ContactCars,https://www.contactcars.com/en/new-cars/nissan-qashqai/fee760cefcec,"Fri, 25 Sep 2026 12:32:57 GMT",622c8c463ad774feea4853ede66517fab03ecf421882b9e07117b5e41277dfa5,Nissan,Qashqai,,  N-connecta Plus,2027,56a59f46e398,Euro NCAP Results,5,spec-table
ContactCars,https://www.contactcars.com/en/new-cars/nissan-qashqai/fee760cefcec,"Fri, 25 Sep 2026 12:32:57 GMT",622c8c463ad774feea4853ede66517fab03ecf421882b9e07117b5e41277dfa5,Nissan,Qashqai,,  N-connecta Plus,2027,60199ad52a420993a3e8236a,Airbag Count,6,spec-table
ContactCars,https://www.contactcars.com/en/new-cars/nissan-qashqai/fee760cefcec,"Fri, 25 Sep 2026 12:32:57 GMT",622c8c463ad774feea4853ede66517fab03ecf421882b9e07117b5e41277dfa5,Nissan,Qashqai,,  N-connecta Plus,2027,40e24a4a83e0,Gearbox Selector,Shift By Wire,spec-table
ContactCars,https://www.contactcars.com/en/new-cars/nissan-qashqai/fee760cefcec,"Fri, 25 Sep 2026 12:32:57 GMT",622c8c463ad774feea4853ede66517fab03ecf421882b9e07117b5e41277dfa5,Nissan,Qashqai,,  N-connecta Plus,2027,60199ad52a420993a3e82383,Ambient Lighting,Yes,spec-table
ContactCars,https://www.contactcars.com/en/new-cars/nissan-qashqai/fee760cefcec,"Fri, 25 Sep 2026 12:32:57 GMT",622c8c463ad774feea4853ede66517fab03ecf421882b9e07117b5e41277dfa5,Nissan,Qashqai,,  N-connecta Plus,2027,60199ad52a420993a3e8238f,Driver Seat,Manual,spec-table
ContactCars,https://www.contactcars.com/en/new-cars/nissan-qashqai/fee760cefcec,"Fri, 25 Sep 2026 12:32:57 GMT",622c8c463ad774feea4853ede66517fab03ecf421882b9e07117b5e41277dfa5,Nissan,Qashqai,,  N-connecta Plus,2027,625be8b2b21da3ebf03c43b0,Upholstery,Fabric,spec-table
ContactCars,https://www.contactcars.com/en/new-cars/nissan-qashqai/fee760cefcec,"Fri, 25 Sep 2026 12:32:57 GMT",622c8c463ad774feea4853ede66517fab03ecf421882b9e07117b5e41277dfa5,Nissan,Qashqai,,  N-connecta Plus,2027,60199ad52a420993a3e8239d,Infotainment Display Size,12٫3 Inch Touch Screen,spec-table
ContactCars,https://www.contactcars.com/en/new-cars/nissan-qashqai/fee760cefcec,"Fri, 25 Sep 2026 12:32:57 GMT",622c8c463ad774feea4853ede66517fab03ecf421882b9e07117b5e41277dfa5,Nissan,Qashqai,,  N-connecta Plus,2027,60199ad52a420993a3e8237c,Instrument Cluster Type,Digital,spec-table
ContactCars,https://www.contactcars.com/en/new-cars/nissan-qashqai/fee760cefcec,"Fri, 25 Sep 2026 12:32:57 GMT",622c8c463ad774feea4853ede66517fab03ecf421882b9e07117b5e41277dfa5,Nissan,Qashqai,,  N-connecta Plus,2027,75fe2b7d7bc2,Instrument Cluster Size,12٫3,spec-table
ContactCars,https://www.contactcars.com/en/new-cars/nissan-qashqai/fee760cefcec,"Fri, 25 Sep 2026 12:32:57 GMT",622c8c463ad774feea4853ede66517fab03ecf421882b9e07117b5e41277dfa5,Nissan,Qashqai,,  N-connecta Plus,2027,60199ad52a420993a3e8239c,Smartphone Integration,Android Auto/Apple Car Play,spec-table
ContactCars,https://www.contactcars.com/en/new-cars/nissan-qashqai/fee760cefcec,"Fri, 25 Sep 2026 12:32:57 GMT",622c8c463ad774feea4853ede66517fab03ecf421882b9e07117b5e41277dfa5,Nissan,Qashqai,,  N-connecta Plus,2027,60199ad52a420993a3e823a2,Number of Speakers,6,spec-table
ContactCars,https://www.contactcars.com/en/new-cars/nissan-qashqai/fee760cefcec,"Fri, 25 Sep 2026 12:32:57 GMT",622c8c463ad774feea4853ede66517fab03ecf421882b9e07117b5e41277dfa5,Nissan,Qashqai,,  N-connecta Plus,2027,60199ad52a420993a3e82376,Rims,ٌR18,spec-table
ContactCars,https://www.contactcars.com/en/new-cars/nissan-qashqai/fee760cefcec,"Fri, 25 Sep 2026 12:32:57 GMT",622c8c463ad774feea4853ede66517fab03ecf421882b9e07117b5e41277dfa5,Nissan,Qashqai,,  N-connecta Plus,2027,60199ad52a420993a3e8236d,Headlamps,LED,spec-table
ContactCars,https://www.contactcars.com/en/new-cars/nissan-qashqai/fee760cefcec,"Fri, 25 Sep 2026 12:32:57 GMT",622c8c463ad774feea4853ede66517fab03ecf421882b9e07117b5e41277dfa5,Nissan,Qashqai,,  N-connecta Plus,2027,60199ad52a420993a3e8236e,Tail Lights,LED,spec-table
ContactCars,https://www.contactcars.com/en/new-cars/nissan-qashqai/fee760cefcec,"Fri, 25 Sep 2026 12:32:57 GMT",622c8c463ad774feea4853ede66517fab03ecf421882b9e07117b5e41277dfa5,Nissan,Qashqai,,  N-connecta Plus,2027,62a5f51c3b190c24efacbe38,Basic Vehicle Warranty,"5 Years Or 150,000kms",spec-table
ContactCars,https://www.contactcars.com/en/new-cars/opel-grand_land/136512896a09,"Fri, 25 Sep 2026 12:32:58 GMT",5bfc448b318ed83d324618fbc78b0acf042a84b04c146975106b73b0342f279c,Opel,Grand Land,,Topline,2026,jsonld:offer_price_egp,offer_price_egp,1950000,json-ld
ContactCars,https://www.contactcars.com/en/new-cars/opel-grand_land/136512896a09,"Fri, 25 Sep 2026 12:32:58 GMT",5bfc448b318ed83d324618fbc78b0acf042a84b04c146975106b73b0342f279c,Opel,Grand Land,,Topline,2026,jsonld:fuelType,fuelType,Gas,json-ld
ContactCars,https://www.contactcars.com/en/new-cars/opel-grand_land/136512896a09,"Fri, 25 Sep 2026 12:32:58 GMT",5bfc448b318ed83d324618fbc78b0acf042a84b04c146975106b73b0342f279c,Opel,Grand Land,,Topline,2026,jsonld:engineDisplacement,engineDisplacement,1600,json-ld
ContactCars,https://www.contactcars.com/en/new-cars/opel-grand_land/136512896a09,"Fri, 25 Sep 2026 12:32:58 GMT",5bfc448b318ed83d324618fbc78b0acf042a84b04c146975106b73b0342f279c,Opel,Grand Land,,Topline,2026,jsonld:vehicleTransmission,vehicleTransmission,Automatic,json-ld
ContactCars,https://www.contactcars.com/en/new-cars/opel-grand_land/136512896a09,"Fri, 25 Sep 2026 12:32:58 GMT",5bfc448b318ed83d324618fbc78b0acf042a84b04c146975106b73b0342f279c,Opel,Grand Land,,Topline,2026,jsonld:bodyType,bodyType,SUV,json-ld
ContactCars,https://www.contactcars.com/en/new-cars/opel-grand_land/136512896a09,"Fri, 25 Sep 2026 12:32:58 GMT",5bfc448b318ed83d324618fbc78b0acf042a84b04c146975106b73b0342f279c,Opel,Grand Land,,Topline,2026,jsonld:assembly_country,assembly_country,Germany,json-ld
ContactCars,https://www.contactcars.com/en/new-cars/opel-grand_land/136512896a09,"Fri, 25 Sep 2026 12:32:58 GMT",5bfc448b318ed83d324618fbc78b0acf042a84b04c146975106b73b0342f279c,Opel,Grand Land,,Topline,2026,1cff89624677,Vehicle Size Class,Compact,spec-table
ContactCars,https://www.contactcars.com/en/new-cars/opel-grand_land/136512896a09,"Fri, 25 Sep 2026 12:32:58 GMT",5bfc448b318ed83d324618fbc78b0acf042a84b04c146975106b73b0342f279c,Opel,Grand Land,,Topline,2026,5bedd1146e88,Body Style,SUV,spec-table
ContactCars,https://www.contactcars.com/en/new-cars/opel-grand_land/136512896a09,"Fri, 25 Sep 2026 12:32:58 GMT",5bfc448b318ed83d324618fbc78b0acf042a84b04c146975106b73b0342f279c,Opel,Grand Land,,Topline,2026,13a10f395a87,Number of Doors,5,spec-table
ContactCars,https://www.contactcars.com/en/new-cars/opel-grand_land/136512896a09,"Fri, 25 Sep 2026 12:32:58 GMT",5bfc448b318ed83d324618fbc78b0acf042a84b04c146975106b73b0342f279c,Opel,Grand Land,,Topline,2026,60199ad52a420993a3e82387,Number of Seats,5,spec-table
ContactCars,https://www.contactcars.com/en/new-cars/opel-grand_land/136512896a09,"Fri, 25 Sep 2026 12:32:58 GMT",5bfc448b318ed83d324618fbc78b0acf042a84b04c146975106b73b0342f279c,Opel,Grand Land,,Topline,2026,60199ad52a420993a3e823a4,Rear Trunk Capacity (Liter),550,spec-table
ContactCars,https://www.contactcars.com/en/new-cars/opel-grand_land/136512896a09,"Fri, 25 Sep 2026 12:32:58 GMT",5bfc448b318ed83d324618fbc78b0acf042a84b04c146975106b73b0342f279c,Opel,Grand Land,,Topline,2026,2cd960af118a,"Rear Trunk Capacity, Seats Folded (Liter)",1645,spec-table
ContactCars,https://www.contactcars.com/en/new-cars/opel-grand_land/136512896a09,"Fri, 25 Sep 2026 12:32:58 GMT",5bfc448b318ed83d324618fbc78b0acf042a84b04c146975106b73b0342f279c,Opel,Grand Land,,Topline,2026,603647429f57461ab1a74148,Length (mm),4650,spec-table
ContactCars,https://www.contactcars.com/en/new-cars/opel-grand_land/136512896a09,"Fri, 25 Sep 2026 12:32:58 GMT",5bfc448b318ed83d324618fbc78b0acf042a84b04c146975106b73b0342f279c,Opel,Grand Land,,Topline,2026,6036477d9f57461ab1a74149,Width (mm),2108,spec-table
ContactCars,https://www.contactcars.com/en/new-cars/opel-grand_land/136512896a09,"Fri, 25 Sep 2026 12:32:58 GMT",5bfc448b318ed83d324618fbc78b0acf042a84b04c146975106b73b0342f279c,Opel,Grand Land,,Topline,2026,603647a49f57461ab1a7414a,Height (mm),1657,spec-table
ContactCars,https://www.contactcars.com/en/new-cars/opel-grand_land/136512896a09,"Fri, 25 Sep 2026 12:32:58 GMT",5bfc448b318ed83d324618fbc78b0acf042a84b04c146975106b73b0342f279c,Opel,Grand Land,,Topline,2026,6033cae86136e6f66151c687,Wheelbase (mm),2784,spec-table
ContactCars,https://www.contactcars.com/en/new-cars/opel-grand_land/136512896a09,"Fri, 25 Sep 2026 12:32:58 GMT",5bfc448b318ed83d324618fbc78b0acf042a84b04c146975106b73b0342f279c,Opel,Grand Land,,Topline,2026,6033cbc86136e6f66151c688,Ground Clearance (mm),199,spec-table
ContactCars,https://www.contactcars.com/en/new-cars/opel-grand_land/136512896a09,"Fri, 25 Sep 2026 12:32:58 GMT",5bfc448b318ed83d324618fbc78b0acf042a84b04c146975106b73b0342f279c,Opel,Grand Land,,Topline,2026,2ac833f18334,Turning Radius (m),5٫45,spec-table
ContactCars,https://www.contactcars.com/en/new-cars/opel-grand_land/136512896a09,"Fri, 25 Sep 2026 12:32:58 GMT",5bfc448b318ed83d324618fbc78b0acf042a84b04c146975106b73b0342f279c,Opel,Grand Land,,Topline,2026,6244612fba30183d7791942e,Curb Weight (KG),"1,360",spec-table
ContactCars,https://www.contactcars.com/en/new-cars/opel-grand_land/136512896a09,"Fri, 25 Sep 2026 12:32:58 GMT",5bfc448b318ed83d324618fbc78b0acf042a84b04c146975106b73b0342f279c,Opel,Grand Land,,Topline,2026,624443c0ba30183d77919424,Generation,3st,spec-table
ContactCars,https://www.contactcars.com/en/new-cars/opel-grand_land/136512896a09,"Fri, 25 Sep 2026 12:32:58 GMT",5bfc448b318ed83d324618fbc78b0acf042a84b04c146975106b73b0342f279c,Opel,Grand Land,,Topline,2026,1b9f93607f48,Powertrain Type,ICE (Petrol),spec-table
ContactCars,https://www.contactcars.com/en/new-cars/opel-grand_land/136512896a09,"Fri, 25 Sep 2026 12:32:58 GMT",5bfc448b318ed83d324618fbc78b0acf042a84b04c146975106b73b0342f279c,Opel,Grand Land,,Topline,2026,60199ad52a420993a3e82353,Combined Maximum Power (HP @ RPM),180/5500,spec-table
ContactCars,https://www.contactcars.com/en/new-cars/opel-grand_land/136512896a09,"Fri, 25 Sep 2026 12:32:58 GMT",5bfc448b318ed83d324618fbc78b0acf042a84b04c146975106b73b0342f279c,Opel,Grand Land,,Topline,2026,60199ad52a420993a3e82354,Combined Maximum Torque (N.m @ RPM),300/1400,spec-table
ContactCars,https://www.contactcars.com/en/new-cars/opel-grand_land/136512896a09,"Fri, 25 Sep 2026 12:32:58 GMT",5bfc448b318ed83d324618fbc78b0acf042a84b04c146975106b73b0342f279c,Opel,Grand Land,,Topline,2026,60199ad52a420993a3e82357,Maximum Speed (Km/h),210,spec-table
ContactCars,https://www.contactcars.com/en/new-cars/opel-grand_land/136512896a09,"Fri, 25 Sep 2026 12:32:58 GMT",5bfc448b318ed83d324618fbc78b0acf042a84b04c146975106b73b0342f279c,Opel,Grand Land,,Topline,2026,60199ad52a420993a3e82355,Acceleration (0 - 100 km/h),8٫6,spec-table
ContactCars,https://www.contactcars.com/en/new-cars/opel-grand_land/136512896a09,"Fri, 25 Sep 2026 12:32:58 GMT",5bfc448b318ed83d324618fbc78b0acf042a84b04c146975106b73b0342f279c,Opel,Grand Land,,Topline,2026,58d892830a3e,Max Speed Km/h,210,spec-table
ContactCars,https://www.contactcars.com/en/new-cars/opel-grand_land/136512896a09,"Fri, 25 Sep 2026 12:32:58 GMT",5bfc448b318ed83d324618fbc78b0acf042a84b04c146975106b73b0342f279c,Opel,Grand Land,,Topline,2026,60199ad52a420993a3e82359,Fuel Tank Capacity (Litre),54,spec-table
ContactCars,https://www.contactcars.com/en/new-cars/opel-grand_land/136512896a09,"Fri, 25 Sep 2026 12:32:58 GMT",5bfc448b318ed83d324618fbc78b0acf042a84b04c146975106b73b0342f279c,Opel,Grand Land,,Topline,2026,60199ad52a420993a3e82356,Combined Fuel/Energy Consumption (Liter/100 KM),7٫7,spec-table
ContactCars,https://www.contactcars.com/en/new-cars/opel-grand_land/136512896a09,"Fri, 25 Sep 2026 12:32:58 GMT",5bfc448b318ed83d324618fbc78b0acf042a84b04c146975106b73b0342f279c,Opel,Grand Land,,Topline,2026,bc8f5919d91f,Engine Type,Inline-4,spec-table
ContactCars,https://www.contactcars.com/en/new-cars/opel-grand_land/136512896a09,"Fri, 25 Sep 2026 12:32:58 GMT",5bfc448b318ed83d324618fbc78b0acf042a84b04c146975106b73b0342f279c,Opel,Grand Land,,Topline,2026,0922a30a7f46,Engine Function,Drive Wheels,spec-table
ContactCars,https://www.contactcars.com/en/new-cars/opel-grand_land/136512896a09,"Fri, 25 Sep 2026 12:32:58 GMT",5bfc448b318ed83d324618fbc78b0acf042a84b04c146975106b73b0342f279c,Opel,Grand Land,,Topline,2026,60199ad52a420993a3e82352,Cylinders,4,spec-table
ContactCars,https://www.contactcars.com/en/new-cars/opel-grand_land/136512896a09,"Fri, 25 Sep 2026 12:32:58 GMT",5bfc448b318ed83d324618fbc78b0acf042a84b04c146975106b73b0342f279c,Opel,Grand Land,,Topline,2026,62445feaba30183d7791942d,Engine Capacity (CC),1600,spec-table
ContactCars,https://www.contactcars.com/en/new-cars/opel-grand_land/136512896a09,"Fri, 25 Sep 2026 12:32:58 GMT",5bfc448b318ed83d324618fbc78b0acf042a84b04c146975106b73b0342f279c,Opel,Grand Land,,Topline,2026,6244616cba30183d7791942f,Induction Type,Turbocharged,spec-table
ContactCars,https://www.contactcars.com/en/new-cars/opel-grand_land/136512896a09,"Fri, 25 Sep 2026 12:32:58 GMT",5bfc448b318ed83d324618fbc78b0acf042a84b04c146975106b73b0342f279c,Opel,Grand Land,,Topline,2026,626916559ba5,Maximum Power Output (hp),180,spec-table
ContactCars,https://www.contactcars.com/en/new-cars/opel-grand_land/136512896a09,"Fri, 25 Sep 2026 12:32:58 GMT",5bfc448b318ed83d324618fbc78b0acf042a84b04c146975106b73b0342f279c,Opel,Grand Land,,Topline,2026,60d3a866c259,Maximum Torque (Nm),300,spec-table
ContactCars,https://www.contactcars.com/en/new-cars/opel-grand_land/136512896a09,"Fri, 25 Sep 2026 12:32:58 GMT",5bfc448b318ed83d324618fbc78b0acf042a84b04c146975106b73b0342f279c,Opel,Grand Land,,Topline,2026,62445f6cba30183d7791942c,Engine Layout,Front,spec-table
ContactCars,https://www.contactcars.com/en/new-cars/opel-grand_land/136512896a09,"Fri, 25 Sep 2026 12:32:58 GMT",5bfc448b318ed83d324618fbc78b0acf042a84b04c146975106b73b0342f279c,Opel,Grand Land,,Topline,2026,ae3798f5fd83,Drivetrain Type,FWD (Front-Wheel Drive),spec-table
ContactCars,https://www.contactcars.com/en/new-cars/opel-grand_land/136512896a09,"Fri, 25 Sep 2026 12:32:58 GMT",5bfc448b318ed83d324618fbc78b0acf042a84b04c146975106b73b0342f279c,Opel,Grand Land,,Topline,2026,fd8d1904b500,Transmission Type,Automatic,spec-table
ContactCars,https://www.contactcars.com/en/new-cars/opel-grand_land/136512896a09,"Fri, 25 Sep 2026 12:32:58 GMT",5bfc448b318ed83d324618fbc78b0acf042a84b04c146975106b73b0342f279c,Opel,Grand Land,,Topline,2026,5229867ce0fa,Transmission Technology,Automatic (Torque Converter),spec-table
ContactCars,https://www.contactcars.com/en/new-cars/opel-grand_land/136512896a09,"Fri, 25 Sep 2026 12:32:58 GMT",5bfc448b318ed83d324618fbc78b0acf042a84b04c146975106b73b0342f279c,Opel,Grand Land,,Topline,2026,60199ad52a420993a3e8235a,Number of Gears,6,spec-table
ContactCars,https://www.contactcars.com/en/new-cars/opel-grand_land/136512896a09,"Fri, 25 Sep 2026 12:32:58 GMT",5bfc448b318ed83d324618fbc78b0acf042a84b04c146975106b73b0342f279c,Opel,Grand Land,,Topline,2026,60199ad52a420993a3e82385,Steering Wheel,Leather,spec-table
ContactCars,https://www.contactcars.com/en/new-cars/opel-grand_land/136512896a09,"Fri, 25 Sep 2026 12:32:58 GMT",5bfc448b318ed83d324618fbc78b0acf042a84b04c146975106b73b0342f279c,Opel,Grand Land,,Topline,2026,60199ad52a420993a3e8235d,Power Steering Type,Electric,spec-table
ContactCars,https://www.contactcars.com/en/new-cars/opel-grand_land/136512896a09,"Fri, 25 Sep 2026 12:32:58 GMT",5bfc448b318ed83d324618fbc78b0acf042a84b04c146975106b73b0342f279c,Opel,Grand Land,,Topline,2026,e78c472170c2,Front Suspension Type,MacPherson,spec-table
ContactCars,https://www.contactcars.com/en/new-cars/opel-grand_land/136512896a09,"Fri, 25 Sep 2026 12:32:58 GMT",5bfc448b318ed83d324618fbc78b0acf042a84b04c146975106b73b0342f279c,Opel,Grand Land,,Topline,2026,d7a33f9ff1ff,Rear Suspension Type,Multi-Link,spec-table
ContactCars,https://www.contactcars.com/en/new-cars/opel-grand_land/136512896a09,"Fri, 25 Sep 2026 12:32:58 GMT",5bfc448b318ed83d324618fbc78b0acf042a84b04c146975106b73b0342f279c,Opel,Grand Land,,Topline,2026,58f344b6ff55,Front Brakes Type,Ventilated Disc Brakes,spec-table
ContactCars,https://www.contactcars.com/en/new-cars/opel-grand_land/136512896a09,"Fri, 25 Sep 2026 12:32:58 GMT",5bfc448b318ed83d324618fbc78b0acf042a84b04c146975106b73b0342f279c,Opel,Grand Land,,Topline,2026,eb24327dbe4e,Rear Brakes Type,Solid Disc Brakes,spec-table
ContactCars,https://www.contactcars.com/en/new-cars/opel-grand_land/136512896a09,"Fri, 25 Sep 2026 12:32:58 GMT",5bfc448b318ed83d324618fbc78b0acf042a84b04c146975106b73b0342f279c,Opel,Grand Land,,Topline,2026,4ed8405e7e5b,Hand Brake Type,Electronic,spec-table
ContactCars,https://www.contactcars.com/en/new-cars/opel-grand_land/136512896a09,"Fri, 25 Sep 2026 12:32:58 GMT",5bfc448b318ed83d324618fbc78b0acf042a84b04c146975106b73b0342f279c,Opel,Grand Land,,Topline,2026,d4b30096d663,Wheel Type,Alloy,spec-table
ContactCars,https://www.contactcars.com/en/new-cars/opel-grand_land/136512896a09,"Fri, 25 Sep 2026 12:32:58 GMT",5bfc448b318ed83d324618fbc78b0acf042a84b04c146975106b73b0342f279c,Opel,Grand Land,,Topline,2026,1831c41b7b17,Front Wheel Size,19,spec-table
ContactCars,https://www.contactcars.com/en/new-cars/opel-grand_land/136512896a09,"Fri, 25 Sep 2026 12:32:58 GMT",5bfc448b318ed83d324618fbc78b0acf042a84b04c146975106b73b0342f279c,Opel,Grand Land,,Topline,2026,1f4797b49117,Rear Wheel Size,19,spec-table
ContactCars,https://www.contactcars.com/en/new-cars/opel-grand_land/136512896a09,"Fri, 25 Sep 2026 12:32:58 GMT",5bfc448b318ed83d324618fbc78b0acf042a84b04c146975106b73b0342f279c,Opel,Grand Land,,Topline,2026,60199ad52a420993a3e82372,Front Tire Size,225/55 R19,spec-table
ContactCars,https://www.contactcars.com/en/new-cars/opel-grand_land/136512896a09,"Fri, 25 Sep 2026 12:32:58 GMT",5bfc448b318ed83d324618fbc78b0acf042a84b04c146975106b73b0342f279c,Opel,Grand Land,,Topline,2026,2076fe4abba4,Rear Tire Size,225/55 R19,spec-table
ContactCars,https://www.contactcars.com/en/new-cars/opel-grand_land/136512896a09,"Fri, 25 Sep 2026 12:32:58 GMT",5bfc448b318ed83d324618fbc78b0acf042a84b04c146975106b73b0342f279c,Opel,Grand Land,,Topline,2026,cb68666c87e5,Tire Type,All-Season,spec-table
ContactCars,https://www.contactcars.com/en/new-cars/opel-grand_land/136512896a09,"Fri, 25 Sep 2026 12:32:58 GMT",5bfc448b318ed83d324618fbc78b0acf042a84b04c146975106b73b0342f279c,Opel,Grand Land,,Topline,2026,56a59f46e398,Euro NCAP Results,4,spec-table
ContactCars,https://www.contactcars.com/en/new-cars/opel-grand_land/136512896a09,"Fri, 25 Sep 2026 12:32:58 GMT",5bfc448b318ed83d324618fbc78b0acf042a84b04c146975106b73b0342f279c,Opel,Grand Land,,Topline,2026,60199ad52a420993a3e8236a,Airbag Count,6,spec-table
ContactCars,https://www.contactcars.com/en/new-cars/opel-grand_land/136512896a09,"Fri, 25 Sep 2026 12:32:58 GMT",5bfc448b318ed83d324618fbc78b0acf042a84b04c146975106b73b0342f279c,Opel,Grand Land,,Topline,2026,72fbbbfbb11f,Seat Upholestry,Partial Leather,spec-table
ContactCars,https://www.contactcars.com/en/new-cars/opel-grand_land/136512896a09,"Fri, 25 Sep 2026 12:32:58 GMT",5bfc448b318ed83d324618fbc78b0acf042a84b04c146975106b73b0342f279c,Opel,Grand Land,,Topline,2026,40e24a4a83e0,Gearbox Selector,Shift By Wire,spec-table
ContactCars,https://www.contactcars.com/en/new-cars/opel-grand_land/136512896a09,"Fri, 25 Sep 2026 12:32:58 GMT",5bfc448b318ed83d324618fbc78b0acf042a84b04c146975106b73b0342f279c,Opel,Grand Land,,Topline,2026,60199ad52a420993a3e82383,Ambient Lighting,Multi Color,spec-table
ContactCars,https://www.contactcars.com/en/new-cars/opel-grand_land/136512896a09,"Fri, 25 Sep 2026 12:32:58 GMT",5bfc448b318ed83d324618fbc78b0acf042a84b04c146975106b73b0342f279c,Opel,Grand Land,,Topline,2026,60199ad52a420993a3e8238f,Driver Seat,Manual,spec-table
ContactCars,https://www.contactcars.com/en/new-cars/opel-grand_land/136512896a09,"Fri, 25 Sep 2026 12:32:58 GMT",5bfc448b318ed83d324618fbc78b0acf042a84b04c146975106b73b0342f279c,Opel,Grand Land,,Topline,2026,625be8b2b21da3ebf03c43b0,Upholstery, Leather/Cloth Dark Grey Inserts G,spec-table
ContactCars,https://www.contactcars.com/en/new-cars/opel-grand_land/136512896a09,"Fri, 25 Sep 2026 12:32:58 GMT",5bfc448b318ed83d324618fbc78b0acf042a84b04c146975106b73b0342f279c,Opel,Grand Land,,Topline,2026,d9630e463440,Center Information Display,16,spec-table
ContactCars,https://www.contactcars.com/en/new-cars/opel-grand_land/136512896a09,"Fri, 25 Sep 2026 12:32:58 GMT",5bfc448b318ed83d324618fbc78b0acf042a84b04c146975106b73b0342f279c,Opel,Grand Land,,Topline,2026,60199ad52a420993a3e8239d,Infotainment Display Size,16 بوصة تعمل باللمس,spec-table
ContactCars,https://www.contactcars.com/en/new-cars/opel-grand_land/136512896a09,"Fri, 25 Sep 2026 12:32:58 GMT",5bfc448b318ed83d324618fbc78b0acf042a84b04c146975106b73b0342f279c,Opel,Grand Land,,Topline,2026,60199ad52a420993a3e8237c,Instrument Cluster Type,Digital,spec-table
ContactCars,https://www.contactcars.com/en/new-cars/opel-grand_land/136512896a09,"Fri, 25 Sep 2026 12:32:58 GMT",5bfc448b318ed83d324618fbc78b0acf042a84b04c146975106b73b0342f279c,Opel,Grand Land,,Topline,2026,75fe2b7d7bc2,Instrument Cluster Size,10 بوصة,spec-table
ContactCars,https://www.contactcars.com/en/new-cars/opel-grand_land/136512896a09,"Fri, 25 Sep 2026 12:32:58 GMT",5bfc448b318ed83d324618fbc78b0acf042a84b04c146975106b73b0342f279c,Opel,Grand Land,,Topline,2026,60199ad52a420993a3e8239c,Smartphone Integration,Android Auto/Apple Car Play,spec-table
ContactCars,https://www.contactcars.com/en/new-cars/opel-grand_land/136512896a09,"Fri, 25 Sep 2026 12:32:58 GMT",5bfc448b318ed83d324618fbc78b0acf042a84b04c146975106b73b0342f279c,Opel,Grand Land,,Topline,2026,60199ad52a420993a3e823a2,Number of Speakers,6,spec-table
ContactCars,https://www.contactcars.com/en/new-cars/opel-grand_land/136512896a09,"Fri, 25 Sep 2026 12:32:58 GMT",5bfc448b318ed83d324618fbc78b0acf042a84b04c146975106b73b0342f279c,Opel,Grand Land,,Topline,2026,858d92859fe6,Foglights,LED,spec-table
ContactCars,https://www.contactcars.com/en/new-cars/opel-grand_land/136512896a09,"Fri, 25 Sep 2026 12:32:58 GMT",5bfc448b318ed83d324618fbc78b0acf042a84b04c146975106b73b0342f279c,Opel,Grand Land,,Topline,2026,60199ad52a420993a3e82376,Rims,R19 Alloy,spec-table
ContactCars,https://www.contactcars.com/en/new-cars/opel-grand_land/136512896a09,"Fri, 25 Sep 2026 12:32:58 GMT",5bfc448b318ed83d324618fbc78b0acf042a84b04c146975106b73b0342f279c,Opel,Grand Land,,Topline,2026,60199ad52a420993a3e8236d,Headlamps,Matrix LED,spec-table
ContactCars,https://www.contactcars.com/en/new-cars/opel-grand_land/136512896a09,"Fri, 25 Sep 2026 12:32:58 GMT",5bfc448b318ed83d324618fbc78b0acf042a84b04c146975106b73b0342f279c,Opel,Grand Land,,Topline,2026,60199ad52a420993a3e8236e,Tail Lights,LED,spec-table
ContactCars,https://www.contactcars.com/en/new-cars/opel-grand_land/136512896a09,"Fri, 25 Sep 2026 12:32:58 GMT",5bfc448b318ed83d324618fbc78b0acf042a84b04c146975106b73b0342f279c,Opel,Grand Land,,Topline,2026,62448521ba30183d77919447,Body Stitching,Two-Tone Black Painted Roof,spec-table
ContactCars,https://www.contactcars.com/en/new-cars/opel-grand_land/136512896a09,"Fri, 25 Sep 2026 12:32:58 GMT",5bfc448b318ed83d324618fbc78b0acf042a84b04c146975106b73b0342f279c,Opel,Grand Land,,Topline,2026,62a5f51c3b190c24efacbe38,Basic Vehicle Warranty," Five Years Or 150,000kms",spec-table
ContactCars,https://www.contactcars.com/en/new-cars/opel-grand_land/acf0e0469c29,"Fri, 25 Sep 2026 12:32:59 GMT",1048c4957936ed8ac0c36906d7530eca4b90d434d820d550085aff36906e0aac,Opel,Grand Land,,Topline Plus,2026,jsonld:offer_price_egp,offer_price_egp,2100000,json-ld
ContactCars,https://www.contactcars.com/en/new-cars/opel-grand_land/acf0e0469c29,"Fri, 25 Sep 2026 12:32:59 GMT",1048c4957936ed8ac0c36906d7530eca4b90d434d820d550085aff36906e0aac,Opel,Grand Land,,Topline Plus,2026,jsonld:fuelType,fuelType,Gas,json-ld
ContactCars,https://www.contactcars.com/en/new-cars/opel-grand_land/acf0e0469c29,"Fri, 25 Sep 2026 12:32:59 GMT",1048c4957936ed8ac0c36906d7530eca4b90d434d820d550085aff36906e0aac,Opel,Grand Land,,Topline Plus,2026,jsonld:engineDisplacement,engineDisplacement,1600,json-ld
ContactCars,https://www.contactcars.com/en/new-cars/opel-grand_land/acf0e0469c29,"Fri, 25 Sep 2026 12:32:59 GMT",1048c4957936ed8ac0c36906d7530eca4b90d434d820d550085aff36906e0aac,Opel,Grand Land,,Topline Plus,2026,jsonld:vehicleTransmission,vehicleTransmission,Automatic,json-ld
ContactCars,https://www.contactcars.com/en/new-cars/opel-grand_land/acf0e0469c29,"Fri, 25 Sep 2026 12:32:59 GMT",1048c4957936ed8ac0c36906d7530eca4b90d434d820d550085aff36906e0aac,Opel,Grand Land,,Topline Plus,2026,jsonld:bodyType,bodyType,SUV,json-ld
ContactCars,https://www.contactcars.com/en/new-cars/opel-grand_land/acf0e0469c29,"Fri, 25 Sep 2026 12:32:59 GMT",1048c4957936ed8ac0c36906d7530eca4b90d434d820d550085aff36906e0aac,Opel,Grand Land,,Topline Plus,2026,jsonld:assembly_country,assembly_country,Germany,json-ld
ContactCars,https://www.contactcars.com/en/new-cars/opel-grand_land/acf0e0469c29,"Fri, 25 Sep 2026 12:32:59 GMT",1048c4957936ed8ac0c36906d7530eca4b90d434d820d550085aff36906e0aac,Opel,Grand Land,,Topline Plus,2026,1cff89624677,Vehicle Size Class,Compact,spec-table
ContactCars,https://www.contactcars.com/en/new-cars/opel-grand_land/acf0e0469c29,"Fri, 25 Sep 2026 12:32:59 GMT",1048c4957936ed8ac0c36906d7530eca4b90d434d820d550085aff36906e0aac,Opel,Grand Land,,Topline Plus,2026,5bedd1146e88,Body Style,SUV,spec-table
ContactCars,https://www.contactcars.com/en/new-cars/opel-grand_land/acf0e0469c29,"Fri, 25 Sep 2026 12:32:59 GMT",1048c4957936ed8ac0c36906d7530eca4b90d434d820d550085aff36906e0aac,Opel,Grand Land,,Topline Plus,2026,13a10f395a87,Number of Doors,5,spec-table
ContactCars,https://www.contactcars.com/en/new-cars/opel-grand_land/acf0e0469c29,"Fri, 25 Sep 2026 12:32:59 GMT",1048c4957936ed8ac0c36906d7530eca4b90d434d820d550085aff36906e0aac,Opel,Grand Land,,Topline Plus,2026,60199ad52a420993a3e82387,Number of Seats,5,spec-table
ContactCars,https://www.contactcars.com/en/new-cars/opel-grand_land/acf0e0469c29,"Fri, 25 Sep 2026 12:32:59 GMT",1048c4957936ed8ac0c36906d7530eca4b90d434d820d550085aff36906e0aac,Opel,Grand Land,,Topline Plus,2026,60199ad52a420993a3e823a4,Rear Trunk Capacity (Liter),550,spec-table
ContactCars,https://www.contactcars.com/en/new-cars/opel-grand_land/acf0e0469c29,"Fri, 25 Sep 2026 12:32:59 GMT",1048c4957936ed8ac0c36906d7530eca4b90d434d820d550085aff36906e0aac,Opel,Grand Land,,Topline Plus,2026,2cd960af118a,"Rear Trunk Capacity, Seats Folded (Liter)",1645,spec-table
ContactCars,https://www.contactcars.com/en/new-cars/opel-grand_land/acf0e0469c29,"Fri, 25 Sep 2026 12:32:59 GMT",1048c4957936ed8ac0c36906d7530eca4b90d434d820d550085aff36906e0aac,Opel,Grand Land,,Topline Plus,2026,603647429f57461ab1a74148,Length (mm),4650,spec-table
ContactCars,https://www.contactcars.com/en/new-cars/opel-grand_land/acf0e0469c29,"Fri, 25 Sep 2026 12:32:59 GMT",1048c4957936ed8ac0c36906d7530eca4b90d434d820d550085aff36906e0aac,Opel,Grand Land,,Topline Plus,2026,6036477d9f57461ab1a74149,Width (mm),2108,spec-table
ContactCars,https://www.contactcars.com/en/new-cars/opel-grand_land/acf0e0469c29,"Fri, 25 Sep 2026 12:32:59 GMT",1048c4957936ed8ac0c36906d7530eca4b90d434d820d550085aff36906e0aac,Opel,Grand Land,,Topline Plus,2026,603647a49f57461ab1a7414a,Height (mm),1657,spec-table
ContactCars,https://www.contactcars.com/en/new-cars/opel-grand_land/acf0e0469c29,"Fri, 25 Sep 2026 12:32:59 GMT",1048c4957936ed8ac0c36906d7530eca4b90d434d820d550085aff36906e0aac,Opel,Grand Land,,Topline Plus,2026,6033cae86136e6f66151c687,Wheelbase (mm),2784,spec-table
ContactCars,https://www.contactcars.com/en/new-cars/opel-grand_land/acf0e0469c29,"Fri, 25 Sep 2026 12:32:59 GMT",1048c4957936ed8ac0c36906d7530eca4b90d434d820d550085aff36906e0aac,Opel,Grand Land,,Topline Plus,2026,6033cbc86136e6f66151c688,Ground Clearance (mm),199,spec-table
ContactCars,https://www.contactcars.com/en/new-cars/opel-grand_land/acf0e0469c29,"Fri, 25 Sep 2026 12:32:59 GMT",1048c4957936ed8ac0c36906d7530eca4b90d434d820d550085aff36906e0aac,Opel,Grand Land,,Topline Plus,2026,2ac833f18334,Turning Radius (m),5٫45,spec-table
ContactCars,https://www.contactcars.com/en/new-cars/opel-grand_land/acf0e0469c29,"Fri, 25 Sep 2026 12:32:59 GMT",1048c4957936ed8ac0c36906d7530eca4b90d434d820d550085aff36906e0aac,Opel,Grand Land,,Topline Plus,2026,6244612fba30183d7791942e,Curb Weight (KG),"1,360",spec-table
ContactCars,https://www.contactcars.com/en/new-cars/opel-grand_land/acf0e0469c29,"Fri, 25 Sep 2026 12:32:59 GMT",1048c4957936ed8ac0c36906d7530eca4b90d434d820d550085aff36906e0aac,Opel,Grand Land,,Topline Plus,2026,624443c0ba30183d77919424,Generation,3st,spec-table
ContactCars,https://www.contactcars.com/en/new-cars/opel-grand_land/acf0e0469c29,"Fri, 25 Sep 2026 12:32:59 GMT",1048c4957936ed8ac0c36906d7530eca4b90d434d820d550085aff36906e0aac,Opel,Grand Land,,Topline Plus,2026,1b9f93607f48,Powertrain Type,ICE (Petrol),spec-table
ContactCars,https://www.contactcars.com/en/new-cars/opel-grand_land/acf0e0469c29,"Fri, 25 Sep 2026 12:32:59 GMT",1048c4957936ed8ac0c36906d7530eca4b90d434d820d550085aff36906e0aac,Opel,Grand Land,,Topline Plus,2026,60199ad52a420993a3e82353,Combined Maximum Power (HP @ RPM),180/5500,spec-table
ContactCars,https://www.contactcars.com/en/new-cars/opel-grand_land/acf0e0469c29,"Fri, 25 Sep 2026 12:32:59 GMT",1048c4957936ed8ac0c36906d7530eca4b90d434d820d550085aff36906e0aac,Opel,Grand Land,,Topline Plus,2026,60199ad52a420993a3e82354,Combined Maximum Torque (N.m @ RPM),300/1400,spec-table
ContactCars,https://www.contactcars.com/en/new-cars/opel-grand_land/acf0e0469c29,"Fri, 25 Sep 2026 12:32:59 GMT",1048c4957936ed8ac0c36906d7530eca4b90d434d820d550085aff36906e0aac,Opel,Grand Land,,Topline Plus,2026,60199ad52a420993a3e82357,Maximum Speed (Km/h),210,spec-table
ContactCars,https://www.contactcars.com/en/new-cars/opel-grand_land/acf0e0469c29,"Fri, 25 Sep 2026 12:32:59 GMT",1048c4957936ed8ac0c36906d7530eca4b90d434d820d550085aff36906e0aac,Opel,Grand Land,,Topline Plus,2026,60199ad52a420993a3e82355,Acceleration (0 - 100 km/h),8٫6,spec-table
ContactCars,https://www.contactcars.com/en/new-cars/opel-grand_land/acf0e0469c29,"Fri, 25 Sep 2026 12:32:59 GMT",1048c4957936ed8ac0c36906d7530eca4b90d434d820d550085aff36906e0aac,Opel,Grand Land,,Topline Plus,2026,58d892830a3e,Max Speed Km/h,210,spec-table
ContactCars,https://www.contactcars.com/en/new-cars/opel-grand_land/acf0e0469c29,"Fri, 25 Sep 2026 12:32:59 GMT",1048c4957936ed8ac0c36906d7530eca4b90d434d820d550085aff36906e0aac,Opel,Grand Land,,Topline Plus,2026,60199ad52a420993a3e82359,Fuel Tank Capacity (Litre),54,spec-table
ContactCars,https://www.contactcars.com/en/new-cars/opel-grand_land/acf0e0469c29,"Fri, 25 Sep 2026 12:32:59 GMT",1048c4957936ed8ac0c36906d7530eca4b90d434d820d550085aff36906e0aac,Opel,Grand Land,,Topline Plus,2026,60199ad52a420993a3e82356,Combined Fuel/Energy Consumption (Liter/100 KM),7٫7,spec-table
ContactCars,https://www.contactcars.com/en/new-cars/opel-grand_land/acf0e0469c29,"Fri, 25 Sep 2026 12:32:59 GMT",1048c4957936ed8ac0c36906d7530eca4b90d434d820d550085aff36906e0aac,Opel,Grand Land,,Topline Plus,2026,bc8f5919d91f,Engine Type,Inline-4,spec-table
ContactCars,https://www.contactcars.com/en/new-cars/opel-grand_land/acf0e0469c29,"Fri, 25 Sep 2026 12:32:59 GMT",1048c4957936ed8ac0c36906d7530eca4b90d434d820d550085aff36906e0aac,Opel,Grand Land,,Topline Plus,2026,0922a30a7f46,Engine Function,Drive Wheels,spec-table
ContactCars,https://www.contactcars.com/en/new-cars/opel-grand_land/acf0e0469c29,"Fri, 25 Sep 2026 12:32:59 GMT",1048c4957936ed8ac0c36906d7530eca4b90d434d820d550085aff36906e0aac,Opel,Grand Land,,Topline Plus,2026,60199ad52a420993a3e82352,Cylinders,4,spec-table
ContactCars,https://www.contactcars.com/en/new-cars/opel-grand_land/acf0e0469c29,"Fri, 25 Sep 2026 12:32:59 GMT",1048c4957936ed8ac0c36906d7530eca4b90d434d820d550085aff36906e0aac,Opel,Grand Land,,Topline Plus,2026,62445feaba30183d7791942d,Engine Capacity (CC),1600,spec-table
ContactCars,https://www.contactcars.com/en/new-cars/opel-grand_land/acf0e0469c29,"Fri, 25 Sep 2026 12:32:59 GMT",1048c4957936ed8ac0c36906d7530eca4b90d434d820d550085aff36906e0aac,Opel,Grand Land,,Topline Plus,2026,6244616cba30183d7791942f,Induction Type,Turbocharged,spec-table
ContactCars,https://www.contactcars.com/en/new-cars/opel-grand_land/acf0e0469c29,"Fri, 25 Sep 2026 12:32:59 GMT",1048c4957936ed8ac0c36906d7530eca4b90d434d820d550085aff36906e0aac,Opel,Grand Land,,Topline Plus,2026,626916559ba5,Maximum Power Output (hp),180,spec-table
ContactCars,https://www.contactcars.com/en/new-cars/opel-grand_land/acf0e0469c29,"Fri, 25 Sep 2026 12:32:59 GMT",1048c4957936ed8ac0c36906d7530eca4b90d434d820d550085aff36906e0aac,Opel,Grand Land,,Topline Plus,2026,60d3a866c259,Maximum Torque (Nm),300,spec-table
ContactCars,https://www.contactcars.com/en/new-cars/opel-grand_land/acf0e0469c29,"Fri, 25 Sep 2026 12:32:59 GMT",1048c4957936ed8ac0c36906d7530eca4b90d434d820d550085aff36906e0aac,Opel,Grand Land,,Topline Plus,2026,62445f6cba30183d7791942c,Engine Layout,Front,spec-table
ContactCars,https://www.contactcars.com/en/new-cars/opel-grand_land/acf0e0469c29,"Fri, 25 Sep 2026 12:32:59 GMT",1048c4957936ed8ac0c36906d7530eca4b90d434d820d550085aff36906e0aac,Opel,Grand Land,,Topline Plus,2026,ae3798f5fd83,Drivetrain Type,FWD (Front-Wheel Drive),spec-table
ContactCars,https://www.contactcars.com/en/new-cars/opel-grand_land/acf0e0469c29,"Fri, 25 Sep 2026 12:32:59 GMT",1048c4957936ed8ac0c36906d7530eca4b90d434d820d550085aff36906e0aac,Opel,Grand Land,,Topline Plus,2026,fd8d1904b500,Transmission Type,Automatic,spec-table
ContactCars,https://www.contactcars.com/en/new-cars/opel-grand_land/acf0e0469c29,"Fri, 25 Sep 2026 12:32:59 GMT",1048c4957936ed8ac0c36906d7530eca4b90d434d820d550085aff36906e0aac,Opel,Grand Land,,Topline Plus,2026,5229867ce0fa,Transmission Technology,Automatic (Torque Converter),spec-table
ContactCars,https://www.contactcars.com/en/new-cars/opel-grand_land/acf0e0469c29,"Fri, 25 Sep 2026 12:32:59 GMT",1048c4957936ed8ac0c36906d7530eca4b90d434d820d550085aff36906e0aac,Opel,Grand Land,,Topline Plus,2026,60199ad52a420993a3e8235a,Number of Gears,6,spec-table
ContactCars,https://www.contactcars.com/en/new-cars/opel-grand_land/acf0e0469c29,"Fri, 25 Sep 2026 12:32:59 GMT",1048c4957936ed8ac0c36906d7530eca4b90d434d820d550085aff36906e0aac,Opel,Grand Land,,Topline Plus,2026,60199ad52a420993a3e82385,Steering Wheel,Leather,spec-table
ContactCars,https://www.contactcars.com/en/new-cars/opel-grand_land/acf0e0469c29,"Fri, 25 Sep 2026 12:32:59 GMT",1048c4957936ed8ac0c36906d7530eca4b90d434d820d550085aff36906e0aac,Opel,Grand Land,,Topline Plus,2026,60199ad52a420993a3e8235d,Power Steering Type,Electric,spec-table
ContactCars,https://www.contactcars.com/en/new-cars/opel-grand_land/acf0e0469c29,"Fri, 25 Sep 2026 12:32:59 GMT",1048c4957936ed8ac0c36906d7530eca4b90d434d820d550085aff36906e0aac,Opel,Grand Land,,Topline Plus,2026,e78c472170c2,Front Suspension Type,MacPherson,spec-table
ContactCars,https://www.contactcars.com/en/new-cars/opel-grand_land/acf0e0469c29,"Fri, 25 Sep 2026 12:32:59 GMT",1048c4957936ed8ac0c36906d7530eca4b90d434d820d550085aff36906e0aac,Opel,Grand Land,,Topline Plus,2026,d7a33f9ff1ff,Rear Suspension Type,Multi-Link,spec-table
ContactCars,https://www.contactcars.com/en/new-cars/opel-grand_land/acf0e0469c29,"Fri, 25 Sep 2026 12:32:59 GMT",1048c4957936ed8ac0c36906d7530eca4b90d434d820d550085aff36906e0aac,Opel,Grand Land,,Topline Plus,2026,58f344b6ff55,Front Brakes Type,Ventilated Disc Brakes,spec-table
ContactCars,https://www.contactcars.com/en/new-cars/opel-grand_land/acf0e0469c29,"Fri, 25 Sep 2026 12:32:59 GMT",1048c4957936ed8ac0c36906d7530eca4b90d434d820d550085aff36906e0aac,Opel,Grand Land,,Topline Plus,2026,eb24327dbe4e,Rear Brakes Type,Solid Disc Brakes,spec-table
ContactCars,https://www.contactcars.com/en/new-cars/opel-grand_land/acf0e0469c29,"Fri, 25 Sep 2026 12:32:59 GMT",1048c4957936ed8ac0c36906d7530eca4b90d434d820d550085aff36906e0aac,Opel,Grand Land,,Topline Plus,2026,4ed8405e7e5b,Hand Brake Type,Electronic,spec-table
ContactCars,https://www.contactcars.com/en/new-cars/opel-grand_land/acf0e0469c29,"Fri, 25 Sep 2026 12:32:59 GMT",1048c4957936ed8ac0c36906d7530eca4b90d434d820d550085aff36906e0aac,Opel,Grand Land,,Topline Plus,2026,d4b30096d663,Wheel Type,Alloy,spec-table
ContactCars,https://www.contactcars.com/en/new-cars/opel-grand_land/acf0e0469c29,"Fri, 25 Sep 2026 12:32:59 GMT",1048c4957936ed8ac0c36906d7530eca4b90d434d820d550085aff36906e0aac,Opel,Grand Land,,Topline Plus,2026,1831c41b7b17,Front Wheel Size,19,spec-table
ContactCars,https://www.contactcars.com/en/new-cars/opel-grand_land/acf0e0469c29,"Fri, 25 Sep 2026 12:32:59 GMT",1048c4957936ed8ac0c36906d7530eca4b90d434d820d550085aff36906e0aac,Opel,Grand Land,,Topline Plus,2026,1f4797b49117,Rear Wheel Size,19,spec-table
ContactCars,https://www.contactcars.com/en/new-cars/opel-grand_land/acf0e0469c29,"Fri, 25 Sep 2026 12:32:59 GMT",1048c4957936ed8ac0c36906d7530eca4b90d434d820d550085aff36906e0aac,Opel,Grand Land,,Topline Plus,2026,60199ad52a420993a3e82372,Front Tire Size,225/55 R19,spec-table
ContactCars,https://www.contactcars.com/en/new-cars/opel-grand_land/acf0e0469c29,"Fri, 25 Sep 2026 12:32:59 GMT",1048c4957936ed8ac0c36906d7530eca4b90d434d820d550085aff36906e0aac,Opel,Grand Land,,Topline Plus,2026,2076fe4abba4,Rear Tire Size,225/55 R19,spec-table
ContactCars,https://www.contactcars.com/en/new-cars/opel-grand_land/acf0e0469c29,"Fri, 25 Sep 2026 12:32:59 GMT",1048c4957936ed8ac0c36906d7530eca4b90d434d820d550085aff36906e0aac,Opel,Grand Land,,Topline Plus,2026,cb68666c87e5,Tire Type,All-Season,spec-table
ContactCars,https://www.contactcars.com/en/new-cars/opel-grand_land/acf0e0469c29,"Fri, 25 Sep 2026 12:32:59 GMT",1048c4957936ed8ac0c36906d7530eca4b90d434d820d550085aff36906e0aac,Opel,Grand Land,,Topline Plus,2026,56a59f46e398,Euro NCAP Results,4,spec-table
ContactCars,https://www.contactcars.com/en/new-cars/opel-grand_land/acf0e0469c29,"Fri, 25 Sep 2026 12:32:59 GMT",1048c4957936ed8ac0c36906d7530eca4b90d434d820d550085aff36906e0aac,Opel,Grand Land,,Topline Plus,2026,60199ad52a420993a3e8236a,Airbag Count,6,spec-table
ContactCars,https://www.contactcars.com/en/new-cars/opel-grand_land/acf0e0469c29,"Fri, 25 Sep 2026 12:32:59 GMT",1048c4957936ed8ac0c36906d7530eca4b90d434d820d550085aff36906e0aac,Opel,Grand Land,,Topline Plus,2026,72fbbbfbb11f,Seat Upholestry,Partial Leather,spec-table
ContactCars,https://www.contactcars.com/en/new-cars/opel-grand_land/acf0e0469c29,"Fri, 25 Sep 2026 12:32:59 GMT",1048c4957936ed8ac0c36906d7530eca4b90d434d820d550085aff36906e0aac,Opel,Grand Land,,Topline Plus,2026,40e24a4a83e0,Gearbox Selector,Shift By Wire,spec-table
ContactCars,https://www.contactcars.com/en/new-cars/opel-grand_land/acf0e0469c29,"Fri, 25 Sep 2026 12:32:59 GMT",1048c4957936ed8ac0c36906d7530eca4b90d434d820d550085aff36906e0aac,Opel,Grand Land,,Topline Plus,2026,60199ad52a420993a3e82383,Ambient Lighting,Multi Color,spec-table
ContactCars,https://www.contactcars.com/en/new-cars/opel-grand_land/acf0e0469c29,"Fri, 25 Sep 2026 12:32:59 GMT",1048c4957936ed8ac0c36906d7530eca4b90d434d820d550085aff36906e0aac,Opel,Grand Land,,Topline Plus,2026,60199ad52a420993a3e8238f,Driver Seat,Electric With Memory,spec-table
ContactCars,https://www.contactcars.com/en/new-cars/opel-grand_land/acf0e0469c29,"Fri, 25 Sep 2026 12:32:59 GMT",1048c4957936ed8ac0c36906d7530eca4b90d434d820d550085aff36906e0aac,Opel,Grand Land,,Topline Plus,2026,625be8b2b21da3ebf03c43b0,Upholstery, Leather/Cloth Dark Grey Inserts G,spec-table
ContactCars,https://www.contactcars.com/en/new-cars/opel-grand_land/acf0e0469c29,"Fri, 25 Sep 2026 12:32:59 GMT",1048c4957936ed8ac0c36906d7530eca4b90d434d820d550085aff36906e0aac,Opel,Grand Land,,Topline Plus,2026,d9630e463440,Center Information Display,16,spec-table
ContactCars,https://www.contactcars.com/en/new-cars/opel-grand_land/acf0e0469c29,"Fri, 25 Sep 2026 12:32:59 GMT",1048c4957936ed8ac0c36906d7530eca4b90d434d820d550085aff36906e0aac,Opel,Grand Land,,Topline Plus,2026,60199ad52a420993a3e8239d,Infotainment Display Size,16 بوصة تعمل باللمس,spec-table
ContactCars,https://www.contactcars.com/en/new-cars/opel-grand_land/acf0e0469c29,"Fri, 25 Sep 2026 12:32:59 GMT",1048c4957936ed8ac0c36906d7530eca4b90d434d820d550085aff36906e0aac,Opel,Grand Land,,Topline Plus,2026,60199ad52a420993a3e8237c,Instrument Cluster Type,Digital,spec-table
ContactCars,https://www.contactcars.com/en/new-cars/opel-grand_land/acf0e0469c29,"Fri, 25 Sep 2026 12:32:59 GMT",1048c4957936ed8ac0c36906d7530eca4b90d434d820d550085aff36906e0aac,Opel,Grand Land,,Topline Plus,2026,75fe2b7d7bc2,Instrument Cluster Size,10 بوصة,spec-table
ContactCars,https://www.contactcars.com/en/new-cars/opel-grand_land/acf0e0469c29,"Fri, 25 Sep 2026 12:32:59 GMT",1048c4957936ed8ac0c36906d7530eca4b90d434d820d550085aff36906e0aac,Opel,Grand Land,,Topline Plus,2026,60199ad52a420993a3e8239c,Smartphone Integration,Android Auto/Apple Car Play,spec-table
ContactCars,https://www.contactcars.com/en/new-cars/opel-grand_land/acf0e0469c29,"Fri, 25 Sep 2026 12:32:59 GMT",1048c4957936ed8ac0c36906d7530eca4b90d434d820d550085aff36906e0aac,Opel,Grand Land,,Topline Plus,2026,60199ad52a420993a3e823a2,Number of Speakers,6,spec-table
ContactCars,https://www.contactcars.com/en/new-cars/opel-grand_land/acf0e0469c29,"Fri, 25 Sep 2026 12:32:59 GMT",1048c4957936ed8ac0c36906d7530eca4b90d434d820d550085aff36906e0aac,Opel,Grand Land,,Topline Plus,2026,858d92859fe6,Foglights,LED,spec-table
ContactCars,https://www.contactcars.com/en/new-cars/opel-grand_land/acf0e0469c29,"Fri, 25 Sep 2026 12:32:59 GMT",1048c4957936ed8ac0c36906d7530eca4b90d434d820d550085aff36906e0aac,Opel,Grand Land,,Topline Plus,2026,60199ad52a420993a3e82376,Rims,R19 Alloy,spec-table
ContactCars,https://www.contactcars.com/en/new-cars/opel-grand_land/acf0e0469c29,"Fri, 25 Sep 2026 12:32:59 GMT",1048c4957936ed8ac0c36906d7530eca4b90d434d820d550085aff36906e0aac,Opel,Grand Land,,Topline Plus,2026,60199ad52a420993a3e8236d,Headlamps,Matrix LED,spec-table
ContactCars,https://www.contactcars.com/en/new-cars/opel-grand_land/acf0e0469c29,"Fri, 25 Sep 2026 12:32:59 GMT",1048c4957936ed8ac0c36906d7530eca4b90d434d820d550085aff36906e0aac,Opel,Grand Land,,Topline Plus,2026,60199ad52a420993a3e8236e,Tail Lights,LED,spec-table
ContactCars,https://www.contactcars.com/en/new-cars/opel-grand_land/acf0e0469c29,"Fri, 25 Sep 2026 12:32:59 GMT",1048c4957936ed8ac0c36906d7530eca4b90d434d820d550085aff36906e0aac,Opel,Grand Land,,Topline Plus,2026,62448521ba30183d77919447,Body Stitching,Two-Tone Black Painted Roof,spec-table
ContactCars,https://www.contactcars.com/en/new-cars/opel-grand_land/acf0e0469c29,"Fri, 25 Sep 2026 12:32:59 GMT",1048c4957936ed8ac0c36906d7530eca4b90d434d820d550085aff36906e0aac,Opel,Grand Land,,Topline Plus,2026,62a5f51c3b190c24efacbe38,Basic Vehicle Warranty," Five Years Or 150,000kms",spec-table
ContactCars,https://www.contactcars.com/en/new-cars/opel-grand_land/f462fff7468a,"Fri, 25 Sep 2026 12:33:01 GMT",bc88feab74882952b044fbae107ff835b4b7a0a47dd79219677d64597fce38bf,Opel,Grand Land,,Highline Plus,2026,jsonld:offer_price_egp,offer_price_egp,1850000,json-ld
ContactCars,https://www.contactcars.com/en/new-cars/opel-grand_land/f462fff7468a,"Fri, 25 Sep 2026 12:33:01 GMT",bc88feab74882952b044fbae107ff835b4b7a0a47dd79219677d64597fce38bf,Opel,Grand Land,,Highline Plus,2026,jsonld:fuelType,fuelType,Gas,json-ld
ContactCars,https://www.contactcars.com/en/new-cars/opel-grand_land/f462fff7468a,"Fri, 25 Sep 2026 12:33:01 GMT",bc88feab74882952b044fbae107ff835b4b7a0a47dd79219677d64597fce38bf,Opel,Grand Land,,Highline Plus,2026,jsonld:engineDisplacement,engineDisplacement,1600,json-ld
ContactCars,https://www.contactcars.com/en/new-cars/opel-grand_land/f462fff7468a,"Fri, 25 Sep 2026 12:33:01 GMT",bc88feab74882952b044fbae107ff835b4b7a0a47dd79219677d64597fce38bf,Opel,Grand Land,,Highline Plus,2026,jsonld:vehicleTransmission,vehicleTransmission,Automatic,json-ld
ContactCars,https://www.contactcars.com/en/new-cars/opel-grand_land/f462fff7468a,"Fri, 25 Sep 2026 12:33:01 GMT",bc88feab74882952b044fbae107ff835b4b7a0a47dd79219677d64597fce38bf,Opel,Grand Land,,Highline Plus,2026,jsonld:bodyType,bodyType,SUV,json-ld
ContactCars,https://www.contactcars.com/en/new-cars/opel-grand_land/f462fff7468a,"Fri, 25 Sep 2026 12:33:01 GMT",bc88feab74882952b044fbae107ff835b4b7a0a47dd79219677d64597fce38bf,Opel,Grand Land,,Highline Plus,2026,jsonld:assembly_country,assembly_country,Germany,json-ld
ContactCars,https://www.contactcars.com/en/new-cars/opel-grand_land/f462fff7468a,"Fri, 25 Sep 2026 12:33:01 GMT",bc88feab74882952b044fbae107ff835b4b7a0a47dd79219677d64597fce38bf,Opel,Grand Land,,Highline Plus,2026,1cff89624677,Vehicle Size Class,Compact,spec-table
ContactCars,https://www.contactcars.com/en/new-cars/opel-grand_land/f462fff7468a,"Fri, 25 Sep 2026 12:33:01 GMT",bc88feab74882952b044fbae107ff835b4b7a0a47dd79219677d64597fce38bf,Opel,Grand Land,,Highline Plus,2026,5bedd1146e88,Body Style,SUV,spec-table
ContactCars,https://www.contactcars.com/en/new-cars/opel-grand_land/f462fff7468a,"Fri, 25 Sep 2026 12:33:01 GMT",bc88feab74882952b044fbae107ff835b4b7a0a47dd79219677d64597fce38bf,Opel,Grand Land,,Highline Plus,2026,13a10f395a87,Number of Doors,5,spec-table
ContactCars,https://www.contactcars.com/en/new-cars/opel-grand_land/f462fff7468a,"Fri, 25 Sep 2026 12:33:01 GMT",bc88feab74882952b044fbae107ff835b4b7a0a47dd79219677d64597fce38bf,Opel,Grand Land,,Highline Plus,2026,60199ad52a420993a3e82387,Number of Seats,5,spec-table
ContactCars,https://www.contactcars.com/en/new-cars/opel-grand_land/f462fff7468a,"Fri, 25 Sep 2026 12:33:01 GMT",bc88feab74882952b044fbae107ff835b4b7a0a47dd79219677d64597fce38bf,Opel,Grand Land,,Highline Plus,2026,60199ad52a420993a3e823a4,Rear Trunk Capacity (Liter),550,spec-table
ContactCars,https://www.contactcars.com/en/new-cars/opel-grand_land/f462fff7468a,"Fri, 25 Sep 2026 12:33:01 GMT",bc88feab74882952b044fbae107ff835b4b7a0a47dd79219677d64597fce38bf,Opel,Grand Land,,Highline Plus,2026,2cd960af118a,"Rear Trunk Capacity, Seats Folded (Liter)",1645,spec-table
ContactCars,https://www.contactcars.com/en/new-cars/opel-grand_land/f462fff7468a,"Fri, 25 Sep 2026 12:33:01 GMT",bc88feab74882952b044fbae107ff835b4b7a0a47dd79219677d64597fce38bf,Opel,Grand Land,,Highline Plus,2026,603647429f57461ab1a74148,Length (mm),4650,spec-table
ContactCars,https://www.contactcars.com/en/new-cars/opel-grand_land/f462fff7468a,"Fri, 25 Sep 2026 12:33:01 GMT",bc88feab74882952b044fbae107ff835b4b7a0a47dd79219677d64597fce38bf,Opel,Grand Land,,Highline Plus,2026,6036477d9f57461ab1a74149,Width (mm),2108,spec-table
ContactCars,https://www.contactcars.com/en/new-cars/opel-grand_land/f462fff7468a,"Fri, 25 Sep 2026 12:33:01 GMT",bc88feab74882952b044fbae107ff835b4b7a0a47dd79219677d64597fce38bf,Opel,Grand Land,,Highline Plus,2026,603647a49f57461ab1a7414a,Height (mm),1657,spec-table
ContactCars,https://www.contactcars.com/en/new-cars/opel-grand_land/f462fff7468a,"Fri, 25 Sep 2026 12:33:01 GMT",bc88feab74882952b044fbae107ff835b4b7a0a47dd79219677d64597fce38bf,Opel,Grand Land,,Highline Plus,2026,6033cae86136e6f66151c687,Wheelbase (mm),2784,spec-table
ContactCars,https://www.contactcars.com/en/new-cars/opel-grand_land/f462fff7468a,"Fri, 25 Sep 2026 12:33:01 GMT",bc88feab74882952b044fbae107ff835b4b7a0a47dd79219677d64597fce38bf,Opel,Grand Land,,Highline Plus,2026,6033cbc86136e6f66151c688,Ground Clearance (mm),199,spec-table
ContactCars,https://www.contactcars.com/en/new-cars/opel-grand_land/f462fff7468a,"Fri, 25 Sep 2026 12:33:01 GMT",bc88feab74882952b044fbae107ff835b4b7a0a47dd79219677d64597fce38bf,Opel,Grand Land,,Highline Plus,2026,2ac833f18334,Turning Radius (m),5٫45,spec-table
ContactCars,https://www.contactcars.com/en/new-cars/opel-grand_land/f462fff7468a,"Fri, 25 Sep 2026 12:33:01 GMT",bc88feab74882952b044fbae107ff835b4b7a0a47dd79219677d64597fce38bf,Opel,Grand Land,,Highline Plus,2026,6244612fba30183d7791942e,Curb Weight (KG),"1,360",spec-table
ContactCars,https://www.contactcars.com/en/new-cars/opel-grand_land/f462fff7468a,"Fri, 25 Sep 2026 12:33:01 GMT",bc88feab74882952b044fbae107ff835b4b7a0a47dd79219677d64597fce38bf,Opel,Grand Land,,Highline Plus,2026,624443c0ba30183d77919424,Generation,3st,spec-table
ContactCars,https://www.contactcars.com/en/new-cars/opel-grand_land/f462fff7468a,"Fri, 25 Sep 2026 12:33:01 GMT",bc88feab74882952b044fbae107ff835b4b7a0a47dd79219677d64597fce38bf,Opel,Grand Land,,Highline Plus,2026,1b9f93607f48,Powertrain Type,ICE (Petrol),spec-table
ContactCars,https://www.contactcars.com/en/new-cars/opel-grand_land/f462fff7468a,"Fri, 25 Sep 2026 12:33:01 GMT",bc88feab74882952b044fbae107ff835b4b7a0a47dd79219677d64597fce38bf,Opel,Grand Land,,Highline Plus,2026,60199ad52a420993a3e82353,Combined Maximum Power (HP @ RPM),180/5500,spec-table
ContactCars,https://www.contactcars.com/en/new-cars/opel-grand_land/f462fff7468a,"Fri, 25 Sep 2026 12:33:01 GMT",bc88feab74882952b044fbae107ff835b4b7a0a47dd79219677d64597fce38bf,Opel,Grand Land,,Highline Plus,2026,60199ad52a420993a3e82354,Combined Maximum Torque (N.m @ RPM),300/1400,spec-table
ContactCars,https://www.contactcars.com/en/new-cars/opel-grand_land/f462fff7468a,"Fri, 25 Sep 2026 12:33:01 GMT",bc88feab74882952b044fbae107ff835b4b7a0a47dd79219677d64597fce38bf,Opel,Grand Land,,Highline Plus,2026,60199ad52a420993a3e82357,Maximum Speed (Km/h),210,spec-table
ContactCars,https://www.contactcars.com/en/new-cars/opel-grand_land/f462fff7468a,"Fri, 25 Sep 2026 12:33:01 GMT",bc88feab74882952b044fbae107ff835b4b7a0a47dd79219677d64597fce38bf,Opel,Grand Land,,Highline Plus,2026,60199ad52a420993a3e82355,Acceleration (0 - 100 km/h),8٫6,spec-table
ContactCars,https://www.contactcars.com/en/new-cars/opel-grand_land/f462fff7468a,"Fri, 25 Sep 2026 12:33:01 GMT",bc88feab74882952b044fbae107ff835b4b7a0a47dd79219677d64597fce38bf,Opel,Grand Land,,Highline Plus,2026,58d892830a3e,Max Speed Km/h,210,spec-table
ContactCars,https://www.contactcars.com/en/new-cars/opel-grand_land/f462fff7468a,"Fri, 25 Sep 2026 12:33:01 GMT",bc88feab74882952b044fbae107ff835b4b7a0a47dd79219677d64597fce38bf,Opel,Grand Land,,Highline Plus,2026,60199ad52a420993a3e82359,Fuel Tank Capacity (Litre),54,spec-table
ContactCars,https://www.contactcars.com/en/new-cars/opel-grand_land/f462fff7468a,"Fri, 25 Sep 2026 12:33:01 GMT",bc88feab74882952b044fbae107ff835b4b7a0a47dd79219677d64597fce38bf,Opel,Grand Land,,Highline Plus,2026,60199ad52a420993a3e82356,Combined Fuel/Energy Consumption (Liter/100 KM),7٫7,spec-table
ContactCars,https://www.contactcars.com/en/new-cars/opel-grand_land/f462fff7468a,"Fri, 25 Sep 2026 12:33:01 GMT",bc88feab74882952b044fbae107ff835b4b7a0a47dd79219677d64597fce38bf,Opel,Grand Land,,Highline Plus,2026,bc8f5919d91f,Engine Type,Inline-4,spec-table
ContactCars,https://www.contactcars.com/en/new-cars/opel-grand_land/f462fff7468a,"Fri, 25 Sep 2026 12:33:01 GMT",bc88feab74882952b044fbae107ff835b4b7a0a47dd79219677d64597fce38bf,Opel,Grand Land,,Highline Plus,2026,0922a30a7f46,Engine Function,Drive Wheels,spec-table
ContactCars,https://www.contactcars.com/en/new-cars/opel-grand_land/f462fff7468a,"Fri, 25 Sep 2026 12:33:01 GMT",bc88feab74882952b044fbae107ff835b4b7a0a47dd79219677d64597fce38bf,Opel,Grand Land,,Highline Plus,2026,60199ad52a420993a3e82352,Cylinders,4,spec-table
ContactCars,https://www.contactcars.com/en/new-cars/opel-grand_land/f462fff7468a,"Fri, 25 Sep 2026 12:33:01 GMT",bc88feab74882952b044fbae107ff835b4b7a0a47dd79219677d64597fce38bf,Opel,Grand Land,,Highline Plus,2026,62445feaba30183d7791942d,Engine Capacity (CC),1600,spec-table
ContactCars,https://www.contactcars.com/en/new-cars/opel-grand_land/f462fff7468a,"Fri, 25 Sep 2026 12:33:01 GMT",bc88feab74882952b044fbae107ff835b4b7a0a47dd79219677d64597fce38bf,Opel,Grand Land,,Highline Plus,2026,6244616cba30183d7791942f,Induction Type,Turbocharged,spec-table
ContactCars,https://www.contactcars.com/en/new-cars/opel-grand_land/f462fff7468a,"Fri, 25 Sep 2026 12:33:01 GMT",bc88feab74882952b044fbae107ff835b4b7a0a47dd79219677d64597fce38bf,Opel,Grand Land,,Highline Plus,2026,626916559ba5,Maximum Power Output (hp),180,spec-table
ContactCars,https://www.contactcars.com/en/new-cars/opel-grand_land/f462fff7468a,"Fri, 25 Sep 2026 12:33:01 GMT",bc88feab74882952b044fbae107ff835b4b7a0a47dd79219677d64597fce38bf,Opel,Grand Land,,Highline Plus,2026,60d3a866c259,Maximum Torque (Nm),300,spec-table
ContactCars,https://www.contactcars.com/en/new-cars/opel-grand_land/f462fff7468a,"Fri, 25 Sep 2026 12:33:01 GMT",bc88feab74882952b044fbae107ff835b4b7a0a47dd79219677d64597fce38bf,Opel,Grand Land,,Highline Plus,2026,62445f6cba30183d7791942c,Engine Layout,Front,spec-table
ContactCars,https://www.contactcars.com/en/new-cars/opel-grand_land/f462fff7468a,"Fri, 25 Sep 2026 12:33:01 GMT",bc88feab74882952b044fbae107ff835b4b7a0a47dd79219677d64597fce38bf,Opel,Grand Land,,Highline Plus,2026,ae3798f5fd83,Drivetrain Type,FWD (Front-Wheel Drive),spec-table
ContactCars,https://www.contactcars.com/en/new-cars/opel-grand_land/f462fff7468a,"Fri, 25 Sep 2026 12:33:01 GMT",bc88feab74882952b044fbae107ff835b4b7a0a47dd79219677d64597fce38bf,Opel,Grand Land,,Highline Plus,2026,fd8d1904b500,Transmission Type,Automatic,spec-table
ContactCars,https://www.contactcars.com/en/new-cars/opel-grand_land/f462fff7468a,"Fri, 25 Sep 2026 12:33:01 GMT",bc88feab74882952b044fbae107ff835b4b7a0a47dd79219677d64597fce38bf,Opel,Grand Land,,Highline Plus,2026,5229867ce0fa,Transmission Technology,Automatic (Torque Converter),spec-table
ContactCars,https://www.contactcars.com/en/new-cars/opel-grand_land/f462fff7468a,"Fri, 25 Sep 2026 12:33:01 GMT",bc88feab74882952b044fbae107ff835b4b7a0a47dd79219677d64597fce38bf,Opel,Grand Land,,Highline Plus,2026,60199ad52a420993a3e8235a,Number of Gears,6,spec-table
ContactCars,https://www.contactcars.com/en/new-cars/opel-grand_land/f462fff7468a,"Fri, 25 Sep 2026 12:33:01 GMT",bc88feab74882952b044fbae107ff835b4b7a0a47dd79219677d64597fce38bf,Opel,Grand Land,,Highline Plus,2026,60199ad52a420993a3e82385,Steering Wheel,Leather,spec-table
ContactCars,https://www.contactcars.com/en/new-cars/opel-grand_land/f462fff7468a,"Fri, 25 Sep 2026 12:33:01 GMT",bc88feab74882952b044fbae107ff835b4b7a0a47dd79219677d64597fce38bf,Opel,Grand Land,,Highline Plus,2026,60199ad52a420993a3e8235d,Power Steering Type,Electric,spec-table
ContactCars,https://www.contactcars.com/en/new-cars/opel-grand_land/f462fff7468a,"Fri, 25 Sep 2026 12:33:01 GMT",bc88feab74882952b044fbae107ff835b4b7a0a47dd79219677d64597fce38bf,Opel,Grand Land,,Highline Plus,2026,e78c472170c2,Front Suspension Type,MacPherson,spec-table
ContactCars,https://www.contactcars.com/en/new-cars/opel-grand_land/f462fff7468a,"Fri, 25 Sep 2026 12:33:01 GMT",bc88feab74882952b044fbae107ff835b4b7a0a47dd79219677d64597fce38bf,Opel,Grand Land,,Highline Plus,2026,d7a33f9ff1ff,Rear Suspension Type,Multi-Link,spec-table
ContactCars,https://www.contactcars.com/en/new-cars/opel-grand_land/f462fff7468a,"Fri, 25 Sep 2026 12:33:01 GMT",bc88feab74882952b044fbae107ff835b4b7a0a47dd79219677d64597fce38bf,Opel,Grand Land,,Highline Plus,2026,58f344b6ff55,Front Brakes Type,Ventilated Disc Brakes,spec-table
ContactCars,https://www.contactcars.com/en/new-cars/opel-grand_land/f462fff7468a,"Fri, 25 Sep 2026 12:33:01 GMT",bc88feab74882952b044fbae107ff835b4b7a0a47dd79219677d64597fce38bf,Opel,Grand Land,,Highline Plus,2026,eb24327dbe4e,Rear Brakes Type,Solid Disc Brakes,spec-table
ContactCars,https://www.contactcars.com/en/new-cars/opel-grand_land/f462fff7468a,"Fri, 25 Sep 2026 12:33:01 GMT",bc88feab74882952b044fbae107ff835b4b7a0a47dd79219677d64597fce38bf,Opel,Grand Land,,Highline Plus,2026,4ed8405e7e5b,Hand Brake Type,Electronic,spec-table
ContactCars,https://www.contactcars.com/en/new-cars/opel-grand_land/f462fff7468a,"Fri, 25 Sep 2026 12:33:01 GMT",bc88feab74882952b044fbae107ff835b4b7a0a47dd79219677d64597fce38bf,Opel,Grand Land,,Highline Plus,2026,d4b30096d663,Wheel Type,Alloy,spec-table
ContactCars,https://www.contactcars.com/en/new-cars/opel-grand_land/f462fff7468a,"Fri, 25 Sep 2026 12:33:01 GMT",bc88feab74882952b044fbae107ff835b4b7a0a47dd79219677d64597fce38bf,Opel,Grand Land,,Highline Plus,2026,1831c41b7b17,Front Wheel Size,19,spec-table
ContactCars,https://www.contactcars.com/en/new-cars/opel-grand_land/f462fff7468a,"Fri, 25 Sep 2026 12:33:01 GMT",bc88feab74882952b044fbae107ff835b4b7a0a47dd79219677d64597fce38bf,Opel,Grand Land,,Highline Plus,2026,1f4797b49117,Rear Wheel Size,19,spec-table
ContactCars,https://www.contactcars.com/en/new-cars/opel-grand_land/f462fff7468a,"Fri, 25 Sep 2026 12:33:01 GMT",bc88feab74882952b044fbae107ff835b4b7a0a47dd79219677d64597fce38bf,Opel,Grand Land,,Highline Plus,2026,60199ad52a420993a3e82372,Front Tire Size,225/55 R19,spec-table
ContactCars,https://www.contactcars.com/en/new-cars/opel-grand_land/f462fff7468a,"Fri, 25 Sep 2026 12:33:01 GMT",bc88feab74882952b044fbae107ff835b4b7a0a47dd79219677d64597fce38bf,Opel,Grand Land,,Highline Plus,2026,2076fe4abba4,Rear Tire Size,225/55 R19,spec-table
ContactCars,https://www.contactcars.com/en/new-cars/opel-grand_land/f462fff7468a,"Fri, 25 Sep 2026 12:33:01 GMT",bc88feab74882952b044fbae107ff835b4b7a0a47dd79219677d64597fce38bf,Opel,Grand Land,,Highline Plus,2026,cb68666c87e5,Tire Type,All-Season,spec-table
ContactCars,https://www.contactcars.com/en/new-cars/opel-grand_land/f462fff7468a,"Fri, 25 Sep 2026 12:33:01 GMT",bc88feab74882952b044fbae107ff835b4b7a0a47dd79219677d64597fce38bf,Opel,Grand Land,,Highline Plus,2026,56a59f46e398,Euro NCAP Results,4,spec-table
ContactCars,https://www.contactcars.com/en/new-cars/opel-grand_land/f462fff7468a,"Fri, 25 Sep 2026 12:33:01 GMT",bc88feab74882952b044fbae107ff835b4b7a0a47dd79219677d64597fce38bf,Opel,Grand Land,,Highline Plus,2026,60199ad52a420993a3e8236a,Airbag Count,6,spec-table
ContactCars,https://www.contactcars.com/en/new-cars/opel-grand_land/f462fff7468a,"Fri, 25 Sep 2026 12:33:01 GMT",bc88feab74882952b044fbae107ff835b4b7a0a47dd79219677d64597fce38bf,Opel,Grand Land,,Highline Plus,2026,72fbbbfbb11f,Seat Upholestry,Partial Leather,spec-table
ContactCars,https://www.contactcars.com/en/new-cars/opel-grand_land/f462fff7468a,"Fri, 25 Sep 2026 12:33:01 GMT",bc88feab74882952b044fbae107ff835b4b7a0a47dd79219677d64597fce38bf,Opel,Grand Land,,Highline Plus,2026,40e24a4a83e0,Gearbox Selector,Shift By Wire,spec-table
ContactCars,https://www.contactcars.com/en/new-cars/opel-grand_land/f462fff7468a,"Fri, 25 Sep 2026 12:33:01 GMT",bc88feab74882952b044fbae107ff835b4b7a0a47dd79219677d64597fce38bf,Opel,Grand Land,,Highline Plus,2026,60199ad52a420993a3e82383,Ambient Lighting,Multi Color,spec-table
ContactCars,https://www.contactcars.com/en/new-cars/opel-grand_land/f462fff7468a,"Fri, 25 Sep 2026 12:33:01 GMT",bc88feab74882952b044fbae107ff835b4b7a0a47dd79219677d64597fce38bf,Opel,Grand Land,,Highline Plus,2026,60199ad52a420993a3e8238f,Driver Seat,Manual,spec-table
ContactCars,https://www.contactcars.com/en/new-cars/opel-grand_land/f462fff7468a,"Fri, 25 Sep 2026 12:33:01 GMT",bc88feab74882952b044fbae107ff835b4b7a0a47dd79219677d64597fce38bf,Opel,Grand Land,,Highline Plus,2026,625be8b2b21da3ebf03c43b0,Upholstery, Leather/Cloth Dark Grey Inserts G,spec-table
ContactCars,https://www.contactcars.com/en/new-cars/opel-grand_land/f462fff7468a,"Fri, 25 Sep 2026 12:33:01 GMT",bc88feab74882952b044fbae107ff835b4b7a0a47dd79219677d64597fce38bf,Opel,Grand Land,,Highline Plus,2026,d9630e463440,Center Information Display,16,spec-table
ContactCars,https://www.contactcars.com/en/new-cars/opel-grand_land/f462fff7468a,"Fri, 25 Sep 2026 12:33:01 GMT",bc88feab74882952b044fbae107ff835b4b7a0a47dd79219677d64597fce38bf,Opel,Grand Land,,Highline Plus,2026,60199ad52a420993a3e8239d,Infotainment Display Size,16 بوصة تعمل باللمس,spec-table
ContactCars,https://www.contactcars.com/en/new-cars/opel-grand_land/f462fff7468a,"Fri, 25 Sep 2026 12:33:01 GMT",bc88feab74882952b044fbae107ff835b4b7a0a47dd79219677d64597fce38bf,Opel,Grand Land,,Highline Plus,2026,60199ad52a420993a3e8237c,Instrument Cluster Type,Digital,spec-table
ContactCars,https://www.contactcars.com/en/new-cars/opel-grand_land/f462fff7468a,"Fri, 25 Sep 2026 12:33:01 GMT",bc88feab74882952b044fbae107ff835b4b7a0a47dd79219677d64597fce38bf,Opel,Grand Land,,Highline Plus,2026,75fe2b7d7bc2,Instrument Cluster Size,10 بوصة,spec-table
ContactCars,https://www.contactcars.com/en/new-cars/opel-grand_land/f462fff7468a,"Fri, 25 Sep 2026 12:33:01 GMT",bc88feab74882952b044fbae107ff835b4b7a0a47dd79219677d64597fce38bf,Opel,Grand Land,,Highline Plus,2026,60199ad52a420993a3e8239c,Smartphone Integration,Android Auto/Apple Car Play,spec-table
ContactCars,https://www.contactcars.com/en/new-cars/opel-grand_land/f462fff7468a,"Fri, 25 Sep 2026 12:33:01 GMT",bc88feab74882952b044fbae107ff835b4b7a0a47dd79219677d64597fce38bf,Opel,Grand Land,,Highline Plus,2026,60199ad52a420993a3e823a2,Number of Speakers,6,spec-table
ContactCars,https://www.contactcars.com/en/new-cars/opel-grand_land/f462fff7468a,"Fri, 25 Sep 2026 12:33:01 GMT",bc88feab74882952b044fbae107ff835b4b7a0a47dd79219677d64597fce38bf,Opel,Grand Land,,Highline Plus,2026,858d92859fe6,Foglights,LED,spec-table
ContactCars,https://www.contactcars.com/en/new-cars/opel-grand_land/f462fff7468a,"Fri, 25 Sep 2026 12:33:01 GMT",bc88feab74882952b044fbae107ff835b4b7a0a47dd79219677d64597fce38bf,Opel,Grand Land,,Highline Plus,2026,60199ad52a420993a3e82376,Rims,R19 Alloy,spec-table
ContactCars,https://www.contactcars.com/en/new-cars/opel-grand_land/f462fff7468a,"Fri, 25 Sep 2026 12:33:01 GMT",bc88feab74882952b044fbae107ff835b4b7a0a47dd79219677d64597fce38bf,Opel,Grand Land,,Highline Plus,2026,60199ad52a420993a3e8236d,Headlamps,Matrix LED,spec-table
ContactCars,https://www.contactcars.com/en/new-cars/opel-grand_land/f462fff7468a,"Fri, 25 Sep 2026 12:33:01 GMT",bc88feab74882952b044fbae107ff835b4b7a0a47dd79219677d64597fce38bf,Opel,Grand Land,,Highline Plus,2026,60199ad52a420993a3e8236e,Tail Lights,LED,spec-table
ContactCars,https://www.contactcars.com/en/new-cars/opel-grand_land/f462fff7468a,"Fri, 25 Sep 2026 12:33:01 GMT",bc88feab74882952b044fbae107ff835b4b7a0a47dd79219677d64597fce38bf,Opel,Grand Land,,Highline Plus,2026,62448521ba30183d77919447,Body Stitching,Two-Tone Black Painted Roof,spec-table
ContactCars,https://www.contactcars.com/en/new-cars/opel-grand_land/f462fff7468a,"Fri, 25 Sep 2026 12:33:01 GMT",bc88feab74882952b044fbae107ff835b4b7a0a47dd79219677d64597fce38bf,Opel,Grand Land,,Highline Plus,2026,62a5f51c3b190c24efacbe38,Basic Vehicle Warranty," Five Years Or 150,000kms",spec-table
ContactCars,https://www.contactcars.com/en/new-cars/renault-austral/57df97ca84b8,"Fri, 25 Sep 2026 12:33:02 GMT",83fdc471be268aa58b62971ede3d9256be55bd30711d4e455fa45eede7c07df1,Renault,Austral,,Espirit Alpine,2026,jsonld:offer_price_egp,offer_price_egp,1890000,json-ld
ContactCars,https://www.contactcars.com/en/new-cars/renault-austral/57df97ca84b8,"Fri, 25 Sep 2026 12:33:02 GMT",83fdc471be268aa58b62971ede3d9256be55bd30711d4e455fa45eede7c07df1,Renault,Austral,,Espirit Alpine,2026,jsonld:fuelType,fuelType,Gas,json-ld
ContactCars,https://www.contactcars.com/en/new-cars/renault-austral/57df97ca84b8,"Fri, 25 Sep 2026 12:33:02 GMT",83fdc471be268aa58b62971ede3d9256be55bd30711d4e455fa45eede7c07df1,Renault,Austral,,Espirit Alpine,2026,jsonld:engineDisplacement,engineDisplacement,1300,json-ld
ContactCars,https://www.contactcars.com/en/new-cars/renault-austral/57df97ca84b8,"Fri, 25 Sep 2026 12:33:02 GMT",83fdc471be268aa58b62971ede3d9256be55bd30711d4e455fa45eede7c07df1,Renault,Austral,,Espirit Alpine,2026,jsonld:vehicleTransmission,vehicleTransmission,CVT,json-ld
ContactCars,https://www.contactcars.com/en/new-cars/renault-austral/57df97ca84b8,"Fri, 25 Sep 2026 12:33:02 GMT",83fdc471be268aa58b62971ede3d9256be55bd30711d4e455fa45eede7c07df1,Renault,Austral,,Espirit Alpine,2026,jsonld:bodyType,bodyType,SUV,json-ld
ContactCars,https://www.contactcars.com/en/new-cars/renault-austral/57df97ca84b8,"Fri, 25 Sep 2026 12:33:02 GMT",83fdc471be268aa58b62971ede3d9256be55bd30711d4e455fa45eede7c07df1,Renault,Austral,,Espirit Alpine,2026,jsonld:assembly_country,assembly_country,Spain,json-ld
ContactCars,https://www.contactcars.com/en/new-cars/renault-austral/57df97ca84b8,"Fri, 25 Sep 2026 12:33:02 GMT",83fdc471be268aa58b62971ede3d9256be55bd30711d4e455fa45eede7c07df1,Renault,Austral,,Espirit Alpine,2026,1cff89624677,Vehicle Size Class,Compact,spec-table
ContactCars,https://www.contactcars.com/en/new-cars/renault-austral/57df97ca84b8,"Fri, 25 Sep 2026 12:33:02 GMT",83fdc471be268aa58b62971ede3d9256be55bd30711d4e455fa45eede7c07df1,Renault,Austral,,Espirit Alpine,2026,5bedd1146e88,Body Style,SUV,spec-table
ContactCars,https://www.contactcars.com/en/new-cars/renault-austral/57df97ca84b8,"Fri, 25 Sep 2026 12:33:02 GMT",83fdc471be268aa58b62971ede3d9256be55bd30711d4e455fa45eede7c07df1,Renault,Austral,,Espirit Alpine,2026,13a10f395a87,Number of Doors,5,spec-table
ContactCars,https://www.contactcars.com/en/new-cars/renault-austral/57df97ca84b8,"Fri, 25 Sep 2026 12:33:02 GMT",83fdc471be268aa58b62971ede3d9256be55bd30711d4e455fa45eede7c07df1,Renault,Austral,,Espirit Alpine,2026,60199ad52a420993a3e82387,Number of Seats,5,spec-table
ContactCars,https://www.contactcars.com/en/new-cars/renault-austral/57df97ca84b8,"Fri, 25 Sep 2026 12:33:02 GMT",83fdc471be268aa58b62971ede3d9256be55bd30711d4e455fa45eede7c07df1,Renault,Austral,,Espirit Alpine,2026,60199ad52a420993a3e823a4,Rear Trunk Capacity (Liter),500,spec-table
ContactCars,https://www.contactcars.com/en/new-cars/renault-austral/57df97ca84b8,"Fri, 25 Sep 2026 12:33:02 GMT",83fdc471be268aa58b62971ede3d9256be55bd30711d4e455fa45eede7c07df1,Renault,Austral,,Espirit Alpine,2026,2cd960af118a,"Rear Trunk Capacity, Seats Folded (Liter)",1525,spec-table
ContactCars,https://www.contactcars.com/en/new-cars/renault-austral/57df97ca84b8,"Fri, 25 Sep 2026 12:33:02 GMT",83fdc471be268aa58b62971ede3d9256be55bd30711d4e455fa45eede7c07df1,Renault,Austral,,Espirit Alpine,2026,603647429f57461ab1a74148,Length (mm),4533,spec-table
ContactCars,https://www.contactcars.com/en/new-cars/renault-austral/57df97ca84b8,"Fri, 25 Sep 2026 12:33:02 GMT",83fdc471be268aa58b62971ede3d9256be55bd30711d4e455fa45eede7c07df1,Renault,Austral,,Espirit Alpine,2026,6036477d9f57461ab1a74149,Width (mm),1830,spec-table
ContactCars,https://www.contactcars.com/en/new-cars/renault-austral/57df97ca84b8,"Fri, 25 Sep 2026 12:33:02 GMT",83fdc471be268aa58b62971ede3d9256be55bd30711d4e455fa45eede7c07df1,Renault,Austral,,Espirit Alpine,2026,603647a49f57461ab1a7414a,Height (mm),1645,spec-table
ContactCars,https://www.contactcars.com/en/new-cars/renault-austral/57df97ca84b8,"Fri, 25 Sep 2026 12:33:02 GMT",83fdc471be268aa58b62971ede3d9256be55bd30711d4e455fa45eede7c07df1,Renault,Austral,,Espirit Alpine,2026,6033cae86136e6f66151c687,Wheelbase (mm),2667,spec-table
ContactCars,https://www.contactcars.com/en/new-cars/renault-austral/57df97ca84b8,"Fri, 25 Sep 2026 12:33:02 GMT",83fdc471be268aa58b62971ede3d9256be55bd30711d4e455fa45eede7c07df1,Renault,Austral,,Espirit Alpine,2026,624443c0ba30183d77919424,Generation,st1,spec-table
ContactCars,https://www.contactcars.com/en/new-cars/renault-austral/57df97ca84b8,"Fri, 25 Sep 2026 12:33:02 GMT",83fdc471be268aa58b62971ede3d9256be55bd30711d4e455fa45eede7c07df1,Renault,Austral,,Espirit Alpine,2026,1b9f93607f48,Powertrain Type,ICE (Petrol),spec-table
ContactCars,https://www.contactcars.com/en/new-cars/renault-austral/57df97ca84b8,"Fri, 25 Sep 2026 12:33:02 GMT",83fdc471be268aa58b62971ede3d9256be55bd30711d4e455fa45eede7c07df1,Renault,Austral,,Espirit Alpine,2026,60199ad52a420993a3e82353,Combined Maximum Power (HP @ RPM),150,spec-table
ContactCars,https://www.contactcars.com/en/new-cars/renault-austral/57df97ca84b8,"Fri, 25 Sep 2026 12:33:02 GMT",83fdc471be268aa58b62971ede3d9256be55bd30711d4e455fa45eede7c07df1,Renault,Austral,,Espirit Alpine,2026,60199ad52a420993a3e82354,Combined Maximum Torque (N.m @ RPM),250,spec-table
ContactCars,https://www.contactcars.com/en/new-cars/renault-austral/57df97ca84b8,"Fri, 25 Sep 2026 12:33:02 GMT",83fdc471be268aa58b62971ede3d9256be55bd30711d4e455fa45eede7c07df1,Renault,Austral,,Espirit Alpine,2026,60199ad52a420993a3e82359,Fuel Tank Capacity (Litre),55,spec-table
ContactCars,https://www.contactcars.com/en/new-cars/renault-austral/57df97ca84b8,"Fri, 25 Sep 2026 12:33:02 GMT",83fdc471be268aa58b62971ede3d9256be55bd30711d4e455fa45eede7c07df1,Renault,Austral,,Espirit Alpine,2026,bc8f5919d91f,Engine Type,Inline-4,spec-table
ContactCars,https://www.contactcars.com/en/new-cars/renault-austral/57df97ca84b8,"Fri, 25 Sep 2026 12:33:02 GMT",83fdc471be268aa58b62971ede3d9256be55bd30711d4e455fa45eede7c07df1,Renault,Austral,,Espirit Alpine,2026,0922a30a7f46,Engine Function,Drive Wheels,spec-table
ContactCars,https://www.contactcars.com/en/new-cars/renault-austral/57df97ca84b8,"Fri, 25 Sep 2026 12:33:02 GMT",83fdc471be268aa58b62971ede3d9256be55bd30711d4e455fa45eede7c07df1,Renault,Austral,,Espirit Alpine,2026,60199ad52a420993a3e82352,Cylinders,4,spec-table
ContactCars,https://www.contactcars.com/en/new-cars/renault-austral/57df97ca84b8,"Fri, 25 Sep 2026 12:33:02 GMT",83fdc471be268aa58b62971ede3d9256be55bd30711d4e455fa45eede7c07df1,Renault,Austral,,Espirit Alpine,2026,62445feaba30183d7791942d,Engine Capacity (CC),1300 cc,spec-table
ContactCars,https://www.contactcars.com/en/new-cars/renault-austral/57df97ca84b8,"Fri, 25 Sep 2026 12:33:02 GMT",83fdc471be268aa58b62971ede3d9256be55bd30711d4e455fa45eede7c07df1,Renault,Austral,,Espirit Alpine,2026,6244616cba30183d7791942f,Induction Type,Turbocharged,spec-table
ContactCars,https://www.contactcars.com/en/new-cars/renault-austral/57df97ca84b8,"Fri, 25 Sep 2026 12:33:02 GMT",83fdc471be268aa58b62971ede3d9256be55bd30711d4e455fa45eede7c07df1,Renault,Austral,,Espirit Alpine,2026,626916559ba5,Maximum Power Output (hp),150,spec-table
ContactCars,https://www.contactcars.com/en/new-cars/renault-austral/57df97ca84b8,"Fri, 25 Sep 2026 12:33:02 GMT",83fdc471be268aa58b62971ede3d9256be55bd30711d4e455fa45eede7c07df1,Renault,Austral,,Espirit Alpine,2026,60d3a866c259,Maximum Torque (Nm),250,spec-table
ContactCars,https://www.contactcars.com/en/new-cars/renault-austral/57df97ca84b8,"Fri, 25 Sep 2026 12:33:02 GMT",83fdc471be268aa58b62971ede3d9256be55bd30711d4e455fa45eede7c07df1,Renault,Austral,,Espirit Alpine,2026,60199ad52a420993a3e82358,Recommend Fuel Grade,95,spec-table
ContactCars,https://www.contactcars.com/en/new-cars/renault-austral/57df97ca84b8,"Fri, 25 Sep 2026 12:33:02 GMT",83fdc471be268aa58b62971ede3d9256be55bd30711d4e455fa45eede7c07df1,Renault,Austral,,Espirit Alpine,2026,62445f6cba30183d7791942c,Engine Layout,Front,spec-table
ContactCars,https://www.contactcars.com/en/new-cars/renault-austral/57df97ca84b8,"Fri, 25 Sep 2026 12:33:02 GMT",83fdc471be268aa58b62971ede3d9256be55bd30711d4e455fa45eede7c07df1,Renault,Austral,,Espirit Alpine,2026,ae3798f5fd83,Drivetrain Type,FWD (Front-Wheel Drive),spec-table
ContactCars,https://www.contactcars.com/en/new-cars/renault-austral/57df97ca84b8,"Fri, 25 Sep 2026 12:33:02 GMT",83fdc471be268aa58b62971ede3d9256be55bd30711d4e455fa45eede7c07df1,Renault,Austral,,Espirit Alpine,2026,fd8d1904b500,Transmission Type,Automatic,spec-table
ContactCars,https://www.contactcars.com/en/new-cars/renault-austral/57df97ca84b8,"Fri, 25 Sep 2026 12:33:02 GMT",83fdc471be268aa58b62971ede3d9256be55bd30711d4e455fa45eede7c07df1,Renault,Austral,,Espirit Alpine,2026,5229867ce0fa,Transmission Technology,CVT,spec-table
ContactCars,https://www.contactcars.com/en/new-cars/renault-austral/57df97ca84b8,"Fri, 25 Sep 2026 12:33:02 GMT",83fdc471be268aa58b62971ede3d9256be55bd30711d4e455fa45eede7c07df1,Renault,Austral,,Espirit Alpine,2026,60199ad52a420993a3e8235d,Power Steering Type,Electric,spec-table
ContactCars,https://www.contactcars.com/en/new-cars/renault-austral/57df97ca84b8,"Fri, 25 Sep 2026 12:33:02 GMT",83fdc471be268aa58b62971ede3d9256be55bd30711d4e455fa45eede7c07df1,Renault,Austral,,Espirit Alpine,2026,602fa37cd768,Steering Adjustment Ops,Manual,spec-table
ContactCars,https://www.contactcars.com/en/new-cars/renault-austral/57df97ca84b8,"Fri, 25 Sep 2026 12:33:02 GMT",83fdc471be268aa58b62971ede3d9256be55bd30711d4e455fa45eede7c07df1,Renault,Austral,,Espirit Alpine,2026,e78c472170c2,Front Suspension Type,MacPherson,spec-table
ContactCars,https://www.contactcars.com/en/new-cars/renault-austral/57df97ca84b8,"Fri, 25 Sep 2026 12:33:02 GMT",83fdc471be268aa58b62971ede3d9256be55bd30711d4e455fa45eede7c07df1,Renault,Austral,,Espirit Alpine,2026,d7a33f9ff1ff,Rear Suspension Type,Multi-Link,spec-table
ContactCars,https://www.contactcars.com/en/new-cars/renault-austral/57df97ca84b8,"Fri, 25 Sep 2026 12:33:02 GMT",83fdc471be268aa58b62971ede3d9256be55bd30711d4e455fa45eede7c07df1,Renault,Austral,,Espirit Alpine,2026,58f344b6ff55,Front Brakes Type,Solid Disc Brakes,spec-table
ContactCars,https://www.contactcars.com/en/new-cars/renault-austral/57df97ca84b8,"Fri, 25 Sep 2026 12:33:02 GMT",83fdc471be268aa58b62971ede3d9256be55bd30711d4e455fa45eede7c07df1,Renault,Austral,,Espirit Alpine,2026,eb24327dbe4e,Rear Brakes Type,Solid Disc Brakes,spec-table
ContactCars,https://www.contactcars.com/en/new-cars/renault-austral/57df97ca84b8,"Fri, 25 Sep 2026 12:33:02 GMT",83fdc471be268aa58b62971ede3d9256be55bd30711d4e455fa45eede7c07df1,Renault,Austral,,Espirit Alpine,2026,4ed8405e7e5b,Hand Brake Type,Electronic,spec-table
ContactCars,https://www.contactcars.com/en/new-cars/renault-austral/57df97ca84b8,"Fri, 25 Sep 2026 12:33:02 GMT",83fdc471be268aa58b62971ede3d9256be55bd30711d4e455fa45eede7c07df1,Renault,Austral,,Espirit Alpine,2026,d4b30096d663,Wheel Type,Alloy,spec-table
ContactCars,https://www.contactcars.com/en/new-cars/renault-austral/57df97ca84b8,"Fri, 25 Sep 2026 12:33:02 GMT",83fdc471be268aa58b62971ede3d9256be55bd30711d4e455fa45eede7c07df1,Renault,Austral,,Espirit Alpine,2026,1831c41b7b17,Front Wheel Size,20,spec-table
ContactCars,https://www.contactcars.com/en/new-cars/renault-austral/57df97ca84b8,"Fri, 25 Sep 2026 12:33:02 GMT",83fdc471be268aa58b62971ede3d9256be55bd30711d4e455fa45eede7c07df1,Renault,Austral,,Espirit Alpine,2026,1f4797b49117,Rear Wheel Size,20,spec-table
ContactCars,https://www.contactcars.com/en/new-cars/renault-austral/57df97ca84b8,"Fri, 25 Sep 2026 12:33:02 GMT",83fdc471be268aa58b62971ede3d9256be55bd30711d4e455fa45eede7c07df1,Renault,Austral,,Espirit Alpine,2026,60199ad52a420993a3e82372,Front Tire Size, 235/45 R20,spec-table
ContactCars,https://www.contactcars.com/en/new-cars/renault-austral/57df97ca84b8,"Fri, 25 Sep 2026 12:33:02 GMT",83fdc471be268aa58b62971ede3d9256be55bd30711d4e455fa45eede7c07df1,Renault,Austral,,Espirit Alpine,2026,2076fe4abba4,Rear Tire Size, 235/45 R20,spec-table
ContactCars,https://www.contactcars.com/en/new-cars/renault-austral/57df97ca84b8,"Fri, 25 Sep 2026 12:33:02 GMT",83fdc471be268aa58b62971ede3d9256be55bd30711d4e455fa45eede7c07df1,Renault,Austral,,Espirit Alpine,2026,cb68666c87e5,Tire Type,All-Season,spec-table
ContactCars,https://www.contactcars.com/en/new-cars/renault-austral/57df97ca84b8,"Fri, 25 Sep 2026 12:33:02 GMT",83fdc471be268aa58b62971ede3d9256be55bd30711d4e455fa45eede7c07df1,Renault,Austral,,Espirit Alpine,2026,56a59f46e398,Euro NCAP Results,5,spec-table
ContactCars,https://www.contactcars.com/en/new-cars/renault-austral/57df97ca84b8,"Fri, 25 Sep 2026 12:33:02 GMT",83fdc471be268aa58b62971ede3d9256be55bd30711d4e455fa45eede7c07df1,Renault,Austral,,Espirit Alpine,2026,60199ad52a420993a3e8236a,Airbag Count,7,spec-table
ContactCars,https://www.contactcars.com/en/new-cars/renault-austral/57df97ca84b8,"Fri, 25 Sep 2026 12:33:02 GMT",83fdc471be268aa58b62971ede3d9256be55bd30711d4e455fa45eede7c07df1,Renault,Austral,,Espirit Alpine,2026,72fbbbfbb11f,Seat Upholestry,Leather with Alcantara,spec-table
ContactCars,https://www.contactcars.com/en/new-cars/renault-austral/57df97ca84b8,"Fri, 25 Sep 2026 12:33:02 GMT",83fdc471be268aa58b62971ede3d9256be55bd30711d4e455fa45eede7c07df1,Renault,Austral,,Espirit Alpine,2026,40e24a4a83e0,Gearbox Selector,Shift By Wire,spec-table
ContactCars,https://www.contactcars.com/en/new-cars/renault-austral/57df97ca84b8,"Fri, 25 Sep 2026 12:33:02 GMT",83fdc471be268aa58b62971ede3d9256be55bd30711d4e455fa45eede7c07df1,Renault,Austral,,Espirit Alpine,2026,60199ad52a420993a3e82383,Ambient Lighting,Multi Color,spec-table
ContactCars,https://www.contactcars.com/en/new-cars/renault-austral/57df97ca84b8,"Fri, 25 Sep 2026 12:33:02 GMT",83fdc471be268aa58b62971ede3d9256be55bd30711d4e455fa45eede7c07df1,Renault,Austral,,Espirit Alpine,2026,60199ad52a420993a3e8238f,Driver Seat,Driver Seat Electric,spec-table
ContactCars,https://www.contactcars.com/en/new-cars/renault-austral/57df97ca84b8,"Fri, 25 Sep 2026 12:33:02 GMT",83fdc471be268aa58b62971ede3d9256be55bd30711d4e455fa45eede7c07df1,Renault,Austral,,Espirit Alpine,2026,625be8b2b21da3ebf03c43b0,Upholstery,ALCANTRA Ergonomic Seats with Leather Inserts,spec-table
ContactCars,https://www.contactcars.com/en/new-cars/renault-austral/57df97ca84b8,"Fri, 25 Sep 2026 12:33:02 GMT",83fdc471be268aa58b62971ede3d9256be55bd30711d4e455fa45eede7c07df1,Renault,Austral,,Espirit Alpine,2026,60199ad52a420993a3e8239d,Infotainment Display Size,9٫0 بوصة,spec-table
ContactCars,https://www.contactcars.com/en/new-cars/renault-austral/57df97ca84b8,"Fri, 25 Sep 2026 12:33:02 GMT",83fdc471be268aa58b62971ede3d9256be55bd30711d4e455fa45eede7c07df1,Renault,Austral,,Espirit Alpine,2026,60199ad52a420993a3e8237c,Instrument Cluster Type,Digital,spec-table
ContactCars,https://www.contactcars.com/en/new-cars/renault-austral/57df97ca84b8,"Fri, 25 Sep 2026 12:33:02 GMT",83fdc471be268aa58b62971ede3d9256be55bd30711d4e455fa45eede7c07df1,Renault,Austral,,Espirit Alpine,2026,75fe2b7d7bc2,Instrument Cluster Size,12٫3,spec-table
ContactCars,https://www.contactcars.com/en/new-cars/renault-austral/57df97ca84b8,"Fri, 25 Sep 2026 12:33:02 GMT",83fdc471be268aa58b62971ede3d9256be55bd30711d4e455fa45eede7c07df1,Renault,Austral,,Espirit Alpine,2026,60199ad52a420993a3e8239c,Smartphone Integration,Android Auto/Apple Car Play,spec-table
ContactCars,https://www.contactcars.com/en/new-cars/renault-austral/57df97ca84b8,"Fri, 25 Sep 2026 12:33:02 GMT",83fdc471be268aa58b62971ede3d9256be55bd30711d4e455fa45eede7c07df1,Renault,Austral,,Espirit Alpine,2026,60199ad52a420993a3e82376,Rims,R20,spec-table
ContactCars,https://www.contactcars.com/en/new-cars/renault-austral/57df97ca84b8,"Fri, 25 Sep 2026 12:33:02 GMT",83fdc471be268aa58b62971ede3d9256be55bd30711d4e455fa45eede7c07df1,Renault,Austral,,Espirit Alpine,2026,60199ad52a420993a3e8236d,Headlamps,LED,spec-table
ContactCars,https://www.contactcars.com/en/new-cars/renault-austral/57df97ca84b8,"Fri, 25 Sep 2026 12:33:02 GMT",83fdc471be268aa58b62971ede3d9256be55bd30711d4e455fa45eede7c07df1,Renault,Austral,,Espirit Alpine,2026,60199ad52a420993a3e8236e,Tail Lights,LED,spec-table
ContactCars,https://www.contactcars.com/en/new-cars/renault-austral/57df97ca84b8,"Fri, 25 Sep 2026 12:33:02 GMT",83fdc471be268aa58b62971ede3d9256be55bd30711d4e455fa45eede7c07df1,Renault,Austral,,Espirit Alpine,2026,62448521ba30183d77919447,Body Stitching,Exterior ALPINE Design Package,spec-table
ContactCars,https://www.contactcars.com/en/new-cars/renault-austral/57df97ca84b8,"Fri, 25 Sep 2026 12:33:02 GMT",83fdc471be268aa58b62971ede3d9256be55bd30711d4e455fa45eede7c07df1,Renault,Austral,,Espirit Alpine,2026,62a5f51c3b190c24efacbe38,Basic Vehicle Warranty,5 سنوات أو 100 ألف كيلو متر أيهما أقرب,spec-table
ContactCars,https://www.contactcars.com/en/new-cars/renault-austral/7c16513482ae,"Fri, 25 Sep 2026 12:33:03 GMT",c0838576c81f2046ed9663f73db51f9acd4ffe321e7b6e8a097949428e4bec74,Renault,Austral,,Techno Facelift,2026,jsonld:offer_price_egp,offer_price_egp,1690000,json-ld
ContactCars,https://www.contactcars.com/en/new-cars/renault-austral/7c16513482ae,"Fri, 25 Sep 2026 12:33:03 GMT",c0838576c81f2046ed9663f73db51f9acd4ffe321e7b6e8a097949428e4bec74,Renault,Austral,,Techno Facelift,2026,jsonld:fuelType,fuelType,Gas,json-ld
ContactCars,https://www.contactcars.com/en/new-cars/renault-austral/7c16513482ae,"Fri, 25 Sep 2026 12:33:03 GMT",c0838576c81f2046ed9663f73db51f9acd4ffe321e7b6e8a097949428e4bec74,Renault,Austral,,Techno Facelift,2026,jsonld:engineDisplacement,engineDisplacement,1300,json-ld
ContactCars,https://www.contactcars.com/en/new-cars/renault-austral/7c16513482ae,"Fri, 25 Sep 2026 12:33:03 GMT",c0838576c81f2046ed9663f73db51f9acd4ffe321e7b6e8a097949428e4bec74,Renault,Austral,,Techno Facelift,2026,jsonld:vehicleTransmission,vehicleTransmission,CVT,json-ld
ContactCars,https://www.contactcars.com/en/new-cars/renault-austral/7c16513482ae,"Fri, 25 Sep 2026 12:33:03 GMT",c0838576c81f2046ed9663f73db51f9acd4ffe321e7b6e8a097949428e4bec74,Renault,Austral,,Techno Facelift,2026,jsonld:bodyType,bodyType,SUV,json-ld
ContactCars,https://www.contactcars.com/en/new-cars/renault-austral/7c16513482ae,"Fri, 25 Sep 2026 12:33:03 GMT",c0838576c81f2046ed9663f73db51f9acd4ffe321e7b6e8a097949428e4bec74,Renault,Austral,,Techno Facelift,2026,jsonld:assembly_country,assembly_country,Spain,json-ld
ContactCars,https://www.contactcars.com/en/new-cars/renault-austral/7c16513482ae,"Fri, 25 Sep 2026 12:33:03 GMT",c0838576c81f2046ed9663f73db51f9acd4ffe321e7b6e8a097949428e4bec74,Renault,Austral,,Techno Facelift,2026,1cff89624677,Vehicle Size Class,Compact,spec-table
ContactCars,https://www.contactcars.com/en/new-cars/renault-austral/7c16513482ae,"Fri, 25 Sep 2026 12:33:03 GMT",c0838576c81f2046ed9663f73db51f9acd4ffe321e7b6e8a097949428e4bec74,Renault,Austral,,Techno Facelift,2026,5bedd1146e88,Body Style,SUV,spec-table
ContactCars,https://www.contactcars.com/en/new-cars/renault-austral/7c16513482ae,"Fri, 25 Sep 2026 12:33:03 GMT",c0838576c81f2046ed9663f73db51f9acd4ffe321e7b6e8a097949428e4bec74,Renault,Austral,,Techno Facelift,2026,13a10f395a87,Number of Doors,5,spec-table
ContactCars,https://www.contactcars.com/en/new-cars/renault-austral/7c16513482ae,"Fri, 25 Sep 2026 12:33:03 GMT",c0838576c81f2046ed9663f73db51f9acd4ffe321e7b6e8a097949428e4bec74,Renault,Austral,,Techno Facelift,2026,60199ad52a420993a3e82387,Number of Seats,5,spec-table
ContactCars,https://www.contactcars.com/en/new-cars/renault-austral/7c16513482ae,"Fri, 25 Sep 2026 12:33:03 GMT",c0838576c81f2046ed9663f73db51f9acd4ffe321e7b6e8a097949428e4bec74,Renault,Austral,,Techno Facelift,2026,60199ad52a420993a3e823a4,Rear Trunk Capacity (Liter),500,spec-table
ContactCars,https://www.contactcars.com/en/new-cars/renault-austral/7c16513482ae,"Fri, 25 Sep 2026 12:33:03 GMT",c0838576c81f2046ed9663f73db51f9acd4ffe321e7b6e8a097949428e4bec74,Renault,Austral,,Techno Facelift,2026,2cd960af118a,"Rear Trunk Capacity, Seats Folded (Liter)",1525,spec-table
ContactCars,https://www.contactcars.com/en/new-cars/renault-austral/7c16513482ae,"Fri, 25 Sep 2026 12:33:03 GMT",c0838576c81f2046ed9663f73db51f9acd4ffe321e7b6e8a097949428e4bec74,Renault,Austral,,Techno Facelift,2026,603647429f57461ab1a74148,Length (mm),4533,spec-table
ContactCars,https://www.contactcars.com/en/new-cars/renault-austral/7c16513482ae,"Fri, 25 Sep 2026 12:33:03 GMT",c0838576c81f2046ed9663f73db51f9acd4ffe321e7b6e8a097949428e4bec74,Renault,Austral,,Techno Facelift,2026,6036477d9f57461ab1a74149,Width (mm),1830,spec-table
ContactCars,https://www.contactcars.com/en/new-cars/renault-austral/7c16513482ae,"Fri, 25 Sep 2026 12:33:03 GMT",c0838576c81f2046ed9663f73db51f9acd4ffe321e7b6e8a097949428e4bec74,Renault,Austral,,Techno Facelift,2026,603647a49f57461ab1a7414a,Height (mm),1645,spec-table
ContactCars,https://www.contactcars.com/en/new-cars/renault-austral/7c16513482ae,"Fri, 25 Sep 2026 12:33:03 GMT",c0838576c81f2046ed9663f73db51f9acd4ffe321e7b6e8a097949428e4bec74,Renault,Austral,,Techno Facelift,2026,6033cae86136e6f66151c687,Wheelbase (mm),2667,spec-table
ContactCars,https://www.contactcars.com/en/new-cars/renault-austral/7c16513482ae,"Fri, 25 Sep 2026 12:33:03 GMT",c0838576c81f2046ed9663f73db51f9acd4ffe321e7b6e8a097949428e4bec74,Renault,Austral,,Techno Facelift,2026,6033cbc86136e6f66151c688,Ground Clearance (mm),170,spec-table
ContactCars,https://www.contactcars.com/en/new-cars/renault-austral/7c16513482ae,"Fri, 25 Sep 2026 12:33:03 GMT",c0838576c81f2046ed9663f73db51f9acd4ffe321e7b6e8a097949428e4bec74,Renault,Austral,,Techno Facelift,2026,2ac833f18334,Turning Radius (m),5٫7,spec-table
ContactCars,https://www.contactcars.com/en/new-cars/renault-austral/7c16513482ae,"Fri, 25 Sep 2026 12:33:03 GMT",c0838576c81f2046ed9663f73db51f9acd4ffe321e7b6e8a097949428e4bec74,Renault,Austral,,Techno Facelift,2026,6244612fba30183d7791942e,Curb Weight (KG),1421,spec-table
ContactCars,https://www.contactcars.com/en/new-cars/renault-austral/7c16513482ae,"Fri, 25 Sep 2026 12:33:03 GMT",c0838576c81f2046ed9663f73db51f9acd4ffe321e7b6e8a097949428e4bec74,Renault,Austral,,Techno Facelift,2026,624443c0ba30183d77919424,Generation,st1,spec-table
ContactCars,https://www.contactcars.com/en/new-cars/renault-austral/7c16513482ae,"Fri, 25 Sep 2026 12:33:03 GMT",c0838576c81f2046ed9663f73db51f9acd4ffe321e7b6e8a097949428e4bec74,Renault,Austral,,Techno Facelift,2026,1b9f93607f48,Powertrain Type,ICE (Petrol),spec-table
ContactCars,https://www.contactcars.com/en/new-cars/renault-austral/7c16513482ae,"Fri, 25 Sep 2026 12:33:03 GMT",c0838576c81f2046ed9663f73db51f9acd4ffe321e7b6e8a097949428e4bec74,Renault,Austral,,Techno Facelift,2026,60199ad52a420993a3e82353,Combined Maximum Power (HP @ RPM),150,spec-table
ContactCars,https://www.contactcars.com/en/new-cars/renault-austral/7c16513482ae,"Fri, 25 Sep 2026 12:33:03 GMT",c0838576c81f2046ed9663f73db51f9acd4ffe321e7b6e8a097949428e4bec74,Renault,Austral,,Techno Facelift,2026,60199ad52a420993a3e82354,Combined Maximum Torque (N.m @ RPM),250,spec-table
ContactCars,https://www.contactcars.com/en/new-cars/renault-austral/7c16513482ae,"Fri, 25 Sep 2026 12:33:03 GMT",c0838576c81f2046ed9663f73db51f9acd4ffe321e7b6e8a097949428e4bec74,Renault,Austral,,Techno Facelift,2026,60199ad52a420993a3e82359,Fuel Tank Capacity (Litre),55,spec-table
ContactCars,https://www.contactcars.com/en/new-cars/renault-austral/7c16513482ae,"Fri, 25 Sep 2026 12:33:03 GMT",c0838576c81f2046ed9663f73db51f9acd4ffe321e7b6e8a097949428e4bec74,Renault,Austral,,Techno Facelift,2026,bc8f5919d91f,Engine Type,Inline-4,spec-table
ContactCars,https://www.contactcars.com/en/new-cars/renault-austral/7c16513482ae,"Fri, 25 Sep 2026 12:33:03 GMT",c0838576c81f2046ed9663f73db51f9acd4ffe321e7b6e8a097949428e4bec74,Renault,Austral,,Techno Facelift,2026,0922a30a7f46,Engine Function,Drive Wheels,spec-table
ContactCars,https://www.contactcars.com/en/new-cars/renault-austral/7c16513482ae,"Fri, 25 Sep 2026 12:33:03 GMT",c0838576c81f2046ed9663f73db51f9acd4ffe321e7b6e8a097949428e4bec74,Renault,Austral,,Techno Facelift,2026,60199ad52a420993a3e82352,Cylinders,4,spec-table
ContactCars,https://www.contactcars.com/en/new-cars/renault-austral/7c16513482ae,"Fri, 25 Sep 2026 12:33:03 GMT",c0838576c81f2046ed9663f73db51f9acd4ffe321e7b6e8a097949428e4bec74,Renault,Austral,,Techno Facelift,2026,62445feaba30183d7791942d,Engine Capacity (CC),1300 cc,spec-table
ContactCars,https://www.contactcars.com/en/new-cars/renault-austral/7c16513482ae,"Fri, 25 Sep 2026 12:33:03 GMT",c0838576c81f2046ed9663f73db51f9acd4ffe321e7b6e8a097949428e4bec74,Renault,Austral,,Techno Facelift,2026,6244616cba30183d7791942f,Induction Type,Turbocharged,spec-table
ContactCars,https://www.contactcars.com/en/new-cars/renault-austral/7c16513482ae,"Fri, 25 Sep 2026 12:33:03 GMT",c0838576c81f2046ed9663f73db51f9acd4ffe321e7b6e8a097949428e4bec74,Renault,Austral,,Techno Facelift,2026,626916559ba5,Maximum Power Output (hp),150,spec-table
ContactCars,https://www.contactcars.com/en/new-cars/renault-austral/7c16513482ae,"Fri, 25 Sep 2026 12:33:03 GMT",c0838576c81f2046ed9663f73db51f9acd4ffe321e7b6e8a097949428e4bec74,Renault,Austral,,Techno Facelift,2026,60d3a866c259,Maximum Torque (Nm),250,spec-table
ContactCars,https://www.contactcars.com/en/new-cars/renault-austral/7c16513482ae,"Fri, 25 Sep 2026 12:33:03 GMT",c0838576c81f2046ed9663f73db51f9acd4ffe321e7b6e8a097949428e4bec74,Renault,Austral,,Techno Facelift,2026,60199ad52a420993a3e82358,Recommend Fuel Grade,95,spec-table
ContactCars,https://www.contactcars.com/en/new-cars/renault-austral/7c16513482ae,"Fri, 25 Sep 2026 12:33:03 GMT",c0838576c81f2046ed9663f73db51f9acd4ffe321e7b6e8a097949428e4bec74,Renault,Austral,,Techno Facelift,2026,62445f6cba30183d7791942c,Engine Layout,Front,spec-table
ContactCars,https://www.contactcars.com/en/new-cars/renault-austral/7c16513482ae,"Fri, 25 Sep 2026 12:33:03 GMT",c0838576c81f2046ed9663f73db51f9acd4ffe321e7b6e8a097949428e4bec74,Renault,Austral,,Techno Facelift,2026,ae3798f5fd83,Drivetrain Type,FWD (Front-Wheel Drive),spec-table
ContactCars,https://www.contactcars.com/en/new-cars/renault-austral/7c16513482ae,"Fri, 25 Sep 2026 12:33:03 GMT",c0838576c81f2046ed9663f73db51f9acd4ffe321e7b6e8a097949428e4bec74,Renault,Austral,,Techno Facelift,2026,fd8d1904b500,Transmission Type,Automatic,spec-table
ContactCars,https://www.contactcars.com/en/new-cars/renault-austral/7c16513482ae,"Fri, 25 Sep 2026 12:33:03 GMT",c0838576c81f2046ed9663f73db51f9acd4ffe321e7b6e8a097949428e4bec74,Renault,Austral,,Techno Facelift,2026,5229867ce0fa,Transmission Technology,CVT,spec-table
ContactCars,https://www.contactcars.com/en/new-cars/renault-austral/7c16513482ae,"Fri, 25 Sep 2026 12:33:03 GMT",c0838576c81f2046ed9663f73db51f9acd4ffe321e7b6e8a097949428e4bec74,Renault,Austral,,Techno Facelift,2026,60199ad52a420993a3e8235d,Power Steering Type,Electric,spec-table
ContactCars,https://www.contactcars.com/en/new-cars/renault-austral/7c16513482ae,"Fri, 25 Sep 2026 12:33:03 GMT",c0838576c81f2046ed9663f73db51f9acd4ffe321e7b6e8a097949428e4bec74,Renault,Austral,,Techno Facelift,2026,602fa37cd768,Steering Adjustment Ops,Manual,spec-table
ContactCars,https://www.contactcars.com/en/new-cars/renault-austral/7c16513482ae,"Fri, 25 Sep 2026 12:33:03 GMT",c0838576c81f2046ed9663f73db51f9acd4ffe321e7b6e8a097949428e4bec74,Renault,Austral,,Techno Facelift,2026,e78c472170c2,Front Suspension Type,MacPherson,spec-table
ContactCars,https://www.contactcars.com/en/new-cars/renault-austral/7c16513482ae,"Fri, 25 Sep 2026 12:33:03 GMT",c0838576c81f2046ed9663f73db51f9acd4ffe321e7b6e8a097949428e4bec74,Renault,Austral,,Techno Facelift,2026,d7a33f9ff1ff,Rear Suspension Type,Multi-Link,spec-table
ContactCars,https://www.contactcars.com/en/new-cars/renault-austral/7c16513482ae,"Fri, 25 Sep 2026 12:33:03 GMT",c0838576c81f2046ed9663f73db51f9acd4ffe321e7b6e8a097949428e4bec74,Renault,Austral,,Techno Facelift,2026,58f344b6ff55,Front Brakes Type,Ventilated Disc Brakes,spec-table
ContactCars,https://www.contactcars.com/en/new-cars/renault-austral/7c16513482ae,"Fri, 25 Sep 2026 12:33:03 GMT",c0838576c81f2046ed9663f73db51f9acd4ffe321e7b6e8a097949428e4bec74,Renault,Austral,,Techno Facelift,2026,eb24327dbe4e,Rear Brakes Type,Solid Disc Brakes,spec-table
ContactCars,https://www.contactcars.com/en/new-cars/renault-austral/7c16513482ae,"Fri, 25 Sep 2026 12:33:03 GMT",c0838576c81f2046ed9663f73db51f9acd4ffe321e7b6e8a097949428e4bec74,Renault,Austral,,Techno Facelift,2026,4ed8405e7e5b,Hand Brake Type,Electronic,spec-table
ContactCars,https://www.contactcars.com/en/new-cars/renault-austral/7c16513482ae,"Fri, 25 Sep 2026 12:33:03 GMT",c0838576c81f2046ed9663f73db51f9acd4ffe321e7b6e8a097949428e4bec74,Renault,Austral,,Techno Facelift,2026,d4b30096d663,Wheel Type,Alloy,spec-table
ContactCars,https://www.contactcars.com/en/new-cars/renault-austral/7c16513482ae,"Fri, 25 Sep 2026 12:33:03 GMT",c0838576c81f2046ed9663f73db51f9acd4ffe321e7b6e8a097949428e4bec74,Renault,Austral,,Techno Facelift,2026,1831c41b7b17,Front Wheel Size,19,spec-table
ContactCars,https://www.contactcars.com/en/new-cars/renault-austral/7c16513482ae,"Fri, 25 Sep 2026 12:33:03 GMT",c0838576c81f2046ed9663f73db51f9acd4ffe321e7b6e8a097949428e4bec74,Renault,Austral,,Techno Facelift,2026,1f4797b49117,Rear Wheel Size,19,spec-table
ContactCars,https://www.contactcars.com/en/new-cars/renault-austral/7c16513482ae,"Fri, 25 Sep 2026 12:33:03 GMT",c0838576c81f2046ed9663f73db51f9acd4ffe321e7b6e8a097949428e4bec74,Renault,Austral,,Techno Facelift,2026,60199ad52a420993a3e82372,Front Tire Size,205/55 R19,spec-table
ContactCars,https://www.contactcars.com/en/new-cars/renault-austral/7c16513482ae,"Fri, 25 Sep 2026 12:33:03 GMT",c0838576c81f2046ed9663f73db51f9acd4ffe321e7b6e8a097949428e4bec74,Renault,Austral,,Techno Facelift,2026,2076fe4abba4,Rear Tire Size,205/55 R19,spec-table
ContactCars,https://www.contactcars.com/en/new-cars/renault-austral/7c16513482ae,"Fri, 25 Sep 2026 12:33:03 GMT",c0838576c81f2046ed9663f73db51f9acd4ffe321e7b6e8a097949428e4bec74,Renault,Austral,,Techno Facelift,2026,cb68666c87e5,Tire Type,All-Season,spec-table
ContactCars,https://www.contactcars.com/en/new-cars/renault-austral/7c16513482ae,"Fri, 25 Sep 2026 12:33:03 GMT",c0838576c81f2046ed9663f73db51f9acd4ffe321e7b6e8a097949428e4bec74,Renault,Austral,,Techno Facelift,2026,56a59f46e398,Euro NCAP Results,5,spec-table
ContactCars,https://www.contactcars.com/en/new-cars/renault-austral/7c16513482ae,"Fri, 25 Sep 2026 12:33:03 GMT",c0838576c81f2046ed9663f73db51f9acd4ffe321e7b6e8a097949428e4bec74,Renault,Austral,,Techno Facelift,2026,60199ad52a420993a3e8236a,Airbag Count,7,spec-table
ContactCars,https://www.contactcars.com/en/new-cars/renault-austral/7c16513482ae,"Fri, 25 Sep 2026 12:33:03 GMT",c0838576c81f2046ed9663f73db51f9acd4ffe321e7b6e8a097949428e4bec74,Renault,Austral,,Techno Facelift,2026,72fbbbfbb11f,Seat Upholestry,Cloth,spec-table
ContactCars,https://www.contactcars.com/en/new-cars/renault-austral/7c16513482ae,"Fri, 25 Sep 2026 12:33:03 GMT",c0838576c81f2046ed9663f73db51f9acd4ffe321e7b6e8a097949428e4bec74,Renault,Austral,,Techno Facelift,2026,40e24a4a83e0,Gearbox Selector,Shift By Wire,spec-table
ContactCars,https://www.contactcars.com/en/new-cars/renault-austral/7c16513482ae,"Fri, 25 Sep 2026 12:33:03 GMT",c0838576c81f2046ed9663f73db51f9acd4ffe321e7b6e8a097949428e4bec74,Renault,Austral,,Techno Facelift,2026,60199ad52a420993a3e82383,Ambient Lighting,Multi Color,spec-table
ContactCars,https://www.contactcars.com/en/new-cars/renault-austral/7c16513482ae,"Fri, 25 Sep 2026 12:33:03 GMT",c0838576c81f2046ed9663f73db51f9acd4ffe321e7b6e8a097949428e4bec74,Renault,Austral,,Techno Facelift,2026,60199ad52a420993a3e8238f,Driver Seat,Manual,spec-table
ContactCars,https://www.contactcars.com/en/new-cars/renault-austral/7c16513482ae,"Fri, 25 Sep 2026 12:33:03 GMT",c0838576c81f2046ed9663f73db51f9acd4ffe321e7b6e8a097949428e4bec74,Renault,Austral,,Techno Facelift,2026,60199ad52a420993a3e8239d,Infotainment Display Size,9٫0 بوصة,spec-table
ContactCars,https://www.contactcars.com/en/new-cars/renault-austral/7c16513482ae,"Fri, 25 Sep 2026 12:33:03 GMT",c0838576c81f2046ed9663f73db51f9acd4ffe321e7b6e8a097949428e4bec74,Renault,Austral,,Techno Facelift,2026,60199ad52a420993a3e8237c,Instrument Cluster Type,Digital,spec-table
ContactCars,https://www.contactcars.com/en/new-cars/renault-austral/7c16513482ae,"Fri, 25 Sep 2026 12:33:03 GMT",c0838576c81f2046ed9663f73db51f9acd4ffe321e7b6e8a097949428e4bec74,Renault,Austral,,Techno Facelift,2026,75fe2b7d7bc2,Instrument Cluster Size,12٫3,spec-table
ContactCars,https://www.contactcars.com/en/new-cars/renault-austral/7c16513482ae,"Fri, 25 Sep 2026 12:33:03 GMT",c0838576c81f2046ed9663f73db51f9acd4ffe321e7b6e8a097949428e4bec74,Renault,Austral,,Techno Facelift,2026,60199ad52a420993a3e8239c,Smartphone Integration,Android Auto/Apple Car Play,spec-table
ContactCars,https://www.contactcars.com/en/new-cars/renault-austral/7c16513482ae,"Fri, 25 Sep 2026 12:33:03 GMT",c0838576c81f2046ed9663f73db51f9acd4ffe321e7b6e8a097949428e4bec74,Renault,Austral,,Techno Facelift,2026,60199ad52a420993a3e82376,Rims,R19,spec-table
ContactCars,https://www.contactcars.com/en/new-cars/renault-austral/7c16513482ae,"Fri, 25 Sep 2026 12:33:03 GMT",c0838576c81f2046ed9663f73db51f9acd4ffe321e7b6e8a097949428e4bec74,Renault,Austral,,Techno Facelift,2026,60199ad52a420993a3e8236d,Headlamps,LED,spec-table
ContactCars,https://www.contactcars.com/en/new-cars/renault-austral/7c16513482ae,"Fri, 25 Sep 2026 12:33:03 GMT",c0838576c81f2046ed9663f73db51f9acd4ffe321e7b6e8a097949428e4bec74,Renault,Austral,,Techno Facelift,2026,60199ad52a420993a3e8236e,Tail Lights,LED,spec-table
ContactCars,https://www.contactcars.com/en/new-cars/renault-austral/7c16513482ae,"Fri, 25 Sep 2026 12:33:03 GMT",c0838576c81f2046ed9663f73db51f9acd4ffe321e7b6e8a097949428e4bec74,Renault,Austral,,Techno Facelift,2026,62a5f51c3b190c24efacbe38,Basic Vehicle Warranty,5 سنوات أو 100 ألف كيلو متر أيهما أقرب,spec-table
ContactCars,https://www.contactcars.com/en/new-cars/renault-austral/869258a2e128,"Fri, 25 Sep 2026 12:33:04 GMT",f0bf1b35617140ed4e8cd5d5776973feae91dd6d2b4a5aa5bd25c342bfdb970f,Renault,Austral,,Evolution Facelift,2026,jsonld:offer_price_egp,offer_price_egp,1550000,json-ld
ContactCars,https://www.contactcars.com/en/new-cars/renault-austral/869258a2e128,"Fri, 25 Sep 2026 12:33:04 GMT",f0bf1b35617140ed4e8cd5d5776973feae91dd6d2b4a5aa5bd25c342bfdb970f,Renault,Austral,,Evolution Facelift,2026,jsonld:fuelType,fuelType,Gas,json-ld
ContactCars,https://www.contactcars.com/en/new-cars/renault-austral/869258a2e128,"Fri, 25 Sep 2026 12:33:04 GMT",f0bf1b35617140ed4e8cd5d5776973feae91dd6d2b4a5aa5bd25c342bfdb970f,Renault,Austral,,Evolution Facelift,2026,jsonld:engineDisplacement,engineDisplacement,1300,json-ld
ContactCars,https://www.contactcars.com/en/new-cars/renault-austral/869258a2e128,"Fri, 25 Sep 2026 12:33:04 GMT",f0bf1b35617140ed4e8cd5d5776973feae91dd6d2b4a5aa5bd25c342bfdb970f,Renault,Austral,,Evolution Facelift,2026,jsonld:vehicleTransmission,vehicleTransmission,CVT,json-ld
ContactCars,https://www.contactcars.com/en/new-cars/renault-austral/869258a2e128,"Fri, 25 Sep 2026 12:33:04 GMT",f0bf1b35617140ed4e8cd5d5776973feae91dd6d2b4a5aa5bd25c342bfdb970f,Renault,Austral,,Evolution Facelift,2026,jsonld:bodyType,bodyType,SUV,json-ld
ContactCars,https://www.contactcars.com/en/new-cars/renault-austral/869258a2e128,"Fri, 25 Sep 2026 12:33:04 GMT",f0bf1b35617140ed4e8cd5d5776973feae91dd6d2b4a5aa5bd25c342bfdb970f,Renault,Austral,,Evolution Facelift,2026,jsonld:assembly_country,assembly_country,Spain,json-ld
ContactCars,https://www.contactcars.com/en/new-cars/renault-austral/869258a2e128,"Fri, 25 Sep 2026 12:33:04 GMT",f0bf1b35617140ed4e8cd5d5776973feae91dd6d2b4a5aa5bd25c342bfdb970f,Renault,Austral,,Evolution Facelift,2026,1cff89624677,Vehicle Size Class,Compact,spec-table
ContactCars,https://www.contactcars.com/en/new-cars/renault-austral/869258a2e128,"Fri, 25 Sep 2026 12:33:04 GMT",f0bf1b35617140ed4e8cd5d5776973feae91dd6d2b4a5aa5bd25c342bfdb970f,Renault,Austral,,Evolution Facelift,2026,5bedd1146e88,Body Style,SUV,spec-table
ContactCars,https://www.contactcars.com/en/new-cars/renault-austral/869258a2e128,"Fri, 25 Sep 2026 12:33:04 GMT",f0bf1b35617140ed4e8cd5d5776973feae91dd6d2b4a5aa5bd25c342bfdb970f,Renault,Austral,,Evolution Facelift,2026,13a10f395a87,Number of Doors,5,spec-table
ContactCars,https://www.contactcars.com/en/new-cars/renault-austral/869258a2e128,"Fri, 25 Sep 2026 12:33:04 GMT",f0bf1b35617140ed4e8cd5d5776973feae91dd6d2b4a5aa5bd25c342bfdb970f,Renault,Austral,,Evolution Facelift,2026,60199ad52a420993a3e82387,Number of Seats,5,spec-table
ContactCars,https://www.contactcars.com/en/new-cars/renault-austral/869258a2e128,"Fri, 25 Sep 2026 12:33:04 GMT",f0bf1b35617140ed4e8cd5d5776973feae91dd6d2b4a5aa5bd25c342bfdb970f,Renault,Austral,,Evolution Facelift,2026,60199ad52a420993a3e823a4,Rear Trunk Capacity (Liter),500,spec-table
ContactCars,https://www.contactcars.com/en/new-cars/renault-austral/869258a2e128,"Fri, 25 Sep 2026 12:33:04 GMT",f0bf1b35617140ed4e8cd5d5776973feae91dd6d2b4a5aa5bd25c342bfdb970f,Renault,Austral,,Evolution Facelift,2026,2cd960af118a,"Rear Trunk Capacity, Seats Folded (Liter)",1525,spec-table
ContactCars,https://www.contactcars.com/en/new-cars/renault-austral/869258a2e128,"Fri, 25 Sep 2026 12:33:04 GMT",f0bf1b35617140ed4e8cd5d5776973feae91dd6d2b4a5aa5bd25c342bfdb970f,Renault,Austral,,Evolution Facelift,2026,603647429f57461ab1a74148,Length (mm),4533,spec-table
ContactCars,https://www.contactcars.com/en/new-cars/renault-austral/869258a2e128,"Fri, 25 Sep 2026 12:33:04 GMT",f0bf1b35617140ed4e8cd5d5776973feae91dd6d2b4a5aa5bd25c342bfdb970f,Renault,Austral,,Evolution Facelift,2026,6036477d9f57461ab1a74149,Width (mm),1830,spec-table
ContactCars,https://www.contactcars.com/en/new-cars/renault-austral/869258a2e128,"Fri, 25 Sep 2026 12:33:04 GMT",f0bf1b35617140ed4e8cd5d5776973feae91dd6d2b4a5aa5bd25c342bfdb970f,Renault,Austral,,Evolution Facelift,2026,603647a49f57461ab1a7414a,Height (mm),1645,spec-table
ContactCars,https://www.contactcars.com/en/new-cars/renault-austral/869258a2e128,"Fri, 25 Sep 2026 12:33:04 GMT",f0bf1b35617140ed4e8cd5d5776973feae91dd6d2b4a5aa5bd25c342bfdb970f,Renault,Austral,,Evolution Facelift,2026,6033cae86136e6f66151c687,Wheelbase (mm),2667,spec-table
ContactCars,https://www.contactcars.com/en/new-cars/renault-austral/869258a2e128,"Fri, 25 Sep 2026 12:33:04 GMT",f0bf1b35617140ed4e8cd5d5776973feae91dd6d2b4a5aa5bd25c342bfdb970f,Renault,Austral,,Evolution Facelift,2026,6033cbc86136e6f66151c688,Ground Clearance (mm),170,spec-table
ContactCars,https://www.contactcars.com/en/new-cars/renault-austral/869258a2e128,"Fri, 25 Sep 2026 12:33:04 GMT",f0bf1b35617140ed4e8cd5d5776973feae91dd6d2b4a5aa5bd25c342bfdb970f,Renault,Austral,,Evolution Facelift,2026,2ac833f18334,Turning Radius (m),5٫7,spec-table
ContactCars,https://www.contactcars.com/en/new-cars/renault-austral/869258a2e128,"Fri, 25 Sep 2026 12:33:04 GMT",f0bf1b35617140ed4e8cd5d5776973feae91dd6d2b4a5aa5bd25c342bfdb970f,Renault,Austral,,Evolution Facelift,2026,6244612fba30183d7791942e,Curb Weight (KG)," 1,421",spec-table
ContactCars,https://www.contactcars.com/en/new-cars/renault-austral/869258a2e128,"Fri, 25 Sep 2026 12:33:04 GMT",f0bf1b35617140ed4e8cd5d5776973feae91dd6d2b4a5aa5bd25c342bfdb970f,Renault,Austral,,Evolution Facelift,2026,624443c0ba30183d77919424,Generation,st1,spec-table
ContactCars,https://www.contactcars.com/en/new-cars/renault-austral/869258a2e128,"Fri, 25 Sep 2026 12:33:04 GMT",f0bf1b35617140ed4e8cd5d5776973feae91dd6d2b4a5aa5bd25c342bfdb970f,Renault,Austral,,Evolution Facelift,2026,1b9f93607f48,Powertrain Type,ICE (Petrol),spec-table
ContactCars,https://www.contactcars.com/en/new-cars/renault-austral/869258a2e128,"Fri, 25 Sep 2026 12:33:04 GMT",f0bf1b35617140ed4e8cd5d5776973feae91dd6d2b4a5aa5bd25c342bfdb970f,Renault,Austral,,Evolution Facelift,2026,60199ad52a420993a3e82353,Combined Maximum Power (HP @ RPM),150,spec-table
ContactCars,https://www.contactcars.com/en/new-cars/renault-austral/869258a2e128,"Fri, 25 Sep 2026 12:33:04 GMT",f0bf1b35617140ed4e8cd5d5776973feae91dd6d2b4a5aa5bd25c342bfdb970f,Renault,Austral,,Evolution Facelift,2026,60199ad52a420993a3e82354,Combined Maximum Torque (N.m @ RPM),250,spec-table
ContactCars,https://www.contactcars.com/en/new-cars/renault-austral/869258a2e128,"Fri, 25 Sep 2026 12:33:04 GMT",f0bf1b35617140ed4e8cd5d5776973feae91dd6d2b4a5aa5bd25c342bfdb970f,Renault,Austral,,Evolution Facelift,2026,60199ad52a420993a3e82359,Fuel Tank Capacity (Litre),55,spec-table
ContactCars,https://www.contactcars.com/en/new-cars/renault-austral/869258a2e128,"Fri, 25 Sep 2026 12:33:04 GMT",f0bf1b35617140ed4e8cd5d5776973feae91dd6d2b4a5aa5bd25c342bfdb970f,Renault,Austral,,Evolution Facelift,2026,bc8f5919d91f,Engine Type,Inline-4,spec-table
ContactCars,https://www.contactcars.com/en/new-cars/renault-austral/869258a2e128,"Fri, 25 Sep 2026 12:33:04 GMT",f0bf1b35617140ed4e8cd5d5776973feae91dd6d2b4a5aa5bd25c342bfdb970f,Renault,Austral,,Evolution Facelift,2026,0922a30a7f46,Engine Function,Drive Wheels,spec-table
ContactCars,https://www.contactcars.com/en/new-cars/renault-austral/869258a2e128,"Fri, 25 Sep 2026 12:33:04 GMT",f0bf1b35617140ed4e8cd5d5776973feae91dd6d2b4a5aa5bd25c342bfdb970f,Renault,Austral,,Evolution Facelift,2026,60199ad52a420993a3e82352,Cylinders,4,spec-table
ContactCars,https://www.contactcars.com/en/new-cars/renault-austral/869258a2e128,"Fri, 25 Sep 2026 12:33:04 GMT",f0bf1b35617140ed4e8cd5d5776973feae91dd6d2b4a5aa5bd25c342bfdb970f,Renault,Austral,,Evolution Facelift,2026,62445feaba30183d7791942d,Engine Capacity (CC),1300 cc,spec-table
ContactCars,https://www.contactcars.com/en/new-cars/renault-austral/869258a2e128,"Fri, 25 Sep 2026 12:33:04 GMT",f0bf1b35617140ed4e8cd5d5776973feae91dd6d2b4a5aa5bd25c342bfdb970f,Renault,Austral,,Evolution Facelift,2026,6244616cba30183d7791942f,Induction Type,Turbocharged,spec-table
ContactCars,https://www.contactcars.com/en/new-cars/renault-austral/869258a2e128,"Fri, 25 Sep 2026 12:33:04 GMT",f0bf1b35617140ed4e8cd5d5776973feae91dd6d2b4a5aa5bd25c342bfdb970f,Renault,Austral,,Evolution Facelift,2026,626916559ba5,Maximum Power Output (hp),150,spec-table
ContactCars,https://www.contactcars.com/en/new-cars/renault-austral/869258a2e128,"Fri, 25 Sep 2026 12:33:04 GMT",f0bf1b35617140ed4e8cd5d5776973feae91dd6d2b4a5aa5bd25c342bfdb970f,Renault,Austral,,Evolution Facelift,2026,60d3a866c259,Maximum Torque (Nm),250,spec-table
ContactCars,https://www.contactcars.com/en/new-cars/renault-austral/869258a2e128,"Fri, 25 Sep 2026 12:33:04 GMT",f0bf1b35617140ed4e8cd5d5776973feae91dd6d2b4a5aa5bd25c342bfdb970f,Renault,Austral,,Evolution Facelift,2026,60199ad52a420993a3e82358,Recommend Fuel Grade,95,spec-table
ContactCars,https://www.contactcars.com/en/new-cars/renault-austral/869258a2e128,"Fri, 25 Sep 2026 12:33:04 GMT",f0bf1b35617140ed4e8cd5d5776973feae91dd6d2b4a5aa5bd25c342bfdb970f,Renault,Austral,,Evolution Facelift,2026,62445f6cba30183d7791942c,Engine Layout,Front,spec-table
ContactCars,https://www.contactcars.com/en/new-cars/renault-austral/869258a2e128,"Fri, 25 Sep 2026 12:33:04 GMT",f0bf1b35617140ed4e8cd5d5776973feae91dd6d2b4a5aa5bd25c342bfdb970f,Renault,Austral,,Evolution Facelift,2026,ae3798f5fd83,Drivetrain Type,FWD (Front-Wheel Drive),spec-table
ContactCars,https://www.contactcars.com/en/new-cars/renault-austral/869258a2e128,"Fri, 25 Sep 2026 12:33:04 GMT",f0bf1b35617140ed4e8cd5d5776973feae91dd6d2b4a5aa5bd25c342bfdb970f,Renault,Austral,,Evolution Facelift,2026,fd8d1904b500,Transmission Type,Automatic,spec-table
ContactCars,https://www.contactcars.com/en/new-cars/renault-austral/869258a2e128,"Fri, 25 Sep 2026 12:33:04 GMT",f0bf1b35617140ed4e8cd5d5776973feae91dd6d2b4a5aa5bd25c342bfdb970f,Renault,Austral,,Evolution Facelift,2026,5229867ce0fa,Transmission Technology,CVT,spec-table
ContactCars,https://www.contactcars.com/en/new-cars/renault-austral/869258a2e128,"Fri, 25 Sep 2026 12:33:04 GMT",f0bf1b35617140ed4e8cd5d5776973feae91dd6d2b4a5aa5bd25c342bfdb970f,Renault,Austral,,Evolution Facelift,2026,60199ad52a420993a3e8235d,Power Steering Type,Electric,spec-table
ContactCars,https://www.contactcars.com/en/new-cars/renault-austral/869258a2e128,"Fri, 25 Sep 2026 12:33:04 GMT",f0bf1b35617140ed4e8cd5d5776973feae91dd6d2b4a5aa5bd25c342bfdb970f,Renault,Austral,,Evolution Facelift,2026,602fa37cd768,Steering Adjustment Ops,Manual,spec-table
ContactCars,https://www.contactcars.com/en/new-cars/renault-austral/869258a2e128,"Fri, 25 Sep 2026 12:33:04 GMT",f0bf1b35617140ed4e8cd5d5776973feae91dd6d2b4a5aa5bd25c342bfdb970f,Renault,Austral,,Evolution Facelift,2026,e78c472170c2,Front Suspension Type,MacPherson,spec-table
ContactCars,https://www.contactcars.com/en/new-cars/renault-austral/869258a2e128,"Fri, 25 Sep 2026 12:33:04 GMT",f0bf1b35617140ed4e8cd5d5776973feae91dd6d2b4a5aa5bd25c342bfdb970f,Renault,Austral,,Evolution Facelift,2026,d7a33f9ff1ff,Rear Suspension Type,Multi-Link,spec-table
ContactCars,https://www.contactcars.com/en/new-cars/renault-austral/869258a2e128,"Fri, 25 Sep 2026 12:33:04 GMT",f0bf1b35617140ed4e8cd5d5776973feae91dd6d2b4a5aa5bd25c342bfdb970f,Renault,Austral,,Evolution Facelift,2026,58f344b6ff55,Front Brakes Type,Ventilated Disc Brakes,spec-table
ContactCars,https://www.contactcars.com/en/new-cars/renault-austral/869258a2e128,"Fri, 25 Sep 2026 12:33:04 GMT",f0bf1b35617140ed4e8cd5d5776973feae91dd6d2b4a5aa5bd25c342bfdb970f,Renault,Austral,,Evolution Facelift,2026,eb24327dbe4e,Rear Brakes Type,Solid Disc Brakes,spec-table
ContactCars,https://www.contactcars.com/en/new-cars/renault-austral/869258a2e128,"Fri, 25 Sep 2026 12:33:04 GMT",f0bf1b35617140ed4e8cd5d5776973feae91dd6d2b4a5aa5bd25c342bfdb970f,Renault,Austral,,Evolution Facelift,2026,4ed8405e7e5b,Hand Brake Type,Electronic,spec-table
ContactCars,https://www.contactcars.com/en/new-cars/renault-austral/869258a2e128,"Fri, 25 Sep 2026 12:33:04 GMT",f0bf1b35617140ed4e8cd5d5776973feae91dd6d2b4a5aa5bd25c342bfdb970f,Renault,Austral,,Evolution Facelift,2026,d4b30096d663,Wheel Type,Alloy,spec-table
ContactCars,https://www.contactcars.com/en/new-cars/renault-austral/869258a2e128,"Fri, 25 Sep 2026 12:33:04 GMT",f0bf1b35617140ed4e8cd5d5776973feae91dd6d2b4a5aa5bd25c342bfdb970f,Renault,Austral,,Evolution Facelift,2026,1831c41b7b17,Front Wheel Size,17,spec-table
ContactCars,https://www.contactcars.com/en/new-cars/renault-austral/869258a2e128,"Fri, 25 Sep 2026 12:33:04 GMT",f0bf1b35617140ed4e8cd5d5776973feae91dd6d2b4a5aa5bd25c342bfdb970f,Renault,Austral,,Evolution Facelift,2026,1f4797b49117,Rear Wheel Size,17,spec-table
ContactCars,https://www.contactcars.com/en/new-cars/renault-austral/869258a2e128,"Fri, 25 Sep 2026 12:33:04 GMT",f0bf1b35617140ed4e8cd5d5776973feae91dd6d2b4a5aa5bd25c342bfdb970f,Renault,Austral,,Evolution Facelift,2026,60199ad52a420993a3e82372,Front Tire Size,215/65 R 17,spec-table
ContactCars,https://www.contactcars.com/en/new-cars/renault-austral/869258a2e128,"Fri, 25 Sep 2026 12:33:04 GMT",f0bf1b35617140ed4e8cd5d5776973feae91dd6d2b4a5aa5bd25c342bfdb970f,Renault,Austral,,Evolution Facelift,2026,2076fe4abba4,Rear Tire Size,215/65 R 17,spec-table
ContactCars,https://www.contactcars.com/en/new-cars/renault-austral/869258a2e128,"Fri, 25 Sep 2026 12:33:04 GMT",f0bf1b35617140ed4e8cd5d5776973feae91dd6d2b4a5aa5bd25c342bfdb970f,Renault,Austral,,Evolution Facelift,2026,cb68666c87e5,Tire Type,All-Season,spec-table
ContactCars,https://www.contactcars.com/en/new-cars/renault-austral/869258a2e128,"Fri, 25 Sep 2026 12:33:04 GMT",f0bf1b35617140ed4e8cd5d5776973feae91dd6d2b4a5aa5bd25c342bfdb970f,Renault,Austral,,Evolution Facelift,2026,56a59f46e398,Euro NCAP Results,5,spec-table
ContactCars,https://www.contactcars.com/en/new-cars/renault-austral/869258a2e128,"Fri, 25 Sep 2026 12:33:04 GMT",f0bf1b35617140ed4e8cd5d5776973feae91dd6d2b4a5aa5bd25c342bfdb970f,Renault,Austral,,Evolution Facelift,2026,60199ad52a420993a3e8236a,Airbag Count,6,spec-table
ContactCars,https://www.contactcars.com/en/new-cars/renault-austral/869258a2e128,"Fri, 25 Sep 2026 12:33:04 GMT",f0bf1b35617140ed4e8cd5d5776973feae91dd6d2b4a5aa5bd25c342bfdb970f,Renault,Austral,,Evolution Facelift,2026,72fbbbfbb11f,Seat Upholestry,Cloth,spec-table
ContactCars,https://www.contactcars.com/en/new-cars/renault-austral/869258a2e128,"Fri, 25 Sep 2026 12:33:04 GMT",f0bf1b35617140ed4e8cd5d5776973feae91dd6d2b4a5aa5bd25c342bfdb970f,Renault,Austral,,Evolution Facelift,2026,40e24a4a83e0,Gearbox Selector,Shift By Wire,spec-table
ContactCars,https://www.contactcars.com/en/new-cars/renault-austral/869258a2e128,"Fri, 25 Sep 2026 12:33:04 GMT",f0bf1b35617140ed4e8cd5d5776973feae91dd6d2b4a5aa5bd25c342bfdb970f,Renault,Austral,,Evolution Facelift,2026,60199ad52a420993a3e8238f,Driver Seat,Manual,spec-table
ContactCars,https://www.contactcars.com/en/new-cars/renault-austral/869258a2e128,"Fri, 25 Sep 2026 12:33:04 GMT",f0bf1b35617140ed4e8cd5d5776973feae91dd6d2b4a5aa5bd25c342bfdb970f,Renault,Austral,,Evolution Facelift,2026,60199ad52a420993a3e8239d,Infotainment Display Size,9٫0 بوصة,spec-table
ContactCars,https://www.contactcars.com/en/new-cars/renault-austral/869258a2e128,"Fri, 25 Sep 2026 12:33:04 GMT",f0bf1b35617140ed4e8cd5d5776973feae91dd6d2b4a5aa5bd25c342bfdb970f,Renault,Austral,,Evolution Facelift,2026,60199ad52a420993a3e8237c,Instrument Cluster Type,Digital,spec-table
ContactCars,https://www.contactcars.com/en/new-cars/renault-austral/869258a2e128,"Fri, 25 Sep 2026 12:33:04 GMT",f0bf1b35617140ed4e8cd5d5776973feae91dd6d2b4a5aa5bd25c342bfdb970f,Renault,Austral,,Evolution Facelift,2026,75fe2b7d7bc2,Instrument Cluster Size,12٫3,spec-table
ContactCars,https://www.contactcars.com/en/new-cars/renault-austral/869258a2e128,"Fri, 25 Sep 2026 12:33:04 GMT",f0bf1b35617140ed4e8cd5d5776973feae91dd6d2b4a5aa5bd25c342bfdb970f,Renault,Austral,,Evolution Facelift,2026,60199ad52a420993a3e8239c,Smartphone Integration,Android Auto/Apple Car Play,spec-table
ContactCars,https://www.contactcars.com/en/new-cars/renault-austral/869258a2e128,"Fri, 25 Sep 2026 12:33:04 GMT",f0bf1b35617140ed4e8cd5d5776973feae91dd6d2b4a5aa5bd25c342bfdb970f,Renault,Austral,,Evolution Facelift,2026,60199ad52a420993a3e82376,Rims,R17,spec-table
ContactCars,https://www.contactcars.com/en/new-cars/renault-austral/869258a2e128,"Fri, 25 Sep 2026 12:33:04 GMT",f0bf1b35617140ed4e8cd5d5776973feae91dd6d2b4a5aa5bd25c342bfdb970f,Renault,Austral,,Evolution Facelift,2026,60199ad52a420993a3e8236d,Headlamps,LED,spec-table
ContactCars,https://www.contactcars.com/en/new-cars/renault-austral/869258a2e128,"Fri, 25 Sep 2026 12:33:04 GMT",f0bf1b35617140ed4e8cd5d5776973feae91dd6d2b4a5aa5bd25c342bfdb970f,Renault,Austral,,Evolution Facelift,2026,60199ad52a420993a3e8236e,Tail Lights,LED,spec-table
ContactCars,https://www.contactcars.com/en/new-cars/renault-austral/869258a2e128,"Fri, 25 Sep 2026 12:33:04 GMT",f0bf1b35617140ed4e8cd5d5776973feae91dd6d2b4a5aa5bd25c342bfdb970f,Renault,Austral,,Evolution Facelift,2026,62a5f51c3b190c24efacbe38,Basic Vehicle Warranty,5 سنوات أو 100 ألف كيلو متر أيهما أقرب,spec-table
ContactCars,https://www.contactcars.com/en/new-cars/renault-austral/f94f90eaef9d,"Fri, 25 Sep 2026 12:33:06 GMT",6b762136376e70b41ea47d473d0f78f8300a61d3065b093e349a50eb366f79da,Renault,Austral,,Iconic Facelift,2026,jsonld:offer_price_egp,offer_price_egp,1790000,json-ld
ContactCars,https://www.contactcars.com/en/new-cars/renault-austral/f94f90eaef9d,"Fri, 25 Sep 2026 12:33:06 GMT",6b762136376e70b41ea47d473d0f78f8300a61d3065b093e349a50eb366f79da,Renault,Austral,,Iconic Facelift,2026,jsonld:fuelType,fuelType,Gas,json-ld
ContactCars,https://www.contactcars.com/en/new-cars/renault-austral/f94f90eaef9d,"Fri, 25 Sep 2026 12:33:06 GMT",6b762136376e70b41ea47d473d0f78f8300a61d3065b093e349a50eb366f79da,Renault,Austral,,Iconic Facelift,2026,jsonld:engineDisplacement,engineDisplacement,1300,json-ld
ContactCars,https://www.contactcars.com/en/new-cars/renault-austral/f94f90eaef9d,"Fri, 25 Sep 2026 12:33:06 GMT",6b762136376e70b41ea47d473d0f78f8300a61d3065b093e349a50eb366f79da,Renault,Austral,,Iconic Facelift,2026,jsonld:vehicleTransmission,vehicleTransmission,CVT,json-ld
ContactCars,https://www.contactcars.com/en/new-cars/renault-austral/f94f90eaef9d,"Fri, 25 Sep 2026 12:33:06 GMT",6b762136376e70b41ea47d473d0f78f8300a61d3065b093e349a50eb366f79da,Renault,Austral,,Iconic Facelift,2026,jsonld:bodyType,bodyType,SUV,json-ld
ContactCars,https://www.contactcars.com/en/new-cars/renault-austral/f94f90eaef9d,"Fri, 25 Sep 2026 12:33:06 GMT",6b762136376e70b41ea47d473d0f78f8300a61d3065b093e349a50eb366f79da,Renault,Austral,,Iconic Facelift,2026,jsonld:assembly_country,assembly_country,Spain,json-ld
ContactCars,https://www.contactcars.com/en/new-cars/renault-austral/f94f90eaef9d,"Fri, 25 Sep 2026 12:33:06 GMT",6b762136376e70b41ea47d473d0f78f8300a61d3065b093e349a50eb366f79da,Renault,Austral,,Iconic Facelift,2026,1cff89624677,Vehicle Size Class,Compact,spec-table
ContactCars,https://www.contactcars.com/en/new-cars/renault-austral/f94f90eaef9d,"Fri, 25 Sep 2026 12:33:06 GMT",6b762136376e70b41ea47d473d0f78f8300a61d3065b093e349a50eb366f79da,Renault,Austral,,Iconic Facelift,2026,5bedd1146e88,Body Style,SUV,spec-table
ContactCars,https://www.contactcars.com/en/new-cars/renault-austral/f94f90eaef9d,"Fri, 25 Sep 2026 12:33:06 GMT",6b762136376e70b41ea47d473d0f78f8300a61d3065b093e349a50eb366f79da,Renault,Austral,,Iconic Facelift,2026,13a10f395a87,Number of Doors,5,spec-table
ContactCars,https://www.contactcars.com/en/new-cars/renault-austral/f94f90eaef9d,"Fri, 25 Sep 2026 12:33:06 GMT",6b762136376e70b41ea47d473d0f78f8300a61d3065b093e349a50eb366f79da,Renault,Austral,,Iconic Facelift,2026,60199ad52a420993a3e82387,Number of Seats,5,spec-table
ContactCars,https://www.contactcars.com/en/new-cars/renault-austral/f94f90eaef9d,"Fri, 25 Sep 2026 12:33:06 GMT",6b762136376e70b41ea47d473d0f78f8300a61d3065b093e349a50eb366f79da,Renault,Austral,,Iconic Facelift,2026,60199ad52a420993a3e823a4,Rear Trunk Capacity (Liter),500,spec-table
ContactCars,https://www.contactcars.com/en/new-cars/renault-austral/f94f90eaef9d,"Fri, 25 Sep 2026 12:33:06 GMT",6b762136376e70b41ea47d473d0f78f8300a61d3065b093e349a50eb366f79da,Renault,Austral,,Iconic Facelift,2026,2cd960af118a,"Rear Trunk Capacity, Seats Folded (Liter)",1525,spec-table
ContactCars,https://www.contactcars.com/en/new-cars/renault-austral/f94f90eaef9d,"Fri, 25 Sep 2026 12:33:06 GMT",6b762136376e70b41ea47d473d0f78f8300a61d3065b093e349a50eb366f79da,Renault,Austral,,Iconic Facelift,2026,603647429f57461ab1a74148,Length (mm),4533,spec-table
ContactCars,https://www.contactcars.com/en/new-cars/renault-austral/f94f90eaef9d,"Fri, 25 Sep 2026 12:33:06 GMT",6b762136376e70b41ea47d473d0f78f8300a61d3065b093e349a50eb366f79da,Renault,Austral,,Iconic Facelift,2026,6036477d9f57461ab1a74149,Width (mm),1830,spec-table
ContactCars,https://www.contactcars.com/en/new-cars/renault-austral/f94f90eaef9d,"Fri, 25 Sep 2026 12:33:06 GMT",6b762136376e70b41ea47d473d0f78f8300a61d3065b093e349a50eb366f79da,Renault,Austral,,Iconic Facelift,2026,603647a49f57461ab1a7414a,Height (mm),1645,spec-table
ContactCars,https://www.contactcars.com/en/new-cars/renault-austral/f94f90eaef9d,"Fri, 25 Sep 2026 12:33:06 GMT",6b762136376e70b41ea47d473d0f78f8300a61d3065b093e349a50eb366f79da,Renault,Austral,,Iconic Facelift,2026,6033cae86136e6f66151c687,Wheelbase (mm),2667,spec-table
ContactCars,https://www.contactcars.com/en/new-cars/renault-austral/f94f90eaef9d,"Fri, 25 Sep 2026 12:33:06 GMT",6b762136376e70b41ea47d473d0f78f8300a61d3065b093e349a50eb366f79da,Renault,Austral,,Iconic Facelift,2026,6033cbc86136e6f66151c688,Ground Clearance (mm),170,spec-table
ContactCars,https://www.contactcars.com/en/new-cars/renault-austral/f94f90eaef9d,"Fri, 25 Sep 2026 12:33:06 GMT",6b762136376e70b41ea47d473d0f78f8300a61d3065b093e349a50eb366f79da,Renault,Austral,,Iconic Facelift,2026,2ac833f18334,Turning Radius (m),5٫7,spec-table
ContactCars,https://www.contactcars.com/en/new-cars/renault-austral/f94f90eaef9d,"Fri, 25 Sep 2026 12:33:06 GMT",6b762136376e70b41ea47d473d0f78f8300a61d3065b093e349a50eb366f79da,Renault,Austral,,Iconic Facelift,2026,6244612fba30183d7791942e,Curb Weight (KG),1421,spec-table
ContactCars,https://www.contactcars.com/en/new-cars/renault-austral/f94f90eaef9d,"Fri, 25 Sep 2026 12:33:06 GMT",6b762136376e70b41ea47d473d0f78f8300a61d3065b093e349a50eb366f79da,Renault,Austral,,Iconic Facelift,2026,624443c0ba30183d77919424,Generation,st1,spec-table
ContactCars,https://www.contactcars.com/en/new-cars/renault-austral/f94f90eaef9d,"Fri, 25 Sep 2026 12:33:06 GMT",6b762136376e70b41ea47d473d0f78f8300a61d3065b093e349a50eb366f79da,Renault,Austral,,Iconic Facelift,2026,1b9f93607f48,Powertrain Type,ICE (Petrol),spec-table
ContactCars,https://www.contactcars.com/en/new-cars/renault-austral/f94f90eaef9d,"Fri, 25 Sep 2026 12:33:06 GMT",6b762136376e70b41ea47d473d0f78f8300a61d3065b093e349a50eb366f79da,Renault,Austral,,Iconic Facelift,2026,60199ad52a420993a3e82353,Combined Maximum Power (HP @ RPM),150,spec-table
ContactCars,https://www.contactcars.com/en/new-cars/renault-austral/f94f90eaef9d,"Fri, 25 Sep 2026 12:33:06 GMT",6b762136376e70b41ea47d473d0f78f8300a61d3065b093e349a50eb366f79da,Renault,Austral,,Iconic Facelift,2026,60199ad52a420993a3e82354,Combined Maximum Torque (N.m @ RPM),250,spec-table
ContactCars,https://www.contactcars.com/en/new-cars/renault-austral/f94f90eaef9d,"Fri, 25 Sep 2026 12:33:06 GMT",6b762136376e70b41ea47d473d0f78f8300a61d3065b093e349a50eb366f79da,Renault,Austral,,Iconic Facelift,2026,60199ad52a420993a3e82359,Fuel Tank Capacity (Litre),55,spec-table
ContactCars,https://www.contactcars.com/en/new-cars/renault-austral/f94f90eaef9d,"Fri, 25 Sep 2026 12:33:06 GMT",6b762136376e70b41ea47d473d0f78f8300a61d3065b093e349a50eb366f79da,Renault,Austral,,Iconic Facelift,2026,bc8f5919d91f,Engine Type,Inline-4,spec-table
ContactCars,https://www.contactcars.com/en/new-cars/renault-austral/f94f90eaef9d,"Fri, 25 Sep 2026 12:33:06 GMT",6b762136376e70b41ea47d473d0f78f8300a61d3065b093e349a50eb366f79da,Renault,Austral,,Iconic Facelift,2026,0922a30a7f46,Engine Function,Drive Wheels,spec-table
ContactCars,https://www.contactcars.com/en/new-cars/renault-austral/f94f90eaef9d,"Fri, 25 Sep 2026 12:33:06 GMT",6b762136376e70b41ea47d473d0f78f8300a61d3065b093e349a50eb366f79da,Renault,Austral,,Iconic Facelift,2026,60199ad52a420993a3e82352,Cylinders,4,spec-table
ContactCars,https://www.contactcars.com/en/new-cars/renault-austral/f94f90eaef9d,"Fri, 25 Sep 2026 12:33:06 GMT",6b762136376e70b41ea47d473d0f78f8300a61d3065b093e349a50eb366f79da,Renault,Austral,,Iconic Facelift,2026,62445feaba30183d7791942d,Engine Capacity (CC),1300 cc,spec-table
ContactCars,https://www.contactcars.com/en/new-cars/renault-austral/f94f90eaef9d,"Fri, 25 Sep 2026 12:33:06 GMT",6b762136376e70b41ea47d473d0f78f8300a61d3065b093e349a50eb366f79da,Renault,Austral,,Iconic Facelift,2026,6244616cba30183d7791942f,Induction Type,Turbocharged,spec-table
ContactCars,https://www.contactcars.com/en/new-cars/renault-austral/f94f90eaef9d,"Fri, 25 Sep 2026 12:33:06 GMT",6b762136376e70b41ea47d473d0f78f8300a61d3065b093e349a50eb366f79da,Renault,Austral,,Iconic Facelift,2026,626916559ba5,Maximum Power Output (hp),150,spec-table
ContactCars,https://www.contactcars.com/en/new-cars/renault-austral/f94f90eaef9d,"Fri, 25 Sep 2026 12:33:06 GMT",6b762136376e70b41ea47d473d0f78f8300a61d3065b093e349a50eb366f79da,Renault,Austral,,Iconic Facelift,2026,60d3a866c259,Maximum Torque (Nm),250,spec-table
ContactCars,https://www.contactcars.com/en/new-cars/renault-austral/f94f90eaef9d,"Fri, 25 Sep 2026 12:33:06 GMT",6b762136376e70b41ea47d473d0f78f8300a61d3065b093e349a50eb366f79da,Renault,Austral,,Iconic Facelift,2026,60199ad52a420993a3e82358,Recommend Fuel Grade,95,spec-table
ContactCars,https://www.contactcars.com/en/new-cars/renault-austral/f94f90eaef9d,"Fri, 25 Sep 2026 12:33:06 GMT",6b762136376e70b41ea47d473d0f78f8300a61d3065b093e349a50eb366f79da,Renault,Austral,,Iconic Facelift,2026,62445f6cba30183d7791942c,Engine Layout,Front,spec-table
ContactCars,https://www.contactcars.com/en/new-cars/renault-austral/f94f90eaef9d,"Fri, 25 Sep 2026 12:33:06 GMT",6b762136376e70b41ea47d473d0f78f8300a61d3065b093e349a50eb366f79da,Renault,Austral,,Iconic Facelift,2026,ae3798f5fd83,Drivetrain Type,FWD (Front-Wheel Drive),spec-table
ContactCars,https://www.contactcars.com/en/new-cars/renault-austral/f94f90eaef9d,"Fri, 25 Sep 2026 12:33:06 GMT",6b762136376e70b41ea47d473d0f78f8300a61d3065b093e349a50eb366f79da,Renault,Austral,,Iconic Facelift,2026,fd8d1904b500,Transmission Type,Automatic,spec-table
ContactCars,https://www.contactcars.com/en/new-cars/renault-austral/f94f90eaef9d,"Fri, 25 Sep 2026 12:33:06 GMT",6b762136376e70b41ea47d473d0f78f8300a61d3065b093e349a50eb366f79da,Renault,Austral,,Iconic Facelift,2026,5229867ce0fa,Transmission Technology,CVT,spec-table
ContactCars,https://www.contactcars.com/en/new-cars/renault-austral/f94f90eaef9d,"Fri, 25 Sep 2026 12:33:06 GMT",6b762136376e70b41ea47d473d0f78f8300a61d3065b093e349a50eb366f79da,Renault,Austral,,Iconic Facelift,2026,60199ad52a420993a3e8235d,Power Steering Type,Electric,spec-table
ContactCars,https://www.contactcars.com/en/new-cars/renault-austral/f94f90eaef9d,"Fri, 25 Sep 2026 12:33:06 GMT",6b762136376e70b41ea47d473d0f78f8300a61d3065b093e349a50eb366f79da,Renault,Austral,,Iconic Facelift,2026,602fa37cd768,Steering Adjustment Ops,Manual,spec-table
ContactCars,https://www.contactcars.com/en/new-cars/renault-austral/f94f90eaef9d,"Fri, 25 Sep 2026 12:33:06 GMT",6b762136376e70b41ea47d473d0f78f8300a61d3065b093e349a50eb366f79da,Renault,Austral,,Iconic Facelift,2026,e78c472170c2,Front Suspension Type,MacPherson,spec-table
ContactCars,https://www.contactcars.com/en/new-cars/renault-austral/f94f90eaef9d,"Fri, 25 Sep 2026 12:33:06 GMT",6b762136376e70b41ea47d473d0f78f8300a61d3065b093e349a50eb366f79da,Renault,Austral,,Iconic Facelift,2026,d7a33f9ff1ff,Rear Suspension Type,Multi-Link,spec-table
ContactCars,https://www.contactcars.com/en/new-cars/renault-austral/f94f90eaef9d,"Fri, 25 Sep 2026 12:33:06 GMT",6b762136376e70b41ea47d473d0f78f8300a61d3065b093e349a50eb366f79da,Renault,Austral,,Iconic Facelift,2026,58f344b6ff55,Front Brakes Type,Ventilated Disc Brakes,spec-table
ContactCars,https://www.contactcars.com/en/new-cars/renault-austral/f94f90eaef9d,"Fri, 25 Sep 2026 12:33:06 GMT",6b762136376e70b41ea47d473d0f78f8300a61d3065b093e349a50eb366f79da,Renault,Austral,,Iconic Facelift,2026,eb24327dbe4e,Rear Brakes Type,Solid Disc Brakes,spec-table
ContactCars,https://www.contactcars.com/en/new-cars/renault-austral/f94f90eaef9d,"Fri, 25 Sep 2026 12:33:06 GMT",6b762136376e70b41ea47d473d0f78f8300a61d3065b093e349a50eb366f79da,Renault,Austral,,Iconic Facelift,2026,4ed8405e7e5b,Hand Brake Type,Electronic,spec-table
ContactCars,https://www.contactcars.com/en/new-cars/renault-austral/f94f90eaef9d,"Fri, 25 Sep 2026 12:33:06 GMT",6b762136376e70b41ea47d473d0f78f8300a61d3065b093e349a50eb366f79da,Renault,Austral,,Iconic Facelift,2026,d4b30096d663,Wheel Type,Alloy,spec-table
ContactCars,https://www.contactcars.com/en/new-cars/renault-austral/f94f90eaef9d,"Fri, 25 Sep 2026 12:33:06 GMT",6b762136376e70b41ea47d473d0f78f8300a61d3065b093e349a50eb366f79da,Renault,Austral,,Iconic Facelift,2026,1831c41b7b17,Front Wheel Size,19,spec-table
ContactCars,https://www.contactcars.com/en/new-cars/renault-austral/f94f90eaef9d,"Fri, 25 Sep 2026 12:33:06 GMT",6b762136376e70b41ea47d473d0f78f8300a61d3065b093e349a50eb366f79da,Renault,Austral,,Iconic Facelift,2026,1f4797b49117,Rear Wheel Size,19,spec-table
ContactCars,https://www.contactcars.com/en/new-cars/renault-austral/f94f90eaef9d,"Fri, 25 Sep 2026 12:33:06 GMT",6b762136376e70b41ea47d473d0f78f8300a61d3065b093e349a50eb366f79da,Renault,Austral,,Iconic Facelift,2026,60199ad52a420993a3e82372,Front Tire Size,205/55 R19,spec-table
ContactCars,https://www.contactcars.com/en/new-cars/renault-austral/f94f90eaef9d,"Fri, 25 Sep 2026 12:33:06 GMT",6b762136376e70b41ea47d473d0f78f8300a61d3065b093e349a50eb366f79da,Renault,Austral,,Iconic Facelift,2026,2076fe4abba4,Rear Tire Size,205/55 R19,spec-table
ContactCars,https://www.contactcars.com/en/new-cars/renault-austral/f94f90eaef9d,"Fri, 25 Sep 2026 12:33:06 GMT",6b762136376e70b41ea47d473d0f78f8300a61d3065b093e349a50eb366f79da,Renault,Austral,,Iconic Facelift,2026,cb68666c87e5,Tire Type,All-Season,spec-table
ContactCars,https://www.contactcars.com/en/new-cars/renault-austral/f94f90eaef9d,"Fri, 25 Sep 2026 12:33:06 GMT",6b762136376e70b41ea47d473d0f78f8300a61d3065b093e349a50eb366f79da,Renault,Austral,,Iconic Facelift,2026,56a59f46e398,Euro NCAP Results,5,spec-table
ContactCars,https://www.contactcars.com/en/new-cars/renault-austral/f94f90eaef9d,"Fri, 25 Sep 2026 12:33:06 GMT",6b762136376e70b41ea47d473d0f78f8300a61d3065b093e349a50eb366f79da,Renault,Austral,,Iconic Facelift,2026,60199ad52a420993a3e8236a,Airbag Count,7,spec-table
ContactCars,https://www.contactcars.com/en/new-cars/renault-austral/f94f90eaef9d,"Fri, 25 Sep 2026 12:33:06 GMT",6b762136376e70b41ea47d473d0f78f8300a61d3065b093e349a50eb366f79da,Renault,Austral,,Iconic Facelift,2026,72fbbbfbb11f,Seat Upholestry,Cloth,spec-table
ContactCars,https://www.contactcars.com/en/new-cars/renault-austral/f94f90eaef9d,"Fri, 25 Sep 2026 12:33:06 GMT",6b762136376e70b41ea47d473d0f78f8300a61d3065b093e349a50eb366f79da,Renault,Austral,,Iconic Facelift,2026,40e24a4a83e0,Gearbox Selector,Shift By Wire,spec-table
ContactCars,https://www.contactcars.com/en/new-cars/renault-austral/f94f90eaef9d,"Fri, 25 Sep 2026 12:33:06 GMT",6b762136376e70b41ea47d473d0f78f8300a61d3065b093e349a50eb366f79da,Renault,Austral,,Iconic Facelift,2026,60199ad52a420993a3e82383,Ambient Lighting,Yes,spec-table
ContactCars,https://www.contactcars.com/en/new-cars/renault-austral/f94f90eaef9d,"Fri, 25 Sep 2026 12:33:06 GMT",6b762136376e70b41ea47d473d0f78f8300a61d3065b093e349a50eb366f79da,Renault,Austral,,Iconic Facelift,2026,60199ad52a420993a3e8238f,Driver Seat,Driver Seat Electric,spec-table
ContactCars,https://www.contactcars.com/en/new-cars/renault-austral/f94f90eaef9d,"Fri, 25 Sep 2026 12:33:06 GMT",6b762136376e70b41ea47d473d0f78f8300a61d3065b093e349a50eb366f79da,Renault,Austral,,Iconic Facelift,2026,60199ad52a420993a3e8239d,Infotainment Display Size,9٫0 بوصة,spec-table
ContactCars,https://www.contactcars.com/en/new-cars/renault-austral/f94f90eaef9d,"Fri, 25 Sep 2026 12:33:06 GMT",6b762136376e70b41ea47d473d0f78f8300a61d3065b093e349a50eb366f79da,Renault,Austral,,Iconic Facelift,2026,60199ad52a420993a3e8237c,Instrument Cluster Type,Digital,spec-table
ContactCars,https://www.contactcars.com/en/new-cars/renault-austral/f94f90eaef9d,"Fri, 25 Sep 2026 12:33:06 GMT",6b762136376e70b41ea47d473d0f78f8300a61d3065b093e349a50eb366f79da,Renault,Austral,,Iconic Facelift,2026,75fe2b7d7bc2,Instrument Cluster Size,12٫3,spec-table
ContactCars,https://www.contactcars.com/en/new-cars/renault-austral/f94f90eaef9d,"Fri, 25 Sep 2026 12:33:06 GMT",6b762136376e70b41ea47d473d0f78f8300a61d3065b093e349a50eb366f79da,Renault,Austral,,Iconic Facelift,2026,60199ad52a420993a3e8239c,Smartphone Integration,Android Auto/Apple Car Play,spec-table
ContactCars,https://www.contactcars.com/en/new-cars/renault-austral/f94f90eaef9d,"Fri, 25 Sep 2026 12:33:06 GMT",6b762136376e70b41ea47d473d0f78f8300a61d3065b093e349a50eb366f79da,Renault,Austral,,Iconic Facelift,2026,60199ad52a420993a3e82376,Rims,R19,spec-table
ContactCars,https://www.contactcars.com/en/new-cars/renault-austral/f94f90eaef9d,"Fri, 25 Sep 2026 12:33:06 GMT",6b762136376e70b41ea47d473d0f78f8300a61d3065b093e349a50eb366f79da,Renault,Austral,,Iconic Facelift,2026,60199ad52a420993a3e8236d,Headlamps,LED,spec-table
ContactCars,https://www.contactcars.com/en/new-cars/renault-austral/f94f90eaef9d,"Fri, 25 Sep 2026 12:33:06 GMT",6b762136376e70b41ea47d473d0f78f8300a61d3065b093e349a50eb366f79da,Renault,Austral,,Iconic Facelift,2026,60199ad52a420993a3e8236e,Tail Lights,LED,spec-table
ContactCars,https://www.contactcars.com/en/new-cars/renault-austral/f94f90eaef9d,"Fri, 25 Sep 2026 12:33:06 GMT",6b762136376e70b41ea47d473d0f78f8300a61d3065b093e349a50eb366f79da,Renault,Austral,,Iconic Facelift,2026,62a5f51c3b190c24efacbe38,Basic Vehicle Warranty,5 سنوات أو 100 ألف كيلو متر أيهما أقرب,spec-table
ContactCars,https://www.contactcars.com/en/new-cars/soueast-s_06/1bab410868c6,"Fri, 25 Sep 2026 12:33:07 GMT",c24de9684569134b0ace3709c18b3ce1074e4c5960dfa69a49d84add453ff72c,Soueast,S 06,,Highline,2027,jsonld:offer_price_egp,offer_price_egp,1350000,json-ld
ContactCars,https://www.contactcars.com/en/new-cars/soueast-s_06/1bab410868c6,"Fri, 25 Sep 2026 12:33:07 GMT",c24de9684569134b0ace3709c18b3ce1074e4c5960dfa69a49d84add453ff72c,Soueast,S 06,,Highline,2027,jsonld:fuelType,fuelType,Gas,json-ld
ContactCars,https://www.contactcars.com/en/new-cars/soueast-s_06/1bab410868c6,"Fri, 25 Sep 2026 12:33:07 GMT",c24de9684569134b0ace3709c18b3ce1074e4c5960dfa69a49d84add453ff72c,Soueast,S 06,,Highline,2027,jsonld:engineDisplacement,engineDisplacement,1500,json-ld
ContactCars,https://www.contactcars.com/en/new-cars/soueast-s_06/1bab410868c6,"Fri, 25 Sep 2026 12:33:07 GMT",c24de9684569134b0ace3709c18b3ce1074e4c5960dfa69a49d84add453ff72c,Soueast,S 06,,Highline,2027,jsonld:vehicleTransmission,vehicleTransmission,Dual Clutch,json-ld
ContactCars,https://www.contactcars.com/en/new-cars/soueast-s_06/1bab410868c6,"Fri, 25 Sep 2026 12:33:07 GMT",c24de9684569134b0ace3709c18b3ce1074e4c5960dfa69a49d84add453ff72c,Soueast,S 06,,Highline,2027,jsonld:bodyType,bodyType,SUV,json-ld
ContactCars,https://www.contactcars.com/en/new-cars/soueast-s_06/1bab410868c6,"Fri, 25 Sep 2026 12:33:07 GMT",c24de9684569134b0ace3709c18b3ce1074e4c5960dfa69a49d84add453ff72c,Soueast,S 06,,Highline,2027,jsonld:assembly_country,assembly_country,China,json-ld
ContactCars,https://www.contactcars.com/en/new-cars/soueast-s_06/1bab410868c6,"Fri, 25 Sep 2026 12:33:07 GMT",c24de9684569134b0ace3709c18b3ce1074e4c5960dfa69a49d84add453ff72c,Soueast,S 06,,Highline,2027,1cff89624677,Vehicle Size Class,Compact,spec-table
ContactCars,https://www.contactcars.com/en/new-cars/soueast-s_06/1bab410868c6,"Fri, 25 Sep 2026 12:33:07 GMT",c24de9684569134b0ace3709c18b3ce1074e4c5960dfa69a49d84add453ff72c,Soueast,S 06,,Highline,2027,5bedd1146e88,Body Style,Crossover,spec-table
ContactCars,https://www.contactcars.com/en/new-cars/soueast-s_06/1bab410868c6,"Fri, 25 Sep 2026 12:33:07 GMT",c24de9684569134b0ace3709c18b3ce1074e4c5960dfa69a49d84add453ff72c,Soueast,S 06,,Highline,2027,13a10f395a87,Number of Doors,5,spec-table
ContactCars,https://www.contactcars.com/en/new-cars/soueast-s_06/1bab410868c6,"Fri, 25 Sep 2026 12:33:07 GMT",c24de9684569134b0ace3709c18b3ce1074e4c5960dfa69a49d84add453ff72c,Soueast,S 06,,Highline,2027,60199ad52a420993a3e82387,Number of Seats,5,spec-table
ContactCars,https://www.contactcars.com/en/new-cars/soueast-s_06/1bab410868c6,"Fri, 25 Sep 2026 12:33:07 GMT",c24de9684569134b0ace3709c18b3ce1074e4c5960dfa69a49d84add453ff72c,Soueast,S 06,,Highline,2027,60199ad52a420993a3e823a4,Rear Trunk Capacity (Liter),486,spec-table
ContactCars,https://www.contactcars.com/en/new-cars/soueast-s_06/1bab410868c6,"Fri, 25 Sep 2026 12:33:07 GMT",c24de9684569134b0ace3709c18b3ce1074e4c5960dfa69a49d84add453ff72c,Soueast,S 06,,Highline,2027,2cd960af118a,"Rear Trunk Capacity, Seats Folded (Liter)",977,spec-table
ContactCars,https://www.contactcars.com/en/new-cars/soueast-s_06/1bab410868c6,"Fri, 25 Sep 2026 12:33:07 GMT",c24de9684569134b0ace3709c18b3ce1074e4c5960dfa69a49d84add453ff72c,Soueast,S 06,,Highline,2027,603647429f57461ab1a74148,Length (mm),4616,spec-table
ContactCars,https://www.contactcars.com/en/new-cars/soueast-s_06/1bab410868c6,"Fri, 25 Sep 2026 12:33:07 GMT",c24de9684569134b0ace3709c18b3ce1074e4c5960dfa69a49d84add453ff72c,Soueast,S 06,,Highline,2027,6036477d9f57461ab1a74149,Width (mm),1910,spec-table
ContactCars,https://www.contactcars.com/en/new-cars/soueast-s_06/1bab410868c6,"Fri, 25 Sep 2026 12:33:07 GMT",c24de9684569134b0ace3709c18b3ce1074e4c5960dfa69a49d84add453ff72c,Soueast,S 06,,Highline,2027,603647a49f57461ab1a7414a,Height (mm),1685,spec-table
ContactCars,https://www.contactcars.com/en/new-cars/soueast-s_06/1bab410868c6,"Fri, 25 Sep 2026 12:33:07 GMT",c24de9684569134b0ace3709c18b3ce1074e4c5960dfa69a49d84add453ff72c,Soueast,S 06,,Highline,2027,6033cae86136e6f66151c687,Wheelbase (mm),2720,spec-table
ContactCars,https://www.contactcars.com/en/new-cars/soueast-s_06/1bab410868c6,"Fri, 25 Sep 2026 12:33:07 GMT",c24de9684569134b0ace3709c18b3ce1074e4c5960dfa69a49d84add453ff72c,Soueast,S 06,,Highline,2027,6033cbc86136e6f66151c688,Ground Clearance (mm),190,spec-table
ContactCars,https://www.contactcars.com/en/new-cars/soueast-s_06/1bab410868c6,"Fri, 25 Sep 2026 12:33:07 GMT",c24de9684569134b0ace3709c18b3ce1074e4c5960dfa69a49d84add453ff72c,Soueast,S 06,,Highline,2027,6244612fba30183d7791942e,Curb Weight (KG),"1,512 ",spec-table
ContactCars,https://www.contactcars.com/en/new-cars/soueast-s_06/1bab410868c6,"Fri, 25 Sep 2026 12:33:07 GMT",c24de9684569134b0ace3709c18b3ce1074e4c5960dfa69a49d84add453ff72c,Soueast,S 06,,Highline,2027,1b9f93607f48,Powertrain Type,ICE (Petrol),spec-table
ContactCars,https://www.contactcars.com/en/new-cars/soueast-s_06/1bab410868c6,"Fri, 25 Sep 2026 12:33:07 GMT",c24de9684569134b0ace3709c18b3ce1074e4c5960dfa69a49d84add453ff72c,Soueast,S 06,,Highline,2027,60199ad52a420993a3e82353,Combined Maximum Power (HP @ RPM),156,spec-table
ContactCars,https://www.contactcars.com/en/new-cars/soueast-s_06/1bab410868c6,"Fri, 25 Sep 2026 12:33:07 GMT",c24de9684569134b0ace3709c18b3ce1074e4c5960dfa69a49d84add453ff72c,Soueast,S 06,,Highline,2027,60199ad52a420993a3e82354,Combined Maximum Torque (N.m @ RPM),"230/1,750~4,000",spec-table
ContactCars,https://www.contactcars.com/en/new-cars/soueast-s_06/1bab410868c6,"Fri, 25 Sep 2026 12:33:07 GMT",c24de9684569134b0ace3709c18b3ce1074e4c5960dfa69a49d84add453ff72c,Soueast,S 06,,Highline,2027,60199ad52a420993a3e82357,Maximum Speed (Km/h),180,spec-table
ContactCars,https://www.contactcars.com/en/new-cars/soueast-s_06/1bab410868c6,"Fri, 25 Sep 2026 12:33:07 GMT",c24de9684569134b0ace3709c18b3ce1074e4c5960dfa69a49d84add453ff72c,Soueast,S 06,,Highline,2027,60199ad52a420993a3e82355,Acceleration (0 - 100 km/h),9٫4,spec-table
ContactCars,https://www.contactcars.com/en/new-cars/soueast-s_06/1bab410868c6,"Fri, 25 Sep 2026 12:33:07 GMT",c24de9684569134b0ace3709c18b3ce1074e4c5960dfa69a49d84add453ff72c,Soueast,S 06,,Highline,2027,58d892830a3e,Max Speed Km/h,180,spec-table
ContactCars,https://www.contactcars.com/en/new-cars/soueast-s_06/1bab410868c6,"Fri, 25 Sep 2026 12:33:07 GMT",c24de9684569134b0ace3709c18b3ce1074e4c5960dfa69a49d84add453ff72c,Soueast,S 06,,Highline,2027,dd306cc1c3b0,Acceleration from 0-100 km/h in,9٫4,spec-table
ContactCars,https://www.contactcars.com/en/new-cars/soueast-s_06/1bab410868c6,"Fri, 25 Sep 2026 12:33:07 GMT",c24de9684569134b0ace3709c18b3ce1074e4c5960dfa69a49d84add453ff72c,Soueast,S 06,,Highline,2027,60199ad52a420993a3e82359,Fuel Tank Capacity (Litre),57,spec-table
ContactCars,https://www.contactcars.com/en/new-cars/soueast-s_06/1bab410868c6,"Fri, 25 Sep 2026 12:33:07 GMT",c24de9684569134b0ace3709c18b3ce1074e4c5960dfa69a49d84add453ff72c,Soueast,S 06,,Highline,2027,60199ad52a420993a3e82356,Combined Fuel/Energy Consumption (Liter/100 KM),7,spec-table
ContactCars,https://www.contactcars.com/en/new-cars/soueast-s_06/1bab410868c6,"Fri, 25 Sep 2026 12:33:07 GMT",c24de9684569134b0ace3709c18b3ce1074e4c5960dfa69a49d84add453ff72c,Soueast,S 06,,Highline,2027,bc8f5919d91f,Engine Type,Inline-4,spec-table
ContactCars,https://www.contactcars.com/en/new-cars/soueast-s_06/1bab410868c6,"Fri, 25 Sep 2026 12:33:07 GMT",c24de9684569134b0ace3709c18b3ce1074e4c5960dfa69a49d84add453ff72c,Soueast,S 06,,Highline,2027,0922a30a7f46,Engine Function,Drive Wheels,spec-table
ContactCars,https://www.contactcars.com/en/new-cars/soueast-s_06/1bab410868c6,"Fri, 25 Sep 2026 12:33:07 GMT",c24de9684569134b0ace3709c18b3ce1074e4c5960dfa69a49d84add453ff72c,Soueast,S 06,,Highline,2027,60199ad52a420993a3e82352,Cylinders,4,spec-table
ContactCars,https://www.contactcars.com/en/new-cars/soueast-s_06/1bab410868c6,"Fri, 25 Sep 2026 12:33:07 GMT",c24de9684569134b0ace3709c18b3ce1074e4c5960dfa69a49d84add453ff72c,Soueast,S 06,,Highline,2027,62445feaba30183d7791942d,Engine Capacity (CC),1500,spec-table
ContactCars,https://www.contactcars.com/en/new-cars/soueast-s_06/1bab410868c6,"Fri, 25 Sep 2026 12:33:07 GMT",c24de9684569134b0ace3709c18b3ce1074e4c5960dfa69a49d84add453ff72c,Soueast,S 06,,Highline,2027,6244616cba30183d7791942f,Induction Type,Turbocharged,spec-table
ContactCars,https://www.contactcars.com/en/new-cars/soueast-s_06/1bab410868c6,"Fri, 25 Sep 2026 12:33:07 GMT",c24de9684569134b0ace3709c18b3ce1074e4c5960dfa69a49d84add453ff72c,Soueast,S 06,,Highline,2027,626916559ba5,Maximum Power Output (hp),156,spec-table
ContactCars,https://www.contactcars.com/en/new-cars/soueast-s_06/1bab410868c6,"Fri, 25 Sep 2026 12:33:07 GMT",c24de9684569134b0ace3709c18b3ce1074e4c5960dfa69a49d84add453ff72c,Soueast,S 06,,Highline,2027,60d3a866c259,Maximum Torque (Nm),230,spec-table
ContactCars,https://www.contactcars.com/en/new-cars/soueast-s_06/1bab410868c6,"Fri, 25 Sep 2026 12:33:07 GMT",c24de9684569134b0ace3709c18b3ce1074e4c5960dfa69a49d84add453ff72c,Soueast,S 06,,Highline,2027,60199ad52a420993a3e82358,Recommend Fuel Grade,95,spec-table
ContactCars,https://www.contactcars.com/en/new-cars/soueast-s_06/1bab410868c6,"Fri, 25 Sep 2026 12:33:07 GMT",c24de9684569134b0ace3709c18b3ce1074e4c5960dfa69a49d84add453ff72c,Soueast,S 06,,Highline,2027,62445f6cba30183d7791942c,Engine Layout,Front,spec-table
ContactCars,https://www.contactcars.com/en/new-cars/soueast-s_06/1bab410868c6,"Fri, 25 Sep 2026 12:33:07 GMT",c24de9684569134b0ace3709c18b3ce1074e4c5960dfa69a49d84add453ff72c,Soueast,S 06,,Highline,2027,ae3798f5fd83,Drivetrain Type,FWD (Front-Wheel Drive),spec-table
ContactCars,https://www.contactcars.com/en/new-cars/soueast-s_06/1bab410868c6,"Fri, 25 Sep 2026 12:33:07 GMT",c24de9684569134b0ace3709c18b3ce1074e4c5960dfa69a49d84add453ff72c,Soueast,S 06,,Highline,2027,fd8d1904b500,Transmission Type,Automatic,spec-table
ContactCars,https://www.contactcars.com/en/new-cars/soueast-s_06/1bab410868c6,"Fri, 25 Sep 2026 12:33:07 GMT",c24de9684569134b0ace3709c18b3ce1074e4c5960dfa69a49d84add453ff72c,Soueast,S 06,,Highline,2027,5229867ce0fa,Transmission Technology,Wet DCT (Dual-Clutch Transmission),spec-table
ContactCars,https://www.contactcars.com/en/new-cars/soueast-s_06/1bab410868c6,"Fri, 25 Sep 2026 12:33:07 GMT",c24de9684569134b0ace3709c18b3ce1074e4c5960dfa69a49d84add453ff72c,Soueast,S 06,,Highline,2027,60199ad52a420993a3e8235a,Number of Gears,6,spec-table
ContactCars,https://www.contactcars.com/en/new-cars/soueast-s_06/1bab410868c6,"Fri, 25 Sep 2026 12:33:07 GMT",c24de9684569134b0ace3709c18b3ce1074e4c5960dfa69a49d84add453ff72c,Soueast,S 06,,Highline,2027,df4ef7e26ab0,Differential Type,Open Differential,spec-table
ContactCars,https://www.contactcars.com/en/new-cars/soueast-s_06/1bab410868c6,"Fri, 25 Sep 2026 12:33:07 GMT",c24de9684569134b0ace3709c18b3ce1074e4c5960dfa69a49d84add453ff72c,Soueast,S 06,,Highline,2027,60199ad52a420993a3e82385,Steering Wheel,Multifunctional,spec-table
ContactCars,https://www.contactcars.com/en/new-cars/soueast-s_06/1bab410868c6,"Fri, 25 Sep 2026 12:33:07 GMT",c24de9684569134b0ace3709c18b3ce1074e4c5960dfa69a49d84add453ff72c,Soueast,S 06,,Highline,2027,60199ad52a420993a3e8235d,Power Steering Type,Electric,spec-table
ContactCars,https://www.contactcars.com/en/new-cars/soueast-s_06/1bab410868c6,"Fri, 25 Sep 2026 12:33:07 GMT",c24de9684569134b0ace3709c18b3ce1074e4c5960dfa69a49d84add453ff72c,Soueast,S 06,,Highline,2027,602fa37cd768,Steering Adjustment Ops,Manual,spec-table
ContactCars,https://www.contactcars.com/en/new-cars/soueast-s_06/1bab410868c6,"Fri, 25 Sep 2026 12:33:07 GMT",c24de9684569134b0ace3709c18b3ce1074e4c5960dfa69a49d84add453ff72c,Soueast,S 06,,Highline,2027,7c8ae7912edf,Steering Modes,"Comfort, Sport, Normal, Eco",spec-table
ContactCars,https://www.contactcars.com/en/new-cars/soueast-s_06/1bab410868c6,"Fri, 25 Sep 2026 12:33:07 GMT",c24de9684569134b0ace3709c18b3ce1074e4c5960dfa69a49d84add453ff72c,Soueast,S 06,,Highline,2027,e78c472170c2,Front Suspension Type,MacPherson,spec-table
ContactCars,https://www.contactcars.com/en/new-cars/soueast-s_06/1bab410868c6,"Fri, 25 Sep 2026 12:33:07 GMT",c24de9684569134b0ace3709c18b3ce1074e4c5960dfa69a49d84add453ff72c,Soueast,S 06,,Highline,2027,d7a33f9ff1ff,Rear Suspension Type,Multi-Link,spec-table
ContactCars,https://www.contactcars.com/en/new-cars/soueast-s_06/1bab410868c6,"Fri, 25 Sep 2026 12:33:07 GMT",c24de9684569134b0ace3709c18b3ce1074e4c5960dfa69a49d84add453ff72c,Soueast,S 06,,Highline,2027,58f344b6ff55,Front Brakes Type,Ventilated Disc Brakes,spec-table
ContactCars,https://www.contactcars.com/en/new-cars/soueast-s_06/1bab410868c6,"Fri, 25 Sep 2026 12:33:07 GMT",c24de9684569134b0ace3709c18b3ce1074e4c5960dfa69a49d84add453ff72c,Soueast,S 06,,Highline,2027,eb24327dbe4e,Rear Brakes Type,Solid Disc Brakes,spec-table
ContactCars,https://www.contactcars.com/en/new-cars/soueast-s_06/1bab410868c6,"Fri, 25 Sep 2026 12:33:07 GMT",c24de9684569134b0ace3709c18b3ce1074e4c5960dfa69a49d84add453ff72c,Soueast,S 06,,Highline,2027,4ed8405e7e5b,Hand Brake Type,Electronic,spec-table
ContactCars,https://www.contactcars.com/en/new-cars/soueast-s_06/1bab410868c6,"Fri, 25 Sep 2026 12:33:07 GMT",c24de9684569134b0ace3709c18b3ce1074e4c5960dfa69a49d84add453ff72c,Soueast,S 06,,Highline,2027,d4b30096d663,Wheel Type,Alloy,spec-table
ContactCars,https://www.contactcars.com/en/new-cars/soueast-s_06/1bab410868c6,"Fri, 25 Sep 2026 12:33:07 GMT",c24de9684569134b0ace3709c18b3ce1074e4c5960dfa69a49d84add453ff72c,Soueast,S 06,,Highline,2027,1831c41b7b17,Front Wheel Size,18,spec-table
ContactCars,https://www.contactcars.com/en/new-cars/soueast-s_06/1bab410868c6,"Fri, 25 Sep 2026 12:33:07 GMT",c24de9684569134b0ace3709c18b3ce1074e4c5960dfa69a49d84add453ff72c,Soueast,S 06,,Highline,2027,1f4797b49117,Rear Wheel Size,18,spec-table
ContactCars,https://www.contactcars.com/en/new-cars/soueast-s_06/1bab410868c6,"Fri, 25 Sep 2026 12:33:07 GMT",c24de9684569134b0ace3709c18b3ce1074e4c5960dfa69a49d84add453ff72c,Soueast,S 06,,Highline,2027,60199ad52a420993a3e82372,Front Tire Size,235/60 R18,spec-table
ContactCars,https://www.contactcars.com/en/new-cars/soueast-s_06/1bab410868c6,"Fri, 25 Sep 2026 12:33:07 GMT",c24de9684569134b0ace3709c18b3ce1074e4c5960dfa69a49d84add453ff72c,Soueast,S 06,,Highline,2027,2076fe4abba4,Rear Tire Size,235/60 R18,spec-table
ContactCars,https://www.contactcars.com/en/new-cars/soueast-s_06/1bab410868c6,"Fri, 25 Sep 2026 12:33:07 GMT",c24de9684569134b0ace3709c18b3ce1074e4c5960dfa69a49d84add453ff72c,Soueast,S 06,,Highline,2027,cb68666c87e5,Tire Type,All-Season,spec-table
ContactCars,https://www.contactcars.com/en/new-cars/soueast-s_06/1bab410868c6,"Fri, 25 Sep 2026 12:33:07 GMT",c24de9684569134b0ace3709c18b3ce1074e4c5960dfa69a49d84add453ff72c,Soueast,S 06,,Highline,2027,7dc8980c1bea,Spare Tire Type,Full-size,spec-table
ContactCars,https://www.contactcars.com/en/new-cars/soueast-s_06/1bab410868c6,"Fri, 25 Sep 2026 12:33:07 GMT",c24de9684569134b0ace3709c18b3ce1074e4c5960dfa69a49d84add453ff72c,Soueast,S 06,,Highline,2027,60199ad52a420993a3e8236a,Airbag Count,6,spec-table
ContactCars,https://www.contactcars.com/en/new-cars/soueast-s_06/1bab410868c6,"Fri, 25 Sep 2026 12:33:07 GMT",c24de9684569134b0ace3709c18b3ce1074e4c5960dfa69a49d84add453ff72c,Soueast,S 06,,Highline,2027,72fbbbfbb11f,Seat Upholestry,Leather,spec-table
ContactCars,https://www.contactcars.com/en/new-cars/soueast-s_06/1bab410868c6,"Fri, 25 Sep 2026 12:33:07 GMT",c24de9684569134b0ace3709c18b3ce1074e4c5960dfa69a49d84add453ff72c,Soueast,S 06,,Highline,2027,40e24a4a83e0,Gearbox Selector,Shift By Wire,spec-table
ContactCars,https://www.contactcars.com/en/new-cars/soueast-s_06/1bab410868c6,"Fri, 25 Sep 2026 12:33:07 GMT",c24de9684569134b0ace3709c18b3ce1074e4c5960dfa69a49d84add453ff72c,Soueast,S 06,,Highline,2027,60199ad52a420993a3e82383,Ambient Lighting,No,spec-table
ContactCars,https://www.contactcars.com/en/new-cars/soueast-s_06/1bab410868c6,"Fri, 25 Sep 2026 12:33:07 GMT",c24de9684569134b0ace3709c18b3ce1074e4c5960dfa69a49d84add453ff72c,Soueast,S 06,,Highline,2027,60199ad52a420993a3e8238f,Driver Seat,Driver Seat Electric,spec-table
ContactCars,https://www.contactcars.com/en/new-cars/soueast-s_06/1bab410868c6,"Fri, 25 Sep 2026 12:33:07 GMT",c24de9684569134b0ace3709c18b3ce1074e4c5960dfa69a49d84add453ff72c,Soueast,S 06,,Highline,2027,625be8b2b21da3ebf03c43b0,Upholstery,Leather,spec-table
ContactCars,https://www.contactcars.com/en/new-cars/soueast-s_06/1bab410868c6,"Fri, 25 Sep 2026 12:33:07 GMT",c24de9684569134b0ace3709c18b3ce1074e4c5960dfa69a49d84add453ff72c,Soueast,S 06,,Highline,2027,d9630e463440,Center Information Display,15٫6 inch Touchscreen,spec-table
ContactCars,https://www.contactcars.com/en/new-cars/soueast-s_06/1bab410868c6,"Fri, 25 Sep 2026 12:33:07 GMT",c24de9684569134b0ace3709c18b3ce1074e4c5960dfa69a49d84add453ff72c,Soueast,S 06,,Highline,2027,60199ad52a420993a3e8239d,Infotainment Display Size,15٫6,spec-table
ContactCars,https://www.contactcars.com/en/new-cars/soueast-s_06/1bab410868c6,"Fri, 25 Sep 2026 12:33:07 GMT",c24de9684569134b0ace3709c18b3ce1074e4c5960dfa69a49d84add453ff72c,Soueast,S 06,,Highline,2027,60199ad52a420993a3e8237c,Instrument Cluster Type,Digital,spec-table
ContactCars,https://www.contactcars.com/en/new-cars/soueast-s_06/1bab410868c6,"Fri, 25 Sep 2026 12:33:07 GMT",c24de9684569134b0ace3709c18b3ce1074e4c5960dfa69a49d84add453ff72c,Soueast,S 06,,Highline,2027,75fe2b7d7bc2,Instrument Cluster Size,9٫2,spec-table
ContactCars,https://www.contactcars.com/en/new-cars/soueast-s_06/1bab410868c6,"Fri, 25 Sep 2026 12:33:07 GMT",c24de9684569134b0ace3709c18b3ce1074e4c5960dfa69a49d84add453ff72c,Soueast,S 06,,Highline,2027,60199ad52a420993a3e8239c,Smartphone Integration,Android Auto/Apple Car Play,spec-table
ContactCars,https://www.contactcars.com/en/new-cars/soueast-s_06/1bab410868c6,"Fri, 25 Sep 2026 12:33:07 GMT",c24de9684569134b0ace3709c18b3ce1074e4c5960dfa69a49d84add453ff72c,Soueast,S 06,,Highline,2027,60199ad52a420993a3e823a2,Number of Speakers,6,spec-table
ContactCars,https://www.contactcars.com/en/new-cars/soueast-s_06/1bab410868c6,"Fri, 25 Sep 2026 12:33:07 GMT",c24de9684569134b0ace3709c18b3ce1074e4c5960dfa69a49d84add453ff72c,Soueast,S 06,,Highline,2027,858d92859fe6,Foglights,LED,spec-table
ContactCars,https://www.contactcars.com/en/new-cars/soueast-s_06/1bab410868c6,"Fri, 25 Sep 2026 12:33:07 GMT",c24de9684569134b0ace3709c18b3ce1074e4c5960dfa69a49d84add453ff72c,Soueast,S 06,,Highline,2027,60199ad52a420993a3e82376,Rims,R18-Monoton Alloy,spec-table
ContactCars,https://www.contactcars.com/en/new-cars/soueast-s_06/1bab410868c6,"Fri, 25 Sep 2026 12:33:07 GMT",c24de9684569134b0ace3709c18b3ce1074e4c5960dfa69a49d84add453ff72c,Soueast,S 06,,Highline,2027,60199ad52a420993a3e8236d,Headlamps,LED,spec-table
ContactCars,https://www.contactcars.com/en/new-cars/soueast-s_06/1bab410868c6,"Fri, 25 Sep 2026 12:33:07 GMT",c24de9684569134b0ace3709c18b3ce1074e4c5960dfa69a49d84add453ff72c,Soueast,S 06,,Highline,2027,60199ad52a420993a3e8236e,Tail Lights,LED,spec-table
ContactCars,https://www.contactcars.com/en/new-cars/soueast-s_06/1bab410868c6,"Fri, 25 Sep 2026 12:33:07 GMT",c24de9684569134b0ace3709c18b3ce1074e4c5960dfa69a49d84add453ff72c,Soueast,S 06,,Highline,2027,62a5f51c3b190c24efacbe38,Basic Vehicle Warranty,6 سنوات أو 150 ألف كم,spec-table
ContactCars,https://www.contactcars.com/en/new-cars/soueast-s_06/1bab410868c6,"Fri, 25 Sep 2026 12:33:07 GMT",c24de9684569134b0ace3709c18b3ce1074e4c5960dfa69a49d84add453ff72c,Soueast,S 06,,Highline,2027,404bab9142b1,Free service,"4 Years or 60,000 Km",spec-table
ContactCars,https://www.contactcars.com/en/new-cars/soueast-s_06/1bab410868c6,"Fri, 25 Sep 2026 12:33:07 GMT",c24de9684569134b0ace3709c18b3ce1074e4c5960dfa69a49d84add453ff72c,Soueast,S 06,,Highline,2027,c12644ae56c1,Powertrain Warranty,10 سنوات أو مليون كم,spec-table
ContactCars,https://www.contactcars.com/en/new-cars/soueast-s_06/50166ab19c79,"Fri, 25 Sep 2026 12:33:08 GMT",284298c15a8c7bcd2e94c163c95cf2c0f455676ed375dd6439722d84a66dfce6,Soueast,S 06,,Premium,2027,jsonld:offer_price_egp,offer_price_egp,1485000,json-ld
ContactCars,https://www.contactcars.com/en/new-cars/soueast-s_06/50166ab19c79,"Fri, 25 Sep 2026 12:33:08 GMT",284298c15a8c7bcd2e94c163c95cf2c0f455676ed375dd6439722d84a66dfce6,Soueast,S 06,,Premium,2027,jsonld:fuelType,fuelType,Gas,json-ld
ContactCars,https://www.contactcars.com/en/new-cars/soueast-s_06/50166ab19c79,"Fri, 25 Sep 2026 12:33:08 GMT",284298c15a8c7bcd2e94c163c95cf2c0f455676ed375dd6439722d84a66dfce6,Soueast,S 06,,Premium,2027,jsonld:engineDisplacement,engineDisplacement,1600,json-ld
ContactCars,https://www.contactcars.com/en/new-cars/soueast-s_06/50166ab19c79,"Fri, 25 Sep 2026 12:33:08 GMT",284298c15a8c7bcd2e94c163c95cf2c0f455676ed375dd6439722d84a66dfce6,Soueast,S 06,,Premium,2027,jsonld:vehicleTransmission,vehicleTransmission,Dual Clutch,json-ld
ContactCars,https://www.contactcars.com/en/new-cars/soueast-s_06/50166ab19c79,"Fri, 25 Sep 2026 12:33:08 GMT",284298c15a8c7bcd2e94c163c95cf2c0f455676ed375dd6439722d84a66dfce6,Soueast,S 06,,Premium,2027,jsonld:bodyType,bodyType,SUV,json-ld
ContactCars,https://www.contactcars.com/en/new-cars/soueast-s_06/50166ab19c79,"Fri, 25 Sep 2026 12:33:08 GMT",284298c15a8c7bcd2e94c163c95cf2c0f455676ed375dd6439722d84a66dfce6,Soueast,S 06,,Premium,2027,jsonld:assembly_country,assembly_country,China,json-ld
ContactCars,https://www.contactcars.com/en/new-cars/soueast-s_06/50166ab19c79,"Fri, 25 Sep 2026 12:33:08 GMT",284298c15a8c7bcd2e94c163c95cf2c0f455676ed375dd6439722d84a66dfce6,Soueast,S 06,,Premium,2027,1cff89624677,Vehicle Size Class,Compact,spec-table
ContactCars,https://www.contactcars.com/en/new-cars/soueast-s_06/50166ab19c79,"Fri, 25 Sep 2026 12:33:08 GMT",284298c15a8c7bcd2e94c163c95cf2c0f455676ed375dd6439722d84a66dfce6,Soueast,S 06,,Premium,2027,5bedd1146e88,Body Style,Crossover,spec-table
ContactCars,https://www.contactcars.com/en/new-cars/soueast-s_06/50166ab19c79,"Fri, 25 Sep 2026 12:33:08 GMT",284298c15a8c7bcd2e94c163c95cf2c0f455676ed375dd6439722d84a66dfce6,Soueast,S 06,,Premium,2027,13a10f395a87,Number of Doors,5,spec-table
ContactCars,https://www.contactcars.com/en/new-cars/soueast-s_06/50166ab19c79,"Fri, 25 Sep 2026 12:33:08 GMT",284298c15a8c7bcd2e94c163c95cf2c0f455676ed375dd6439722d84a66dfce6,Soueast,S 06,,Premium,2027,60199ad52a420993a3e82387,Number of Seats,5,spec-table
ContactCars,https://www.contactcars.com/en/new-cars/soueast-s_06/50166ab19c79,"Fri, 25 Sep 2026 12:33:08 GMT",284298c15a8c7bcd2e94c163c95cf2c0f455676ed375dd6439722d84a66dfce6,Soueast,S 06,,Premium,2027,60199ad52a420993a3e823a4,Rear Trunk Capacity (Liter),486,spec-table
ContactCars,https://www.contactcars.com/en/new-cars/soueast-s_06/50166ab19c79,"Fri, 25 Sep 2026 12:33:08 GMT",284298c15a8c7bcd2e94c163c95cf2c0f455676ed375dd6439722d84a66dfce6,Soueast,S 06,,Premium,2027,2cd960af118a,"Rear Trunk Capacity, Seats Folded (Liter)",977,spec-table
ContactCars,https://www.contactcars.com/en/new-cars/soueast-s_06/50166ab19c79,"Fri, 25 Sep 2026 12:33:08 GMT",284298c15a8c7bcd2e94c163c95cf2c0f455676ed375dd6439722d84a66dfce6,Soueast,S 06,,Premium,2027,603647429f57461ab1a74148,Length (mm),4616,spec-table
ContactCars,https://www.contactcars.com/en/new-cars/soueast-s_06/50166ab19c79,"Fri, 25 Sep 2026 12:33:08 GMT",284298c15a8c7bcd2e94c163c95cf2c0f455676ed375dd6439722d84a66dfce6,Soueast,S 06,,Premium,2027,6036477d9f57461ab1a74149,Width (mm),1910,spec-table
ContactCars,https://www.contactcars.com/en/new-cars/soueast-s_06/50166ab19c79,"Fri, 25 Sep 2026 12:33:08 GMT",284298c15a8c7bcd2e94c163c95cf2c0f455676ed375dd6439722d84a66dfce6,Soueast,S 06,,Premium,2027,603647a49f57461ab1a7414a,Height (mm),1690,spec-table
ContactCars,https://www.contactcars.com/en/new-cars/soueast-s_06/50166ab19c79,"Fri, 25 Sep 2026 12:33:08 GMT",284298c15a8c7bcd2e94c163c95cf2c0f455676ed375dd6439722d84a66dfce6,Soueast,S 06,,Premium,2027,6033cae86136e6f66151c687,Wheelbase (mm),2720,spec-table
ContactCars,https://www.contactcars.com/en/new-cars/soueast-s_06/50166ab19c79,"Fri, 25 Sep 2026 12:33:08 GMT",284298c15a8c7bcd2e94c163c95cf2c0f455676ed375dd6439722d84a66dfce6,Soueast,S 06,,Premium,2027,6033cbc86136e6f66151c688,Ground Clearance (mm),190,spec-table
ContactCars,https://www.contactcars.com/en/new-cars/soueast-s_06/50166ab19c79,"Fri, 25 Sep 2026 12:33:08 GMT",284298c15a8c7bcd2e94c163c95cf2c0f455676ed375dd6439722d84a66dfce6,Soueast,S 06,,Premium,2027,2ac833f18334,Turning Radius (m),5٫5,spec-table
ContactCars,https://www.contactcars.com/en/new-cars/soueast-s_06/50166ab19c79,"Fri, 25 Sep 2026 12:33:08 GMT",284298c15a8c7bcd2e94c163c95cf2c0f455676ed375dd6439722d84a66dfce6,Soueast,S 06,,Premium,2027,6244612fba30183d7791942e,Curb Weight (KG),"1,512 ",spec-table
ContactCars,https://www.contactcars.com/en/new-cars/soueast-s_06/50166ab19c79,"Fri, 25 Sep 2026 12:33:08 GMT",284298c15a8c7bcd2e94c163c95cf2c0f455676ed375dd6439722d84a66dfce6,Soueast,S 06,,Premium,2027,1b9f93607f48,Powertrain Type,ICE (Petrol),spec-table
ContactCars,https://www.contactcars.com/en/new-cars/soueast-s_06/50166ab19c79,"Fri, 25 Sep 2026 12:33:08 GMT",284298c15a8c7bcd2e94c163c95cf2c0f455676ed375dd6439722d84a66dfce6,Soueast,S 06,,Premium,2027,60199ad52a420993a3e82353,Combined Maximum Power (HP @ RPM),197,spec-table
ContactCars,https://www.contactcars.com/en/new-cars/soueast-s_06/50166ab19c79,"Fri, 25 Sep 2026 12:33:08 GMT",284298c15a8c7bcd2e94c163c95cf2c0f455676ed375dd6439722d84a66dfce6,Soueast,S 06,,Premium,2027,60199ad52a420993a3e82354,Combined Maximum Torque (N.m @ RPM),"290/2,000~4,000",spec-table
ContactCars,https://www.contactcars.com/en/new-cars/soueast-s_06/50166ab19c79,"Fri, 25 Sep 2026 12:33:08 GMT",284298c15a8c7bcd2e94c163c95cf2c0f455676ed375dd6439722d84a66dfce6,Soueast,S 06,,Premium,2027,60199ad52a420993a3e82357,Maximum Speed (Km/h),180,spec-table
ContactCars,https://www.contactcars.com/en/new-cars/soueast-s_06/50166ab19c79,"Fri, 25 Sep 2026 12:33:08 GMT",284298c15a8c7bcd2e94c163c95cf2c0f455676ed375dd6439722d84a66dfce6,Soueast,S 06,,Premium,2027,60199ad52a420993a3e82355,Acceleration (0 - 100 km/h),8٫5,spec-table
ContactCars,https://www.contactcars.com/en/new-cars/soueast-s_06/50166ab19c79,"Fri, 25 Sep 2026 12:33:08 GMT",284298c15a8c7bcd2e94c163c95cf2c0f455676ed375dd6439722d84a66dfce6,Soueast,S 06,,Premium,2027,58d892830a3e,Max Speed Km/h,180,spec-table
ContactCars,https://www.contactcars.com/en/new-cars/soueast-s_06/50166ab19c79,"Fri, 25 Sep 2026 12:33:08 GMT",284298c15a8c7bcd2e94c163c95cf2c0f455676ed375dd6439722d84a66dfce6,Soueast,S 06,,Premium,2027,dd306cc1c3b0,Acceleration from 0-100 km/h in,8٫5,spec-table
ContactCars,https://www.contactcars.com/en/new-cars/soueast-s_06/50166ab19c79,"Fri, 25 Sep 2026 12:33:08 GMT",284298c15a8c7bcd2e94c163c95cf2c0f455676ed375dd6439722d84a66dfce6,Soueast,S 06,,Premium,2027,60199ad52a420993a3e82359,Fuel Tank Capacity (Litre),57,spec-table
ContactCars,https://www.contactcars.com/en/new-cars/soueast-s_06/50166ab19c79,"Fri, 25 Sep 2026 12:33:08 GMT",284298c15a8c7bcd2e94c163c95cf2c0f455676ed375dd6439722d84a66dfce6,Soueast,S 06,,Premium,2027,60199ad52a420993a3e82356,Combined Fuel/Energy Consumption (Liter/100 KM),7,spec-table
ContactCars,https://www.contactcars.com/en/new-cars/soueast-s_06/50166ab19c79,"Fri, 25 Sep 2026 12:33:08 GMT",284298c15a8c7bcd2e94c163c95cf2c0f455676ed375dd6439722d84a66dfce6,Soueast,S 06,,Premium,2027,bc8f5919d91f,Engine Type,Inline-4,spec-table
ContactCars,https://www.contactcars.com/en/new-cars/soueast-s_06/50166ab19c79,"Fri, 25 Sep 2026 12:33:08 GMT",284298c15a8c7bcd2e94c163c95cf2c0f455676ed375dd6439722d84a66dfce6,Soueast,S 06,,Premium,2027,0922a30a7f46,Engine Function,Drive Wheels,spec-table
ContactCars,https://www.contactcars.com/en/new-cars/soueast-s_06/50166ab19c79,"Fri, 25 Sep 2026 12:33:08 GMT",284298c15a8c7bcd2e94c163c95cf2c0f455676ed375dd6439722d84a66dfce6,Soueast,S 06,,Premium,2027,60199ad52a420993a3e82352,Cylinders,4,spec-table
ContactCars,https://www.contactcars.com/en/new-cars/soueast-s_06/50166ab19c79,"Fri, 25 Sep 2026 12:33:08 GMT",284298c15a8c7bcd2e94c163c95cf2c0f455676ed375dd6439722d84a66dfce6,Soueast,S 06,,Premium,2027,62445feaba30183d7791942d,Engine Capacity (CC),1600,spec-table
ContactCars,https://www.contactcars.com/en/new-cars/soueast-s_06/50166ab19c79,"Fri, 25 Sep 2026 12:33:08 GMT",284298c15a8c7bcd2e94c163c95cf2c0f455676ed375dd6439722d84a66dfce6,Soueast,S 06,,Premium,2027,6244616cba30183d7791942f,Induction Type,Turbocharged,spec-table
ContactCars,https://www.contactcars.com/en/new-cars/soueast-s_06/50166ab19c79,"Fri, 25 Sep 2026 12:33:08 GMT",284298c15a8c7bcd2e94c163c95cf2c0f455676ed375dd6439722d84a66dfce6,Soueast,S 06,,Premium,2027,626916559ba5,Maximum Power Output (hp),197,spec-table
ContactCars,https://www.contactcars.com/en/new-cars/soueast-s_06/50166ab19c79,"Fri, 25 Sep 2026 12:33:08 GMT",284298c15a8c7bcd2e94c163c95cf2c0f455676ed375dd6439722d84a66dfce6,Soueast,S 06,,Premium,2027,60d3a866c259,Maximum Torque (Nm),290,spec-table
ContactCars,https://www.contactcars.com/en/new-cars/soueast-s_06/50166ab19c79,"Fri, 25 Sep 2026 12:33:08 GMT",284298c15a8c7bcd2e94c163c95cf2c0f455676ed375dd6439722d84a66dfce6,Soueast,S 06,,Premium,2027,60199ad52a420993a3e82358,Recommend Fuel Grade,95,spec-table
ContactCars,https://www.contactcars.com/en/new-cars/soueast-s_06/50166ab19c79,"Fri, 25 Sep 2026 12:33:08 GMT",284298c15a8c7bcd2e94c163c95cf2c0f455676ed375dd6439722d84a66dfce6,Soueast,S 06,,Premium,2027,62445f6cba30183d7791942c,Engine Layout,Front,spec-table
ContactCars,https://www.contactcars.com/en/new-cars/soueast-s_06/50166ab19c79,"Fri, 25 Sep 2026 12:33:08 GMT",284298c15a8c7bcd2e94c163c95cf2c0f455676ed375dd6439722d84a66dfce6,Soueast,S 06,,Premium,2027,ae3798f5fd83,Drivetrain Type,FWD (Front-Wheel Drive),spec-table
ContactCars,https://www.contactcars.com/en/new-cars/soueast-s_06/50166ab19c79,"Fri, 25 Sep 2026 12:33:08 GMT",284298c15a8c7bcd2e94c163c95cf2c0f455676ed375dd6439722d84a66dfce6,Soueast,S 06,,Premium,2027,fd8d1904b500,Transmission Type,Automatic,spec-table
ContactCars,https://www.contactcars.com/en/new-cars/soueast-s_06/50166ab19c79,"Fri, 25 Sep 2026 12:33:08 GMT",284298c15a8c7bcd2e94c163c95cf2c0f455676ed375dd6439722d84a66dfce6,Soueast,S 06,,Premium,2027,5229867ce0fa,Transmission Technology,Wet DCT (Dual-Clutch Transmission),spec-table
ContactCars,https://www.contactcars.com/en/new-cars/soueast-s_06/50166ab19c79,"Fri, 25 Sep 2026 12:33:08 GMT",284298c15a8c7bcd2e94c163c95cf2c0f455676ed375dd6439722d84a66dfce6,Soueast,S 06,,Premium,2027,60199ad52a420993a3e8235a,Number of Gears,7,spec-table
ContactCars,https://www.contactcars.com/en/new-cars/soueast-s_06/50166ab19c79,"Fri, 25 Sep 2026 12:33:08 GMT",284298c15a8c7bcd2e94c163c95cf2c0f455676ed375dd6439722d84a66dfce6,Soueast,S 06,,Premium,2027,df4ef7e26ab0,Differential Type,Open Differential,spec-table
ContactCars,https://www.contactcars.com/en/new-cars/soueast-s_06/50166ab19c79,"Fri, 25 Sep 2026 12:33:08 GMT",284298c15a8c7bcd2e94c163c95cf2c0f455676ed375dd6439722d84a66dfce6,Soueast,S 06,,Premium,2027,60199ad52a420993a3e82385,Steering Wheel,Multifunctional,spec-table
ContactCars,https://www.contactcars.com/en/new-cars/soueast-s_06/50166ab19c79,"Fri, 25 Sep 2026 12:33:08 GMT",284298c15a8c7bcd2e94c163c95cf2c0f455676ed375dd6439722d84a66dfce6,Soueast,S 06,,Premium,2027,60199ad52a420993a3e8235d,Power Steering Type,Electric,spec-table
ContactCars,https://www.contactcars.com/en/new-cars/soueast-s_06/50166ab19c79,"Fri, 25 Sep 2026 12:33:08 GMT",284298c15a8c7bcd2e94c163c95cf2c0f455676ed375dd6439722d84a66dfce6,Soueast,S 06,,Premium,2027,602fa37cd768,Steering Adjustment Ops,Manual,spec-table
ContactCars,https://www.contactcars.com/en/new-cars/soueast-s_06/50166ab19c79,"Fri, 25 Sep 2026 12:33:08 GMT",284298c15a8c7bcd2e94c163c95cf2c0f455676ed375dd6439722d84a66dfce6,Soueast,S 06,,Premium,2027,7c8ae7912edf,Steering Modes,"Comfort, Sport, Normal, Eco",spec-table
ContactCars,https://www.contactcars.com/en/new-cars/soueast-s_06/50166ab19c79,"Fri, 25 Sep 2026 12:33:08 GMT",284298c15a8c7bcd2e94c163c95cf2c0f455676ed375dd6439722d84a66dfce6,Soueast,S 06,,Premium,2027,e78c472170c2,Front Suspension Type,MacPherson,spec-table
ContactCars,https://www.contactcars.com/en/new-cars/soueast-s_06/50166ab19c79,"Fri, 25 Sep 2026 12:33:08 GMT",284298c15a8c7bcd2e94c163c95cf2c0f455676ed375dd6439722d84a66dfce6,Soueast,S 06,,Premium,2027,d7a33f9ff1ff,Rear Suspension Type,Multi-Link,spec-table
ContactCars,https://www.contactcars.com/en/new-cars/soueast-s_06/50166ab19c79,"Fri, 25 Sep 2026 12:33:08 GMT",284298c15a8c7bcd2e94c163c95cf2c0f455676ed375dd6439722d84a66dfce6,Soueast,S 06,,Premium,2027,58f344b6ff55,Front Brakes Type,Ventilated Disc Brakes,spec-table
ContactCars,https://www.contactcars.com/en/new-cars/soueast-s_06/50166ab19c79,"Fri, 25 Sep 2026 12:33:08 GMT",284298c15a8c7bcd2e94c163c95cf2c0f455676ed375dd6439722d84a66dfce6,Soueast,S 06,,Premium,2027,eb24327dbe4e,Rear Brakes Type,Solid Disc Brakes,spec-table
ContactCars,https://www.contactcars.com/en/new-cars/soueast-s_06/50166ab19c79,"Fri, 25 Sep 2026 12:33:08 GMT",284298c15a8c7bcd2e94c163c95cf2c0f455676ed375dd6439722d84a66dfce6,Soueast,S 06,,Premium,2027,4ed8405e7e5b,Hand Brake Type,Electronic,spec-table
ContactCars,https://www.contactcars.com/en/new-cars/soueast-s_06/50166ab19c79,"Fri, 25 Sep 2026 12:33:08 GMT",284298c15a8c7bcd2e94c163c95cf2c0f455676ed375dd6439722d84a66dfce6,Soueast,S 06,,Premium,2027,d4b30096d663,Wheel Type,Alloy,spec-table
ContactCars,https://www.contactcars.com/en/new-cars/soueast-s_06/50166ab19c79,"Fri, 25 Sep 2026 12:33:08 GMT",284298c15a8c7bcd2e94c163c95cf2c0f455676ed375dd6439722d84a66dfce6,Soueast,S 06,,Premium,2027,1831c41b7b17,Front Wheel Size,20,spec-table
ContactCars,https://www.contactcars.com/en/new-cars/soueast-s_06/50166ab19c79,"Fri, 25 Sep 2026 12:33:08 GMT",284298c15a8c7bcd2e94c163c95cf2c0f455676ed375dd6439722d84a66dfce6,Soueast,S 06,,Premium,2027,1f4797b49117,Rear Wheel Size,20,spec-table
ContactCars,https://www.contactcars.com/en/new-cars/soueast-s_06/50166ab19c79,"Fri, 25 Sep 2026 12:33:08 GMT",284298c15a8c7bcd2e94c163c95cf2c0f455676ed375dd6439722d84a66dfce6,Soueast,S 06,,Premium,2027,60199ad52a420993a3e82372,Front Tire Size,255/45 R20,spec-table
ContactCars,https://www.contactcars.com/en/new-cars/soueast-s_06/50166ab19c79,"Fri, 25 Sep 2026 12:33:08 GMT",284298c15a8c7bcd2e94c163c95cf2c0f455676ed375dd6439722d84a66dfce6,Soueast,S 06,,Premium,2027,2076fe4abba4,Rear Tire Size,255/45 R20,spec-table
ContactCars,https://www.contactcars.com/en/new-cars/soueast-s_06/50166ab19c79,"Fri, 25 Sep 2026 12:33:08 GMT",284298c15a8c7bcd2e94c163c95cf2c0f455676ed375dd6439722d84a66dfce6,Soueast,S 06,,Premium,2027,cb68666c87e5,Tire Type,All-Season,spec-table
ContactCars,https://www.contactcars.com/en/new-cars/soueast-s_06/50166ab19c79,"Fri, 25 Sep 2026 12:33:08 GMT",284298c15a8c7bcd2e94c163c95cf2c0f455676ed375dd6439722d84a66dfce6,Soueast,S 06,,Premium,2027,7dc8980c1bea,Spare Tire Type,Full-size,spec-table
ContactCars,https://www.contactcars.com/en/new-cars/soueast-s_06/50166ab19c79,"Fri, 25 Sep 2026 12:33:08 GMT",284298c15a8c7bcd2e94c163c95cf2c0f455676ed375dd6439722d84a66dfce6,Soueast,S 06,,Premium,2027,60199ad52a420993a3e8236a,Airbag Count,6,spec-table
ContactCars,https://www.contactcars.com/en/new-cars/soueast-s_06/50166ab19c79,"Fri, 25 Sep 2026 12:33:08 GMT",284298c15a8c7bcd2e94c163c95cf2c0f455676ed375dd6439722d84a66dfce6,Soueast,S 06,,Premium,2027,72fbbbfbb11f,Seat Upholestry,Leather,spec-table
ContactCars,https://www.contactcars.com/en/new-cars/soueast-s_06/50166ab19c79,"Fri, 25 Sep 2026 12:33:08 GMT",284298c15a8c7bcd2e94c163c95cf2c0f455676ed375dd6439722d84a66dfce6,Soueast,S 06,,Premium,2027,40e24a4a83e0,Gearbox Selector,Shift By Wire,spec-table
ContactCars,https://www.contactcars.com/en/new-cars/soueast-s_06/50166ab19c79,"Fri, 25 Sep 2026 12:33:08 GMT",284298c15a8c7bcd2e94c163c95cf2c0f455676ed375dd6439722d84a66dfce6,Soueast,S 06,,Premium,2027,60199ad52a420993a3e82383,Ambient Lighting,Multi Color,spec-table
ContactCars,https://www.contactcars.com/en/new-cars/soueast-s_06/50166ab19c79,"Fri, 25 Sep 2026 12:33:08 GMT",284298c15a8c7bcd2e94c163c95cf2c0f455676ed375dd6439722d84a66dfce6,Soueast,S 06,,Premium,2027,60199ad52a420993a3e8238f,Driver Seat,Driver Seat Electric,spec-table
ContactCars,https://www.contactcars.com/en/new-cars/soueast-s_06/50166ab19c79,"Fri, 25 Sep 2026 12:33:08 GMT",284298c15a8c7bcd2e94c163c95cf2c0f455676ed375dd6439722d84a66dfce6,Soueast,S 06,,Premium,2027,625be8b2b21da3ebf03c43b0,Upholstery,Leather,spec-table
ContactCars,https://www.contactcars.com/en/new-cars/soueast-s_06/50166ab19c79,"Fri, 25 Sep 2026 12:33:08 GMT",284298c15a8c7bcd2e94c163c95cf2c0f455676ed375dd6439722d84a66dfce6,Soueast,S 06,,Premium,2027,d9630e463440,Center Information Display,15٫6 inch Touchscreen,spec-table
ContactCars,https://www.contactcars.com/en/new-cars/soueast-s_06/50166ab19c79,"Fri, 25 Sep 2026 12:33:08 GMT",284298c15a8c7bcd2e94c163c95cf2c0f455676ed375dd6439722d84a66dfce6,Soueast,S 06,,Premium,2027,60199ad52a420993a3e8239d,Infotainment Display Size,15٫6,spec-table
ContactCars,https://www.contactcars.com/en/new-cars/soueast-s_06/50166ab19c79,"Fri, 25 Sep 2026 12:33:08 GMT",284298c15a8c7bcd2e94c163c95cf2c0f455676ed375dd6439722d84a66dfce6,Soueast,S 06,,Premium,2027,60199ad52a420993a3e8237c,Instrument Cluster Type,Digital,spec-table
ContactCars,https://www.contactcars.com/en/new-cars/soueast-s_06/50166ab19c79,"Fri, 25 Sep 2026 12:33:08 GMT",284298c15a8c7bcd2e94c163c95cf2c0f455676ed375dd6439722d84a66dfce6,Soueast,S 06,,Premium,2027,75fe2b7d7bc2,Instrument Cluster Size,9٫2,spec-table
ContactCars,https://www.contactcars.com/en/new-cars/soueast-s_06/50166ab19c79,"Fri, 25 Sep 2026 12:33:08 GMT",284298c15a8c7bcd2e94c163c95cf2c0f455676ed375dd6439722d84a66dfce6,Soueast,S 06,,Premium,2027,60199ad52a420993a3e8239c,Smartphone Integration,Android Auto/Apple Car Play,spec-table
ContactCars,https://www.contactcars.com/en/new-cars/soueast-s_06/50166ab19c79,"Fri, 25 Sep 2026 12:33:08 GMT",284298c15a8c7bcd2e94c163c95cf2c0f455676ed375dd6439722d84a66dfce6,Soueast,S 06,,Premium,2027,60199ad52a420993a3e823a2,Number of Speakers,8,spec-table
ContactCars,https://www.contactcars.com/en/new-cars/soueast-s_06/50166ab19c79,"Fri, 25 Sep 2026 12:33:08 GMT",284298c15a8c7bcd2e94c163c95cf2c0f455676ed375dd6439722d84a66dfce6,Soueast,S 06,,Premium,2027,872802aacccf,Sound System Brand,SONY,spec-table
ContactCars,https://www.contactcars.com/en/new-cars/soueast-s_06/50166ab19c79,"Fri, 25 Sep 2026 12:33:08 GMT",284298c15a8c7bcd2e94c163c95cf2c0f455676ed375dd6439722d84a66dfce6,Soueast,S 06,,Premium,2027,858d92859fe6,Foglights,LED,spec-table
ContactCars,https://www.contactcars.com/en/new-cars/soueast-s_06/50166ab19c79,"Fri, 25 Sep 2026 12:33:08 GMT",284298c15a8c7bcd2e94c163c95cf2c0f455676ed375dd6439722d84a66dfce6,Soueast,S 06,,Premium,2027,60199ad52a420993a3e82376,Rims,R20-Monoton Alloy,spec-table
ContactCars,https://www.contactcars.com/en/new-cars/soueast-s_06/50166ab19c79,"Fri, 25 Sep 2026 12:33:08 GMT",284298c15a8c7bcd2e94c163c95cf2c0f455676ed375dd6439722d84a66dfce6,Soueast,S 06,,Premium,2027,60199ad52a420993a3e8236d,Headlamps,LED,spec-table
ContactCars,https://www.contactcars.com/en/new-cars/soueast-s_06/50166ab19c79,"Fri, 25 Sep 2026 12:33:08 GMT",284298c15a8c7bcd2e94c163c95cf2c0f455676ed375dd6439722d84a66dfce6,Soueast,S 06,,Premium,2027,60199ad52a420993a3e8236e,Tail Lights,LED,spec-table
ContactCars,https://www.contactcars.com/en/new-cars/soueast-s_06/50166ab19c79,"Fri, 25 Sep 2026 12:33:08 GMT",284298c15a8c7bcd2e94c163c95cf2c0f455676ed375dd6439722d84a66dfce6,Soueast,S 06,,Premium,2027,62a5f51c3b190c24efacbe38,Basic Vehicle Warranty,6 سنوات أو 150 ألف كم,spec-table
ContactCars,https://www.contactcars.com/en/new-cars/soueast-s_06/50166ab19c79,"Fri, 25 Sep 2026 12:33:08 GMT",284298c15a8c7bcd2e94c163c95cf2c0f455676ed375dd6439722d84a66dfce6,Soueast,S 06,,Premium,2027,404bab9142b1,Free service,"4 Years or 60,000 Km",spec-table
ContactCars,https://www.contactcars.com/en/new-cars/soueast-s_06/50166ab19c79,"Fri, 25 Sep 2026 12:33:08 GMT",284298c15a8c7bcd2e94c163c95cf2c0f455676ed375dd6439722d84a66dfce6,Soueast,S 06,,Premium,2027,c12644ae56c1,Powertrain Warranty,10 سنوات أو مليون كم,spec-table
ContactCars,https://www.contactcars.com/en/new-cars/soueast-s_06/7623c28b58a5,"Fri, 25 Sep 2026 12:33:10 GMT",4bb5af8a45e8d0e9bd812f1f4ba9078d9fe28df263f026919eb5d5acd826aa80,Soueast,S 06,,DM,2027,jsonld:offer_price_egp,offer_price_egp,1650000,json-ld
ContactCars,https://www.contactcars.com/en/new-cars/soueast-s_06/7623c28b58a5,"Fri, 25 Sep 2026 12:33:10 GMT",4bb5af8a45e8d0e9bd812f1f4ba9078d9fe28df263f026919eb5d5acd826aa80,Soueast,S 06,,DM,2027,jsonld:fuelType,fuelType,Hybrid,json-ld
ContactCars,https://www.contactcars.com/en/new-cars/soueast-s_06/7623c28b58a5,"Fri, 25 Sep 2026 12:33:10 GMT",4bb5af8a45e8d0e9bd812f1f4ba9078d9fe28df263f026919eb5d5acd826aa80,Soueast,S 06,,DM,2027,jsonld:engineDisplacement,engineDisplacement,1500,json-ld
ContactCars,https://www.contactcars.com/en/new-cars/soueast-s_06/7623c28b58a5,"Fri, 25 Sep 2026 12:33:10 GMT",4bb5af8a45e8d0e9bd812f1f4ba9078d9fe28df263f026919eb5d5acd826aa80,Soueast,S 06,,DM,2027,jsonld:vehicleTransmission,vehicleTransmission,Automatic,json-ld
ContactCars,https://www.contactcars.com/en/new-cars/soueast-s_06/7623c28b58a5,"Fri, 25 Sep 2026 12:33:10 GMT",4bb5af8a45e8d0e9bd812f1f4ba9078d9fe28df263f026919eb5d5acd826aa80,Soueast,S 06,,DM,2027,jsonld:bodyType,bodyType,SUV,json-ld
ContactCars,https://www.contactcars.com/en/new-cars/soueast-s_06/7623c28b58a5,"Fri, 25 Sep 2026 12:33:10 GMT",4bb5af8a45e8d0e9bd812f1f4ba9078d9fe28df263f026919eb5d5acd826aa80,Soueast,S 06,,DM,2027,jsonld:assembly_country,assembly_country,China,json-ld
ContactCars,https://www.contactcars.com/en/new-cars/soueast-s_06/7623c28b58a5,"Fri, 25 Sep 2026 12:33:10 GMT",4bb5af8a45e8d0e9bd812f1f4ba9078d9fe28df263f026919eb5d5acd826aa80,Soueast,S 06,,DM,2027,1cff89624677,Vehicle Size Class,Compact,spec-table
ContactCars,https://www.contactcars.com/en/new-cars/soueast-s_06/7623c28b58a5,"Fri, 25 Sep 2026 12:33:10 GMT",4bb5af8a45e8d0e9bd812f1f4ba9078d9fe28df263f026919eb5d5acd826aa80,Soueast,S 06,,DM,2027,5bedd1146e88,Body Style,SUV,spec-table
ContactCars,https://www.contactcars.com/en/new-cars/soueast-s_06/7623c28b58a5,"Fri, 25 Sep 2026 12:33:10 GMT",4bb5af8a45e8d0e9bd812f1f4ba9078d9fe28df263f026919eb5d5acd826aa80,Soueast,S 06,,DM,2027,13a10f395a87,Number of Doors,5,spec-table
ContactCars,https://www.contactcars.com/en/new-cars/soueast-s_06/7623c28b58a5,"Fri, 25 Sep 2026 12:33:10 GMT",4bb5af8a45e8d0e9bd812f1f4ba9078d9fe28df263f026919eb5d5acd826aa80,Soueast,S 06,,DM,2027,60199ad52a420993a3e82387,Number of Seats,5,spec-table
ContactCars,https://www.contactcars.com/en/new-cars/soueast-s_06/7623c28b58a5,"Fri, 25 Sep 2026 12:33:10 GMT",4bb5af8a45e8d0e9bd812f1f4ba9078d9fe28df263f026919eb5d5acd826aa80,Soueast,S 06,,DM,2027,60199ad52a420993a3e823a4,Rear Trunk Capacity (Liter),907,spec-table
ContactCars,https://www.contactcars.com/en/new-cars/soueast-s_06/7623c28b58a5,"Fri, 25 Sep 2026 12:33:10 GMT",4bb5af8a45e8d0e9bd812f1f4ba9078d9fe28df263f026919eb5d5acd826aa80,Soueast,S 06,,DM,2027,603647429f57461ab1a74148,Length (mm),4616,spec-table
ContactCars,https://www.contactcars.com/en/new-cars/soueast-s_06/7623c28b58a5,"Fri, 25 Sep 2026 12:33:10 GMT",4bb5af8a45e8d0e9bd812f1f4ba9078d9fe28df263f026919eb5d5acd826aa80,Soueast,S 06,,DM,2027,6036477d9f57461ab1a74149,Width (mm),1910,spec-table
ContactCars,https://www.contactcars.com/en/new-cars/soueast-s_06/7623c28b58a5,"Fri, 25 Sep 2026 12:33:10 GMT",4bb5af8a45e8d0e9bd812f1f4ba9078d9fe28df263f026919eb5d5acd826aa80,Soueast,S 06,,DM,2027,603647a49f57461ab1a7414a,Height (mm),1690,spec-table
ContactCars,https://www.contactcars.com/en/new-cars/soueast-s_06/7623c28b58a5,"Fri, 25 Sep 2026 12:33:10 GMT",4bb5af8a45e8d0e9bd812f1f4ba9078d9fe28df263f026919eb5d5acd826aa80,Soueast,S 06,,DM,2027,6033cae86136e6f66151c687,Wheelbase (mm),2720,spec-table
ContactCars,https://www.contactcars.com/en/new-cars/soueast-s_06/7623c28b58a5,"Fri, 25 Sep 2026 12:33:10 GMT",4bb5af8a45e8d0e9bd812f1f4ba9078d9fe28df263f026919eb5d5acd826aa80,Soueast,S 06,,DM,2027,6033cbc86136e6f66151c688,Ground Clearance (mm),145,spec-table
ContactCars,https://www.contactcars.com/en/new-cars/soueast-s_06/7623c28b58a5,"Fri, 25 Sep 2026 12:33:10 GMT",4bb5af8a45e8d0e9bd812f1f4ba9078d9fe28df263f026919eb5d5acd826aa80,Soueast,S 06,,DM,2027,f245209b9825,Total Driving Range,1000,spec-table
ContactCars,https://www.contactcars.com/en/new-cars/soueast-s_06/7623c28b58a5,"Fri, 25 Sep 2026 12:33:10 GMT",4bb5af8a45e8d0e9bd812f1f4ba9078d9fe28df263f026919eb5d5acd826aa80,Soueast,S 06,,DM,2027,9aab4cf29ac7,Battery capacity,19٫43,spec-table
ContactCars,https://www.contactcars.com/en/new-cars/soueast-s_06/7623c28b58a5,"Fri, 25 Sep 2026 12:33:10 GMT",4bb5af8a45e8d0e9bd812f1f4ba9078d9fe28df263f026919eb5d5acd826aa80,Soueast,S 06,,DM,2027,1b9f93607f48,Powertrain Type,Hybrid,spec-table
ContactCars,https://www.contactcars.com/en/new-cars/soueast-s_06/7623c28b58a5,"Fri, 25 Sep 2026 12:33:10 GMT",4bb5af8a45e8d0e9bd812f1f4ba9078d9fe28df263f026919eb5d5acd826aa80,Soueast,S 06,,DM,2027,085010bb564e,Electricity Consumption kw/h for 100 km,18٫2,spec-table
ContactCars,https://www.contactcars.com/en/new-cars/soueast-s_06/7623c28b58a5,"Fri, 25 Sep 2026 12:33:10 GMT",4bb5af8a45e8d0e9bd812f1f4ba9078d9fe28df263f026919eb5d5acd826aa80,Soueast,S 06,,DM,2027,60199ad52a420993a3e82353,Combined Maximum Power (HP @ RPM),355,spec-table
ContactCars,https://www.contactcars.com/en/new-cars/soueast-s_06/7623c28b58a5,"Fri, 25 Sep 2026 12:33:10 GMT",4bb5af8a45e8d0e9bd812f1f4ba9078d9fe28df263f026919eb5d5acd826aa80,Soueast,S 06,,DM,2027,60199ad52a420993a3e82354,Combined Maximum Torque (N.m @ RPM),530,spec-table
ContactCars,https://www.contactcars.com/en/new-cars/soueast-s_06/7623c28b58a5,"Fri, 25 Sep 2026 12:33:10 GMT",4bb5af8a45e8d0e9bd812f1f4ba9078d9fe28df263f026919eb5d5acd826aa80,Soueast,S 06,,DM,2027,60199ad52a420993a3e82355,Acceleration (0 - 100 km/h),7٫9,spec-table
ContactCars,https://www.contactcars.com/en/new-cars/soueast-s_06/7623c28b58a5,"Fri, 25 Sep 2026 12:33:10 GMT",4bb5af8a45e8d0e9bd812f1f4ba9078d9fe28df263f026919eb5d5acd826aa80,Soueast,S 06,,DM,2027,dd306cc1c3b0,Acceleration from 0-100 km/h in,7٫9,spec-table
ContactCars,https://www.contactcars.com/en/new-cars/soueast-s_06/7623c28b58a5,"Fri, 25 Sep 2026 12:33:10 GMT",4bb5af8a45e8d0e9bd812f1f4ba9078d9fe28df263f026919eb5d5acd826aa80,Soueast,S 06,,DM,2027,60199ad52a420993a3e82359,Fuel Tank Capacity (Litre),60,spec-table
ContactCars,https://www.contactcars.com/en/new-cars/soueast-s_06/7623c28b58a5,"Fri, 25 Sep 2026 12:33:10 GMT",4bb5af8a45e8d0e9bd812f1f4ba9078d9fe28df263f026919eb5d5acd826aa80,Soueast,S 06,,DM,2027,60199ad52a420993a3e82356,Combined Fuel/Energy Consumption (Liter/100 KM),4٫9,spec-table
ContactCars,https://www.contactcars.com/en/new-cars/soueast-s_06/7623c28b58a5,"Fri, 25 Sep 2026 12:33:10 GMT",4bb5af8a45e8d0e9bd812f1f4ba9078d9fe28df263f026919eb5d5acd826aa80,Soueast,S 06,,DM,2027,bc8f5919d91f,Engine Type,Inline-4,spec-table
ContactCars,https://www.contactcars.com/en/new-cars/soueast-s_06/7623c28b58a5,"Fri, 25 Sep 2026 12:33:10 GMT",4bb5af8a45e8d0e9bd812f1f4ba9078d9fe28df263f026919eb5d5acd826aa80,Soueast,S 06,,DM,2027,0922a30a7f46,Engine Function,Drive Wheels & Generator,spec-table
ContactCars,https://www.contactcars.com/en/new-cars/soueast-s_06/7623c28b58a5,"Fri, 25 Sep 2026 12:33:10 GMT",4bb5af8a45e8d0e9bd812f1f4ba9078d9fe28df263f026919eb5d5acd826aa80,Soueast,S 06,,DM,2027,60199ad52a420993a3e82352,Cylinders,4,spec-table
ContactCars,https://www.contactcars.com/en/new-cars/soueast-s_06/7623c28b58a5,"Fri, 25 Sep 2026 12:33:10 GMT",4bb5af8a45e8d0e9bd812f1f4ba9078d9fe28df263f026919eb5d5acd826aa80,Soueast,S 06,,DM,2027,62445feaba30183d7791942d,Engine Capacity (CC),1500,spec-table
ContactCars,https://www.contactcars.com/en/new-cars/soueast-s_06/7623c28b58a5,"Fri, 25 Sep 2026 12:33:10 GMT",4bb5af8a45e8d0e9bd812f1f4ba9078d9fe28df263f026919eb5d5acd826aa80,Soueast,S 06,,DM,2027,6244616cba30183d7791942f,Induction Type,Turbocharged,spec-table
ContactCars,https://www.contactcars.com/en/new-cars/soueast-s_06/7623c28b58a5,"Fri, 25 Sep 2026 12:33:10 GMT",4bb5af8a45e8d0e9bd812f1f4ba9078d9fe28df263f026919eb5d5acd826aa80,Soueast,S 06,,DM,2027,626916559ba5,Maximum Power Output (hp),140,spec-table
ContactCars,https://www.contactcars.com/en/new-cars/soueast-s_06/7623c28b58a5,"Fri, 25 Sep 2026 12:33:10 GMT",4bb5af8a45e8d0e9bd812f1f4ba9078d9fe28df263f026919eb5d5acd826aa80,Soueast,S 06,,DM,2027,60d3a866c259,Maximum Torque (Nm),215,spec-table
ContactCars,https://www.contactcars.com/en/new-cars/soueast-s_06/7623c28b58a5,"Fri, 25 Sep 2026 12:33:10 GMT",4bb5af8a45e8d0e9bd812f1f4ba9078d9fe28df263f026919eb5d5acd826aa80,Soueast,S 06,,DM,2027,60199ad52a420993a3e82358,Recommend Fuel Grade,95,spec-table
ContactCars,https://www.contactcars.com/en/new-cars/soueast-s_06/7623c28b58a5,"Fri, 25 Sep 2026 12:33:10 GMT",4bb5af8a45e8d0e9bd812f1f4ba9078d9fe28df263f026919eb5d5acd826aa80,Soueast,S 06,,DM,2027,62445f6cba30183d7791942c,Engine Layout,Front,spec-table
ContactCars,https://www.contactcars.com/en/new-cars/soueast-s_06/7623c28b58a5,"Fri, 25 Sep 2026 12:33:10 GMT",4bb5af8a45e8d0e9bd812f1f4ba9078d9fe28df263f026919eb5d5acd826aa80,Soueast,S 06,,DM,2027,9b380f9039be,Electric Motor Count,1,spec-table
ContactCars,https://www.contactcars.com/en/new-cars/soueast-s_06/7623c28b58a5,"Fri, 25 Sep 2026 12:33:10 GMT",4bb5af8a45e8d0e9bd812f1f4ba9078d9fe28df263f026919eb5d5acd826aa80,Soueast,S 06,,DM,2027,82943ae5cd1e,Motor Power KW,150,spec-table
ContactCars,https://www.contactcars.com/en/new-cars/soueast-s_06/7623c28b58a5,"Fri, 25 Sep 2026 12:33:10 GMT",4bb5af8a45e8d0e9bd812f1f4ba9078d9fe28df263f026919eb5d5acd826aa80,Soueast,S 06,,DM,2027,405078366d48,Electric Motor Position,Front,spec-table
ContactCars,https://www.contactcars.com/en/new-cars/soueast-s_06/7623c28b58a5,"Fri, 25 Sep 2026 12:33:10 GMT",4bb5af8a45e8d0e9bd812f1f4ba9078d9fe28df263f026919eb5d5acd826aa80,Soueast,S 06,,DM,2027,ef13db391b59,Motor Power HP,201,spec-table
ContactCars,https://www.contactcars.com/en/new-cars/soueast-s_06/7623c28b58a5,"Fri, 25 Sep 2026 12:33:10 GMT",4bb5af8a45e8d0e9bd812f1f4ba9078d9fe28df263f026919eb5d5acd826aa80,Soueast,S 06,,DM,2027,425a704a565a,Max Torque N.m,310,spec-table
ContactCars,https://www.contactcars.com/en/new-cars/soueast-s_06/7623c28b58a5,"Fri, 25 Sep 2026 12:33:10 GMT",4bb5af8a45e8d0e9bd812f1f4ba9078d9fe28df263f026919eb5d5acd826aa80,Soueast,S 06,,DM,2027,ae3798f5fd83,Drivetrain Type,FWD (Front-Wheel Drive),spec-table
ContactCars,https://www.contactcars.com/en/new-cars/soueast-s_06/7623c28b58a5,"Fri, 25 Sep 2026 12:33:10 GMT",4bb5af8a45e8d0e9bd812f1f4ba9078d9fe28df263f026919eb5d5acd826aa80,Soueast,S 06,,DM,2027,fd8d1904b500,Transmission Type,Automatic,spec-table
ContactCars,https://www.contactcars.com/en/new-cars/soueast-s_06/7623c28b58a5,"Fri, 25 Sep 2026 12:33:10 GMT",4bb5af8a45e8d0e9bd812f1f4ba9078d9fe28df263f026919eb5d5acd826aa80,Soueast,S 06,,DM,2027,5229867ce0fa,Transmission Technology,Direct Drive,spec-table
ContactCars,https://www.contactcars.com/en/new-cars/soueast-s_06/7623c28b58a5,"Fri, 25 Sep 2026 12:33:10 GMT",4bb5af8a45e8d0e9bd812f1f4ba9078d9fe28df263f026919eb5d5acd826aa80,Soueast,S 06,,DM,2027,60199ad52a420993a3e8235a,Number of Gears,1,spec-table
ContactCars,https://www.contactcars.com/en/new-cars/soueast-s_06/7623c28b58a5,"Fri, 25 Sep 2026 12:33:10 GMT",4bb5af8a45e8d0e9bd812f1f4ba9078d9fe28df263f026919eb5d5acd826aa80,Soueast,S 06,,DM,2027,df4ef7e26ab0,Differential Type,Open Differential,spec-table
ContactCars,https://www.contactcars.com/en/new-cars/soueast-s_06/7623c28b58a5,"Fri, 25 Sep 2026 12:33:10 GMT",4bb5af8a45e8d0e9bd812f1f4ba9078d9fe28df263f026919eb5d5acd826aa80,Soueast,S 06,,DM,2027,7024a4520fc8,Battery Type,ليثيوم ثلاثية Ternary Lithium,spec-table
ContactCars,https://www.contactcars.com/en/new-cars/soueast-s_06/7623c28b58a5,"Fri, 25 Sep 2026 12:33:10 GMT",4bb5af8a45e8d0e9bd812f1f4ba9078d9fe28df263f026919eb5d5acd826aa80,Soueast,S 06,,DM,2027,f99e9199742a,Battery Capacity Kwh,19٫43,spec-table
ContactCars,https://www.contactcars.com/en/new-cars/soueast-s_06/7623c28b58a5,"Fri, 25 Sep 2026 12:33:10 GMT",4bb5af8a45e8d0e9bd812f1f4ba9078d9fe28df263f026919eb5d5acd826aa80,Soueast,S 06,,DM,2027,7749fe699e3b,Electric-Only Range (km),114,spec-table
ContactCars,https://www.contactcars.com/en/new-cars/soueast-s_06/7623c28b58a5,"Fri, 25 Sep 2026 12:33:10 GMT",4bb5af8a45e8d0e9bd812f1f4ba9078d9fe28df263f026919eb5d5acd826aa80,Soueast,S 06,,DM,2027,1a1af767441a,Charging Port Type,CCS2,spec-table
ContactCars,https://www.contactcars.com/en/new-cars/soueast-s_06/7623c28b58a5,"Fri, 25 Sep 2026 12:33:10 GMT",4bb5af8a45e8d0e9bd812f1f4ba9078d9fe28df263f026919eb5d5acd826aa80,Soueast,S 06,,DM,2027,13821bab9ed2,Home Charging Power (kW),7,spec-table
ContactCars,https://www.contactcars.com/en/new-cars/soueast-s_06/7623c28b58a5,"Fri, 25 Sep 2026 12:33:10 GMT",4bb5af8a45e8d0e9bd812f1f4ba9078d9fe28df263f026919eb5d5acd826aa80,Soueast,S 06,,DM,2027,3f540e670798,AC Charging Power (kW),6٫6,spec-table
ContactCars,https://www.contactcars.com/en/new-cars/soueast-s_06/7623c28b58a5,"Fri, 25 Sep 2026 12:33:10 GMT",4bb5af8a45e8d0e9bd812f1f4ba9078d9fe28df263f026919eb5d5acd826aa80,Soueast,S 06,,DM,2027,f0c7f245d5e7,DC Fast Charging Power (kW),40,spec-table
ContactCars,https://www.contactcars.com/en/new-cars/soueast-s_06/7623c28b58a5,"Fri, 25 Sep 2026 12:33:10 GMT",4bb5af8a45e8d0e9bd812f1f4ba9078d9fe28df263f026919eb5d5acd826aa80,Soueast,S 06,,DM,2027,d941ed52b074,Home Charging Time,3 ساعات,spec-table
ContactCars,https://www.contactcars.com/en/new-cars/soueast-s_06/7623c28b58a5,"Fri, 25 Sep 2026 12:33:10 GMT",4bb5af8a45e8d0e9bd812f1f4ba9078d9fe28df263f026919eb5d5acd826aa80,Soueast,S 06,,DM,2027,4d496223eec3,AC Charging Time,20 - 100% in 2٫7 hrs,spec-table
ContactCars,https://www.contactcars.com/en/new-cars/soueast-s_06/7623c28b58a5,"Fri, 25 Sep 2026 12:33:10 GMT",4bb5af8a45e8d0e9bd812f1f4ba9078d9fe28df263f026919eb5d5acd826aa80,Soueast,S 06,,DM,2027,dbbb34a0ec25,DC Fast Charging Time,20 - 80% in 0٫4 hrs,spec-table
ContactCars,https://www.contactcars.com/en/new-cars/soueast-s_06/7623c28b58a5,"Fri, 25 Sep 2026 12:33:10 GMT",4bb5af8a45e8d0e9bd812f1f4ba9078d9fe28df263f026919eb5d5acd826aa80,Soueast,S 06,,DM,2027,60199ad52a420993a3e82385,Steering Wheel,Multifunctional,spec-table
ContactCars,https://www.contactcars.com/en/new-cars/soueast-s_06/7623c28b58a5,"Fri, 25 Sep 2026 12:33:10 GMT",4bb5af8a45e8d0e9bd812f1f4ba9078d9fe28df263f026919eb5d5acd826aa80,Soueast,S 06,,DM,2027,60199ad52a420993a3e8235d,Power Steering Type,Electric,spec-table
ContactCars,https://www.contactcars.com/en/new-cars/soueast-s_06/7623c28b58a5,"Fri, 25 Sep 2026 12:33:10 GMT",4bb5af8a45e8d0e9bd812f1f4ba9078d9fe28df263f026919eb5d5acd826aa80,Soueast,S 06,,DM,2027,602fa37cd768,Steering Adjustment Ops,Manual,spec-table
ContactCars,https://www.contactcars.com/en/new-cars/soueast-s_06/7623c28b58a5,"Fri, 25 Sep 2026 12:33:10 GMT",4bb5af8a45e8d0e9bd812f1f4ba9078d9fe28df263f026919eb5d5acd826aa80,Soueast,S 06,,DM,2027,7c8ae7912edf,Steering Modes,"Comfort, Sport, Normal, Eco",spec-table
ContactCars,https://www.contactcars.com/en/new-cars/soueast-s_06/7623c28b58a5,"Fri, 25 Sep 2026 12:33:10 GMT",4bb5af8a45e8d0e9bd812f1f4ba9078d9fe28df263f026919eb5d5acd826aa80,Soueast,S 06,,DM,2027,e78c472170c2,Front Suspension Type,MacPherson,spec-table
ContactCars,https://www.contactcars.com/en/new-cars/soueast-s_06/7623c28b58a5,"Fri, 25 Sep 2026 12:33:10 GMT",4bb5af8a45e8d0e9bd812f1f4ba9078d9fe28df263f026919eb5d5acd826aa80,Soueast,S 06,,DM,2027,d7a33f9ff1ff,Rear Suspension Type,Multi-Link,spec-table
ContactCars,https://www.contactcars.com/en/new-cars/soueast-s_06/7623c28b58a5,"Fri, 25 Sep 2026 12:33:10 GMT",4bb5af8a45e8d0e9bd812f1f4ba9078d9fe28df263f026919eb5d5acd826aa80,Soueast,S 06,,DM,2027,58f344b6ff55,Front Brakes Type,Ventilated Disc Brakes,spec-table
ContactCars,https://www.contactcars.com/en/new-cars/soueast-s_06/7623c28b58a5,"Fri, 25 Sep 2026 12:33:10 GMT",4bb5af8a45e8d0e9bd812f1f4ba9078d9fe28df263f026919eb5d5acd826aa80,Soueast,S 06,,DM,2027,eb24327dbe4e,Rear Brakes Type,Solid Disc Brakes,spec-table
ContactCars,https://www.contactcars.com/en/new-cars/soueast-s_06/7623c28b58a5,"Fri, 25 Sep 2026 12:33:10 GMT",4bb5af8a45e8d0e9bd812f1f4ba9078d9fe28df263f026919eb5d5acd826aa80,Soueast,S 06,,DM,2027,4ed8405e7e5b,Hand Brake Type,Electronic,spec-table
ContactCars,https://www.contactcars.com/en/new-cars/soueast-s_06/7623c28b58a5,"Fri, 25 Sep 2026 12:33:10 GMT",4bb5af8a45e8d0e9bd812f1f4ba9078d9fe28df263f026919eb5d5acd826aa80,Soueast,S 06,,DM,2027,d4b30096d663,Wheel Type,Alloy,spec-table
ContactCars,https://www.contactcars.com/en/new-cars/soueast-s_06/7623c28b58a5,"Fri, 25 Sep 2026 12:33:10 GMT",4bb5af8a45e8d0e9bd812f1f4ba9078d9fe28df263f026919eb5d5acd826aa80,Soueast,S 06,,DM,2027,1831c41b7b17,Front Wheel Size,20,spec-table
ContactCars,https://www.contactcars.com/en/new-cars/soueast-s_06/7623c28b58a5,"Fri, 25 Sep 2026 12:33:10 GMT",4bb5af8a45e8d0e9bd812f1f4ba9078d9fe28df263f026919eb5d5acd826aa80,Soueast,S 06,,DM,2027,1f4797b49117,Rear Wheel Size,20,spec-table
ContactCars,https://www.contactcars.com/en/new-cars/soueast-s_06/7623c28b58a5,"Fri, 25 Sep 2026 12:33:10 GMT",4bb5af8a45e8d0e9bd812f1f4ba9078d9fe28df263f026919eb5d5acd826aa80,Soueast,S 06,,DM,2027,60199ad52a420993a3e82372,Front Tire Size,255/45 R20,spec-table
ContactCars,https://www.contactcars.com/en/new-cars/soueast-s_06/7623c28b58a5,"Fri, 25 Sep 2026 12:33:10 GMT",4bb5af8a45e8d0e9bd812f1f4ba9078d9fe28df263f026919eb5d5acd826aa80,Soueast,S 06,,DM,2027,2076fe4abba4,Rear Tire Size,255/45 R20,spec-table
ContactCars,https://www.contactcars.com/en/new-cars/soueast-s_06/7623c28b58a5,"Fri, 25 Sep 2026 12:33:10 GMT",4bb5af8a45e8d0e9bd812f1f4ba9078d9fe28df263f026919eb5d5acd826aa80,Soueast,S 06,,DM,2027,cb68666c87e5,Tire Type,All-Season,spec-table
ContactCars,https://www.contactcars.com/en/new-cars/soueast-s_06/7623c28b58a5,"Fri, 25 Sep 2026 12:33:10 GMT",4bb5af8a45e8d0e9bd812f1f4ba9078d9fe28df263f026919eb5d5acd826aa80,Soueast,S 06,,DM,2027,60199ad52a420993a3e8236a,Airbag Count,6,spec-table
ContactCars,https://www.contactcars.com/en/new-cars/soueast-s_06/7623c28b58a5,"Fri, 25 Sep 2026 12:33:10 GMT",4bb5af8a45e8d0e9bd812f1f4ba9078d9fe28df263f026919eb5d5acd826aa80,Soueast,S 06,,DM,2027,72fbbbfbb11f,Seat Upholestry,Leather,spec-table
ContactCars,https://www.contactcars.com/en/new-cars/soueast-s_06/7623c28b58a5,"Fri, 25 Sep 2026 12:33:10 GMT",4bb5af8a45e8d0e9bd812f1f4ba9078d9fe28df263f026919eb5d5acd826aa80,Soueast,S 06,,DM,2027,40e24a4a83e0,Gearbox Selector,Shift By Wire,spec-table
ContactCars,https://www.contactcars.com/en/new-cars/soueast-s_06/7623c28b58a5,"Fri, 25 Sep 2026 12:33:10 GMT",4bb5af8a45e8d0e9bd812f1f4ba9078d9fe28df263f026919eb5d5acd826aa80,Soueast,S 06,,DM,2027,60199ad52a420993a3e82383,Ambient Lighting,Multi Color,spec-table
ContactCars,https://www.contactcars.com/en/new-cars/soueast-s_06/7623c28b58a5,"Fri, 25 Sep 2026 12:33:10 GMT",4bb5af8a45e8d0e9bd812f1f4ba9078d9fe28df263f026919eb5d5acd826aa80,Soueast,S 06,,DM,2027,60199ad52a420993a3e8238f,Driver Seat,Electric With Memory,spec-table
ContactCars,https://www.contactcars.com/en/new-cars/soueast-s_06/7623c28b58a5,"Fri, 25 Sep 2026 12:33:10 GMT",4bb5af8a45e8d0e9bd812f1f4ba9078d9fe28df263f026919eb5d5acd826aa80,Soueast,S 06,,DM,2027,625be8b2b21da3ebf03c43b0,Upholstery,Leather / Faux Leather,spec-table
ContactCars,https://www.contactcars.com/en/new-cars/soueast-s_06/7623c28b58a5,"Fri, 25 Sep 2026 12:33:10 GMT",4bb5af8a45e8d0e9bd812f1f4ba9078d9fe28df263f026919eb5d5acd826aa80,Soueast,S 06,,DM,2027,d9630e463440,Center Information Display,15٫6-inch LCD touch screen,spec-table
ContactCars,https://www.contactcars.com/en/new-cars/soueast-s_06/7623c28b58a5,"Fri, 25 Sep 2026 12:33:10 GMT",4bb5af8a45e8d0e9bd812f1f4ba9078d9fe28df263f026919eb5d5acd826aa80,Soueast,S 06,,DM,2027,60199ad52a420993a3e8239d,Infotainment Display Size,15٫6,spec-table
ContactCars,https://www.contactcars.com/en/new-cars/soueast-s_06/7623c28b58a5,"Fri, 25 Sep 2026 12:33:10 GMT",4bb5af8a45e8d0e9bd812f1f4ba9078d9fe28df263f026919eb5d5acd826aa80,Soueast,S 06,,DM,2027,60199ad52a420993a3e8237c,Instrument Cluster Type,Digital,spec-table
ContactCars,https://www.contactcars.com/en/new-cars/soueast-s_06/7623c28b58a5,"Fri, 25 Sep 2026 12:33:10 GMT",4bb5af8a45e8d0e9bd812f1f4ba9078d9fe28df263f026919eb5d5acd826aa80,Soueast,S 06,,DM,2027,75fe2b7d7bc2,Instrument Cluster Size,9٫2,spec-table
ContactCars,https://www.contactcars.com/en/new-cars/soueast-s_06/7623c28b58a5,"Fri, 25 Sep 2026 12:33:10 GMT",4bb5af8a45e8d0e9bd812f1f4ba9078d9fe28df263f026919eb5d5acd826aa80,Soueast,S 06,,DM,2027,60199ad52a420993a3e8239c,Smartphone Integration,Android Auto/Apple Car Play,spec-table
ContactCars,https://www.contactcars.com/en/new-cars/soueast-s_06/7623c28b58a5,"Fri, 25 Sep 2026 12:33:10 GMT",4bb5af8a45e8d0e9bd812f1f4ba9078d9fe28df263f026919eb5d5acd826aa80,Soueast,S 06,,DM,2027,60199ad52a420993a3e823a2,Number of Speakers,9,spec-table
ContactCars,https://www.contactcars.com/en/new-cars/soueast-s_06/7623c28b58a5,"Fri, 25 Sep 2026 12:33:10 GMT",4bb5af8a45e8d0e9bd812f1f4ba9078d9fe28df263f026919eb5d5acd826aa80,Soueast,S 06,,DM,2027,872802aacccf,Sound System Brand,Sony Stereo Speakers,spec-table
ContactCars,https://www.contactcars.com/en/new-cars/soueast-s_06/7623c28b58a5,"Fri, 25 Sep 2026 12:33:10 GMT",4bb5af8a45e8d0e9bd812f1f4ba9078d9fe28df263f026919eb5d5acd826aa80,Soueast,S 06,,DM,2027,858d92859fe6,Foglights,LED,spec-table
ContactCars,https://www.contactcars.com/en/new-cars/soueast-s_06/7623c28b58a5,"Fri, 25 Sep 2026 12:33:10 GMT",4bb5af8a45e8d0e9bd812f1f4ba9078d9fe28df263f026919eb5d5acd826aa80,Soueast,S 06,,DM,2027,60199ad52a420993a3e82376,Rims,R20-Monoton Alloy,spec-table
ContactCars,https://www.contactcars.com/en/new-cars/soueast-s_06/7623c28b58a5,"Fri, 25 Sep 2026 12:33:10 GMT",4bb5af8a45e8d0e9bd812f1f4ba9078d9fe28df263f026919eb5d5acd826aa80,Soueast,S 06,,DM,2027,60199ad52a420993a3e8236d,Headlamps,LED,spec-table
ContactCars,https://www.contactcars.com/en/new-cars/soueast-s_06/7623c28b58a5,"Fri, 25 Sep 2026 12:33:10 GMT",4bb5af8a45e8d0e9bd812f1f4ba9078d9fe28df263f026919eb5d5acd826aa80,Soueast,S 06,,DM,2027,60199ad52a420993a3e8236e,Tail Lights,LED,spec-table
ContactCars,https://www.contactcars.com/en/new-cars/soueast-s_06/7623c28b58a5,"Fri, 25 Sep 2026 12:33:10 GMT",4bb5af8a45e8d0e9bd812f1f4ba9078d9fe28df263f026919eb5d5acd826aa80,Soueast,S 06,,DM,2027,62a5f51c3b190c24efacbe38,Basic Vehicle Warranty,"6 Years or 150,000 km",spec-table
ContactCars,https://www.contactcars.com/en/new-cars/soueast-s_06/7623c28b58a5,"Fri, 25 Sep 2026 12:33:10 GMT",4bb5af8a45e8d0e9bd812f1f4ba9078d9fe28df263f026919eb5d5acd826aa80,Soueast,S 06,,DM,2027,404bab9142b1,Free service,"4 Years / 60,000 km",spec-table
ContactCars,https://www.contactcars.com/en/new-cars/soueast-s_06/7623c28b58a5,"Fri, 25 Sep 2026 12:33:10 GMT",4bb5af8a45e8d0e9bd812f1f4ba9078d9fe28df263f026919eb5d5acd826aa80,Soueast,S 06,,DM,2027,c12644ae56c1,Powertrain Warranty,"8 Years or 160,000 km",spec-table
ContactCars,https://www.contactcars.com/en/new-cars/soueast-s_09/b040f1133140,"Fri, 25 Sep 2026 12:33:11 GMT",4780954adb6a2eae3809e1cca62d215f220dcb6ae7a4e554d3b0fb395e4c2417,Soueast,S 09,,Premium,2027,jsonld:offer_price_egp,offer_price_egp,1600000,json-ld
ContactCars,https://www.contactcars.com/en/new-cars/soueast-s_09/b040f1133140,"Fri, 25 Sep 2026 12:33:11 GMT",4780954adb6a2eae3809e1cca62d215f220dcb6ae7a4e554d3b0fb395e4c2417,Soueast,S 09,,Premium,2027,jsonld:fuelType,fuelType,Gas,json-ld
ContactCars,https://www.contactcars.com/en/new-cars/soueast-s_09/b040f1133140,"Fri, 25 Sep 2026 12:33:11 GMT",4780954adb6a2eae3809e1cca62d215f220dcb6ae7a4e554d3b0fb395e4c2417,Soueast,S 09,,Premium,2027,jsonld:engineDisplacement,engineDisplacement,1600,json-ld
ContactCars,https://www.contactcars.com/en/new-cars/soueast-s_09/b040f1133140,"Fri, 25 Sep 2026 12:33:11 GMT",4780954adb6a2eae3809e1cca62d215f220dcb6ae7a4e554d3b0fb395e4c2417,Soueast,S 09,,Premium,2027,jsonld:vehicleTransmission,vehicleTransmission,Dual Clutch,json-ld
ContactCars,https://www.contactcars.com/en/new-cars/soueast-s_09/b040f1133140,"Fri, 25 Sep 2026 12:33:11 GMT",4780954adb6a2eae3809e1cca62d215f220dcb6ae7a4e554d3b0fb395e4c2417,Soueast,S 09,,Premium,2027,jsonld:bodyType,bodyType,SUV,json-ld
ContactCars,https://www.contactcars.com/en/new-cars/soueast-s_09/b040f1133140,"Fri, 25 Sep 2026 12:33:11 GMT",4780954adb6a2eae3809e1cca62d215f220dcb6ae7a4e554d3b0fb395e4c2417,Soueast,S 09,,Premium,2027,jsonld:assembly_country,assembly_country,China,json-ld
ContactCars,https://www.contactcars.com/en/new-cars/soueast-s_09/b040f1133140,"Fri, 25 Sep 2026 12:33:11 GMT",4780954adb6a2eae3809e1cca62d215f220dcb6ae7a4e554d3b0fb395e4c2417,Soueast,S 09,,Premium,2027,1cff89624677,Vehicle Size Class,Mid-size,spec-table
ContactCars,https://www.contactcars.com/en/new-cars/soueast-s_09/b040f1133140,"Fri, 25 Sep 2026 12:33:11 GMT",4780954adb6a2eae3809e1cca62d215f220dcb6ae7a4e554d3b0fb395e4c2417,Soueast,S 09,,Premium,2027,5bedd1146e88,Body Style,SUV,spec-table
ContactCars,https://www.contactcars.com/en/new-cars/soueast-s_09/b040f1133140,"Fri, 25 Sep 2026 12:33:11 GMT",4780954adb6a2eae3809e1cca62d215f220dcb6ae7a4e554d3b0fb395e4c2417,Soueast,S 09,,Premium,2027,13a10f395a87,Number of Doors,5,spec-table
ContactCars,https://www.contactcars.com/en/new-cars/soueast-s_09/b040f1133140,"Fri, 25 Sep 2026 12:33:11 GMT",4780954adb6a2eae3809e1cca62d215f220dcb6ae7a4e554d3b0fb395e4c2417,Soueast,S 09,,Premium,2027,60199ad52a420993a3e82387,Number of Seats,7,spec-table
ContactCars,https://www.contactcars.com/en/new-cars/soueast-s_09/b040f1133140,"Fri, 25 Sep 2026 12:33:11 GMT",4780954adb6a2eae3809e1cca62d215f220dcb6ae7a4e554d3b0fb395e4c2417,Soueast,S 09,,Premium,2027,60199ad52a420993a3e823a4,Rear Trunk Capacity (Liter),94,spec-table
ContactCars,https://www.contactcars.com/en/new-cars/soueast-s_09/b040f1133140,"Fri, 25 Sep 2026 12:33:11 GMT",4780954adb6a2eae3809e1cca62d215f220dcb6ae7a4e554d3b0fb395e4c2417,Soueast,S 09,,Premium,2027,2cd960af118a,"Rear Trunk Capacity, Seats Folded (Liter)",1634,spec-table
ContactCars,https://www.contactcars.com/en/new-cars/soueast-s_09/b040f1133140,"Fri, 25 Sep 2026 12:33:11 GMT",4780954adb6a2eae3809e1cca62d215f220dcb6ae7a4e554d3b0fb395e4c2417,Soueast,S 09,,Premium,2027,603647429f57461ab1a74148,Length (mm),4858,spec-table
ContactCars,https://www.contactcars.com/en/new-cars/soueast-s_09/b040f1133140,"Fri, 25 Sep 2026 12:33:11 GMT",4780954adb6a2eae3809e1cca62d215f220dcb6ae7a4e554d3b0fb395e4c2417,Soueast,S 09,,Premium,2027,6036477d9f57461ab1a74149,Width (mm),1925,spec-table
ContactCars,https://www.contactcars.com/en/new-cars/soueast-s_09/b040f1133140,"Fri, 25 Sep 2026 12:33:11 GMT",4780954adb6a2eae3809e1cca62d215f220dcb6ae7a4e554d3b0fb395e4c2417,Soueast,S 09,,Premium,2027,603647a49f57461ab1a7414a,Height (mm),1780,spec-table
ContactCars,https://www.contactcars.com/en/new-cars/soueast-s_09/b040f1133140,"Fri, 25 Sep 2026 12:33:11 GMT",4780954adb6a2eae3809e1cca62d215f220dcb6ae7a4e554d3b0fb395e4c2417,Soueast,S 09,,Premium,2027,6033cae86136e6f66151c687,Wheelbase (mm),2850,spec-table
ContactCars,https://www.contactcars.com/en/new-cars/soueast-s_09/b040f1133140,"Fri, 25 Sep 2026 12:33:11 GMT",4780954adb6a2eae3809e1cca62d215f220dcb6ae7a4e554d3b0fb395e4c2417,Soueast,S 09,,Premium,2027,6033cbc86136e6f66151c688,Ground Clearance (mm),160,spec-table
ContactCars,https://www.contactcars.com/en/new-cars/soueast-s_09/b040f1133140,"Fri, 25 Sep 2026 12:33:11 GMT",4780954adb6a2eae3809e1cca62d215f220dcb6ae7a4e554d3b0fb395e4c2417,Soueast,S 09,,Premium,2027,60199ad52a420993a3e82359,Fuel Tank Capacity (Litre),57,spec-table
ContactCars,https://www.contactcars.com/en/new-cars/soueast-s_09/b040f1133140,"Fri, 25 Sep 2026 12:33:11 GMT",4780954adb6a2eae3809e1cca62d215f220dcb6ae7a4e554d3b0fb395e4c2417,Soueast,S 09,,Premium,2027,60199ad52a420993a3e82356,Combined Fuel/Energy Consumption (Liter/100 KM),8٫15,spec-table
ContactCars,https://www.contactcars.com/en/new-cars/soueast-s_09/b040f1133140,"Fri, 25 Sep 2026 12:33:11 GMT",4780954adb6a2eae3809e1cca62d215f220dcb6ae7a4e554d3b0fb395e4c2417,Soueast,S 09,,Premium,2027,bc8f5919d91f,Engine Type,Inline-4,spec-table
ContactCars,https://www.contactcars.com/en/new-cars/soueast-s_09/b040f1133140,"Fri, 25 Sep 2026 12:33:11 GMT",4780954adb6a2eae3809e1cca62d215f220dcb6ae7a4e554d3b0fb395e4c2417,Soueast,S 09,,Premium,2027,0922a30a7f46,Engine Function,Drive Wheels,spec-table
ContactCars,https://www.contactcars.com/en/new-cars/soueast-s_09/b040f1133140,"Fri, 25 Sep 2026 12:33:11 GMT",4780954adb6a2eae3809e1cca62d215f220dcb6ae7a4e554d3b0fb395e4c2417,Soueast,S 09,,Premium,2027,60199ad52a420993a3e82352,Cylinders,4,spec-table
ContactCars,https://www.contactcars.com/en/new-cars/soueast-s_09/b040f1133140,"Fri, 25 Sep 2026 12:33:11 GMT",4780954adb6a2eae3809e1cca62d215f220dcb6ae7a4e554d3b0fb395e4c2417,Soueast,S 09,,Premium,2027,62445feaba30183d7791942d,Engine Capacity (CC),1600,spec-table
ContactCars,https://www.contactcars.com/en/new-cars/soueast-s_09/b040f1133140,"Fri, 25 Sep 2026 12:33:11 GMT",4780954adb6a2eae3809e1cca62d215f220dcb6ae7a4e554d3b0fb395e4c2417,Soueast,S 09,,Premium,2027,6244616cba30183d7791942f,Induction Type,Turbocharged,spec-table
ContactCars,https://www.contactcars.com/en/new-cars/soueast-s_09/b040f1133140,"Fri, 25 Sep 2026 12:33:11 GMT",4780954adb6a2eae3809e1cca62d215f220dcb6ae7a4e554d3b0fb395e4c2417,Soueast,S 09,,Premium,2027,626916559ba5,Maximum Power Output (hp),197,spec-table
ContactCars,https://www.contactcars.com/en/new-cars/soueast-s_09/b040f1133140,"Fri, 25 Sep 2026 12:33:11 GMT",4780954adb6a2eae3809e1cca62d215f220dcb6ae7a4e554d3b0fb395e4c2417,Soueast,S 09,,Premium,2027,60d3a866c259,Maximum Torque (Nm),290/2000-4000,spec-table
ContactCars,https://www.contactcars.com/en/new-cars/soueast-s_09/b040f1133140,"Fri, 25 Sep 2026 12:33:11 GMT",4780954adb6a2eae3809e1cca62d215f220dcb6ae7a4e554d3b0fb395e4c2417,Soueast,S 09,,Premium,2027,62445f6cba30183d7791942c,Engine Layout,Front,spec-table
ContactCars,https://www.contactcars.com/en/new-cars/soueast-s_09/b040f1133140,"Fri, 25 Sep 2026 12:33:11 GMT",4780954adb6a2eae3809e1cca62d215f220dcb6ae7a4e554d3b0fb395e4c2417,Soueast,S 09,,Premium,2027,ae3798f5fd83,Drivetrain Type,FWD (Front-Wheel Drive),spec-table
ContactCars,https://www.contactcars.com/en/new-cars/soueast-s_09/b040f1133140,"Fri, 25 Sep 2026 12:33:11 GMT",4780954adb6a2eae3809e1cca62d215f220dcb6ae7a4e554d3b0fb395e4c2417,Soueast,S 09,,Premium,2027,fd8d1904b500,Transmission Type,Automatic,spec-table
ContactCars,https://www.contactcars.com/en/new-cars/soueast-s_09/b040f1133140,"Fri, 25 Sep 2026 12:33:11 GMT",4780954adb6a2eae3809e1cca62d215f220dcb6ae7a4e554d3b0fb395e4c2417,Soueast,S 09,,Premium,2027,5229867ce0fa,Transmission Technology,Wet DCT (Dual-Clutch Transmission),spec-table
ContactCars,https://www.contactcars.com/en/new-cars/soueast-s_09/b040f1133140,"Fri, 25 Sep 2026 12:33:11 GMT",4780954adb6a2eae3809e1cca62d215f220dcb6ae7a4e554d3b0fb395e4c2417,Soueast,S 09,,Premium,2027,60199ad52a420993a3e8235a,Number of Gears,7,spec-table
ContactCars,https://www.contactcars.com/en/new-cars/soueast-s_09/b040f1133140,"Fri, 25 Sep 2026 12:33:11 GMT",4780954adb6a2eae3809e1cca62d215f220dcb6ae7a4e554d3b0fb395e4c2417,Soueast,S 09,,Premium,2027,60199ad52a420993a3e8235d,Power Steering Type,Electric,spec-table
ContactCars,https://www.contactcars.com/en/new-cars/soueast-s_09/b040f1133140,"Fri, 25 Sep 2026 12:33:11 GMT",4780954adb6a2eae3809e1cca62d215f220dcb6ae7a4e554d3b0fb395e4c2417,Soueast,S 09,,Premium,2027,e78c472170c2,Front Suspension Type,MacPherson,spec-table
ContactCars,https://www.contactcars.com/en/new-cars/soueast-s_09/b040f1133140,"Fri, 25 Sep 2026 12:33:11 GMT",4780954adb6a2eae3809e1cca62d215f220dcb6ae7a4e554d3b0fb395e4c2417,Soueast,S 09,,Premium,2027,d7a33f9ff1ff,Rear Suspension Type,Multi-Link,spec-table
ContactCars,https://www.contactcars.com/en/new-cars/soueast-s_09/b040f1133140,"Fri, 25 Sep 2026 12:33:11 GMT",4780954adb6a2eae3809e1cca62d215f220dcb6ae7a4e554d3b0fb395e4c2417,Soueast,S 09,,Premium,2027,4ed8405e7e5b,Hand Brake Type,Electronic,spec-table
ContactCars,https://www.contactcars.com/en/new-cars/soueast-s_09/b040f1133140,"Fri, 25 Sep 2026 12:33:11 GMT",4780954adb6a2eae3809e1cca62d215f220dcb6ae7a4e554d3b0fb395e4c2417,Soueast,S 09,,Premium,2027,d4b30096d663,Wheel Type,Alloy,spec-table
ContactCars,https://www.contactcars.com/en/new-cars/soueast-s_09/b040f1133140,"Fri, 25 Sep 2026 12:33:11 GMT",4780954adb6a2eae3809e1cca62d215f220dcb6ae7a4e554d3b0fb395e4c2417,Soueast,S 09,,Premium,2027,1831c41b7b17,Front Wheel Size,20,spec-table
ContactCars,https://www.contactcars.com/en/new-cars/soueast-s_09/b040f1133140,"Fri, 25 Sep 2026 12:33:11 GMT",4780954adb6a2eae3809e1cca62d215f220dcb6ae7a4e554d3b0fb395e4c2417,Soueast,S 09,,Premium,2027,1f4797b49117,Rear Wheel Size,20,spec-table
ContactCars,https://www.contactcars.com/en/new-cars/soueast-s_09/b040f1133140,"Fri, 25 Sep 2026 12:33:11 GMT",4780954adb6a2eae3809e1cca62d215f220dcb6ae7a4e554d3b0fb395e4c2417,Soueast,S 09,,Premium,2027,60199ad52a420993a3e82372,Front Tire Size,255/45 R20,spec-table
ContactCars,https://www.contactcars.com/en/new-cars/soueast-s_09/b040f1133140,"Fri, 25 Sep 2026 12:33:11 GMT",4780954adb6a2eae3809e1cca62d215f220dcb6ae7a4e554d3b0fb395e4c2417,Soueast,S 09,,Premium,2027,2076fe4abba4,Rear Tire Size,255/45 R20,spec-table
ContactCars,https://www.contactcars.com/en/new-cars/soueast-s_09/b040f1133140,"Fri, 25 Sep 2026 12:33:11 GMT",4780954adb6a2eae3809e1cca62d215f220dcb6ae7a4e554d3b0fb395e4c2417,Soueast,S 09,,Premium,2027,cb68666c87e5,Tire Type,All-Season,spec-table
ContactCars,https://www.contactcars.com/en/new-cars/soueast-s_09/b040f1133140,"Fri, 25 Sep 2026 12:33:11 GMT",4780954adb6a2eae3809e1cca62d215f220dcb6ae7a4e554d3b0fb395e4c2417,Soueast,S 09,,Premium,2027,60199ad52a420993a3e8236a,Airbag Count,6,spec-table
ContactCars,https://www.contactcars.com/en/new-cars/soueast-s_09/b040f1133140,"Fri, 25 Sep 2026 12:33:11 GMT",4780954adb6a2eae3809e1cca62d215f220dcb6ae7a4e554d3b0fb395e4c2417,Soueast,S 09,,Premium,2027,72fbbbfbb11f,Seat Upholestry,Leather,spec-table
ContactCars,https://www.contactcars.com/en/new-cars/soueast-s_09/b040f1133140,"Fri, 25 Sep 2026 12:33:11 GMT",4780954adb6a2eae3809e1cca62d215f220dcb6ae7a4e554d3b0fb395e4c2417,Soueast,S 09,,Premium,2027,40e24a4a83e0,Gearbox Selector,Shift By Wire,spec-table
ContactCars,https://www.contactcars.com/en/new-cars/soueast-s_09/b040f1133140,"Fri, 25 Sep 2026 12:33:11 GMT",4780954adb6a2eae3809e1cca62d215f220dcb6ae7a4e554d3b0fb395e4c2417,Soueast,S 09,,Premium,2027,60199ad52a420993a3e82383,Ambient Lighting,Multi Color,spec-table
ContactCars,https://www.contactcars.com/en/new-cars/soueast-s_09/b040f1133140,"Fri, 25 Sep 2026 12:33:11 GMT",4780954adb6a2eae3809e1cca62d215f220dcb6ae7a4e554d3b0fb395e4c2417,Soueast,S 09,,Premium,2027,60199ad52a420993a3e8238f,Driver Seat,Electric With Memory,spec-table
ContactCars,https://www.contactcars.com/en/new-cars/soueast-s_09/b040f1133140,"Fri, 25 Sep 2026 12:33:11 GMT",4780954adb6a2eae3809e1cca62d215f220dcb6ae7a4e554d3b0fb395e4c2417,Soueast,S 09,,Premium,2027,625be8b2b21da3ebf03c43b0,Upholstery,Imitation Leather,spec-table
ContactCars,https://www.contactcars.com/en/new-cars/soueast-s_09/b040f1133140,"Fri, 25 Sep 2026 12:33:11 GMT",4780954adb6a2eae3809e1cca62d215f220dcb6ae7a4e554d3b0fb395e4c2417,Soueast,S 09,,Premium,2027,d9630e463440,Center Information Display,15٫6,spec-table
ContactCars,https://www.contactcars.com/en/new-cars/soueast-s_09/b040f1133140,"Fri, 25 Sep 2026 12:33:11 GMT",4780954adb6a2eae3809e1cca62d215f220dcb6ae7a4e554d3b0fb395e4c2417,Soueast,S 09,,Premium,2027,60199ad52a420993a3e8239d,Infotainment Display Size,15٫6,spec-table
ContactCars,https://www.contactcars.com/en/new-cars/soueast-s_09/b040f1133140,"Fri, 25 Sep 2026 12:33:11 GMT",4780954adb6a2eae3809e1cca62d215f220dcb6ae7a4e554d3b0fb395e4c2417,Soueast,S 09,,Premium,2027,60199ad52a420993a3e8237c,Instrument Cluster Type,Digital,spec-table
ContactCars,https://www.contactcars.com/en/new-cars/soueast-s_09/b040f1133140,"Fri, 25 Sep 2026 12:33:11 GMT",4780954adb6a2eae3809e1cca62d215f220dcb6ae7a4e554d3b0fb395e4c2417,Soueast,S 09,,Premium,2027,75fe2b7d7bc2,Instrument Cluster Size,10٫25,spec-table
ContactCars,https://www.contactcars.com/en/new-cars/soueast-s_09/b040f1133140,"Fri, 25 Sep 2026 12:33:11 GMT",4780954adb6a2eae3809e1cca62d215f220dcb6ae7a4e554d3b0fb395e4c2417,Soueast,S 09,,Premium,2027,60199ad52a420993a3e8239c,Smartphone Integration,Android Auto/Apple Car Play,spec-table
ContactCars,https://www.contactcars.com/en/new-cars/soueast-s_09/b040f1133140,"Fri, 25 Sep 2026 12:33:11 GMT",4780954adb6a2eae3809e1cca62d215f220dcb6ae7a4e554d3b0fb395e4c2417,Soueast,S 09,,Premium,2027,60199ad52a420993a3e823a2,Number of Speakers,8,spec-table
ContactCars,https://www.contactcars.com/en/new-cars/soueast-s_09/b040f1133140,"Fri, 25 Sep 2026 12:33:11 GMT",4780954adb6a2eae3809e1cca62d215f220dcb6ae7a4e554d3b0fb395e4c2417,Soueast,S 09,,Premium,2027,872802aacccf,Sound System Brand,Sony,spec-table
ContactCars,https://www.contactcars.com/en/new-cars/soueast-s_09/b040f1133140,"Fri, 25 Sep 2026 12:33:11 GMT",4780954adb6a2eae3809e1cca62d215f220dcb6ae7a4e554d3b0fb395e4c2417,Soueast,S 09,,Premium,2027,60199ad52a420993a3e8236d,Headlamps,Matrix LED,spec-table
ContactCars,https://www.contactcars.com/en/new-cars/soueast-s_09/b040f1133140,"Fri, 25 Sep 2026 12:33:11 GMT",4780954adb6a2eae3809e1cca62d215f220dcb6ae7a4e554d3b0fb395e4c2417,Soueast,S 09,,Premium,2027,60199ad52a420993a3e8236e,Tail Lights,LED,spec-table
ContactCars,https://www.contactcars.com/en/new-cars/soueast-s_09/b040f1133140,"Fri, 25 Sep 2026 12:33:11 GMT",4780954adb6a2eae3809e1cca62d215f220dcb6ae7a4e554d3b0fb395e4c2417,Soueast,S 09,,Premium,2027,62a5f51c3b190c24efacbe38,Basic Vehicle Warranty,"six years or 150,000 km - ست سنوات أو 150,000 ألف كم",spec-table
ContactCars,https://www.contactcars.com/en/new-cars/soueast-s_09/b040f1133140,"Fri, 25 Sep 2026 12:33:11 GMT",4780954adb6a2eae3809e1cca62d215f220dcb6ae7a4e554d3b0fb395e4c2417,Soueast,S 09,,Premium,2027,c12644ae56c1,Powertrain Warranty,"Ten Years Or 1,000,000 KM ضمان المحرك 10 سنوات أو 1,000,000 كم",spec-table
ContactCars,https://www.contactcars.com/en/new-cars/volkswagen-tiguan/d114d2330dfb,"Fri, 25 Sep 2026 12:33:12 GMT",33c41e11efea71cebeadf191806ebab250a248f6a894ebd573e2507ef5e84e6c,Volkswagen,Tiguan,,R-Line,2026,jsonld:offer_price_egp,offer_price_egp,2590000,json-ld
ContactCars,https://www.contactcars.com/en/new-cars/volkswagen-tiguan/d114d2330dfb,"Fri, 25 Sep 2026 12:33:12 GMT",33c41e11efea71cebeadf191806ebab250a248f6a894ebd573e2507ef5e84e6c,Volkswagen,Tiguan,,R-Line,2026,jsonld:fuelType,fuelType,Gas,json-ld
ContactCars,https://www.contactcars.com/en/new-cars/volkswagen-tiguan/d114d2330dfb,"Fri, 25 Sep 2026 12:33:12 GMT",33c41e11efea71cebeadf191806ebab250a248f6a894ebd573e2507ef5e84e6c,Volkswagen,Tiguan,,R-Line,2026,jsonld:engineDisplacement,engineDisplacement,1400,json-ld
ContactCars,https://www.contactcars.com/en/new-cars/volkswagen-tiguan/d114d2330dfb,"Fri, 25 Sep 2026 12:33:12 GMT",33c41e11efea71cebeadf191806ebab250a248f6a894ebd573e2507ef5e84e6c,Volkswagen,Tiguan,,R-Line,2026,jsonld:vehicleTransmission,vehicleTransmission,Dual Clutch,json-ld
ContactCars,https://www.contactcars.com/en/new-cars/volkswagen-tiguan/d114d2330dfb,"Fri, 25 Sep 2026 12:33:12 GMT",33c41e11efea71cebeadf191806ebab250a248f6a894ebd573e2507ef5e84e6c,Volkswagen,Tiguan,,R-Line,2026,jsonld:bodyType,bodyType,SUV,json-ld
ContactCars,https://www.contactcars.com/en/new-cars/volkswagen-tiguan/d114d2330dfb,"Fri, 25 Sep 2026 12:33:12 GMT",33c41e11efea71cebeadf191806ebab250a248f6a894ebd573e2507ef5e84e6c,Volkswagen,Tiguan,,R-Line,2026,jsonld:assembly_country,assembly_country,Germany,json-ld
ContactCars,https://www.contactcars.com/en/new-cars/volkswagen-tiguan/d114d2330dfb,"Fri, 25 Sep 2026 12:33:12 GMT",33c41e11efea71cebeadf191806ebab250a248f6a894ebd573e2507ef5e84e6c,Volkswagen,Tiguan,,R-Line,2026,1cff89624677,Vehicle Size Class,Compact,spec-table
ContactCars,https://www.contactcars.com/en/new-cars/volkswagen-tiguan/d114d2330dfb,"Fri, 25 Sep 2026 12:33:12 GMT",33c41e11efea71cebeadf191806ebab250a248f6a894ebd573e2507ef5e84e6c,Volkswagen,Tiguan,,R-Line,2026,5bedd1146e88,Body Style,SUV,spec-table
ContactCars,https://www.contactcars.com/en/new-cars/volkswagen-tiguan/d114d2330dfb,"Fri, 25 Sep 2026 12:33:12 GMT",33c41e11efea71cebeadf191806ebab250a248f6a894ebd573e2507ef5e84e6c,Volkswagen,Tiguan,,R-Line,2026,13a10f395a87,Number of Doors,5,spec-table
ContactCars,https://www.contactcars.com/en/new-cars/volkswagen-tiguan/d114d2330dfb,"Fri, 25 Sep 2026 12:33:12 GMT",33c41e11efea71cebeadf191806ebab250a248f6a894ebd573e2507ef5e84e6c,Volkswagen,Tiguan,,R-Line,2026,60199ad52a420993a3e82387,Number of Seats,5,spec-table
ContactCars,https://www.contactcars.com/en/new-cars/volkswagen-tiguan/d114d2330dfb,"Fri, 25 Sep 2026 12:33:12 GMT",33c41e11efea71cebeadf191806ebab250a248f6a894ebd573e2507ef5e84e6c,Volkswagen,Tiguan,,R-Line,2026,60199ad52a420993a3e823a4,Rear Trunk Capacity (Liter),652,spec-table
ContactCars,https://www.contactcars.com/en/new-cars/volkswagen-tiguan/d114d2330dfb,"Fri, 25 Sep 2026 12:33:12 GMT",33c41e11efea71cebeadf191806ebab250a248f6a894ebd573e2507ef5e84e6c,Volkswagen,Tiguan,,R-Line,2026,603647429f57461ab1a74148,Length (mm),4539,spec-table
ContactCars,https://www.contactcars.com/en/new-cars/volkswagen-tiguan/d114d2330dfb,"Fri, 25 Sep 2026 12:33:12 GMT",33c41e11efea71cebeadf191806ebab250a248f6a894ebd573e2507ef5e84e6c,Volkswagen,Tiguan,,R-Line,2026,6036477d9f57461ab1a74149,Width (mm),1842,spec-table
ContactCars,https://www.contactcars.com/en/new-cars/volkswagen-tiguan/d114d2330dfb,"Fri, 25 Sep 2026 12:33:12 GMT",33c41e11efea71cebeadf191806ebab250a248f6a894ebd573e2507ef5e84e6c,Volkswagen,Tiguan,,R-Line,2026,603647a49f57461ab1a7414a,Height (mm),1657,spec-table
ContactCars,https://www.contactcars.com/en/new-cars/volkswagen-tiguan/d114d2330dfb,"Fri, 25 Sep 2026 12:33:12 GMT",33c41e11efea71cebeadf191806ebab250a248f6a894ebd573e2507ef5e84e6c,Volkswagen,Tiguan,,R-Line,2026,6033cae86136e6f66151c687,Wheelbase (mm),2681,spec-table
ContactCars,https://www.contactcars.com/en/new-cars/volkswagen-tiguan/d114d2330dfb,"Fri, 25 Sep 2026 12:33:12 GMT",33c41e11efea71cebeadf191806ebab250a248f6a894ebd573e2507ef5e84e6c,Volkswagen,Tiguan,,R-Line,2026,6033cbc86136e6f66151c688,Ground Clearance (mm),176,spec-table
ContactCars,https://www.contactcars.com/en/new-cars/volkswagen-tiguan/d114d2330dfb,"Fri, 25 Sep 2026 12:33:12 GMT",33c41e11efea71cebeadf191806ebab250a248f6a894ebd573e2507ef5e84e6c,Volkswagen,Tiguan,,R-Line,2026,6244612fba30183d7791942e,Curb Weight (KG),"1,495",spec-table
ContactCars,https://www.contactcars.com/en/new-cars/volkswagen-tiguan/d114d2330dfb,"Fri, 25 Sep 2026 12:33:12 GMT",33c41e11efea71cebeadf191806ebab250a248f6a894ebd573e2507ef5e84e6c,Volkswagen,Tiguan,,R-Line,2026,624443c0ba30183d77919424,Generation,2nd,spec-table
ContactCars,https://www.contactcars.com/en/new-cars/volkswagen-tiguan/d114d2330dfb,"Fri, 25 Sep 2026 12:33:12 GMT",33c41e11efea71cebeadf191806ebab250a248f6a894ebd573e2507ef5e84e6c,Volkswagen,Tiguan,,R-Line,2026,1b9f93607f48,Powertrain Type,ICE (Petrol),spec-table
ContactCars,https://www.contactcars.com/en/new-cars/volkswagen-tiguan/d114d2330dfb,"Fri, 25 Sep 2026 12:33:12 GMT",33c41e11efea71cebeadf191806ebab250a248f6a894ebd573e2507ef5e84e6c,Volkswagen,Tiguan,,R-Line,2026,60199ad52a420993a3e82353,Combined Maximum Power (HP @ RPM),150/5000-6000,spec-table
ContactCars,https://www.contactcars.com/en/new-cars/volkswagen-tiguan/d114d2330dfb,"Fri, 25 Sep 2026 12:33:12 GMT",33c41e11efea71cebeadf191806ebab250a248f6a894ebd573e2507ef5e84e6c,Volkswagen,Tiguan,,R-Line,2026,60199ad52a420993a3e82354,Combined Maximum Torque (N.m @ RPM),250/1500-3500,spec-table
ContactCars,https://www.contactcars.com/en/new-cars/volkswagen-tiguan/d114d2330dfb,"Fri, 25 Sep 2026 12:33:12 GMT",33c41e11efea71cebeadf191806ebab250a248f6a894ebd573e2507ef5e84e6c,Volkswagen,Tiguan,,R-Line,2026,60199ad52a420993a3e82357,Maximum Speed (Km/h),215,spec-table
ContactCars,https://www.contactcars.com/en/new-cars/volkswagen-tiguan/d114d2330dfb,"Fri, 25 Sep 2026 12:33:12 GMT",33c41e11efea71cebeadf191806ebab250a248f6a894ebd573e2507ef5e84e6c,Volkswagen,Tiguan,,R-Line,2026,60199ad52a420993a3e82355,Acceleration (0 - 100 km/h),9٫2,spec-table
ContactCars,https://www.contactcars.com/en/new-cars/volkswagen-tiguan/d114d2330dfb,"Fri, 25 Sep 2026 12:33:12 GMT",33c41e11efea71cebeadf191806ebab250a248f6a894ebd573e2507ef5e84e6c,Volkswagen,Tiguan,,R-Line,2026,58d892830a3e,Max Speed Km/h,215,spec-table
ContactCars,https://www.contactcars.com/en/new-cars/volkswagen-tiguan/d114d2330dfb,"Fri, 25 Sep 2026 12:33:12 GMT",33c41e11efea71cebeadf191806ebab250a248f6a894ebd573e2507ef5e84e6c,Volkswagen,Tiguan,,R-Line,2026,dd306cc1c3b0,Acceleration from 0-100 km/h in,9٫2,spec-table
ContactCars,https://www.contactcars.com/en/new-cars/volkswagen-tiguan/d114d2330dfb,"Fri, 25 Sep 2026 12:33:12 GMT",33c41e11efea71cebeadf191806ebab250a248f6a894ebd573e2507ef5e84e6c,Volkswagen,Tiguan,,R-Line,2026,60199ad52a420993a3e82359,Fuel Tank Capacity (Litre),58,spec-table
ContactCars,https://www.contactcars.com/en/new-cars/volkswagen-tiguan/d114d2330dfb,"Fri, 25 Sep 2026 12:33:12 GMT",33c41e11efea71cebeadf191806ebab250a248f6a894ebd573e2507ef5e84e6c,Volkswagen,Tiguan,,R-Line,2026,60199ad52a420993a3e82356,Combined Fuel/Energy Consumption (Liter/100 KM),6٫7,spec-table
ContactCars,https://www.contactcars.com/en/new-cars/volkswagen-tiguan/d114d2330dfb,"Fri, 25 Sep 2026 12:33:12 GMT",33c41e11efea71cebeadf191806ebab250a248f6a894ebd573e2507ef5e84e6c,Volkswagen,Tiguan,,R-Line,2026,bc8f5919d91f,Engine Type,Inline-4,spec-table
ContactCars,https://www.contactcars.com/en/new-cars/volkswagen-tiguan/d114d2330dfb,"Fri, 25 Sep 2026 12:33:12 GMT",33c41e11efea71cebeadf191806ebab250a248f6a894ebd573e2507ef5e84e6c,Volkswagen,Tiguan,,R-Line,2026,0922a30a7f46,Engine Function,Drive Wheels,spec-table
ContactCars,https://www.contactcars.com/en/new-cars/volkswagen-tiguan/d114d2330dfb,"Fri, 25 Sep 2026 12:33:12 GMT",33c41e11efea71cebeadf191806ebab250a248f6a894ebd573e2507ef5e84e6c,Volkswagen,Tiguan,,R-Line,2026,60199ad52a420993a3e82352,Cylinders,4,spec-table
ContactCars,https://www.contactcars.com/en/new-cars/volkswagen-tiguan/d114d2330dfb,"Fri, 25 Sep 2026 12:33:12 GMT",33c41e11efea71cebeadf191806ebab250a248f6a894ebd573e2507ef5e84e6c,Volkswagen,Tiguan,,R-Line,2026,62445feaba30183d7791942d,Engine Capacity (CC),1400 cc,spec-table
ContactCars,https://www.contactcars.com/en/new-cars/volkswagen-tiguan/d114d2330dfb,"Fri, 25 Sep 2026 12:33:12 GMT",33c41e11efea71cebeadf191806ebab250a248f6a894ebd573e2507ef5e84e6c,Volkswagen,Tiguan,,R-Line,2026,6244616cba30183d7791942f,Induction Type,Turbocharged,spec-table
ContactCars,https://www.contactcars.com/en/new-cars/volkswagen-tiguan/d114d2330dfb,"Fri, 25 Sep 2026 12:33:12 GMT",33c41e11efea71cebeadf191806ebab250a248f6a894ebd573e2507ef5e84e6c,Volkswagen,Tiguan,,R-Line,2026,626916559ba5,Maximum Power Output (hp),150,spec-table
ContactCars,https://www.contactcars.com/en/new-cars/volkswagen-tiguan/d114d2330dfb,"Fri, 25 Sep 2026 12:33:12 GMT",33c41e11efea71cebeadf191806ebab250a248f6a894ebd573e2507ef5e84e6c,Volkswagen,Tiguan,,R-Line,2026,60d3a866c259,Maximum Torque (Nm),250,spec-table
ContactCars,https://www.contactcars.com/en/new-cars/volkswagen-tiguan/d114d2330dfb,"Fri, 25 Sep 2026 12:33:12 GMT",33c41e11efea71cebeadf191806ebab250a248f6a894ebd573e2507ef5e84e6c,Volkswagen,Tiguan,,R-Line,2026,60199ad52a420993a3e82358,Recommend Fuel Grade,95,spec-table
ContactCars,https://www.contactcars.com/en/new-cars/volkswagen-tiguan/d114d2330dfb,"Fri, 25 Sep 2026 12:33:12 GMT",33c41e11efea71cebeadf191806ebab250a248f6a894ebd573e2507ef5e84e6c,Volkswagen,Tiguan,,R-Line,2026,62445f6cba30183d7791942c,Engine Layout,Front,spec-table
ContactCars,https://www.contactcars.com/en/new-cars/volkswagen-tiguan/d114d2330dfb,"Fri, 25 Sep 2026 12:33:12 GMT",33c41e11efea71cebeadf191806ebab250a248f6a894ebd573e2507ef5e84e6c,Volkswagen,Tiguan,,R-Line,2026,ae3798f5fd83,Drivetrain Type,FWD (Front-Wheel Drive),spec-table
ContactCars,https://www.contactcars.com/en/new-cars/volkswagen-tiguan/d114d2330dfb,"Fri, 25 Sep 2026 12:33:12 GMT",33c41e11efea71cebeadf191806ebab250a248f6a894ebd573e2507ef5e84e6c,Volkswagen,Tiguan,,R-Line,2026,fd8d1904b500,Transmission Type,Automatic,spec-table
ContactCars,https://www.contactcars.com/en/new-cars/volkswagen-tiguan/d114d2330dfb,"Fri, 25 Sep 2026 12:33:12 GMT",33c41e11efea71cebeadf191806ebab250a248f6a894ebd573e2507ef5e84e6c,Volkswagen,Tiguan,,R-Line,2026,5229867ce0fa,Transmission Technology,Wet DCT (Dual-Clutch Transmission),spec-table
ContactCars,https://www.contactcars.com/en/new-cars/volkswagen-tiguan/d114d2330dfb,"Fri, 25 Sep 2026 12:33:12 GMT",33c41e11efea71cebeadf191806ebab250a248f6a894ebd573e2507ef5e84e6c,Volkswagen,Tiguan,,R-Line,2026,60199ad52a420993a3e8235a,Number of Gears,7,spec-table
ContactCars,https://www.contactcars.com/en/new-cars/volkswagen-tiguan/d114d2330dfb,"Fri, 25 Sep 2026 12:33:12 GMT",33c41e11efea71cebeadf191806ebab250a248f6a894ebd573e2507ef5e84e6c,Volkswagen,Tiguan,,R-Line,2026,60199ad52a420993a3e82385,Steering Wheel,Leather,spec-table
ContactCars,https://www.contactcars.com/en/new-cars/volkswagen-tiguan/d114d2330dfb,"Fri, 25 Sep 2026 12:33:12 GMT",33c41e11efea71cebeadf191806ebab250a248f6a894ebd573e2507ef5e84e6c,Volkswagen,Tiguan,,R-Line,2026,60199ad52a420993a3e8235d,Power Steering Type,Electric,spec-table
ContactCars,https://www.contactcars.com/en/new-cars/volkswagen-tiguan/d114d2330dfb,"Fri, 25 Sep 2026 12:33:12 GMT",33c41e11efea71cebeadf191806ebab250a248f6a894ebd573e2507ef5e84e6c,Volkswagen,Tiguan,,R-Line,2026,602fa37cd768,Steering Adjustment Ops,Manual,spec-table
ContactCars,https://www.contactcars.com/en/new-cars/volkswagen-tiguan/d114d2330dfb,"Fri, 25 Sep 2026 12:33:12 GMT",33c41e11efea71cebeadf191806ebab250a248f6a894ebd573e2507ef5e84e6c,Volkswagen,Tiguan,,R-Line,2026,e78c472170c2,Front Suspension Type,MacPherson,spec-table
ContactCars,https://www.contactcars.com/en/new-cars/volkswagen-tiguan/d114d2330dfb,"Fri, 25 Sep 2026 12:33:12 GMT",33c41e11efea71cebeadf191806ebab250a248f6a894ebd573e2507ef5e84e6c,Volkswagen,Tiguan,,R-Line,2026,d7a33f9ff1ff,Rear Suspension Type,Multi-Link,spec-table
ContactCars,https://www.contactcars.com/en/new-cars/volkswagen-tiguan/d114d2330dfb,"Fri, 25 Sep 2026 12:33:12 GMT",33c41e11efea71cebeadf191806ebab250a248f6a894ebd573e2507ef5e84e6c,Volkswagen,Tiguan,,R-Line,2026,58f344b6ff55,Front Brakes Type,Ventilated Disc Brakes,spec-table
ContactCars,https://www.contactcars.com/en/new-cars/volkswagen-tiguan/d114d2330dfb,"Fri, 25 Sep 2026 12:33:12 GMT",33c41e11efea71cebeadf191806ebab250a248f6a894ebd573e2507ef5e84e6c,Volkswagen,Tiguan,,R-Line,2026,eb24327dbe4e,Rear Brakes Type,Solid Disc Brakes,spec-table
ContactCars,https://www.contactcars.com/en/new-cars/volkswagen-tiguan/d114d2330dfb,"Fri, 25 Sep 2026 12:33:12 GMT",33c41e11efea71cebeadf191806ebab250a248f6a894ebd573e2507ef5e84e6c,Volkswagen,Tiguan,,R-Line,2026,4ed8405e7e5b,Hand Brake Type,Electronic,spec-table
ContactCars,https://www.contactcars.com/en/new-cars/volkswagen-tiguan/d114d2330dfb,"Fri, 25 Sep 2026 12:33:12 GMT",33c41e11efea71cebeadf191806ebab250a248f6a894ebd573e2507ef5e84e6c,Volkswagen,Tiguan,,R-Line,2026,d4b30096d663,Wheel Type,Dual Tone Alloy,spec-table
ContactCars,https://www.contactcars.com/en/new-cars/volkswagen-tiguan/d114d2330dfb,"Fri, 25 Sep 2026 12:33:12 GMT",33c41e11efea71cebeadf191806ebab250a248f6a894ebd573e2507ef5e84e6c,Volkswagen,Tiguan,,R-Line,2026,1831c41b7b17,Front Wheel Size,19,spec-table
ContactCars,https://www.contactcars.com/en/new-cars/volkswagen-tiguan/d114d2330dfb,"Fri, 25 Sep 2026 12:33:12 GMT",33c41e11efea71cebeadf191806ebab250a248f6a894ebd573e2507ef5e84e6c,Volkswagen,Tiguan,,R-Line,2026,1f4797b49117,Rear Wheel Size,19,spec-table
ContactCars,https://www.contactcars.com/en/new-cars/volkswagen-tiguan/d114d2330dfb,"Fri, 25 Sep 2026 12:33:12 GMT",33c41e11efea71cebeadf191806ebab250a248f6a894ebd573e2507ef5e84e6c,Volkswagen,Tiguan,,R-Line,2026,60199ad52a420993a3e82372,Front Tire Size,255/45 R19,spec-table
ContactCars,https://www.contactcars.com/en/new-cars/volkswagen-tiguan/d114d2330dfb,"Fri, 25 Sep 2026 12:33:12 GMT",33c41e11efea71cebeadf191806ebab250a248f6a894ebd573e2507ef5e84e6c,Volkswagen,Tiguan,,R-Line,2026,2076fe4abba4,Rear Tire Size,255/45 R19,spec-table
ContactCars,https://www.contactcars.com/en/new-cars/volkswagen-tiguan/d114d2330dfb,"Fri, 25 Sep 2026 12:33:12 GMT",33c41e11efea71cebeadf191806ebab250a248f6a894ebd573e2507ef5e84e6c,Volkswagen,Tiguan,,R-Line,2026,cb68666c87e5,Tire Type,All-Season,spec-table
ContactCars,https://www.contactcars.com/en/new-cars/volkswagen-tiguan/d114d2330dfb,"Fri, 25 Sep 2026 12:33:12 GMT",33c41e11efea71cebeadf191806ebab250a248f6a894ebd573e2507ef5e84e6c,Volkswagen,Tiguan,,R-Line,2026,56a59f46e398,Euro NCAP Results,5,spec-table
ContactCars,https://www.contactcars.com/en/new-cars/volkswagen-tiguan/d114d2330dfb,"Fri, 25 Sep 2026 12:33:12 GMT",33c41e11efea71cebeadf191806ebab250a248f6a894ebd573e2507ef5e84e6c,Volkswagen,Tiguan,,R-Line,2026,60199ad52a420993a3e8236a,Airbag Count,9,spec-table
ContactCars,https://www.contactcars.com/en/new-cars/volkswagen-tiguan/d114d2330dfb,"Fri, 25 Sep 2026 12:33:12 GMT",33c41e11efea71cebeadf191806ebab250a248f6a894ebd573e2507ef5e84e6c,Volkswagen,Tiguan,,R-Line,2026,72fbbbfbb11f,Seat Upholestry,Leather,spec-table
ContactCars,https://www.contactcars.com/en/new-cars/volkswagen-tiguan/d114d2330dfb,"Fri, 25 Sep 2026 12:33:12 GMT",33c41e11efea71cebeadf191806ebab250a248f6a894ebd573e2507ef5e84e6c,Volkswagen,Tiguan,,R-Line,2026,40e24a4a83e0,Gearbox Selector,Shift By Wire,spec-table
ContactCars,https://www.contactcars.com/en/new-cars/volkswagen-tiguan/d114d2330dfb,"Fri, 25 Sep 2026 12:33:12 GMT",33c41e11efea71cebeadf191806ebab250a248f6a894ebd573e2507ef5e84e6c,Volkswagen,Tiguan,,R-Line,2026,60199ad52a420993a3e82383,Ambient Lighting,Multi Color,spec-table
ContactCars,https://www.contactcars.com/en/new-cars/volkswagen-tiguan/d114d2330dfb,"Fri, 25 Sep 2026 12:33:12 GMT",33c41e11efea71cebeadf191806ebab250a248f6a894ebd573e2507ef5e84e6c,Volkswagen,Tiguan,,R-Line,2026,60199ad52a420993a3e8238f,Driver Seat,Electric With Memory,spec-table
ContactCars,https://www.contactcars.com/en/new-cars/volkswagen-tiguan/d114d2330dfb,"Fri, 25 Sep 2026 12:33:12 GMT",33c41e11efea71cebeadf191806ebab250a248f6a894ebd573e2507ef5e84e6c,Volkswagen,Tiguan,,R-Line,2026,625be8b2b21da3ebf03c43b0,Upholstery,Comfort Vienna Leather Package,spec-table
ContactCars,https://www.contactcars.com/en/new-cars/volkswagen-tiguan/d114d2330dfb,"Fri, 25 Sep 2026 12:33:12 GMT",33c41e11efea71cebeadf191806ebab250a248f6a894ebd573e2507ef5e84e6c,Volkswagen,Tiguan,,R-Line,2026,624473faba30183d77919443,Int. Trim,Carbon Gray Decorative Insert,spec-table
ContactCars,https://www.contactcars.com/en/new-cars/volkswagen-tiguan/d114d2330dfb,"Fri, 25 Sep 2026 12:33:12 GMT",33c41e11efea71cebeadf191806ebab250a248f6a894ebd573e2507ef5e84e6c,Volkswagen,Tiguan,,R-Line,2026,60199ad52a420993a3e8239d,Infotainment Display Size,8 Inch Display,spec-table
ContactCars,https://www.contactcars.com/en/new-cars/volkswagen-tiguan/d114d2330dfb,"Fri, 25 Sep 2026 12:33:12 GMT",33c41e11efea71cebeadf191806ebab250a248f6a894ebd573e2507ef5e84e6c,Volkswagen,Tiguan,,R-Line,2026,60199ad52a420993a3e8237c,Instrument Cluster Type,Digital,spec-table
ContactCars,https://www.contactcars.com/en/new-cars/volkswagen-tiguan/d114d2330dfb,"Fri, 25 Sep 2026 12:33:12 GMT",33c41e11efea71cebeadf191806ebab250a248f6a894ebd573e2507ef5e84e6c,Volkswagen,Tiguan,,R-Line,2026,75fe2b7d7bc2,Instrument Cluster Size,12٫9,spec-table
ContactCars,https://www.contactcars.com/en/new-cars/volkswagen-tiguan/d114d2330dfb,"Fri, 25 Sep 2026 12:33:12 GMT",33c41e11efea71cebeadf191806ebab250a248f6a894ebd573e2507ef5e84e6c,Volkswagen,Tiguan,,R-Line,2026,60199ad52a420993a3e8239c,Smartphone Integration,Android Auto/Apple Car Play,spec-table
ContactCars,https://www.contactcars.com/en/new-cars/volkswagen-tiguan/d114d2330dfb,"Fri, 25 Sep 2026 12:33:12 GMT",33c41e11efea71cebeadf191806ebab250a248f6a894ebd573e2507ef5e84e6c,Volkswagen,Tiguan,,R-Line,2026,60199ad52a420993a3e823a2,Number of Speakers,8,spec-table
ContactCars,https://www.contactcars.com/en/new-cars/volkswagen-tiguan/d114d2330dfb,"Fri, 25 Sep 2026 12:33:12 GMT",33c41e11efea71cebeadf191806ebab250a248f6a894ebd573e2507ef5e84e6c,Volkswagen,Tiguan,,R-Line,2026,858d92859fe6,Foglights,LED,spec-table
ContactCars,https://www.contactcars.com/en/new-cars/volkswagen-tiguan/d114d2330dfb,"Fri, 25 Sep 2026 12:33:12 GMT",33c41e11efea71cebeadf191806ebab250a248f6a894ebd573e2507ef5e84e6c,Volkswagen,Tiguan,,R-Line,2026,60199ad52a420993a3e82376,Rims,19” ‘Coventry’ Alloys,spec-table
ContactCars,https://www.contactcars.com/en/new-cars/volkswagen-tiguan/d114d2330dfb,"Fri, 25 Sep 2026 12:33:12 GMT",33c41e11efea71cebeadf191806ebab250a248f6a894ebd573e2507ef5e84e6c,Volkswagen,Tiguan,,R-Line,2026,60199ad52a420993a3e8236d,Headlamps,Matrix LED,spec-table
ContactCars,https://www.contactcars.com/en/new-cars/volkswagen-tiguan/d114d2330dfb,"Fri, 25 Sep 2026 12:33:12 GMT",33c41e11efea71cebeadf191806ebab250a248f6a894ebd573e2507ef5e84e6c,Volkswagen,Tiguan,,R-Line,2026,60199ad52a420993a3e8236e,Tail Lights,LED,spec-table
ContactCars,https://www.contactcars.com/en/new-cars/volkswagen-tiguan/d114d2330dfb,"Fri, 25 Sep 2026 12:33:12 GMT",33c41e11efea71cebeadf191806ebab250a248f6a894ebd573e2507ef5e84e6c,Volkswagen,Tiguan,,R-Line,2026,62448521ba30183d77919447,Body Stitching,R-Line Package,spec-table
ContactCars,https://www.contactcars.com/en/new-cars/volkswagen-tiguan/d114d2330dfb,"Fri, 25 Sep 2026 12:33:12 GMT",33c41e11efea71cebeadf191806ebab250a248f6a894ebd573e2507ef5e84e6c,Volkswagen,Tiguan,,R-Line,2026,62a5f51c3b190c24efacbe38,Basic Vehicle Warranty,"5 Years Or 100,000kms",spec-table
