"Model","missing field","why it affects recommendation","priority","proposed P2 action","evidence baseline"
"Alfa Romeo Giulia","trim-confirmed AWD / 4WD","Hard 4WD requirement excludes unknown models; candidate pool weakens.","P0","Verify Egypt drivetrain for exact trim/year from official brochure.","P1 QA baseline U11; not current canonical P2"
"Alfa Romeo Giulia","trim-confirmed seats","Seven-seat must-have excludes unknown models; fewer eligible alternatives.","P0","Verify Egypt seat count per trim/year with official evidence.","P1 QA baseline U11; not current canonical P2"
"Alfa Romeo Stelvio","trim-confirmed AWD / 4WD","Hard 4WD requirement excludes unknown models; candidate pool weakens.","P0","Verify Egypt drivetrain for exact trim/year from official brochure.","P1 QA baseline U11; not current canonical P2"
"Alfa Romeo Stelvio","trim-confirmed seats","Seven-seat must-have excludes unknown models; fewer eligible alternatives.","P0","Verify Egypt seat count per trim/year with official evidence.","P1 QA baseline U11; not current canonical P2"
"Alfa Romeo Tonale","trim-confirmed AWD / 4WD","Hard 4WD requirement excludes unknown models; candidate pool weakens.","P0","Verify Egypt drivetrain for exact trim/year from official brochure.","P1 QA baseline U11; not current canonical P2"
"Alfa Romeo Tonale","trim-confirmed seats","Seven-seat must-have excludes unknown models; fewer eligible alternatives.","P0","Verify Egypt seat count per trim/year with official evidence.","P1 QA baseline U11; not current canonical P2"
"Arcfox Alpha S5","trim-confirmed AWD / 4WD","Hard 4WD requirement excludes unknown models; candidate pool weakens.","P0","Verify Egypt drivetrain for exact trim/year from official brochure.","P1 QA baseline U11; not current canonical P2"
"Arcfox Alpha S5","trim-confirmed seats","Seven-seat must-have excludes unknown models; fewer eligible alternatives.","P0","Verify Egypt seat count per trim/year with official evidence.","P1 QA baseline U11; not current canonical P2"
"Arcfox Alpha S5","segment / size class","Space/easy/reference-size/premium factors lack values; unknown fill weakens confidence.","P1","Resolve approved taxonomy with evidence and mapping review.","P1 QA baseline U11; not current canonical P2"
"Arcfox Alpha T5","trim-confirmed AWD / 4WD","Hard 4WD requirement excludes unknown models; candidate pool weakens.","P0","Verify Egypt drivetrain for exact trim/year from official brochure.","P1 QA baseline U11; not current canonical P2"
"Arcfox Alpha T5","trim-confirmed seats","Seven-seat must-have excludes unknown models; fewer eligible alternatives.","P0","Verify Egypt seat count per trim/year with official evidence.","P1 QA baseline U11; not current canonical P2"
"Arcfox Alpha T5","segment / size class","Space/easy/reference-size/premium factors lack values; unknown fill weakens confidence.","P1","Resolve approved taxonomy with evidence and mapping review.","P1 QA baseline U11; not current canonical P2"
"Arcfox T1","trim-confirmed AWD / 4WD","Hard 4WD requirement excludes unknown models; candidate pool weakens.","P0","Verify Egypt drivetrain for exact trim/year from official brochure.","P1 QA baseline U11; not current canonical P2"
"Arcfox T1","trim-confirmed seats","Seven-seat must-have excludes unknown models; fewer eligible alternatives.","P0","Verify Egypt seat count per trim/year with official evidence.","P1 QA baseline U11; not current canonical P2"
"Audi A3","trim-confirmed AWD / 4WD","Hard 4WD requirement excludes unknown models; candidate pool weakens.","P0","Verify Egypt drivetrain for exact trim/year from official brochure.","P1 QA baseline U11; not current canonical P2"
"Audi A3","trim-confirmed seats","Seven-seat must-have excludes unknown models; fewer eligible alternatives.","P0","Verify Egypt seat count per trim/year with official evidence.","P1 QA baseline U11; not current canonical P2"
"Audi A5","trim-confirmed AWD / 4WD","Hard 4WD requirement excludes unknown models; candidate pool weakens.","P0","Verify Egypt drivetrain for exact trim/year from official brochure.","P1 QA baseline U11; not current canonical P2"
"Audi A5","trim-confirmed seats","Seven-seat must-have excludes unknown models; fewer eligible alternatives.","P0","Verify Egypt seat count per trim/year with official evidence.","P1 QA baseline U11; not current canonical P2"
"Audi A6","trim-confirmed AWD / 4WD","Hard 4WD requirement excludes unknown models; candidate pool weakens.","P0","Verify Egypt drivetrain for exact trim/year from official brochure.","P1 QA baseline U11; not current canonical P2"
"Audi A6","trim-confirmed seats","Seven-seat must-have excludes unknown models; fewer eligible alternatives.","P0","Verify Egypt seat count per trim/year with official evidence.","P1 QA baseline U11; not current canonical P2"
"Audi A8","trim-confirmed AWD / 4WD","Hard 4WD requirement excludes unknown models; candidate pool weakens.","P0","Verify Egypt drivetrain for exact trim/year from official brochure.","P1 QA baseline U11; not current canonical P2"
"Audi A8","trim-confirmed seats","Seven-seat must-have excludes unknown models; fewer eligible alternatives.","P0","Verify Egypt seat count per trim/year with official evidence.","P1 QA baseline U11; not current canonical P2"
"Audi Q2","trim-confirmed AWD / 4WD","Hard 4WD requirement excludes unknown models; candidate pool weakens.","P0","Verify Egypt drivetrain for exact trim/year from official brochure.","P1 QA baseline U11; not current canonical P2"
"Audi Q2","trim-confirmed seats","Seven-seat must-have excludes unknown models; fewer eligible alternatives.","P0","Verify Egypt seat count per trim/year with official evidence.","P1 QA baseline U11; not current canonical P2"
"Audi Q3","trim-confirmed AWD / 4WD","Hard 4WD requirement excludes unknown models; candidate pool weakens.","P0","Verify Egypt drivetrain for exact trim/year from official brochure.","P1 QA baseline U11; not current canonical P2"
"Audi Q3","trim-confirmed seats","Seven-seat must-have excludes unknown models; fewer eligible alternatives.","P0","Verify Egypt seat count per trim/year with official evidence.","P1 QA baseline U11; not current canonical P2"
"Audi Q4 e-Tron","trim-confirmed AWD / 4WD","Hard 4WD requirement excludes unknown models; candidate pool weakens.","P0","Verify Egypt drivetrain for exact trim/year from official brochure.","P1 QA baseline U11; not current canonical P2"
"Audi Q4 e-Tron","trim-confirmed seats","Seven-seat must-have excludes unknown models; fewer eligible alternatives.","P0","Verify Egypt seat count per trim/year with official evidence.","P1 QA baseline U11; not current canonical P2"
"Audi Q5","trim-confirmed AWD / 4WD","Hard 4WD requirement excludes unknown models; candidate pool weakens.","P0","Verify Egypt drivetrain for exact trim/year from official brochure.","P1 QA baseline U11; not current canonical P2"
"Audi Q5","trim-confirmed seats","Seven-seat must-have excludes unknown models; fewer eligible alternatives.","P0","Verify Egypt seat count per trim/year with official evidence.","P1 QA baseline U11; not current canonical P2"
"Audi Q7","trim-confirmed AWD / 4WD","Hard 4WD requirement excludes unknown models; candidate pool weakens.","P0","Verify Egypt drivetrain for exact trim/year from official brochure.","P1 QA baseline U11; not current canonical P2"
"Audi Q7","trim-confirmed seats","Seven-seat must-have excludes unknown models; fewer eligible alternatives.","P0","Verify Egypt seat count per trim/year with official evidence.","P1 QA baseline U11; not current canonical P2"
"Audi Q8","trim-confirmed AWD / 4WD","Hard 4WD requirement excludes unknown models; candidate pool weakens.","P0","Verify Egypt drivetrain for exact trim/year from official brochure.","P1 QA baseline U11; not current canonical P2"
"Audi Q8","trim-confirmed seats","Seven-seat must-have excludes unknown models; fewer eligible alternatives.","P0","Verify Egypt seat count per trim/year with official evidence.","P1 QA baseline U11; not current canonical P2"
"Avatr 07","trim-confirmed AWD / 4WD","Hard 4WD requirement excludes unknown models; candidate pool weakens.","P0","Verify Egypt drivetrain for exact trim/year from official brochure.","P1 QA baseline U11; not current canonical P2"
"Avatr 07","trim-confirmed seats","Seven-seat must-have excludes unknown models; fewer eligible alternatives.","P0","Verify Egypt seat count per trim/year with official evidence.","P1 QA baseline U11; not current canonical P2"
"Avatr 11","trim-confirmed AWD / 4WD","Hard 4WD requirement excludes unknown models; candidate pool weakens.","P0","Verify Egypt drivetrain for exact trim/year from official brochure.","P1 QA baseline U11; not current canonical P2"
"Avatr 11","trim-confirmed seats","Seven-seat must-have excludes unknown models; fewer eligible alternatives.","P0","Verify Egypt seat count per trim/year with official evidence.","P1 QA baseline U11; not current canonical P2"
"Avatr 12","trim-confirmed AWD / 4WD","Hard 4WD requirement excludes unknown models; candidate pool weakens.","P0","Verify Egypt drivetrain for exact trim/year from official brochure.","P1 QA baseline U11; not current canonical P2"
"Avatr 12","trim-confirmed seats","Seven-seat must-have excludes unknown models; fewer eligible alternatives.","P0","Verify Egypt seat count per trim/year with official evidence.","P1 QA baseline U11; not current canonical P2"
"BAIC U5 Plus","trim-confirmed AWD / 4WD","Hard 4WD requirement excludes unknown models; candidate pool weakens.","P0","Verify Egypt drivetrain for exact trim/year from official brochure.","P1 QA baseline U11; not current canonical P2"
"BAIC X3","trim-confirmed AWD / 4WD","Hard 4WD requirement excludes unknown models; candidate pool weakens.","P0","Verify Egypt drivetrain for exact trim/year from official brochure.","P1 QA baseline U11; not current canonical P2"
"BAIC X3","trim-confirmed seats","Seven-seat must-have excludes unknown models; fewer eligible alternatives.","P0","Verify Egypt seat count per trim/year with official evidence.","P1 QA baseline U11; not current canonical P2"
"BAIC X35","trim-confirmed AWD / 4WD","Hard 4WD requirement excludes unknown models; candidate pool weakens.","P0","Verify Egypt drivetrain for exact trim/year from official brochure.","P1 QA baseline U11; not current canonical P2"
"BAIC X55","trim-confirmed AWD / 4WD","Hard 4WD requirement excludes unknown models; candidate pool weakens.","P0","Verify Egypt drivetrain for exact trim/year from official brochure.","P1 QA baseline U11; not current canonical P2"
"BAIC X7","trim-confirmed AWD / 4WD","Hard 4WD requirement excludes unknown models; candidate pool weakens.","P0","Verify Egypt drivetrain for exact trim/year from official brochure.","P1 QA baseline U11; not current canonical P2"
"BAW M7","trim-confirmed AWD / 4WD","Hard 4WD requirement excludes unknown models; candidate pool weakens.","P0","Verify Egypt drivetrain for exact trim/year from official brochure.","P1 QA baseline U11; not current canonical P2"
"BAW M7","trim-confirmed seats","Seven-seat must-have excludes unknown models; fewer eligible alternatives.","P0","Verify Egypt seat count per trim/year with official evidence.","P1 QA baseline U11; not current canonical P2"
"Bestune B70","trim-confirmed AWD / 4WD","Hard 4WD requirement excludes unknown models; candidate pool weakens.","P0","Verify Egypt drivetrain for exact trim/year from official brochure.","P1 QA baseline U11; not current canonical P2"
"Bestune B70","trim-confirmed seats","Seven-seat must-have excludes unknown models; fewer eligible alternatives.","P0","Verify Egypt seat count per trim/year with official evidence.","P1 QA baseline U11; not current canonical P2"
"Bestune B70S","trim-confirmed AWD / 4WD","Hard 4WD requirement excludes unknown models; candidate pool weakens.","P0","Verify Egypt drivetrain for exact trim/year from official brochure.","P1 QA baseline U11; not current canonical P2"
"Bestune B70S","trim-confirmed seats","Seven-seat must-have excludes unknown models; fewer eligible alternatives.","P0","Verify Egypt seat count per trim/year with official evidence.","P1 QA baseline U11; not current canonical P2"
"Bestune T55","trim-confirmed AWD / 4WD","Hard 4WD requirement excludes unknown models; candidate pool weakens.","P0","Verify Egypt drivetrain for exact trim/year from official brochure.","P1 QA baseline U11; not current canonical P2"
"Bestune T55","trim-confirmed seats","Seven-seat must-have excludes unknown models; fewer eligible alternatives.","P0","Verify Egypt seat count per trim/year with official evidence.","P1 QA baseline U11; not current canonical P2"
"BMW 5 Series","trim-confirmed AWD / 4WD","Hard 4WD requirement excludes unknown models; candidate pool weakens.","P0","Verify Egypt drivetrain for exact trim/year from official brochure.","P1 QA baseline U11; not current canonical P2"
"BMW 5 Series","trim-confirmed seats","Seven-seat must-have excludes unknown models; fewer eligible alternatives.","P0","Verify Egypt seat count per trim/year with official evidence.","P1 QA baseline U11; not current canonical P2"
"BMW i7","trim-confirmed AWD / 4WD","Hard 4WD requirement excludes unknown models; candidate pool weakens.","P0","Verify Egypt drivetrain for exact trim/year from official brochure.","P1 QA baseline U11; not current canonical P2"
"BMW i7","trim-confirmed seats","Seven-seat must-have excludes unknown models; fewer eligible alternatives.","P0","Verify Egypt seat count per trim/year with official evidence.","P1 QA baseline U11; not current canonical P2"
"BMW iX","trim-confirmed AWD / 4WD","Hard 4WD requirement excludes unknown models; candidate pool weakens.","P0","Verify Egypt drivetrain for exact trim/year from official brochure.","P1 QA baseline U11; not current canonical P2"
"BMW iX","trim-confirmed seats","Seven-seat must-have excludes unknown models; fewer eligible alternatives.","P0","Verify Egypt seat count per trim/year with official evidence.","P1 QA baseline U11; not current canonical P2"
"BMW iX1","trim-confirmed AWD / 4WD","Hard 4WD requirement excludes unknown models; candidate pool weakens.","P0","Verify Egypt drivetrain for exact trim/year from official brochure.","P1 QA baseline U11; not current canonical P2"
"BMW iX1","trim-confirmed seats","Seven-seat must-have excludes unknown models; fewer eligible alternatives.","P0","Verify Egypt seat count per trim/year with official evidence.","P1 QA baseline U11; not current canonical P2"
"BMW iX2","trim-confirmed AWD / 4WD","Hard 4WD requirement excludes unknown models; candidate pool weakens.","P0","Verify Egypt drivetrain for exact trim/year from official brochure.","P1 QA baseline U11; not current canonical P2"
"BMW iX2","trim-confirmed seats","Seven-seat must-have excludes unknown models; fewer eligible alternatives.","P0","Verify Egypt seat count per trim/year with official evidence.","P1 QA baseline U11; not current canonical P2"
"BMW iX3","trim-confirmed AWD / 4WD","Hard 4WD requirement excludes unknown models; candidate pool weakens.","P0","Verify Egypt drivetrain for exact trim/year from official brochure.","P1 QA baseline U11; not current canonical P2"
"BMW iX3","trim-confirmed seats","Seven-seat must-have excludes unknown models; fewer eligible alternatives.","P0","Verify Egypt seat count per trim/year with official evidence.","P1 QA baseline U11; not current canonical P2"
"BMW X1","trim-confirmed AWD / 4WD","Hard 4WD requirement excludes unknown models; candidate pool weakens.","P0","Verify Egypt drivetrain for exact trim/year from official brochure.","P1 QA baseline U11; not current canonical P2"
"BMW X1","trim-confirmed seats","Seven-seat must-have excludes unknown models; fewer eligible alternatives.","P0","Verify Egypt seat count per trim/year with official evidence.","P1 QA baseline U11; not current canonical P2"
"BMW X2","trim-confirmed AWD / 4WD","Hard 4WD requirement excludes unknown models; candidate pool weakens.","P0","Verify Egypt drivetrain for exact trim/year from official brochure.","P1 QA baseline U11; not current canonical P2"
"BMW X2","trim-confirmed seats","Seven-seat must-have excludes unknown models; fewer eligible alternatives.","P0","Verify Egypt seat count per trim/year with official evidence.","P1 QA baseline U11; not current canonical P2"
"BMW X5","trim-confirmed AWD / 4WD","Hard 4WD requirement excludes unknown models; candidate pool weakens.","P0","Verify Egypt drivetrain for exact trim/year from official brochure.","P1 QA baseline U11; not current canonical P2"
"BMW X5","trim-confirmed seats","Seven-seat must-have excludes unknown models; fewer eligible alternatives.","P0","Verify Egypt seat count per trim/year with official evidence.","P1 QA baseline U11; not current canonical P2"
"BMW X6","trim-confirmed AWD / 4WD","Hard 4WD requirement excludes unknown models; candidate pool weakens.","P0","Verify Egypt drivetrain for exact trim/year from official brochure.","P1 QA baseline U11; not current canonical P2"
"BMW X6","trim-confirmed seats","Seven-seat must-have excludes unknown models; fewer eligible alternatives.","P0","Verify Egypt seat count per trim/year with official evidence.","P1 QA baseline U11; not current canonical P2"
"BMW X7","trim-confirmed AWD / 4WD","Hard 4WD requirement excludes unknown models; candidate pool weakens.","P0","Verify Egypt drivetrain for exact trim/year from official brochure.","P1 QA baseline U11; not current canonical P2"
"BMW X7","trim-confirmed seats","Seven-seat must-have excludes unknown models; fewer eligible alternatives.","P0","Verify Egypt seat count per trim/year with official evidence.","P1 QA baseline U11; not current canonical P2"
"BYD Atto 8","trim-confirmed seats","Seven-seat must-have excludes unknown models; fewer eligible alternatives.","P0","Verify Egypt seat count per trim/year with official evidence.","P1 QA baseline U11; not current canonical P2"
"BYD F3","trim-confirmed AWD / 4WD","Hard 4WD requirement excludes unknown models; candidate pool weakens.","P0","Verify Egypt drivetrain for exact trim/year from official brochure.","P1 QA baseline U11; not current canonical P2"
"BYD F3","trim-confirmed seats","Seven-seat must-have excludes unknown models; fewer eligible alternatives.","P0","Verify Egypt seat count per trim/year with official evidence.","P1 QA baseline U11; not current canonical P2"
"BYD M9","trim-confirmed AWD / 4WD","Hard 4WD requirement excludes unknown models; candidate pool weakens.","P0","Verify Egypt drivetrain for exact trim/year from official brochure.","P1 QA baseline U11; not current canonical P2"
"BYD M9","trim-confirmed seats","Seven-seat must-have excludes unknown models; fewer eligible alternatives.","P0","Verify Egypt seat count per trim/year with official evidence.","P1 QA baseline U11; not current canonical P2"
"BYD Seagull","trim-confirmed AWD / 4WD","Hard 4WD requirement excludes unknown models; candidate pool weakens.","P0","Verify Egypt drivetrain for exact trim/year from official brochure.","P1 QA baseline U11; not current canonical P2"
"BYD Seagull","trim-confirmed seats","Seven-seat must-have excludes unknown models; fewer eligible alternatives.","P0","Verify Egypt seat count per trim/year with official evidence.","P1 QA baseline U11; not current canonical P2"
"BYD Sealion 5","trim-confirmed seats","Seven-seat must-have excludes unknown models; fewer eligible alternatives.","P0","Verify Egypt seat count per trim/year with official evidence.","P1 QA baseline U11; not current canonical P2"
"BYD TI 7","trim-confirmed AWD / 4WD","Hard 4WD requirement excludes unknown models; candidate pool weakens.","P0","Verify Egypt drivetrain for exact trim/year from official brochure.","P1 QA baseline U11; not current canonical P2"
"BYD TI 7","trim-confirmed seats","Seven-seat must-have excludes unknown models; fewer eligible alternatives.","P0","Verify Egypt seat count per trim/year with official evidence.","P1 QA baseline U11; not current canonical P2"
"Cadillac Escalade","trim-confirmed AWD / 4WD","Hard 4WD requirement excludes unknown models; candidate pool weakens.","P0","Verify Egypt drivetrain for exact trim/year from official brochure.","P1 QA baseline U11; not current canonical P2"
"Cadillac Escalade","trim-confirmed seats","Seven-seat must-have excludes unknown models; fewer eligible alternatives.","P0","Verify Egypt seat count per trim/year with official evidence.","P1 QA baseline U11; not current canonical P2"
"Cadillac Escalade IQ","trim-confirmed AWD / 4WD","Hard 4WD requirement excludes unknown models; candidate pool weakens.","P0","Verify Egypt drivetrain for exact trim/year from official brochure.","P1 QA baseline U11; not current canonical P2"
"Cadillac Escalade IQ","trim-confirmed seats","Seven-seat must-have excludes unknown models; fewer eligible alternatives.","P0","Verify Egypt seat count per trim/year with official evidence.","P1 QA baseline U11; not current canonical P2"
"Cadillac Vistiq","trim-confirmed AWD / 4WD","Hard 4WD requirement excludes unknown models; candidate pool weakens.","P0","Verify Egypt drivetrain for exact trim/year from official brochure.","P1 QA baseline U11; not current canonical P2"
"Cadillac Vistiq","trim-confirmed seats","Seven-seat must-have excludes unknown models; fewer eligible alternatives.","P0","Verify Egypt seat count per trim/year with official evidence.","P1 QA baseline U11; not current canonical P2"
"Changan CS35 PLUS","trim-confirmed AWD / 4WD","Hard 4WD requirement excludes unknown models; candidate pool weakens.","P0","Verify Egypt drivetrain for exact trim/year from official brochure.","P1 QA baseline U11; not current canonical P2"
"Changan CS55","trim-confirmed AWD / 4WD","Hard 4WD requirement excludes unknown models; candidate pool weakens.","P0","Verify Egypt drivetrain for exact trim/year from official brochure.","P1 QA baseline U11; not current canonical P2"
"Changan CS55","trim-confirmed seats","Seven-seat must-have excludes unknown models; fewer eligible alternatives.","P0","Verify Egypt seat count per trim/year with official evidence.","P1 QA baseline U11; not current canonical P2"
"Changan CS55-Plus","trim-confirmed AWD / 4WD","Hard 4WD requirement excludes unknown models; candidate pool weakens.","P0","Verify Egypt drivetrain for exact trim/year from official brochure.","P1 QA baseline U11; not current canonical P2"
"Changan CS75 Plus","trim-confirmed AWD / 4WD","Hard 4WD requirement excludes unknown models; candidate pool weakens.","P0","Verify Egypt drivetrain for exact trim/year from official brochure.","P1 QA baseline U11; not current canonical P2"
"Changan CS75 Plus","trim-confirmed seats","Seven-seat must-have excludes unknown models; fewer eligible alternatives.","P0","Verify Egypt seat count per trim/year with official evidence.","P1 QA baseline U11; not current canonical P2"
"Changan EADO","trim-confirmed AWD / 4WD","Hard 4WD requirement excludes unknown models; candidate pool weakens.","P0","Verify Egypt drivetrain for exact trim/year from official brochure.","P1 QA baseline U11; not current canonical P2"
"Changan Eado Plus","trim-confirmed AWD / 4WD","Hard 4WD requirement excludes unknown models; candidate pool weakens.","P0","Verify Egypt drivetrain for exact trim/year from official brochure.","P1 QA baseline U11; not current canonical P2"
"Changan UNI-T","trim-confirmed AWD / 4WD","Hard 4WD requirement excludes unknown models; candidate pool weakens.","P0","Verify Egypt drivetrain for exact trim/year from official brochure.","P1 QA baseline U11; not current canonical P2"
"Changan UNI-V","trim-confirmed AWD / 4WD","Hard 4WD requirement excludes unknown models; candidate pool weakens.","P0","Verify Egypt drivetrain for exact trim/year from official brochure.","P1 QA baseline U11; not current canonical P2"
"Chery Arrizo 5","trim-confirmed AWD / 4WD","Hard 4WD requirement excludes unknown models; candidate pool weakens.","P0","Verify Egypt drivetrain for exact trim/year from official brochure.","P1 QA baseline U11; not current canonical P2"
"Chery Arrizo 5","trim-confirmed seats","Seven-seat must-have excludes unknown models; fewer eligible alternatives.","P0","Verify Egypt seat count per trim/year with official evidence.","P1 QA baseline U11; not current canonical P2"
"Chery Arrizo 6 GT","trim-confirmed AWD / 4WD","Hard 4WD requirement excludes unknown models; candidate pool weakens.","P0","Verify Egypt drivetrain for exact trim/year from official brochure.","P1 QA baseline U11; not current canonical P2"
"Chery Arrizo 6 GT","trim-confirmed seats","Seven-seat must-have excludes unknown models; fewer eligible alternatives.","P0","Verify Egypt seat count per trim/year with official evidence.","P1 QA baseline U11; not current canonical P2"
"Chery Arrizo 8","trim-confirmed AWD / 4WD","Hard 4WD requirement excludes unknown models; candidate pool weakens.","P0","Verify Egypt drivetrain for exact trim/year from official brochure.","P1 QA baseline U11; not current canonical P2"
"Chery Arrizo 8","trim-confirmed seats","Seven-seat must-have excludes unknown models; fewer eligible alternatives.","P0","Verify Egypt seat count per trim/year with official evidence.","P1 QA baseline U11; not current canonical P2"
"Chery eQ7","trim-confirmed AWD / 4WD","Hard 4WD requirement excludes unknown models; candidate pool weakens.","P0","Verify Egypt drivetrain for exact trim/year from official brochure.","P1 QA baseline U11; not current canonical P2"
"Chery eQ7","trim-confirmed seats","Seven-seat must-have excludes unknown models; fewer eligible alternatives.","P0","Verify Egypt seat count per trim/year with official evidence.","P1 QA baseline U11; not current canonical P2"
"Chery Tiggo 4 Pro","trim-confirmed AWD / 4WD","Hard 4WD requirement excludes unknown models; candidate pool weakens.","P0","Verify Egypt drivetrain for exact trim/year from official brochure.","P1 QA baseline U11; not current canonical P2"
"Chery Tiggo 4 Pro","trim-confirmed seats","Seven-seat must-have excludes unknown models; fewer eligible alternatives.","P0","Verify Egypt seat count per trim/year with official evidence.","P1 QA baseline U11; not current canonical P2"
"Chery Tiggo 7","trim-confirmed AWD / 4WD","Hard 4WD requirement excludes unknown models; candidate pool weakens.","P0","Verify Egypt drivetrain for exact trim/year from official brochure.","P1 QA baseline U11; not current canonical P2"
"Chery Tiggo 7","trim-confirmed seats","Seven-seat must-have excludes unknown models; fewer eligible alternatives.","P0","Verify Egypt seat count per trim/year with official evidence.","P1 QA baseline U11; not current canonical P2"
"Chery Tiggo 7 Pro","trim-confirmed AWD / 4WD","Hard 4WD requirement excludes unknown models; candidate pool weakens.","P0","Verify Egypt drivetrain for exact trim/year from official brochure.","P1 QA baseline U11; not current canonical P2"
"Chery Tiggo 7 Pro","trim-confirmed seats","Seven-seat must-have excludes unknown models; fewer eligible alternatives.","P0","Verify Egypt seat count per trim/year with official evidence.","P1 QA baseline U11; not current canonical P2"
"Chery Tiggo 8","trim-confirmed AWD / 4WD","Hard 4WD requirement excludes unknown models; candidate pool weakens.","P0","Verify Egypt drivetrain for exact trim/year from official brochure.","P1 QA baseline U11; not current canonical P2"
"Chery Tiggo 8 Pro","trim-confirmed AWD / 4WD","Hard 4WD requirement excludes unknown models; candidate pool weakens.","P0","Verify Egypt drivetrain for exact trim/year from official brochure.","P1 QA baseline U11; not current canonical P2"
"Chery Tiggo 9","trim-confirmed AWD / 4WD","Hard 4WD requirement excludes unknown models; candidate pool weakens.","P0","Verify Egypt drivetrain for exact trim/year from official brochure.","P1 QA baseline U11; not current canonical P2"
"Chery Tiggo 9","segment / size class","Space/easy/reference-size/premium factors lack values; unknown fill weakens confidence.","P1","Resolve approved taxonomy with evidence and mapping review.","P1 QA baseline U11; not current canonical P2"
"Chevrolet Captiva EV","trim-confirmed AWD / 4WD","Hard 4WD requirement excludes unknown models; candidate pool weakens.","P0","Verify Egypt drivetrain for exact trim/year from official brochure.","P1 QA baseline U11; not current canonical P2"
"Chevrolet Captiva EV","segment / size class","Space/easy/reference-size/premium factors lack values; unknown fill weakens confidence.","P1","Resolve approved taxonomy with evidence and mapping review.","P1 QA baseline U11; not current canonical P2"
"Chevrolet Optra","trim-confirmed seats","Seven-seat must-have excludes unknown models; fewer eligible alternatives.","P0","Verify Egypt seat count per trim/year with official evidence.","P1 QA baseline U11; not current canonical P2"
"Citroën C3","trim-confirmed AWD / 4WD","Hard 4WD requirement excludes unknown models; candidate pool weakens.","P0","Verify Egypt drivetrain for exact trim/year from official brochure.","P1 QA baseline U11; not current canonical P2"
"Citroën C3","trim-confirmed seats","Seven-seat must-have excludes unknown models; fewer eligible alternatives.","P0","Verify Egypt seat count per trim/year with official evidence.","P1 QA baseline U11; not current canonical P2"
"Citroën C3 Aircross","trim-confirmed AWD / 4WD","Hard 4WD requirement excludes unknown models; candidate pool weakens.","P0","Verify Egypt drivetrain for exact trim/year from official brochure.","P1 QA baseline U11; not current canonical P2"
"Citroën C3 Aircross","trim-confirmed seats","Seven-seat must-have excludes unknown models; fewer eligible alternatives.","P0","Verify Egypt seat count per trim/year with official evidence.","P1 QA baseline U11; not current canonical P2"
"Citroën C4","trim-confirmed AWD / 4WD","Hard 4WD requirement excludes unknown models; candidate pool weakens.","P0","Verify Egypt drivetrain for exact trim/year from official brochure.","P1 QA baseline U11; not current canonical P2"
"Citroën C4","trim-confirmed seats","Seven-seat must-have excludes unknown models; fewer eligible alternatives.","P0","Verify Egypt seat count per trim/year with official evidence.","P1 QA baseline U11; not current canonical P2"
"Citroën C4 X","trim-confirmed AWD / 4WD","Hard 4WD requirement excludes unknown models; candidate pool weakens.","P0","Verify Egypt drivetrain for exact trim/year from official brochure.","P1 QA baseline U11; not current canonical P2"
"Citroën C4 X","trim-confirmed seats","Seven-seat must-have excludes unknown models; fewer eligible alternatives.","P0","Verify Egypt seat count per trim/year with official evidence.","P1 QA baseline U11; not current canonical P2"
"Citroën C5","trim-confirmed AWD / 4WD","Hard 4WD requirement excludes unknown models; candidate pool weakens.","P0","Verify Egypt drivetrain for exact trim/year from official brochure.","P1 QA baseline U11; not current canonical P2"
"Citroën C5","trim-confirmed seats","Seven-seat must-have excludes unknown models; fewer eligible alternatives.","P0","Verify Egypt seat count per trim/year with official evidence.","P1 QA baseline U11; not current canonical P2"
"CUPRA Formentor","trim-confirmed AWD / 4WD","Hard 4WD requirement excludes unknown models; candidate pool weakens.","P0","Verify Egypt drivetrain for exact trim/year from official brochure.","P1 QA baseline U11; not current canonical P2"
"CUPRA Formentor","trim-confirmed seats","Seven-seat must-have excludes unknown models; fewer eligible alternatives.","P0","Verify Egypt seat count per trim/year with official evidence.","P1 QA baseline U11; not current canonical P2"
"CUPRA Leon","trim-confirmed AWD / 4WD","Hard 4WD requirement excludes unknown models; candidate pool weakens.","P0","Verify Egypt drivetrain for exact trim/year from official brochure.","P1 QA baseline U11; not current canonical P2"
"CUPRA Leon","trim-confirmed seats","Seven-seat must-have excludes unknown models; fewer eligible alternatives.","P0","Verify Egypt seat count per trim/year with official evidence.","P1 QA baseline U11; not current canonical P2"
"CUPRA Terramar","trim-confirmed AWD / 4WD","Hard 4WD requirement excludes unknown models; candidate pool weakens.","P0","Verify Egypt drivetrain for exact trim/year from official brochure.","P1 QA baseline U11; not current canonical P2"
"CUPRA Terramar","trim-confirmed seats","Seven-seat must-have excludes unknown models; fewer eligible alternatives.","P0","Verify Egypt seat count per trim/year with official evidence.","P1 QA baseline U11; not current canonical P2"
"Deepal G318","trim-confirmed AWD / 4WD","Hard 4WD requirement excludes unknown models; candidate pool weakens.","P0","Verify Egypt drivetrain for exact trim/year from official brochure.","P1 QA baseline U11; not current canonical P2"
"Deepal G318","trim-confirmed seats","Seven-seat must-have excludes unknown models; fewer eligible alternatives.","P0","Verify Egypt seat count per trim/year with official evidence.","P1 QA baseline U11; not current canonical P2"
"Deepal S 07","trim-confirmed AWD / 4WD","Hard 4WD requirement excludes unknown models; candidate pool weakens.","P0","Verify Egypt drivetrain for exact trim/year from official brochure.","P1 QA baseline U11; not current canonical P2"
"Deepal S 07","trim-confirmed seats","Seven-seat must-have excludes unknown models; fewer eligible alternatives.","P0","Verify Egypt seat count per trim/year with official evidence.","P1 QA baseline U11; not current canonical P2"
"DFSK 600","trim-confirmed AWD / 4WD","Hard 4WD requirement excludes unknown models; candidate pool weakens.","P0","Verify Egypt drivetrain for exact trim/year from official brochure.","P1 QA baseline U11; not current canonical P2"
"DFSK 600","trim-confirmed seats","Seven-seat must-have excludes unknown models; fewer eligible alternatives.","P0","Verify Egypt seat count per trim/year with official evidence.","P1 QA baseline U11; not current canonical P2"
"DFSK E5","trim-confirmed AWD / 4WD","Hard 4WD requirement excludes unknown models; candidate pool weakens.","P0","Verify Egypt drivetrain for exact trim/year from official brochure.","P1 QA baseline U11; not current canonical P2"
"DFSK E5","trim-confirmed seats","Seven-seat must-have excludes unknown models; fewer eligible alternatives.","P0","Verify Egypt seat count per trim/year with official evidence.","P1 QA baseline U11; not current canonical P2"
"DFSK E5 Plus","trim-confirmed AWD / 4WD","Hard 4WD requirement excludes unknown models; candidate pool weakens.","P0","Verify Egypt drivetrain for exact trim/year from official brochure.","P1 QA baseline U11; not current canonical P2"
"DFSK E5 Plus","trim-confirmed seats","Seven-seat must-have excludes unknown models; fewer eligible alternatives.","P0","Verify Egypt seat count per trim/year with official evidence.","P1 QA baseline U11; not current canonical P2"
"Dongfeng 007","trim-confirmed AWD / 4WD","Hard 4WD requirement excludes unknown models; candidate pool weakens.","P0","Verify Egypt drivetrain for exact trim/year from official brochure.","P1 QA baseline U11; not current canonical P2"
"Dongfeng 007","trim-confirmed seats","Seven-seat must-have excludes unknown models; fewer eligible alternatives.","P0","Verify Egypt seat count per trim/year with official evidence.","P1 QA baseline U11; not current canonical P2"
"Dongfeng 008","trim-confirmed AWD / 4WD","Hard 4WD requirement excludes unknown models; candidate pool weakens.","P0","Verify Egypt drivetrain for exact trim/year from official brochure.","P1 QA baseline U11; not current canonical P2"
"Dongfeng 008","trim-confirmed seats","Seven-seat must-have excludes unknown models; fewer eligible alternatives.","P0","Verify Egypt seat count per trim/year with official evidence.","P1 QA baseline U11; not current canonical P2"
"Dongfeng Box","trim-confirmed AWD / 4WD","Hard 4WD requirement excludes unknown models; candidate pool weakens.","P0","Verify Egypt drivetrain for exact trim/year from official brochure.","P1 QA baseline U11; not current canonical P2"
"Dongfeng Box","trim-confirmed seats","Seven-seat must-have excludes unknown models; fewer eligible alternatives.","P0","Verify Egypt seat count per trim/year with official evidence.","P1 QA baseline U11; not current canonical P2"
"Dongfeng Mage","trim-confirmed AWD / 4WD","Hard 4WD requirement excludes unknown models; candidate pool weakens.","P0","Verify Egypt drivetrain for exact trim/year from official brochure.","P1 QA baseline U11; not current canonical P2"
"Dongfeng Mage","trim-confirmed seats","Seven-seat must-have excludes unknown models; fewer eligible alternatives.","P0","Verify Egypt seat count per trim/year with official evidence.","P1 QA baseline U11; not current canonical P2"
"DS Ds4","trim-confirmed AWD / 4WD","Hard 4WD requirement excludes unknown models; candidate pool weakens.","P0","Verify Egypt drivetrain for exact trim/year from official brochure.","P1 QA baseline U11; not current canonical P2"
"DS Ds4","trim-confirmed seats","Seven-seat must-have excludes unknown models; fewer eligible alternatives.","P0","Verify Egypt seat count per trim/year with official evidence.","P1 QA baseline U11; not current canonical P2"
"DS DS7","trim-confirmed AWD / 4WD","Hard 4WD requirement excludes unknown models; candidate pool weakens.","P0","Verify Egypt drivetrain for exact trim/year from official brochure.","P1 QA baseline U11; not current canonical P2"
"DS DS7","trim-confirmed seats","Seven-seat must-have excludes unknown models; fewer eligible alternatives.","P0","Verify Egypt seat count per trim/year with official evidence.","P1 QA baseline U11; not current canonical P2"
"Exeed ES","trim-confirmed AWD / 4WD","Hard 4WD requirement excludes unknown models; candidate pool weakens.","P0","Verify Egypt drivetrain for exact trim/year from official brochure.","P1 QA baseline U11; not current canonical P2"
"Exeed ES","trim-confirmed seats","Seven-seat must-have excludes unknown models; fewer eligible alternatives.","P0","Verify Egypt seat count per trim/year with official evidence.","P1 QA baseline U11; not current canonical P2"
"Exeed ET","trim-confirmed AWD / 4WD","Hard 4WD requirement excludes unknown models; candidate pool weakens.","P0","Verify Egypt drivetrain for exact trim/year from official brochure.","P1 QA baseline U11; not current canonical P2"
"Exeed ET","trim-confirmed seats","Seven-seat must-have excludes unknown models; fewer eligible alternatives.","P0","Verify Egypt seat count per trim/year with official evidence.","P1 QA baseline U11; not current canonical P2"
"Exeed LX","trim-confirmed AWD / 4WD","Hard 4WD requirement excludes unknown models; candidate pool weakens.","P0","Verify Egypt drivetrain for exact trim/year from official brochure.","P1 QA baseline U11; not current canonical P2"
"Exeed LX","trim-confirmed seats","Seven-seat must-have excludes unknown models; fewer eligible alternatives.","P0","Verify Egypt seat count per trim/year with official evidence.","P1 QA baseline U11; not current canonical P2"
"Exeed RX","trim-confirmed AWD / 4WD","Hard 4WD requirement excludes unknown models; candidate pool weakens.","P0","Verify Egypt drivetrain for exact trim/year from official brochure.","P1 QA baseline U11; not current canonical P2"
"Exeed RX","trim-confirmed seats","Seven-seat must-have excludes unknown models; fewer eligible alternatives.","P0","Verify Egypt seat count per trim/year with official evidence.","P1 QA baseline U11; not current canonical P2"
"Exeed VX","trim-confirmed AWD / 4WD","Hard 4WD requirement excludes unknown models; candidate pool weakens.","P0","Verify Egypt drivetrain for exact trim/year from official brochure.","P1 QA baseline U11; not current canonical P2"
"Exeed VX","trim-confirmed seats","Seven-seat must-have excludes unknown models; fewer eligible alternatives.","P0","Verify Egypt seat count per trim/year with official evidence.","P1 QA baseline U11; not current canonical P2"
"Fiat 500","trim-confirmed AWD / 4WD","Hard 4WD requirement excludes unknown models; candidate pool weakens.","P0","Verify Egypt drivetrain for exact trim/year from official brochure.","P1 QA baseline U11; not current canonical P2"
"Fiat 500","trim-confirmed seats","Seven-seat must-have excludes unknown models; fewer eligible alternatives.","P0","Verify Egypt seat count per trim/year with official evidence.","P1 QA baseline U11; not current canonical P2"
"Fiat 500X","trim-confirmed AWD / 4WD","Hard 4WD requirement excludes unknown models; candidate pool weakens.","P0","Verify Egypt drivetrain for exact trim/year from official brochure.","P1 QA baseline U11; not current canonical P2"
"Fiat 500X","trim-confirmed seats","Seven-seat must-have excludes unknown models; fewer eligible alternatives.","P0","Verify Egypt seat count per trim/year with official evidence.","P1 QA baseline U11; not current canonical P2"
"Fiat Tipo","trim-confirmed AWD / 4WD","Hard 4WD requirement excludes unknown models; candidate pool weakens.","P0","Verify Egypt drivetrain for exact trim/year from official brochure.","P1 QA baseline U11; not current canonical P2"
"Fiat Tipo","trim-confirmed seats","Seven-seat must-have excludes unknown models; fewer eligible alternatives.","P0","Verify Egypt seat count per trim/year with official evidence.","P1 QA baseline U11; not current canonical P2"
"Forthing S7","trim-confirmed AWD / 4WD","Hard 4WD requirement excludes unknown models; candidate pool weakens.","P0","Verify Egypt drivetrain for exact trim/year from official brochure.","P1 QA baseline U11; not current canonical P2"
"Forthing S7","trim-confirmed seats","Seven-seat must-have excludes unknown models; fewer eligible alternatives.","P0","Verify Egypt seat count per trim/year with official evidence.","P1 QA baseline U11; not current canonical P2"
"Forthing T5","trim-confirmed AWD / 4WD","Hard 4WD requirement excludes unknown models; candidate pool weakens.","P0","Verify Egypt drivetrain for exact trim/year from official brochure.","P1 QA baseline U11; not current canonical P2"
"Forthing T5","trim-confirmed seats","Seven-seat must-have excludes unknown models; fewer eligible alternatives.","P0","Verify Egypt seat count per trim/year with official evidence.","P1 QA baseline U11; not current canonical P2"
"Forthing T5 Evo","trim-confirmed AWD / 4WD","Hard 4WD requirement excludes unknown models; candidate pool weakens.","P0","Verify Egypt drivetrain for exact trim/year from official brochure.","P1 QA baseline U11; not current canonical P2"
"Forthing T5 Evo","trim-confirmed seats","Seven-seat must-have excludes unknown models; fewer eligible alternatives.","P0","Verify Egypt seat count per trim/year with official evidence.","P1 QA baseline U11; not current canonical P2"
"Forthing U-Tour","trim-confirmed AWD / 4WD","Hard 4WD requirement excludes unknown models; candidate pool weakens.","P0","Verify Egypt drivetrain for exact trim/year from official brochure.","P1 QA baseline U11; not current canonical P2"
"Forthing U-Tour","trim-confirmed seats","Seven-seat must-have excludes unknown models; fewer eligible alternatives.","P0","Verify Egypt seat count per trim/year with official evidence.","P1 QA baseline U11; not current canonical P2"
"Forthing V9","trim-confirmed AWD / 4WD","Hard 4WD requirement excludes unknown models; candidate pool weakens.","P0","Verify Egypt drivetrain for exact trim/year from official brochure.","P1 QA baseline U11; not current canonical P2"
"Forthing V9","trim-confirmed seats","Seven-seat must-have excludes unknown models; fewer eligible alternatives.","P0","Verify Egypt seat count per trim/year with official evidence.","P1 QA baseline U11; not current canonical P2"
"GAC Emkoo","trim-confirmed AWD / 4WD","Hard 4WD requirement excludes unknown models; candidate pool weakens.","P0","Verify Egypt drivetrain for exact trim/year from official brochure.","P1 QA baseline U11; not current canonical P2"
"GAC Emkoo","trim-confirmed seats","Seven-seat must-have excludes unknown models; fewer eligible alternatives.","P0","Verify Egypt seat count per trim/year with official evidence.","P1 QA baseline U11; not current canonical P2"
"GAC Empow","trim-confirmed AWD / 4WD","Hard 4WD requirement excludes unknown models; candidate pool weakens.","P0","Verify Egypt drivetrain for exact trim/year from official brochure.","P1 QA baseline U11; not current canonical P2"
"GAC Empow","trim-confirmed seats","Seven-seat must-have excludes unknown models; fewer eligible alternatives.","P0","Verify Egypt seat count per trim/year with official evidence.","P1 QA baseline U11; not current canonical P2"
"GAC EMZOOM","trim-confirmed AWD / 4WD","Hard 4WD requirement excludes unknown models; candidate pool weakens.","P0","Verify Egypt drivetrain for exact trim/year from official brochure.","P1 QA baseline U11; not current canonical P2"
"GAC EMZOOM","trim-confirmed seats","Seven-seat must-have excludes unknown models; fewer eligible alternatives.","P0","Verify Egypt seat count per trim/year with official evidence.","P1 QA baseline U11; not current canonical P2"
"GAC GS4","trim-confirmed AWD / 4WD","Hard 4WD requirement excludes unknown models; candidate pool weakens.","P0","Verify Egypt drivetrain for exact trim/year from official brochure.","P1 QA baseline U11; not current canonical P2"
"GAC GS4","trim-confirmed seats","Seven-seat must-have excludes unknown models; fewer eligible alternatives.","P0","Verify Egypt seat count per trim/year with official evidence.","P1 QA baseline U11; not current canonical P2"
"GAC GS4 Max","trim-confirmed AWD / 4WD","Hard 4WD requirement excludes unknown models; candidate pool weakens.","P0","Verify Egypt drivetrain for exact trim/year from official brochure.","P1 QA baseline U11; not current canonical P2"
"GAC GS4 Max","trim-confirmed seats","Seven-seat must-have excludes unknown models; fewer eligible alternatives.","P0","Verify Egypt seat count per trim/year with official evidence.","P1 QA baseline U11; not current canonical P2"
"Geely City Ray","trim-confirmed AWD / 4WD","Hard 4WD requirement excludes unknown models; candidate pool weakens.","P0","Verify Egypt drivetrain for exact trim/year from official brochure.","P1 QA baseline U11; not current canonical P2"
"Geely City Ray","trim-confirmed seats","Seven-seat must-have excludes unknown models; fewer eligible alternatives.","P0","Verify Egypt seat count per trim/year with official evidence.","P1 QA baseline U11; not current canonical P2"
"Geely Cool Ray","trim-confirmed AWD / 4WD","Hard 4WD requirement excludes unknown models; candidate pool weakens.","P0","Verify Egypt drivetrain for exact trim/year from official brochure.","P1 QA baseline U11; not current canonical P2"
"Geely Cool Ray","trim-confirmed seats","Seven-seat must-have excludes unknown models; fewer eligible alternatives.","P0","Verify Egypt seat count per trim/year with official evidence.","P1 QA baseline U11; not current canonical P2"
"Geely Emgrand 7","trim-confirmed AWD / 4WD","Hard 4WD requirement excludes unknown models; candidate pool weakens.","P0","Verify Egypt drivetrain for exact trim/year from official brochure.","P1 QA baseline U11; not current canonical P2"
"Geely Emgrand 7","trim-confirmed seats","Seven-seat must-have excludes unknown models; fewer eligible alternatives.","P0","Verify Egypt seat count per trim/year with official evidence.","P1 QA baseline U11; not current canonical P2"
"Geely EX2","trim-confirmed AWD / 4WD","Hard 4WD requirement excludes unknown models; candidate pool weakens.","P0","Verify Egypt drivetrain for exact trim/year from official brochure.","P1 QA baseline U11; not current canonical P2"
"Geely EX2","trim-confirmed seats","Seven-seat must-have excludes unknown models; fewer eligible alternatives.","P0","Verify Egypt seat count per trim/year with official evidence.","P1 QA baseline U11; not current canonical P2"
"Geely EX5","trim-confirmed AWD / 4WD","Hard 4WD requirement excludes unknown models; candidate pool weakens.","P0","Verify Egypt drivetrain for exact trim/year from official brochure.","P1 QA baseline U11; not current canonical P2"
"Geely EX5","trim-confirmed seats","Seven-seat must-have excludes unknown models; fewer eligible alternatives.","P0","Verify Egypt seat count per trim/year with official evidence.","P1 QA baseline U11; not current canonical P2"
"Geely GX3 Pro","trim-confirmed AWD / 4WD","Hard 4WD requirement excludes unknown models; candidate pool weakens.","P0","Verify Egypt drivetrain for exact trim/year from official brochure.","P1 QA baseline U11; not current canonical P2"
"Geely GX3 Pro","trim-confirmed seats","Seven-seat must-have excludes unknown models; fewer eligible alternatives.","P0","Verify Egypt seat count per trim/year with official evidence.","P1 QA baseline U11; not current canonical P2"
"Geely Monjaro","trim-confirmed AWD / 4WD","Hard 4WD requirement excludes unknown models; candidate pool weakens.","P0","Verify Egypt drivetrain for exact trim/year from official brochure.","P1 QA baseline U11; not current canonical P2"
"Geely Monjaro","trim-confirmed seats","Seven-seat must-have excludes unknown models; fewer eligible alternatives.","P0","Verify Egypt seat count per trim/year with official evidence.","P1 QA baseline U11; not current canonical P2"
"Geely Okavango","trim-confirmed AWD / 4WD","Hard 4WD requirement excludes unknown models; candidate pool weakens.","P0","Verify Egypt drivetrain for exact trim/year from official brochure.","P1 QA baseline U11; not current canonical P2"
"Geely Okavango","trim-confirmed seats","Seven-seat must-have excludes unknown models; fewer eligible alternatives.","P0","Verify Egypt seat count per trim/year with official evidence.","P1 QA baseline U11; not current canonical P2"
"Geely Starray","trim-confirmed AWD / 4WD","Hard 4WD requirement excludes unknown models; candidate pool weakens.","P0","Verify Egypt drivetrain for exact trim/year from official brochure.","P1 QA baseline U11; not current canonical P2"
"Geely Starray","trim-confirmed seats","Seven-seat must-have excludes unknown models; fewer eligible alternatives.","P0","Verify Egypt seat count per trim/year with official evidence.","P1 QA baseline U11; not current canonical P2"
"Genesis G80","trim-confirmed AWD / 4WD","Hard 4WD requirement excludes unknown models; candidate pool weakens.","P0","Verify Egypt drivetrain for exact trim/year from official brochure.","P1 QA baseline U11; not current canonical P2"
"Genesis G80","trim-confirmed seats","Seven-seat must-have excludes unknown models; fewer eligible alternatives.","P0","Verify Egypt seat count per trim/year with official evidence.","P1 QA baseline U11; not current canonical P2"
"Genesis GV60","trim-confirmed AWD / 4WD","Hard 4WD requirement excludes unknown models; candidate pool weakens.","P0","Verify Egypt drivetrain for exact trim/year from official brochure.","P1 QA baseline U11; not current canonical P2"
"Genesis GV60","trim-confirmed seats","Seven-seat must-have excludes unknown models; fewer eligible alternatives.","P0","Verify Egypt seat count per trim/year with official evidence.","P1 QA baseline U11; not current canonical P2"
"Genesis GV70","trim-confirmed AWD / 4WD","Hard 4WD requirement excludes unknown models; candidate pool weakens.","P0","Verify Egypt drivetrain for exact trim/year from official brochure.","P1 QA baseline U11; not current canonical P2"
"Genesis GV70","trim-confirmed seats","Seven-seat must-have excludes unknown models; fewer eligible alternatives.","P0","Verify Egypt seat count per trim/year with official evidence.","P1 QA baseline U11; not current canonical P2"
"GMC Terrain","trim-confirmed AWD / 4WD","Hard 4WD requirement excludes unknown models; candidate pool weakens.","P0","Verify Egypt drivetrain for exact trim/year from official brochure.","P1 QA baseline U11; not current canonical P2"
"GMC Terrain","trim-confirmed seats","Seven-seat must-have excludes unknown models; fewer eligible alternatives.","P0","Verify Egypt seat count per trim/year with official evidence.","P1 QA baseline U11; not current canonical P2"
"GMC Yukon","trim-confirmed AWD / 4WD","Hard 4WD requirement excludes unknown models; candidate pool weakens.","P0","Verify Egypt drivetrain for exact trim/year from official brochure.","P1 QA baseline U11; not current canonical P2"
"GMC Yukon","trim-confirmed seats","Seven-seat must-have excludes unknown models; fewer eligible alternatives.","P0","Verify Egypt seat count per trim/year with official evidence.","P1 QA baseline U11; not current canonical P2"
"Haval H6","trim-confirmed AWD / 4WD","Hard 4WD requirement excludes unknown models; candidate pool weakens.","P0","Verify Egypt drivetrain for exact trim/year from official brochure.","P1 QA baseline U11; not current canonical P2"
"Haval H6","trim-confirmed seats","Seven-seat must-have excludes unknown models; fewer eligible alternatives.","P0","Verify Egypt seat count per trim/year with official evidence.","P1 QA baseline U11; not current canonical P2"
"Haval Jolion","trim-confirmed AWD / 4WD","Hard 4WD requirement excludes unknown models; candidate pool weakens.","P0","Verify Egypt drivetrain for exact trim/year from official brochure.","P1 QA baseline U11; not current canonical P2"
"Haval Jolion","trim-confirmed seats","Seven-seat must-have excludes unknown models; fewer eligible alternatives.","P0","Verify Egypt seat count per trim/year with official evidence.","P1 QA baseline U11; not current canonical P2"
"Honda ZR-V","trim-confirmed AWD / 4WD","Hard 4WD requirement excludes unknown models; candidate pool weakens.","P0","Verify Egypt drivetrain for exact trim/year from official brochure.","P1 QA baseline U11; not current canonical P2"
"Honda ZR-V","trim-confirmed seats","Seven-seat must-have excludes unknown models; fewer eligible alternatives.","P0","Verify Egypt seat count per trim/year with official evidence.","P1 QA baseline U11; not current canonical P2"
"Hongqi E-HS9","trim-confirmed AWD / 4WD","Hard 4WD requirement excludes unknown models; candidate pool weakens.","P0","Verify Egypt drivetrain for exact trim/year from official brochure.","P1 QA baseline U11; not current canonical P2"
"Hongqi E-HS9","trim-confirmed seats","Seven-seat must-have excludes unknown models; fewer eligible alternatives.","P0","Verify Egypt seat count per trim/year with official evidence.","P1 QA baseline U11; not current canonical P2"
"Hongqi HS3","trim-confirmed AWD / 4WD","Hard 4WD requirement excludes unknown models; candidate pool weakens.","P0","Verify Egypt drivetrain for exact trim/year from official brochure.","P1 QA baseline U11; not current canonical P2"
"Hongqi HS3","trim-confirmed seats","Seven-seat must-have excludes unknown models; fewer eligible alternatives.","P0","Verify Egypt seat count per trim/year with official evidence.","P1 QA baseline U11; not current canonical P2"
"Hongqi Ousado","trim-confirmed AWD / 4WD","Hard 4WD requirement excludes unknown models; candidate pool weakens.","P0","Verify Egypt drivetrain for exact trim/year from official brochure.","P1 QA baseline U11; not current canonical P2"
"Hongqi Ousado","trim-confirmed seats","Seven-seat must-have excludes unknown models; fewer eligible alternatives.","P0","Verify Egypt seat count per trim/year with official evidence.","P1 QA baseline U11; not current canonical P2"
"Hyundai Accent RB","trim-confirmed AWD / 4WD","Hard 4WD requirement excludes unknown models; candidate pool weakens.","P0","Verify Egypt drivetrain for exact trim/year from official brochure.","P1 QA baseline U11; not current canonical P2"
"Hyundai Accent RB","trim-confirmed seats","Seven-seat must-have excludes unknown models; fewer eligible alternatives.","P0","Verify Egypt seat count per trim/year with official evidence.","P1 QA baseline U11; not current canonical P2"
"Hyundai Elantra","trim-confirmed seats","Seven-seat must-have excludes unknown models; fewer eligible alternatives.","P0","Verify Egypt seat count per trim/year with official evidence.","P1 QA baseline U11; not current canonical P2"
"Hyundai i30","trim-confirmed seats","Seven-seat must-have excludes unknown models; fewer eligible alternatives.","P0","Verify Egypt seat count per trim/year with official evidence.","P1 QA baseline U11; not current canonical P2"
"Hyundai Ioniq","trim-confirmed AWD / 4WD","Hard 4WD requirement excludes unknown models; candidate pool weakens.","P0","Verify Egypt drivetrain for exact trim/year from official brochure.","P1 QA baseline U11; not current canonical P2"
"Hyundai Ioniq","trim-confirmed seats","Seven-seat must-have excludes unknown models; fewer eligible alternatives.","P0","Verify Egypt seat count per trim/year with official evidence.","P1 QA baseline U11; not current canonical P2"
"Hyundai IONIQ 5","trim-confirmed AWD / 4WD","Hard 4WD requirement excludes unknown models; candidate pool weakens.","P0","Verify Egypt drivetrain for exact trim/year from official brochure.","P1 QA baseline U11; not current canonical P2"
"Hyundai IONIQ 5","trim-confirmed seats","Seven-seat must-have excludes unknown models; fewer eligible alternatives.","P0","Verify Egypt seat count per trim/year with official evidence.","P1 QA baseline U11; not current canonical P2"
"Hyundai IONIQ 9","trim-confirmed AWD / 4WD","Hard 4WD requirement excludes unknown models; candidate pool weakens.","P0","Verify Egypt drivetrain for exact trim/year from official brochure.","P1 QA baseline U11; not current canonical P2"
"IM IM 5","trim-confirmed AWD / 4WD","Hard 4WD requirement excludes unknown models; candidate pool weakens.","P0","Verify Egypt drivetrain for exact trim/year from official brochure.","P1 QA baseline U11; not current canonical P2"
"IM IM 5","trim-confirmed seats","Seven-seat must-have excludes unknown models; fewer eligible alternatives.","P0","Verify Egypt seat count per trim/year with official evidence.","P1 QA baseline U11; not current canonical P2"
"IM IM 6","trim-confirmed AWD / 4WD","Hard 4WD requirement excludes unknown models; candidate pool weakens.","P0","Verify Egypt drivetrain for exact trim/year from official brochure.","P1 QA baseline U11; not current canonical P2"
"IM IM 6","trim-confirmed seats","Seven-seat must-have excludes unknown models; fewer eligible alternatives.","P0","Verify Egypt seat count per trim/year with official evidence.","P1 QA baseline U11; not current canonical P2"
"IM LS7","trim-confirmed AWD / 4WD","Hard 4WD requirement excludes unknown models; candidate pool weakens.","P0","Verify Egypt drivetrain for exact trim/year from official brochure.","P1 QA baseline U11; not current canonical P2"
"IM LS7","trim-confirmed seats","Seven-seat must-have excludes unknown models; fewer eligible alternatives.","P0","Verify Egypt seat count per trim/year with official evidence.","P1 QA baseline U11; not current canonical P2"
"JAC J7","trim-confirmed AWD / 4WD","Hard 4WD requirement excludes unknown models; candidate pool weakens.","P0","Verify Egypt drivetrain for exact trim/year from official brochure.","P1 QA baseline U11; not current canonical P2"
"JAC J7","trim-confirmed seats","Seven-seat must-have excludes unknown models; fewer eligible alternatives.","P0","Verify Egypt seat count per trim/year with official evidence.","P1 QA baseline U11; not current canonical P2"
"JAC JS6","trim-confirmed AWD / 4WD","Hard 4WD requirement excludes unknown models; candidate pool weakens.","P0","Verify Egypt drivetrain for exact trim/year from official brochure.","P1 QA baseline U11; not current canonical P2"
"JAC JS6","trim-confirmed seats","Seven-seat must-have excludes unknown models; fewer eligible alternatives.","P0","Verify Egypt seat count per trim/year with official evidence.","P1 QA baseline U11; not current canonical P2"
"JAC JS8 PRO","trim-confirmed AWD / 4WD","Hard 4WD requirement excludes unknown models; candidate pool weakens.","P0","Verify Egypt drivetrain for exact trim/year from official brochure.","P1 QA baseline U11; not current canonical P2"
"JAC JS8 PRO","trim-confirmed seats","Seven-seat must-have excludes unknown models; fewer eligible alternatives.","P0","Verify Egypt seat count per trim/year with official evidence.","P1 QA baseline U11; not current canonical P2"
"JAC S2","trim-confirmed AWD / 4WD","Hard 4WD requirement excludes unknown models; candidate pool weakens.","P0","Verify Egypt drivetrain for exact trim/year from official brochure.","P1 QA baseline U11; not current canonical P2"
"JAC S2","trim-confirmed seats","Seven-seat must-have excludes unknown models; fewer eligible alternatives.","P0","Verify Egypt seat count per trim/year with official evidence.","P1 QA baseline U11; not current canonical P2"
"Jeep Grand Cherokee","trim-confirmed AWD / 4WD","Hard 4WD requirement excludes unknown models; candidate pool weakens.","P0","Verify Egypt drivetrain for exact trim/year from official brochure.","P1 QA baseline U11; not current canonical P2"
"Jeep Grand Cherokee","trim-confirmed seats","Seven-seat must-have excludes unknown models; fewer eligible alternatives.","P0","Verify Egypt seat count per trim/year with official evidence.","P1 QA baseline U11; not current canonical P2"
"Jetour Dashing","trim-confirmed AWD / 4WD","Hard 4WD requirement excludes unknown models; candidate pool weakens.","P0","Verify Egypt drivetrain for exact trim/year from official brochure.","P1 QA baseline U11; not current canonical P2"
"Jetour Dashing","trim-confirmed seats","Seven-seat must-have excludes unknown models; fewer eligible alternatives.","P0","Verify Egypt seat count per trim/year with official evidence.","P1 QA baseline U11; not current canonical P2"
"Jetour X70","trim-confirmed AWD / 4WD","Hard 4WD requirement excludes unknown models; candidate pool weakens.","P0","Verify Egypt drivetrain for exact trim/year from official brochure.","P1 QA baseline U11; not current canonical P2"
"Jetour X70 Plus CKD","trim-confirmed AWD / 4WD","Hard 4WD requirement excludes unknown models; candidate pool weakens.","P0","Verify Egypt drivetrain for exact trim/year from official brochure.","P1 QA baseline U11; not current canonical P2"
"Jetour X90 Plus","trim-confirmed AWD / 4WD","Hard 4WD requirement excludes unknown models; candidate pool weakens.","P0","Verify Egypt drivetrain for exact trim/year from official brochure.","P1 QA baseline U11; not current canonical P2"
"Kaiyi E5","trim-confirmed AWD / 4WD","Hard 4WD requirement excludes unknown models; candidate pool weakens.","P0","Verify Egypt drivetrain for exact trim/year from official brochure.","P1 QA baseline U11; not current canonical P2"
"Kaiyi E5","trim-confirmed seats","Seven-seat must-have excludes unknown models; fewer eligible alternatives.","P0","Verify Egypt seat count per trim/year with official evidence.","P1 QA baseline U11; not current canonical P2"
"Kaiyi X3","trim-confirmed AWD / 4WD","Hard 4WD requirement excludes unknown models; candidate pool weakens.","P0","Verify Egypt drivetrain for exact trim/year from official brochure.","P1 QA baseline U11; not current canonical P2"
"Kaiyi X3","trim-confirmed seats","Seven-seat must-have excludes unknown models; fewer eligible alternatives.","P0","Verify Egypt seat count per trim/year with official evidence.","P1 QA baseline U11; not current canonical P2"
"Kaiyi X7","trim-confirmed AWD / 4WD","Hard 4WD requirement excludes unknown models; candidate pool weakens.","P0","Verify Egypt drivetrain for exact trim/year from official brochure.","P1 QA baseline U11; not current canonical P2"
"Kaiyi X7","trim-confirmed seats","Seven-seat must-have excludes unknown models; fewer eligible alternatives.","P0","Verify Egypt seat count per trim/year with official evidence.","P1 QA baseline U11; not current canonical P2"
"KGM Actyon","trim-confirmed AWD / 4WD","Hard 4WD requirement excludes unknown models; candidate pool weakens.","P0","Verify Egypt drivetrain for exact trim/year from official brochure.","P1 QA baseline U11; not current canonical P2"
"KGM Actyon","trim-confirmed seats","Seven-seat must-have excludes unknown models; fewer eligible alternatives.","P0","Verify Egypt seat count per trim/year with official evidence.","P1 QA baseline U11; not current canonical P2"
"Kia Carens","trim-confirmed AWD / 4WD","Hard 4WD requirement excludes unknown models; candidate pool weakens.","P0","Verify Egypt drivetrain for exact trim/year from official brochure.","P1 QA baseline U11; not current canonical P2"
"Kia Carens","trim-confirmed seats","Seven-seat must-have excludes unknown models; fewer eligible alternatives.","P0","Verify Egypt seat count per trim/year with official evidence.","P1 QA baseline U11; not current canonical P2"
"Kia EV3","trim-confirmed AWD / 4WD","Hard 4WD requirement excludes unknown models; candidate pool weakens.","P0","Verify Egypt drivetrain for exact trim/year from official brochure.","P1 QA baseline U11; not current canonical P2"
"Kia EV3","trim-confirmed seats","Seven-seat must-have excludes unknown models; fewer eligible alternatives.","P0","Verify Egypt seat count per trim/year with official evidence.","P1 QA baseline U11; not current canonical P2"
"Kia EV5","trim-confirmed seats","Seven-seat must-have excludes unknown models; fewer eligible alternatives.","P0","Verify Egypt seat count per trim/year with official evidence.","P1 QA baseline U11; not current canonical P2"
"Kia EV6","trim-confirmed AWD / 4WD","Hard 4WD requirement excludes unknown models; candidate pool weakens.","P0","Verify Egypt drivetrain for exact trim/year from official brochure.","P1 QA baseline U11; not current canonical P2"
"Kia EV6","trim-confirmed seats","Seven-seat must-have excludes unknown models; fewer eligible alternatives.","P0","Verify Egypt seat count per trim/year with official evidence.","P1 QA baseline U11; not current canonical P2"
"Kia EV9","trim-confirmed AWD / 4WD","Hard 4WD requirement excludes unknown models; candidate pool weakens.","P0","Verify Egypt drivetrain for exact trim/year from official brochure.","P1 QA baseline U11; not current canonical P2"
"Kia K4","trim-confirmed AWD / 4WD","Hard 4WD requirement excludes unknown models; candidate pool weakens.","P0","Verify Egypt drivetrain for exact trim/year from official brochure.","P1 QA baseline U11; not current canonical P2"
"Kia K4","trim-confirmed seats","Seven-seat must-have excludes unknown models; fewer eligible alternatives.","P0","Verify Egypt seat count per trim/year with official evidence.","P1 QA baseline U11; not current canonical P2"
"Kia Sorento","trim-confirmed AWD / 4WD","Hard 4WD requirement excludes unknown models; candidate pool weakens.","P0","Verify Egypt drivetrain for exact trim/year from official brochure.","P1 QA baseline U11; not current canonical P2"
"Lexus LX600","trim-confirmed AWD / 4WD","Hard 4WD requirement excludes unknown models; candidate pool weakens.","P0","Verify Egypt drivetrain for exact trim/year from official brochure.","P1 QA baseline U11; not current canonical P2"
"Lexus LX600","trim-confirmed seats","Seven-seat must-have excludes unknown models; fewer eligible alternatives.","P0","Verify Egypt seat count per trim/year with official evidence.","P1 QA baseline U11; not current canonical P2"
"Lexus RZ","trim-confirmed AWD / 4WD","Hard 4WD requirement excludes unknown models; candidate pool weakens.","P0","Verify Egypt drivetrain for exact trim/year from official brochure.","P1 QA baseline U11; not current canonical P2"
"Lexus RZ","trim-confirmed seats","Seven-seat must-have excludes unknown models; fewer eligible alternatives.","P0","Verify Egypt seat count per trim/year with official evidence.","P1 QA baseline U11; not current canonical P2"
"Li Auto L6","trim-confirmed AWD / 4WD","Hard 4WD requirement excludes unknown models; candidate pool weakens.","P0","Verify Egypt drivetrain for exact trim/year from official brochure.","P1 QA baseline U11; not current canonical P2"
"Li Auto L6","trim-confirmed seats","Seven-seat must-have excludes unknown models; fewer eligible alternatives.","P0","Verify Egypt seat count per trim/year with official evidence.","P1 QA baseline U11; not current canonical P2"
"Li Auto L7","trim-confirmed AWD / 4WD","Hard 4WD requirement excludes unknown models; candidate pool weakens.","P0","Verify Egypt drivetrain for exact trim/year from official brochure.","P1 QA baseline U11; not current canonical P2"
"Li Auto L7","trim-confirmed seats","Seven-seat must-have excludes unknown models; fewer eligible alternatives.","P0","Verify Egypt seat count per trim/year with official evidence.","P1 QA baseline U11; not current canonical P2"
"Li Auto L9","trim-confirmed AWD / 4WD","Hard 4WD requirement excludes unknown models; candidate pool weakens.","P0","Verify Egypt drivetrain for exact trim/year from official brochure.","P1 QA baseline U11; not current canonical P2"
"Li Auto L9","trim-confirmed seats","Seven-seat must-have excludes unknown models; fewer eligible alternatives.","P0","Verify Egypt seat count per trim/year with official evidence.","P1 QA baseline U11; not current canonical P2"
"Lynk & Co 06","trim-confirmed AWD / 4WD","Hard 4WD requirement excludes unknown models; candidate pool weakens.","P0","Verify Egypt drivetrain for exact trim/year from official brochure.","P1 QA baseline U11; not current canonical P2"
"Lynk & Co 06","trim-confirmed seats","Seven-seat must-have excludes unknown models; fewer eligible alternatives.","P0","Verify Egypt seat count per trim/year with official evidence.","P1 QA baseline U11; not current canonical P2"
"Lynk & Co 08","trim-confirmed AWD / 4WD","Hard 4WD requirement excludes unknown models; candidate pool weakens.","P0","Verify Egypt drivetrain for exact trim/year from official brochure.","P1 QA baseline U11; not current canonical P2"
"Lynk & Co 08","trim-confirmed seats","Seven-seat must-have excludes unknown models; fewer eligible alternatives.","P0","Verify Egypt seat count per trim/year with official evidence.","P1 QA baseline U11; not current canonical P2"
"Lynk & Co 900","trim-confirmed AWD / 4WD","Hard 4WD requirement excludes unknown models; candidate pool weakens.","P0","Verify Egypt drivetrain for exact trim/year from official brochure.","P1 QA baseline U11; not current canonical P2"
"Lynk & Co 900","trim-confirmed seats","Seven-seat must-have excludes unknown models; fewer eligible alternatives.","P0","Verify Egypt seat count per trim/year with official evidence.","P1 QA baseline U11; not current canonical P2"
"Mazda 3","trim-confirmed AWD / 4WD","Hard 4WD requirement excludes unknown models; candidate pool weakens.","P0","Verify Egypt drivetrain for exact trim/year from official brochure.","P1 QA baseline U11; not current canonical P2"
"Mazda 3","trim-confirmed seats","Seven-seat must-have excludes unknown models; fewer eligible alternatives.","P0","Verify Egypt seat count per trim/year with official evidence.","P1 QA baseline U11; not current canonical P2"
"Mazda CX-3","trim-confirmed AWD / 4WD","Hard 4WD requirement excludes unknown models; candidate pool weakens.","P0","Verify Egypt drivetrain for exact trim/year from official brochure.","P1 QA baseline U11; not current canonical P2"
"Mazda CX-3","trim-confirmed seats","Seven-seat must-have excludes unknown models; fewer eligible alternatives.","P0","Verify Egypt seat count per trim/year with official evidence.","P1 QA baseline U11; not current canonical P2"
"Mercedes-Benz A-Class","trim-confirmed AWD / 4WD","Hard 4WD requirement excludes unknown models; candidate pool weakens.","P0","Verify Egypt drivetrain for exact trim/year from official brochure.","P1 QA baseline U11; not current canonical P2"
"Mercedes-Benz A-Class","trim-confirmed seats","Seven-seat must-have excludes unknown models; fewer eligible alternatives.","P0","Verify Egypt seat count per trim/year with official evidence.","P1 QA baseline U11; not current canonical P2"
"Mercedes-Benz B-Class","trim-confirmed AWD / 4WD","Hard 4WD requirement excludes unknown models; candidate pool weakens.","P0","Verify Egypt drivetrain for exact trim/year from official brochure.","P1 QA baseline U11; not current canonical P2"
"Mercedes-Benz B-Class","trim-confirmed seats","Seven-seat must-have excludes unknown models; fewer eligible alternatives.","P0","Verify Egypt seat count per trim/year with official evidence.","P1 QA baseline U11; not current canonical P2"
"Mercedes-Benz B-Class","segment / size class","Space/easy/reference-size/premium factors lack values; unknown fill weakens confidence.","P1","Resolve approved taxonomy with evidence and mapping review.","P1 QA baseline U11; not current canonical P2"
"Mercedes-Benz C-Class","trim-confirmed AWD / 4WD","Hard 4WD requirement excludes unknown models; candidate pool weakens.","P0","Verify Egypt drivetrain for exact trim/year from official brochure.","P1 QA baseline U11; not current canonical P2"
"Mercedes-Benz C-Class","trim-confirmed seats","Seven-seat must-have excludes unknown models; fewer eligible alternatives.","P0","Verify Egypt seat count per trim/year with official evidence.","P1 QA baseline U11; not current canonical P2"
"Mercedes-Benz CLA","trim-confirmed AWD / 4WD","Hard 4WD requirement excludes unknown models; candidate pool weakens.","P0","Verify Egypt drivetrain for exact trim/year from official brochure.","P1 QA baseline U11; not current canonical P2"
"Mercedes-Benz CLA","trim-confirmed seats","Seven-seat must-have excludes unknown models; fewer eligible alternatives.","P0","Verify Egypt seat count per trim/year with official evidence.","P1 QA baseline U11; not current canonical P2"
"Mercedes-Benz E-Class","trim-confirmed AWD / 4WD","Hard 4WD requirement excludes unknown models; candidate pool weakens.","P0","Verify Egypt drivetrain for exact trim/year from official brochure.","P1 QA baseline U11; not current canonical P2"
"Mercedes-Benz E-Class","trim-confirmed seats","Seven-seat must-have excludes unknown models; fewer eligible alternatives.","P0","Verify Egypt seat count per trim/year with official evidence.","P1 QA baseline U11; not current canonical P2"
"Mercedes-Benz EQA","trim-confirmed AWD / 4WD","Hard 4WD requirement excludes unknown models; candidate pool weakens.","P0","Verify Egypt drivetrain for exact trim/year from official brochure.","P1 QA baseline U11; not current canonical P2"
"Mercedes-Benz EQA","trim-confirmed seats","Seven-seat must-have excludes unknown models; fewer eligible alternatives.","P0","Verify Egypt seat count per trim/year with official evidence.","P1 QA baseline U11; not current canonical P2"
"Mercedes-Benz EQB","trim-confirmed AWD / 4WD","Hard 4WD requirement excludes unknown models; candidate pool weakens.","P0","Verify Egypt drivetrain for exact trim/year from official brochure.","P1 QA baseline U11; not current canonical P2"
"Mercedes-Benz EQB","trim-confirmed seats","Seven-seat must-have excludes unknown models; fewer eligible alternatives.","P0","Verify Egypt seat count per trim/year with official evidence.","P1 QA baseline U11; not current canonical P2"
"Mercedes-Benz EQB","segment / size class","Space/easy/reference-size/premium factors lack values; unknown fill weakens confidence.","P1","Resolve approved taxonomy with evidence and mapping review.","P1 QA baseline U11; not current canonical P2"
"Mercedes-Benz EQS SUV","trim-confirmed AWD / 4WD","Hard 4WD requirement excludes unknown models; candidate pool weakens.","P0","Verify Egypt drivetrain for exact trim/year from official brochure.","P1 QA baseline U11; not current canonical P2"
"Mercedes-Benz EQS SUV","trim-confirmed seats","Seven-seat must-have excludes unknown models; fewer eligible alternatives.","P0","Verify Egypt seat count per trim/year with official evidence.","P1 QA baseline U11; not current canonical P2"
"Mercedes-Benz GLA","trim-confirmed AWD / 4WD","Hard 4WD requirement excludes unknown models; candidate pool weakens.","P0","Verify Egypt drivetrain for exact trim/year from official brochure.","P1 QA baseline U11; not current canonical P2"
"Mercedes-Benz GLA","trim-confirmed seats","Seven-seat must-have excludes unknown models; fewer eligible alternatives.","P0","Verify Egypt seat count per trim/year with official evidence.","P1 QA baseline U11; not current canonical P2"
"Mercedes-Benz GLC","trim-confirmed AWD / 4WD","Hard 4WD requirement excludes unknown models; candidate pool weakens.","P0","Verify Egypt drivetrain for exact trim/year from official brochure.","P1 QA baseline U11; not current canonical P2"
"Mercedes-Benz GLC","trim-confirmed seats","Seven-seat must-have excludes unknown models; fewer eligible alternatives.","P0","Verify Egypt seat count per trim/year with official evidence.","P1 QA baseline U11; not current canonical P2"
"Mercedes-Benz GLE","trim-confirmed AWD / 4WD","Hard 4WD requirement excludes unknown models; candidate pool weakens.","P0","Verify Egypt drivetrain for exact trim/year from official brochure.","P1 QA baseline U11; not current canonical P2"
"Mercedes-Benz GLE","trim-confirmed seats","Seven-seat must-have excludes unknown models; fewer eligible alternatives.","P0","Verify Egypt seat count per trim/year with official evidence.","P1 QA baseline U11; not current canonical P2"
"Mercedes-Benz GLS","trim-confirmed AWD / 4WD","Hard 4WD requirement excludes unknown models; candidate pool weakens.","P0","Verify Egypt drivetrain for exact trim/year from official brochure.","P1 QA baseline U11; not current canonical P2"
"Mercedes-Benz GLS","trim-confirmed seats","Seven-seat must-have excludes unknown models; fewer eligible alternatives.","P0","Verify Egypt seat count per trim/year with official evidence.","P1 QA baseline U11; not current canonical P2"
"MG 5","trim-confirmed seats","Seven-seat must-have excludes unknown models; fewer eligible alternatives.","P0","Verify Egypt seat count per trim/year with official evidence.","P1 QA baseline U11; not current canonical P2"
"MG 6","trim-confirmed AWD / 4WD","Hard 4WD requirement excludes unknown models; candidate pool weakens.","P0","Verify Egypt drivetrain for exact trim/year from official brochure.","P1 QA baseline U11; not current canonical P2"
"MG 6","trim-confirmed seats","Seven-seat must-have excludes unknown models; fewer eligible alternatives.","P0","Verify Egypt seat count per trim/year with official evidence.","P1 QA baseline U11; not current canonical P2"
"MG 7","trim-confirmed seats","Seven-seat must-have excludes unknown models; fewer eligible alternatives.","P0","Verify Egypt seat count per trim/year with official evidence.","P1 QA baseline U11; not current canonical P2"
"MG GT","trim-confirmed seats","Seven-seat must-have excludes unknown models; fewer eligible alternatives.","P0","Verify Egypt seat count per trim/year with official evidence.","P1 QA baseline U11; not current canonical P2"
"MG One","trim-confirmed seats","Seven-seat must-have excludes unknown models; fewer eligible alternatives.","P0","Verify Egypt seat count per trim/year with official evidence.","P1 QA baseline U11; not current canonical P2"
"MG ZS","trim-confirmed seats","Seven-seat must-have excludes unknown models; fewer eligible alternatives.","P0","Verify Egypt seat count per trim/year with official evidence.","P1 QA baseline U11; not current canonical P2"
"MINI Countryman","trim-confirmed AWD / 4WD","Hard 4WD requirement excludes unknown models; candidate pool weakens.","P0","Verify Egypt drivetrain for exact trim/year from official brochure.","P1 QA baseline U11; not current canonical P2"
"MINI Countryman","trim-confirmed seats","Seven-seat must-have excludes unknown models; fewer eligible alternatives.","P0","Verify Egypt seat count per trim/year with official evidence.","P1 QA baseline U11; not current canonical P2"
"Mitsubishi Attrage","trim-confirmed AWD / 4WD","Hard 4WD requirement excludes unknown models; candidate pool weakens.","P0","Verify Egypt drivetrain for exact trim/year from official brochure.","P1 QA baseline U11; not current canonical P2"
"Mitsubishi Attrage","trim-confirmed seats","Seven-seat must-have excludes unknown models; fewer eligible alternatives.","P0","Verify Egypt seat count per trim/year with official evidence.","P1 QA baseline U11; not current canonical P2"
"Mitsubishi Destinator","trim-confirmed AWD / 4WD","Hard 4WD requirement excludes unknown models; candidate pool weakens.","P0","Verify Egypt drivetrain for exact trim/year from official brochure.","P1 QA baseline U11; not current canonical P2"
"Mitsubishi Destinator","trim-confirmed seats","Seven-seat must-have excludes unknown models; fewer eligible alternatives.","P0","Verify Egypt seat count per trim/year with official evidence.","P1 QA baseline U11; not current canonical P2"
"Mitsubishi Mirage","trim-confirmed AWD / 4WD","Hard 4WD requirement excludes unknown models; candidate pool weakens.","P0","Verify Egypt drivetrain for exact trim/year from official brochure.","P1 QA baseline U11; not current canonical P2"
"Mitsubishi Mirage","trim-confirmed seats","Seven-seat must-have excludes unknown models; fewer eligible alternatives.","P0","Verify Egypt seat count per trim/year with official evidence.","P1 QA baseline U11; not current canonical P2"
"Mitsubishi Outlander","trim-confirmed AWD / 4WD","Hard 4WD requirement excludes unknown models; candidate pool weakens.","P0","Verify Egypt drivetrain for exact trim/year from official brochure.","P1 QA baseline U11; not current canonical P2"
"Mitsubishi Outlander","trim-confirmed seats","Seven-seat must-have excludes unknown models; fewer eligible alternatives.","P0","Verify Egypt seat count per trim/year with official evidence.","P1 QA baseline U11; not current canonical P2"
"Mitsubishi Xpander","trim-confirmed AWD / 4WD","Hard 4WD requirement excludes unknown models; candidate pool weakens.","P0","Verify Egypt drivetrain for exact trim/year from official brochure.","P1 QA baseline U11; not current canonical P2"
"Mitsubishi Xpander","trim-confirmed seats","Seven-seat must-have excludes unknown models; fewer eligible alternatives.","P0","Verify Egypt seat count per trim/year with official evidence.","P1 QA baseline U11; not current canonical P2"
"Nissan Juke","trim-confirmed seats","Seven-seat must-have excludes unknown models; fewer eligible alternatives.","P0","Verify Egypt seat count per trim/year with official evidence.","P1 QA baseline U11; not current canonical P2"
"Nissan Magnite","trim-confirmed seats","Seven-seat must-have excludes unknown models; fewer eligible alternatives.","P0","Verify Egypt seat count per trim/year with official evidence.","P1 QA baseline U11; not current canonical P2"
"Nissan Patrol","trim-confirmed seats","Seven-seat must-have excludes unknown models; fewer eligible alternatives.","P0","Verify Egypt seat count per trim/year with official evidence.","P1 QA baseline U11; not current canonical P2"
"Nissan Sentra","trim-confirmed seats","Seven-seat must-have excludes unknown models; fewer eligible alternatives.","P0","Verify Egypt seat count per trim/year with official evidence.","P1 QA baseline U11; not current canonical P2"
"Nissan Sunny","trim-confirmed seats","Seven-seat must-have excludes unknown models; fewer eligible alternatives.","P0","Verify Egypt seat count per trim/year with official evidence.","P1 QA baseline U11; not current canonical P2"
"Nissan X-Trail","trim-confirmed seats","Seven-seat must-have excludes unknown models; fewer eligible alternatives.","P0","Verify Egypt seat count per trim/year with official evidence.","P1 QA baseline U11; not current canonical P2"
"Opel Corsa","trim-confirmed AWD / 4WD","Hard 4WD requirement excludes unknown models; candidate pool weakens.","P0","Verify Egypt drivetrain for exact trim/year from official brochure.","P1 QA baseline U11; not current canonical P2"
"Opel Corsa","trim-confirmed seats","Seven-seat must-have excludes unknown models; fewer eligible alternatives.","P0","Verify Egypt seat count per trim/year with official evidence.","P1 QA baseline U11; not current canonical P2"
"Opel Crossland","trim-confirmed AWD / 4WD","Hard 4WD requirement excludes unknown models; candidate pool weakens.","P0","Verify Egypt drivetrain for exact trim/year from official brochure.","P1 QA baseline U11; not current canonical P2"
"Opel Crossland","trim-confirmed seats","Seven-seat must-have excludes unknown models; fewer eligible alternatives.","P0","Verify Egypt seat count per trim/year with official evidence.","P1 QA baseline U11; not current canonical P2"
"Opel Frontera","trim-confirmed AWD / 4WD","Hard 4WD requirement excludes unknown models; candidate pool weakens.","P0","Verify Egypt drivetrain for exact trim/year from official brochure.","P1 QA baseline U11; not current canonical P2"
"Opel Frontera","trim-confirmed seats","Seven-seat must-have excludes unknown models; fewer eligible alternatives.","P0","Verify Egypt seat count per trim/year with official evidence.","P1 QA baseline U11; not current canonical P2"
"Opel Mokka","trim-confirmed AWD / 4WD","Hard 4WD requirement excludes unknown models; candidate pool weakens.","P0","Verify Egypt drivetrain for exact trim/year from official brochure.","P1 QA baseline U11; not current canonical P2"
"Opel Mokka","trim-confirmed seats","Seven-seat must-have excludes unknown models; fewer eligible alternatives.","P0","Verify Egypt seat count per trim/year with official evidence.","P1 QA baseline U11; not current canonical P2"
"Peugeot 2008","trim-confirmed AWD / 4WD","Hard 4WD requirement excludes unknown models; candidate pool weakens.","P0","Verify Egypt drivetrain for exact trim/year from official brochure.","P1 QA baseline U11; not current canonical P2"
"Peugeot 2008","trim-confirmed seats","Seven-seat must-have excludes unknown models; fewer eligible alternatives.","P0","Verify Egypt seat count per trim/year with official evidence.","P1 QA baseline U11; not current canonical P2"
"Peugeot 408","trim-confirmed AWD / 4WD","Hard 4WD requirement excludes unknown models; candidate pool weakens.","P0","Verify Egypt drivetrain for exact trim/year from official brochure.","P1 QA baseline U11; not current canonical P2"
"Peugeot 408","trim-confirmed seats","Seven-seat must-have excludes unknown models; fewer eligible alternatives.","P0","Verify Egypt seat count per trim/year with official evidence.","P1 QA baseline U11; not current canonical P2"
"Porsche Cayenne","trim-confirmed AWD / 4WD","Hard 4WD requirement excludes unknown models; candidate pool weakens.","P0","Verify Egypt drivetrain for exact trim/year from official brochure.","P1 QA baseline U11; not current canonical P2"
"Porsche Cayenne","trim-confirmed seats","Seven-seat must-have excludes unknown models; fewer eligible alternatives.","P0","Verify Egypt seat count per trim/year with official evidence.","P1 QA baseline U11; not current canonical P2"
"Porsche Macan","trim-confirmed AWD / 4WD","Hard 4WD requirement excludes unknown models; candidate pool weakens.","P0","Verify Egypt drivetrain for exact trim/year from official brochure.","P1 QA baseline U11; not current canonical P2"
"Porsche Macan","trim-confirmed seats","Seven-seat must-have excludes unknown models; fewer eligible alternatives.","P0","Verify Egypt seat count per trim/year with official evidence.","P1 QA baseline U11; not current canonical P2"
"Proton Saga","trim-confirmed AWD / 4WD","Hard 4WD requirement excludes unknown models; candidate pool weakens.","P0","Verify Egypt drivetrain for exact trim/year from official brochure.","P1 QA baseline U11; not current canonical P2"
"Proton Saga","trim-confirmed seats","Seven-seat must-have excludes unknown models; fewer eligible alternatives.","P0","Verify Egypt seat count per trim/year with official evidence.","P1 QA baseline U11; not current canonical P2"
"Renault Duster","trim-confirmed AWD / 4WD","Hard 4WD requirement excludes unknown models; candidate pool weakens.","P0","Verify Egypt drivetrain for exact trim/year from official brochure.","P1 QA baseline U11; not current canonical P2"
"Renault Kardian","trim-confirmed AWD / 4WD","Hard 4WD requirement excludes unknown models; candidate pool weakens.","P0","Verify Egypt drivetrain for exact trim/year from official brochure.","P1 QA baseline U11; not current canonical P2"
"Renault Megane","trim-confirmed AWD / 4WD","Hard 4WD requirement excludes unknown models; candidate pool weakens.","P0","Verify Egypt drivetrain for exact trim/year from official brochure.","P1 QA baseline U11; not current canonical P2"
"Renault Taliant","trim-confirmed AWD / 4WD","Hard 4WD requirement excludes unknown models; candidate pool weakens.","P0","Verify Egypt drivetrain for exact trim/year from official brochure.","P1 QA baseline U11; not current canonical P2"
"ROX 01","trim-confirmed AWD / 4WD","Hard 4WD requirement excludes unknown models; candidate pool weakens.","P0","Verify Egypt drivetrain for exact trim/year from official brochure.","P1 QA baseline U11; not current canonical P2"
"ROX Adamas","trim-confirmed AWD / 4WD","Hard 4WD requirement excludes unknown models; candidate pool weakens.","P0","Verify Egypt drivetrain for exact trim/year from official brochure.","P1 QA baseline U11; not current canonical P2"
"ROX Adamas","trim-confirmed seats","Seven-seat must-have excludes unknown models; fewer eligible alternatives.","P0","Verify Egypt seat count per trim/year with official evidence.","P1 QA baseline U11; not current canonical P2"
"SEAT Arona","trim-confirmed AWD / 4WD","Hard 4WD requirement excludes unknown models; candidate pool weakens.","P0","Verify Egypt drivetrain for exact trim/year from official brochure.","P1 QA baseline U11; not current canonical P2"
"SEAT Arona","trim-confirmed seats","Seven-seat must-have excludes unknown models; fewer eligible alternatives.","P0","Verify Egypt seat count per trim/year with official evidence.","P1 QA baseline U11; not current canonical P2"
"SEAT Ateca","trim-confirmed AWD / 4WD","Hard 4WD requirement excludes unknown models; candidate pool weakens.","P0","Verify Egypt drivetrain for exact trim/year from official brochure.","P1 QA baseline U11; not current canonical P2"
"SEAT Ateca","trim-confirmed seats","Seven-seat must-have excludes unknown models; fewer eligible alternatives.","P0","Verify Egypt seat count per trim/year with official evidence.","P1 QA baseline U11; not current canonical P2"
"SEAT Ibiza","trim-confirmed AWD / 4WD","Hard 4WD requirement excludes unknown models; candidate pool weakens.","P0","Verify Egypt drivetrain for exact trim/year from official brochure.","P1 QA baseline U11; not current canonical P2"
"SEAT Ibiza","trim-confirmed seats","Seven-seat must-have excludes unknown models; fewer eligible alternatives.","P0","Verify Egypt seat count per trim/year with official evidence.","P1 QA baseline U11; not current canonical P2"
"SEAT Leon","trim-confirmed AWD / 4WD","Hard 4WD requirement excludes unknown models; candidate pool weakens.","P0","Verify Egypt drivetrain for exact trim/year from official brochure.","P1 QA baseline U11; not current canonical P2"
"SEAT Leon","trim-confirmed seats","Seven-seat must-have excludes unknown models; fewer eligible alternatives.","P0","Verify Egypt seat count per trim/year with official evidence.","P1 QA baseline U11; not current canonical P2"
"Skoda KAROQ","trim-confirmed AWD / 4WD","Hard 4WD requirement excludes unknown models; candidate pool weakens.","P0","Verify Egypt drivetrain for exact trim/year from official brochure.","P1 QA baseline U11; not current canonical P2"
"Skoda KODIAQ","trim-confirmed AWD / 4WD","Hard 4WD requirement excludes unknown models; candidate pool weakens.","P0","Verify Egypt drivetrain for exact trim/year from official brochure.","P1 QA baseline U11; not current canonical P2"
"Skoda Octavia","trim-confirmed AWD / 4WD","Hard 4WD requirement excludes unknown models; candidate pool weakens.","P0","Verify Egypt drivetrain for exact trim/year from official brochure.","P1 QA baseline U11; not current canonical P2"
"Skoda Superb","trim-confirmed AWD / 4WD","Hard 4WD requirement excludes unknown models; candidate pool weakens.","P0","Verify Egypt drivetrain for exact trim/year from official brochure.","P1 QA baseline U11; not current canonical P2"
"Soueast S 05","trim-confirmed AWD / 4WD","Hard 4WD requirement excludes unknown models; candidate pool weakens.","P0","Verify Egypt drivetrain for exact trim/year from official brochure.","P1 QA baseline U11; not current canonical P2"
"Soueast S 05","trim-confirmed seats","Seven-seat must-have excludes unknown models; fewer eligible alternatives.","P0","Verify Egypt seat count per trim/year with official evidence.","P1 QA baseline U11; not current canonical P2"
"Soueast S 07","trim-confirmed AWD / 4WD","Hard 4WD requirement excludes unknown models; candidate pool weakens.","P0","Verify Egypt drivetrain for exact trim/year from official brochure.","P1 QA baseline U11; not current canonical P2"
"Soueast S 08 DM","trim-confirmed AWD / 4WD","Hard 4WD requirement excludes unknown models; candidate pool weakens.","P0","Verify Egypt drivetrain for exact trim/year from official brochure.","P1 QA baseline U11; not current canonical P2"
"Soueast S08","trim-confirmed AWD / 4WD","Hard 4WD requirement excludes unknown models; candidate pool weakens.","P0","Verify Egypt drivetrain for exact trim/year from official brochure.","P1 QA baseline U11; not current canonical P2"
"Soueast S08","trim-confirmed seats","Seven-seat must-have excludes unknown models; fewer eligible alternatives.","P0","Verify Egypt seat count per trim/year with official evidence.","P1 QA baseline U11; not current canonical P2"
"Suzuki Alto","trim-confirmed AWD / 4WD","Hard 4WD requirement excludes unknown models; candidate pool weakens.","P0","Verify Egypt drivetrain for exact trim/year from official brochure.","P1 QA baseline U11; not current canonical P2"
"Suzuki Alto","trim-confirmed seats","Seven-seat must-have excludes unknown models; fewer eligible alternatives.","P0","Verify Egypt seat count per trim/year with official evidence.","P1 QA baseline U11; not current canonical P2"
"Suzuki Baleno","trim-confirmed AWD / 4WD","Hard 4WD requirement excludes unknown models; candidate pool weakens.","P0","Verify Egypt drivetrain for exact trim/year from official brochure.","P1 QA baseline U11; not current canonical P2"
"Suzuki Baleno","trim-confirmed seats","Seven-seat must-have excludes unknown models; fewer eligible alternatives.","P0","Verify Egypt seat count per trim/year with official evidence.","P1 QA baseline U11; not current canonical P2"
"Suzuki Ertiga","trim-confirmed AWD / 4WD","Hard 4WD requirement excludes unknown models; candidate pool weakens.","P0","Verify Egypt drivetrain for exact trim/year from official brochure.","P1 QA baseline U11; not current canonical P2"
"Suzuki Ertiga","trim-confirmed seats","Seven-seat must-have excludes unknown models; fewer eligible alternatives.","P0","Verify Egypt seat count per trim/year with official evidence.","P1 QA baseline U11; not current canonical P2"
"Suzuki Fronx","trim-confirmed AWD / 4WD","Hard 4WD requirement excludes unknown models; candidate pool weakens.","P0","Verify Egypt drivetrain for exact trim/year from official brochure.","P1 QA baseline U11; not current canonical P2"
"Suzuki Fronx","trim-confirmed seats","Seven-seat must-have excludes unknown models; fewer eligible alternatives.","P0","Verify Egypt seat count per trim/year with official evidence.","P1 QA baseline U11; not current canonical P2"
"Suzuki Jimny","trim-confirmed AWD / 4WD","Hard 4WD requirement excludes unknown models; candidate pool weakens.","P0","Verify Egypt drivetrain for exact trim/year from official brochure.","P1 QA baseline U11; not current canonical P2"
"Suzuki Jimny","trim-confirmed seats","Seven-seat must-have excludes unknown models; fewer eligible alternatives.","P0","Verify Egypt seat count per trim/year with official evidence.","P1 QA baseline U11; not current canonical P2"
"Suzuki S-Presso","trim-confirmed AWD / 4WD","Hard 4WD requirement excludes unknown models; candidate pool weakens.","P0","Verify Egypt drivetrain for exact trim/year from official brochure.","P1 QA baseline U11; not current canonical P2"
"Suzuki S-Presso","trim-confirmed seats","Seven-seat must-have excludes unknown models; fewer eligible alternatives.","P0","Verify Egypt seat count per trim/year with official evidence.","P1 QA baseline U11; not current canonical P2"
"Suzuki Swift","trim-confirmed AWD / 4WD","Hard 4WD requirement excludes unknown models; candidate pool weakens.","P0","Verify Egypt drivetrain for exact trim/year from official brochure.","P1 QA baseline U11; not current canonical P2"
"Suzuki Swift","trim-confirmed seats","Seven-seat must-have excludes unknown models; fewer eligible alternatives.","P0","Verify Egypt seat count per trim/year with official evidence.","P1 QA baseline U11; not current canonical P2"
"Suzuki Swift Dzire","trim-confirmed AWD / 4WD","Hard 4WD requirement excludes unknown models; candidate pool weakens.","P0","Verify Egypt drivetrain for exact trim/year from official brochure.","P1 QA baseline U11; not current canonical P2"
"Suzuki Swift Dzire","trim-confirmed seats","Seven-seat must-have excludes unknown models; fewer eligible alternatives.","P0","Verify Egypt seat count per trim/year with official evidence.","P1 QA baseline U11; not current canonical P2"
"Tesla Model Y","trim-confirmed AWD / 4WD","Hard 4WD requirement excludes unknown models; candidate pool weakens.","P0","Verify Egypt drivetrain for exact trim/year from official brochure.","P1 QA baseline U11; not current canonical P2"
"Tesla Model Y","trim-confirmed seats","Seven-seat must-have excludes unknown models; fewer eligible alternatives.","P0","Verify Egypt seat count per trim/year with official evidence.","P1 QA baseline U11; not current canonical P2"
"Toyota Urban Cruiser","trim-confirmed AWD / 4WD","Hard 4WD requirement excludes unknown models; candidate pool weakens.","P0","Verify Egypt drivetrain for exact trim/year from official brochure.","P1 QA baseline U11; not current canonical P2"
"Vgv U70P Plus","trim-confirmed AWD / 4WD","Hard 4WD requirement excludes unknown models; candidate pool weakens.","P0","Verify Egypt drivetrain for exact trim/year from official brochure.","P1 QA baseline U11; not current canonical P2"
"Vgv U70P Plus","trim-confirmed seats","Seven-seat must-have excludes unknown models; fewer eligible alternatives.","P0","Verify Egypt seat count per trim/year with official evidence.","P1 QA baseline U11; not current canonical P2"
"Vgv U70P Plus","segment / size class","Space/easy/reference-size/premium factors lack values; unknown fill weakens confidence.","P1","Resolve approved taxonomy with evidence and mapping review.","P1 QA baseline U11; not current canonical P2"
"Volkswagen Golf","trim-confirmed AWD / 4WD","Hard 4WD requirement excludes unknown models; candidate pool weakens.","P0","Verify Egypt drivetrain for exact trim/year from official brochure.","P1 QA baseline U11; not current canonical P2"
"Volkswagen Passat","trim-confirmed AWD / 4WD","Hard 4WD requirement excludes unknown models; candidate pool weakens.","P0","Verify Egypt drivetrain for exact trim/year from official brochure.","P1 QA baseline U11; not current canonical P2"
"Volkswagen Passat","trim-confirmed seats","Seven-seat must-have excludes unknown models; fewer eligible alternatives.","P0","Verify Egypt seat count per trim/year with official evidence.","P1 QA baseline U11; not current canonical P2"
"Volkswagen T-Roc","trim-confirmed AWD / 4WD","Hard 4WD requirement excludes unknown models; candidate pool weakens.","P0","Verify Egypt drivetrain for exact trim/year from official brochure.","P1 QA baseline U11; not current canonical P2"
"Volkswagen Tayron","trim-confirmed AWD / 4WD","Hard 4WD requirement excludes unknown models; candidate pool weakens.","P0","Verify Egypt drivetrain for exact trim/year from official brochure.","P1 QA baseline U11; not current canonical P2"
"Volvo ES90","trim-confirmed AWD / 4WD","Hard 4WD requirement excludes unknown models; candidate pool weakens.","P0","Verify Egypt drivetrain for exact trim/year from official brochure.","P1 QA baseline U11; not current canonical P2"
"Volvo ES90","trim-confirmed seats","Seven-seat must-have excludes unknown models; fewer eligible alternatives.","P0","Verify Egypt seat count per trim/year with official evidence.","P1 QA baseline U11; not current canonical P2"
"Volvo ES90","segment / size class","Space/easy/reference-size/premium factors lack values; unknown fill weakens confidence.","P1","Resolve approved taxonomy with evidence and mapping review.","P1 QA baseline U11; not current canonical P2"
"Volvo EX30","trim-confirmed AWD / 4WD","Hard 4WD requirement excludes unknown models; candidate pool weakens.","P0","Verify Egypt drivetrain for exact trim/year from official brochure.","P1 QA baseline U11; not current canonical P2"
"Volvo EX30","trim-confirmed seats","Seven-seat must-have excludes unknown models; fewer eligible alternatives.","P0","Verify Egypt seat count per trim/year with official evidence.","P1 QA baseline U11; not current canonical P2"
"Volvo EX90","trim-confirmed AWD / 4WD","Hard 4WD requirement excludes unknown models; candidate pool weakens.","P0","Verify Egypt drivetrain for exact trim/year from official brochure.","P1 QA baseline U11; not current canonical P2"
"Volvo EX90","trim-confirmed seats","Seven-seat must-have excludes unknown models; fewer eligible alternatives.","P0","Verify Egypt seat count per trim/year with official evidence.","P1 QA baseline U11; not current canonical P2"
"Volvo XC 40","trim-confirmed AWD / 4WD","Hard 4WD requirement excludes unknown models; candidate pool weakens.","P0","Verify Egypt drivetrain for exact trim/year from official brochure.","P1 QA baseline U11; not current canonical P2"
"Volvo XC 40","trim-confirmed seats","Seven-seat must-have excludes unknown models; fewer eligible alternatives.","P0","Verify Egypt seat count per trim/year with official evidence.","P1 QA baseline U11; not current canonical P2"
"Volvo XC60","trim-confirmed AWD / 4WD","Hard 4WD requirement excludes unknown models; candidate pool weakens.","P0","Verify Egypt drivetrain for exact trim/year from official brochure.","P1 QA baseline U11; not current canonical P2"
"Volvo XC60","trim-confirmed seats","Seven-seat must-have excludes unknown models; fewer eligible alternatives.","P0","Verify Egypt seat count per trim/year with official evidence.","P1 QA baseline U11; not current canonical P2"
"Volvo XC90","trim-confirmed AWD / 4WD","Hard 4WD requirement excludes unknown models; candidate pool weakens.","P0","Verify Egypt drivetrain for exact trim/year from official brochure.","P1 QA baseline U11; not current canonical P2"
"Volvo XC90","trim-confirmed seats","Seven-seat must-have excludes unknown models; fewer eligible alternatives.","P0","Verify Egypt seat count per trim/year with official evidence.","P1 QA baseline U11; not current canonical P2"
"Voyah Dream","trim-confirmed AWD / 4WD","Hard 4WD requirement excludes unknown models; candidate pool weakens.","P0","Verify Egypt drivetrain for exact trim/year from official brochure.","P1 QA baseline U11; not current canonical P2"
"Voyah Dream","trim-confirmed seats","Seven-seat must-have excludes unknown models; fewer eligible alternatives.","P0","Verify Egypt seat count per trim/year with official evidence.","P1 QA baseline U11; not current canonical P2"
"Voyah Free","trim-confirmed AWD / 4WD","Hard 4WD requirement excludes unknown models; candidate pool weakens.","P0","Verify Egypt drivetrain for exact trim/year from official brochure.","P1 QA baseline U11; not current canonical P2"
"Voyah Free","trim-confirmed seats","Seven-seat must-have excludes unknown models; fewer eligible alternatives.","P0","Verify Egypt seat count per trim/year with official evidence.","P1 QA baseline U11; not current canonical P2"
"Xiaomi SU7","trim-confirmed AWD / 4WD","Hard 4WD requirement excludes unknown models; candidate pool weakens.","P0","Verify Egypt drivetrain for exact trim/year from official brochure.","P1 QA baseline U11; not current canonical P2"
"Xiaomi SU7","trim-confirmed seats","Seven-seat must-have excludes unknown models; fewer eligible alternatives.","P0","Verify Egypt seat count per trim/year with official evidence.","P1 QA baseline U11; not current canonical P2"
"Xiaomi YU7","trim-confirmed AWD / 4WD","Hard 4WD requirement excludes unknown models; candidate pool weakens.","P0","Verify Egypt drivetrain for exact trim/year from official brochure.","P1 QA baseline U11; not current canonical P2"
"Xiaomi YU7","trim-confirmed seats","Seven-seat must-have excludes unknown models; fewer eligible alternatives.","P0","Verify Egypt seat count per trim/year with official evidence.","P1 QA baseline U11; not current canonical P2"
"XPeng G6","trim-confirmed AWD / 4WD","Hard 4WD requirement excludes unknown models; candidate pool weakens.","P0","Verify Egypt drivetrain for exact trim/year from official brochure.","P1 QA baseline U11; not current canonical P2"
"XPeng G6","trim-confirmed seats","Seven-seat must-have excludes unknown models; fewer eligible alternatives.","P0","Verify Egypt seat count per trim/year with official evidence.","P1 QA baseline U11; not current canonical P2"
"XPeng G7","trim-confirmed AWD / 4WD","Hard 4WD requirement excludes unknown models; candidate pool weakens.","P0","Verify Egypt drivetrain for exact trim/year from official brochure.","P1 QA baseline U11; not current canonical P2"
"XPeng G7","trim-confirmed seats","Seven-seat must-have excludes unknown models; fewer eligible alternatives.","P0","Verify Egypt seat count per trim/year with official evidence.","P1 QA baseline U11; not current canonical P2"
"XPeng G9","trim-confirmed AWD / 4WD","Hard 4WD requirement excludes unknown models; candidate pool weakens.","P0","Verify Egypt drivetrain for exact trim/year from official brochure.","P1 QA baseline U11; not current canonical P2"
"XPeng G9","trim-confirmed seats","Seven-seat must-have excludes unknown models; fewer eligible alternatives.","P0","Verify Egypt seat count per trim/year with official evidence.","P1 QA baseline U11; not current canonical P2"
"XPeng M03","trim-confirmed AWD / 4WD","Hard 4WD requirement excludes unknown models; candidate pool weakens.","P0","Verify Egypt drivetrain for exact trim/year from official brochure.","P1 QA baseline U11; not current canonical P2"
"XPeng M03","trim-confirmed seats","Seven-seat must-have excludes unknown models; fewer eligible alternatives.","P0","Verify Egypt seat count per trim/year with official evidence.","P1 QA baseline U11; not current canonical P2"
"XPeng P7","trim-confirmed AWD / 4WD","Hard 4WD requirement excludes unknown models; candidate pool weakens.","P0","Verify Egypt drivetrain for exact trim/year from official brochure.","P1 QA baseline U11; not current canonical P2"
"XPeng P7","trim-confirmed seats","Seven-seat must-have excludes unknown models; fewer eligible alternatives.","P0","Verify Egypt seat count per trim/year with official evidence.","P1 QA baseline U11; not current canonical P2"
"XPeng X9","trim-confirmed AWD / 4WD","Hard 4WD requirement excludes unknown models; candidate pool weakens.","P0","Verify Egypt drivetrain for exact trim/year from official brochure.","P1 QA baseline U11; not current canonical P2"
"XPeng X9","trim-confirmed seats","Seven-seat must-have excludes unknown models; fewer eligible alternatives.","P0","Verify Egypt seat count per trim/year with official evidence.","P1 QA baseline U11; not current canonical P2"
"Zeekr 9X","trim-confirmed AWD / 4WD","Hard 4WD requirement excludes unknown models; candidate pool weakens.","P0","Verify Egypt drivetrain for exact trim/year from official brochure.","P1 QA baseline U11; not current canonical P2"
"Zeekr 9X","trim-confirmed seats","Seven-seat must-have excludes unknown models; fewer eligible alternatives.","P0","Verify Egypt seat count per trim/year with official evidence.","P1 QA baseline U11; not current canonical P2"
"Zeekr X","trim-confirmed AWD / 4WD","Hard 4WD requirement excludes unknown models; candidate pool weakens.","P0","Verify Egypt drivetrain for exact trim/year from official brochure.","P1 QA baseline U11; not current canonical P2"
"Zeekr X","trim-confirmed seats","Seven-seat must-have excludes unknown models; fewer eligible alternatives.","P0","Verify Egypt seat count per trim/year with official evidence.","P1 QA baseline U11; not current canonical P2"
"Kia Sportage","seats","Needed for canonical-to-P1 seven-seat eligibility.","P0","Verify exact trim/year seat count.","canonical suv_2m_v1/S6_2026-09-30@6f3df7dc12bd"
"Kia Sportage","fuel_consumption","Economy currently uses powertrain proxies; same-powertrain cars may tie. No present direct ranking effect.","P2","Capture cycle/units/local grade; future engine use requires separate P1 approval.","canonical suv_2m_v1/S6_2026-09-30@6f3df7dc12bd"
"Hyundai Tucson","fuel_consumption","Economy currently uses powertrain proxies; same-powertrain cars may tie. No present direct ranking effect.","P2","Capture cycle/units/local grade; future engine use requires separate P1 approval.","canonical suv_2m_v1/S6_2026-09-30@6f3df7dc12bd"
"Hyundai Tucson","current official grade price","Conflict/missing price weakens budget eligibility and display.","P0","Resolve against dated importer price list; preserve conflicting evidence.","canonical suv_2m_v1/S6_2026-09-30@6f3df7dc12bd"
"Volkswagen Tiguan","drive_type","Needed for canonical-to-P1 hard 4WD eligibility.","P0","Extract exact trim/year drivetrain from official Egypt brochure.","canonical suv_2m_v1/S6_2026-09-30@6f3df7dc12bd"
"Volkswagen Tiguan","trunk_capacity","Buyer comparison gap; current engine does not rank on measured boot volume.","P2","Capture litres and seat configuration; any engine use needs separate P1 approval.","canonical suv_2m_v1/S6_2026-09-30@6f3df7dc12bd"
"Volkswagen Tiguan","fuel_consumption","Economy currently uses powertrain proxies; same-powertrain cars may tie. No present direct ranking effect.","P2","Capture cycle/units/local grade; future engine use requires separate P1 approval.","canonical suv_2m_v1/S6_2026-09-30@6f3df7dc12bd"
"Jetour T2","drive_type","Needed for canonical-to-P1 hard 4WD eligibility.","P0","Extract exact trim/year drivetrain from official Egypt brochure.","canonical suv_2m_v1/S6_2026-09-30@6f3df7dc12bd"
"Jetour T2","seats","Needed for canonical-to-P1 seven-seat eligibility.","P0","Verify exact trim/year seat count.","canonical suv_2m_v1/S6_2026-09-30@6f3df7dc12bd"
"Jetour T2","trunk_capacity","Buyer comparison gap; current engine does not rank on measured boot volume.","P2","Capture litres and seat configuration; any engine use needs separate P1 approval.","canonical suv_2m_v1/S6_2026-09-30@6f3df7dc12bd"
"Jetour T2","fuel_consumption","Economy currently uses powertrain proxies; same-powertrain cars may tie. No present direct ranking effect.","P2","Capture cycle/units/local grade; future engine use requires separate P1 approval.","canonical suv_2m_v1/S6_2026-09-30@6f3df7dc12bd"
"Jetour T2","warranty","Current engine explicitly does not rank warranty; buyer economics gap.","P2","Capture years/km/exclusions with dated Egypt terms.","canonical suv_2m_v1/S6_2026-09-30@6f3df7dc12bd"
"Mitsubishi Eclipse Cross","seats","Needed for canonical-to-P1 seven-seat eligibility.","P0","Verify exact trim/year seat count.","canonical suv_2m_v1/S6_2026-09-30@6f3df7dc12bd"
"Mitsubishi Eclipse Cross","trunk_capacity","Buyer comparison gap; current engine does not rank on measured boot volume.","P2","Capture litres and seat configuration; any engine use needs separate P1 approval.","canonical suv_2m_v1/S6_2026-09-30@6f3df7dc12bd"
"Mitsubishi Eclipse Cross","fuel_consumption","Economy currently uses powertrain proxies; same-powertrain cars may tie. No present direct ranking effect.","P2","Capture cycle/units/local grade; future engine use requires separate P1 approval.","canonical suv_2m_v1/S6_2026-09-30@6f3df7dc12bd"
"Peugeot 3008","drive_type","Needed for canonical-to-P1 hard 4WD eligibility.","P0","Extract exact trim/year drivetrain from official Egypt brochure.","canonical suv_2m_v1/S6_2026-09-30@6f3df7dc12bd"
"Peugeot 3008","seats","Needed for canonical-to-P1 seven-seat eligibility.","P0","Verify exact trim/year seat count.","canonical suv_2m_v1/S6_2026-09-30@6f3df7dc12bd"
"Peugeot 3008","trunk_capacity","Buyer comparison gap; current engine does not rank on measured boot volume.","P2","Capture litres and seat configuration; any engine use needs separate P1 approval.","canonical suv_2m_v1/S6_2026-09-30@6f3df7dc12bd"
"Peugeot 3008","fuel_consumption","Economy currently uses powertrain proxies; same-powertrain cars may tie. No present direct ranking effect.","P2","Capture cycle/units/local grade; future engine use requires separate P1 approval.","canonical suv_2m_v1/S6_2026-09-30@6f3df7dc12bd"
"Soueast S06","drive_type","Needed for canonical-to-P1 hard 4WD eligibility.","P0","Extract exact trim/year drivetrain from official Egypt brochure.","canonical suv_2m_v1/S6_2026-09-30@6f3df7dc12bd"
"Soueast S06","seats","Needed for canonical-to-P1 seven-seat eligibility.","P0","Verify exact trim/year seat count.","canonical suv_2m_v1/S6_2026-09-30@6f3df7dc12bd"
"Soueast S06","trunk_capacity","Buyer comparison gap; current engine does not rank on measured boot volume.","P2","Capture litres and seat configuration; any engine use needs separate P1 approval.","canonical suv_2m_v1/S6_2026-09-30@6f3df7dc12bd"
"Soueast S06","fuel_consumption","Economy currently uses powertrain proxies; same-powertrain cars may tie. No present direct ranking effect.","P2","Capture cycle/units/local grade; future engine use requires separate P1 approval.","canonical suv_2m_v1/S6_2026-09-30@6f3df7dc12bd"
"Nissan Qashqai","seats","Needed for canonical-to-P1 seven-seat eligibility.","P0","Verify exact trim/year seat count.","canonical suv_2m_v1/S6_2026-09-30@6f3df7dc12bd"
"Opel Grandland","drive_type","Needed for canonical-to-P1 hard 4WD eligibility.","P0","Extract exact trim/year drivetrain from official Egypt brochure.","canonical suv_2m_v1/S6_2026-09-30@6f3df7dc12bd"
"Opel Grandland","seats","Needed for canonical-to-P1 seven-seat eligibility.","P0","Verify exact trim/year seat count.","canonical suv_2m_v1/S6_2026-09-30@6f3df7dc12bd"
"Opel Grandland","trunk_capacity","Buyer comparison gap; current engine does not rank on measured boot volume.","P2","Capture litres and seat configuration; any engine use needs separate P1 approval.","canonical suv_2m_v1/S6_2026-09-30@6f3df7dc12bd"
"Opel Grandland","fuel_consumption","Economy currently uses powertrain proxies; same-powertrain cars may tie. No present direct ranking effect.","P2","Capture cycle/units/local grade; future engine use requires separate P1 approval.","canonical suv_2m_v1/S6_2026-09-30@6f3df7dc12bd"
"Jetour T1","drive_type","Needed for canonical-to-P1 hard 4WD eligibility.","P0","Extract exact trim/year drivetrain from official Egypt brochure.","canonical suv_2m_v1/S6_2026-09-30@6f3df7dc12bd"
"Jetour T1","seats","Needed for canonical-to-P1 seven-seat eligibility.","P0","Verify exact trim/year seat count.","canonical suv_2m_v1/S6_2026-09-30@6f3df7dc12bd"
"Jetour T1","trunk_capacity","Buyer comparison gap; current engine does not rank on measured boot volume.","P2","Capture litres and seat configuration; any engine use needs separate P1 approval.","canonical suv_2m_v1/S6_2026-09-30@6f3df7dc12bd"
"Jetour T1","fuel_consumption","Economy currently uses powertrain proxies; same-powertrain cars may tie. No present direct ranking effect.","P2","Capture cycle/units/local grade; future engine use requires separate P1 approval.","canonical suv_2m_v1/S6_2026-09-30@6f3df7dc12bd"
"Jetour T1","warranty","Current engine explicitly does not rank warranty; buyer economics gap.","P2","Capture years/km/exclusions with dated Egypt terms.","canonical suv_2m_v1/S6_2026-09-30@6f3df7dc12bd"
"BAIC BJ30","seats","Needed for canonical-to-P1 seven-seat eligibility.","P0","Verify exact trim/year seat count.","canonical suv_2m_v1/S6_2026-09-30@6f3df7dc12bd"
"BAIC BJ30","trunk_capacity","Buyer comparison gap; current engine does not rank on measured boot volume.","P2","Capture litres and seat configuration; any engine use needs separate P1 approval.","canonical suv_2m_v1/S6_2026-09-30@6f3df7dc12bd"
"BAIC BJ30","fuel_consumption","Economy currently uses powertrain proxies; same-powertrain cars may tie. No present direct ranking effect.","P2","Capture cycle/units/local grade; future engine use requires separate P1 approval.","canonical suv_2m_v1/S6_2026-09-30@6f3df7dc12bd"
"BAIC BJ30","warranty","Current engine explicitly does not rank warranty; buyer economics gap.","P2","Capture years/km/exclusions with dated Egypt terms.","canonical suv_2m_v1/S6_2026-09-30@6f3df7dc12bd"
"MG HS","seats","Needed for canonical-to-P1 seven-seat eligibility.","P0","Verify exact trim/year seat count.","canonical suv_2m_v1/S6_2026-09-30@6f3df7dc12bd"
"MG HS","warranty","Current engine explicitly does not rank warranty; buyer economics gap.","P2","Capture years/km/exclusions with dated Egypt terms.","canonical suv_2m_v1/S6_2026-09-30@6f3df7dc12bd"
"Chery Tiggo 8 Pro Max","drive_type","Needed for canonical-to-P1 hard 4WD eligibility.","P0","Extract exact trim/year drivetrain from official Egypt brochure.","canonical suv_2m_v1/S6_2026-09-30@6f3df7dc12bd"
"Chery Tiggo 8 Pro Max","seats","Needed for canonical-to-P1 seven-seat eligibility.","P0","Verify exact trim/year seat count.","canonical suv_2m_v1/S6_2026-09-30@6f3df7dc12bd"
"Chery Tiggo 8 Pro Max","trunk_capacity","Buyer comparison gap; current engine does not rank on measured boot volume.","P2","Capture litres and seat configuration; any engine use needs separate P1 approval.","canonical suv_2m_v1/S6_2026-09-30@6f3df7dc12bd"
"Chery Tiggo 8 Pro Max","fuel_consumption","Economy currently uses powertrain proxies; same-powertrain cars may tie. No present direct ranking effect.","P2","Capture cycle/units/local grade; future engine use requires separate P1 approval.","canonical suv_2m_v1/S6_2026-09-30@6f3df7dc12bd"
"Chery Tiggo 8 Pro Max","warranty","Current engine explicitly does not rank warranty; buyer economics gap.","P2","Capture years/km/exclusions with dated Egypt terms.","canonical suv_2m_v1/S6_2026-09-30@6f3df7dc12bd"
"Renault Austral","drive_type","Needed for canonical-to-P1 hard 4WD eligibility.","P0","Extract exact trim/year drivetrain from official Egypt brochure.","canonical suv_2m_v1/S6_2026-09-30@6f3df7dc12bd"
"Renault Austral","trunk_capacity","Buyer comparison gap; current engine does not rank on measured boot volume.","P2","Capture litres and seat configuration; any engine use needs separate P1 approval.","canonical suv_2m_v1/S6_2026-09-30@6f3df7dc12bd"
"Renault Austral","fuel_consumption","Economy currently uses powertrain proxies; same-powertrain cars may tie. No present direct ranking effect.","P2","Capture cycle/units/local grade; future engine use requires separate P1 approval.","canonical suv_2m_v1/S6_2026-09-30@6f3df7dc12bd"
"Renault Austral","warranty","Current engine explicitly does not rank warranty; buyer economics gap.","P2","Capture years/km/exclusions with dated Egypt terms.","canonical suv_2m_v1/S6_2026-09-30@6f3df7dc12bd"
"Soueast S09","drive_type","Needed for canonical-to-P1 hard 4WD eligibility.","P0","Extract exact trim/year drivetrain from official Egypt brochure.","canonical suv_2m_v1/S6_2026-09-30@6f3df7dc12bd"
"Soueast S09","trunk_capacity","Buyer comparison gap; current engine does not rank on measured boot volume.","P2","Capture litres and seat configuration; any engine use needs separate P1 approval.","canonical suv_2m_v1/S6_2026-09-30@6f3df7dc12bd"
"Soueast S09","fuel_consumption","Economy currently uses powertrain proxies; same-powertrain cars may tie. No present direct ranking effect.","P2","Capture cycle/units/local grade; future engine use requires separate P1 approval.","canonical suv_2m_v1/S6_2026-09-30@6f3df7dc12bd"
"Peugeot 5008","drive_type","Needed for canonical-to-P1 hard 4WD eligibility.","P0","Extract exact trim/year drivetrain from official Egypt brochure.","canonical suv_2m_v1/S6_2026-09-30@6f3df7dc12bd"
"Peugeot 5008","seats","Needed for canonical-to-P1 seven-seat eligibility.","P0","Verify exact trim/year seat count.","canonical suv_2m_v1/S6_2026-09-30@6f3df7dc12bd"
"Peugeot 5008","trunk_capacity","Buyer comparison gap; current engine does not rank on measured boot volume.","P2","Capture litres and seat configuration; any engine use needs separate P1 approval.","canonical suv_2m_v1/S6_2026-09-30@6f3df7dc12bd"
"Peugeot 5008","fuel_consumption","Economy currently uses powertrain proxies; same-powertrain cars may tie. No present direct ranking effect.","P2","Capture cycle/units/local grade; future engine use requires separate P1 approval.","canonical suv_2m_v1/S6_2026-09-30@6f3df7dc12bd"
"Kia Seltos","seats","Needed for canonical-to-P1 seven-seat eligibility.","P0","Verify exact trim/year seat count.","canonical suv_2m_v1/S6_2026-09-30@6f3df7dc12bd"
"Kia Seltos","fuel_consumption","Economy currently uses powertrain proxies; same-powertrain cars may tie. No present direct ranking effect.","P2","Capture cycle/units/local grade; future engine use requires separate P1 approval.","canonical suv_2m_v1/S6_2026-09-30@6f3df7dc12bd"
"Kia Seltos","warranty","Current engine explicitly does not rank warranty; buyer economics gap.","P2","Capture years/km/exclusions with dated Egypt terms.","canonical suv_2m_v1/S6_2026-09-30@6f3df7dc12bd"
"KGM Torres","drive_type","Needed for canonical-to-P1 hard 4WD eligibility.","P0","Extract exact trim/year drivetrain from official Egypt brochure.","canonical suv_2m_v1/S6_2026-09-30@6f3df7dc12bd"
"KGM Torres","seats","Needed for canonical-to-P1 seven-seat eligibility.","P0","Verify exact trim/year seat count.","canonical suv_2m_v1/S6_2026-09-30@6f3df7dc12bd"
"KGM Torres","trunk_capacity","Buyer comparison gap; current engine does not rank on measured boot volume.","P2","Capture litres and seat configuration; any engine use needs separate P1 approval.","canonical suv_2m_v1/S6_2026-09-30@6f3df7dc12bd"
"KGM Torres","fuel_consumption","Economy currently uses powertrain proxies; same-powertrain cars may tie. No present direct ranking effect.","P2","Capture cycle/units/local grade; future engine use requires separate P1 approval.","canonical suv_2m_v1/S6_2026-09-30@6f3df7dc12bd"
"BYD Sealion 6","drive_type","Needed for canonical-to-P1 hard 4WD eligibility.","P0","Extract exact trim/year drivetrain from official Egypt brochure.","canonical suv_2m_v1/S6_2026-09-30@6f3df7dc12bd"
"BYD Sealion 6","seats","Needed for canonical-to-P1 seven-seat eligibility.","P0","Verify exact trim/year seat count.","canonical suv_2m_v1/S6_2026-09-30@6f3df7dc12bd"
"BYD Sealion 6","trunk_capacity","Buyer comparison gap; current engine does not rank on measured boot volume.","P2","Capture litres and seat configuration; any engine use needs separate P1 approval.","canonical suv_2m_v1/S6_2026-09-30@6f3df7dc12bd"
"BYD Sealion 6","fuel_consumption","Economy currently uses powertrain proxies; same-powertrain cars may tie. No present direct ranking effect.","P2","Capture cycle/units/local grade; future engine use requires separate P1 approval.","canonical suv_2m_v1/S6_2026-09-30@6f3df7dc12bd"
"Deepal S05","drive_type","Needed for canonical-to-P1 hard 4WD eligibility.","P0","Extract exact trim/year drivetrain from official Egypt brochure.","canonical suv_2m_v1/S6_2026-09-30@6f3df7dc12bd"
"Deepal S05","seats","Needed for canonical-to-P1 seven-seat eligibility.","P0","Verify exact trim/year seat count.","canonical suv_2m_v1/S6_2026-09-30@6f3df7dc12bd"
"Deepal S05","trunk_capacity","Buyer comparison gap; current engine does not rank on measured boot volume.","P2","Capture litres and seat configuration; any engine use needs separate P1 approval.","canonical suv_2m_v1/S6_2026-09-30@6f3df7dc12bd"
"Deepal S05","fuel_consumption","Economy currently uses powertrain proxies; same-powertrain cars may tie. No present direct ranking effect.","P2","Capture cycle/units/local grade; future engine use requires separate P1 approval.","canonical suv_2m_v1/S6_2026-09-30@6f3df7dc12bd"
"Haval H7","drive_type","Needed for canonical-to-P1 hard 4WD eligibility.","P0","Extract exact trim/year drivetrain from official Egypt brochure.","canonical suv_2m_v1/S6_2026-09-30@6f3df7dc12bd"
"Haval H7","seats","Needed for canonical-to-P1 seven-seat eligibility.","P0","Verify exact trim/year seat count.","canonical suv_2m_v1/S6_2026-09-30@6f3df7dc12bd"
"Haval H7","trunk_capacity","Buyer comparison gap; current engine does not rank on measured boot volume.","P2","Capture litres and seat configuration; any engine use needs separate P1 approval.","canonical suv_2m_v1/S6_2026-09-30@6f3df7dc12bd"
"Haval H7","fuel_consumption","Economy currently uses powertrain proxies; same-powertrain cars may tie. No present direct ranking effect.","P2","Capture cycle/units/local grade; future engine use requires separate P1 approval.","canonical suv_2m_v1/S6_2026-09-30@6f3df7dc12bd"
"BYD Song Plus","drive_type","Needed for canonical-to-P1 hard 4WD eligibility.","P0","Extract exact trim/year drivetrain from official Egypt brochure.","canonical suv_2m_v1/S6_2026-09-30@6f3df7dc12bd"
"BYD Song Plus","seats","Needed for canonical-to-P1 seven-seat eligibility.","P0","Verify exact trim/year seat count.","canonical suv_2m_v1/S6_2026-09-30@6f3df7dc12bd"
"BYD Song Plus","trunk_capacity","Buyer comparison gap; current engine does not rank on measured boot volume.","P2","Capture litres and seat configuration; any engine use needs separate P1 approval.","canonical suv_2m_v1/S6_2026-09-30@6f3df7dc12bd"
"BYD Song Plus","fuel_consumption","Economy currently uses powertrain proxies; same-powertrain cars may tie. No present direct ranking effect.","P2","Capture cycle/units/local grade; future engine use requires separate P1 approval.","canonical suv_2m_v1/S6_2026-09-30@6f3df7dc12bd"
"BYD Song Plus","warranty","Current engine explicitly does not rank warranty; buyer economics gap.","P2","Capture years/km/exclusions with dated Egypt terms.","canonical suv_2m_v1/S6_2026-09-30@6f3df7dc12bd"
"Citroën C5 Aircross","drive_type","Needed for canonical-to-P1 hard 4WD eligibility.","P0","Extract exact trim/year drivetrain from official Egypt brochure.","canonical suv_2m_v1/S6_2026-09-30@6f3df7dc12bd"
"Citroën C5 Aircross","seats","Needed for canonical-to-P1 seven-seat eligibility.","P0","Verify exact trim/year seat count.","canonical suv_2m_v1/S6_2026-09-30@6f3df7dc12bd"
"Citroën C5 Aircross","trunk_capacity","Buyer comparison gap; current engine does not rank on measured boot volume.","P2","Capture litres and seat configuration; any engine use needs separate P1 approval.","canonical suv_2m_v1/S6_2026-09-30@6f3df7dc12bd"
"Citroën C5 Aircross","fuel_consumption","Economy currently uses powertrain proxies; same-powertrain cars may tie. No present direct ranking effect.","P2","Capture cycle/units/local grade; future engine use requires separate P1 approval.","canonical suv_2m_v1/S6_2026-09-30@6f3df7dc12bd"
"BYD Song L DM-i","drive_type","Needed for canonical-to-P1 hard 4WD eligibility.","P0","Extract exact trim/year drivetrain from official Egypt brochure.","canonical suv_2m_v1/S6_2026-09-30@6f3df7dc12bd"
"BYD Song L DM-i","seats","Needed for canonical-to-P1 seven-seat eligibility.","P0","Verify exact trim/year seat count.","canonical suv_2m_v1/S6_2026-09-30@6f3df7dc12bd"
"BYD Song L DM-i","trunk_capacity","Buyer comparison gap; current engine does not rank on measured boot volume.","P2","Capture litres and seat configuration; any engine use needs separate P1 approval.","canonical suv_2m_v1/S6_2026-09-30@6f3df7dc12bd"
"BYD Song L DM-i","fuel_consumption","Economy currently uses powertrain proxies; same-powertrain cars may tie. No present direct ranking effect.","P2","Capture cycle/units/local grade; future engine use requires separate P1 approval.","canonical suv_2m_v1/S6_2026-09-30@6f3df7dc12bd"
"BYD Song L DM-i","warranty","Current engine explicitly does not rank warranty; buyer economics gap.","P2","Capture years/km/exclusions with dated Egypt terms.","canonical suv_2m_v1/S6_2026-09-30@6f3df7dc12bd"
