row_fingerprint,master_line,source,brand_raw,model_raw,trim_raw,model_year_raw,brand_id,model_id,method,trim_key,is_summary_row
f61b3d51a708,2,ContactCars,Toyota,Corolla,Active,2026,toyota,toyota/corolla,exact_normalized,active,no
136909c63147,3,ContactCars,Toyota,Corolla,Comfort,2026,toyota,toyota/corolla,exact_normalized,comfort,no
b36869993f15,4,ContactCars,Toyota,Corolla,Smart,2026,toyota,toyota/corolla,exact_normalized,smart,no
ae6ea98bcce3,5,ContactCars,Toyota,Corolla,Smart with Sunroof,2026,toyota,toyota/corolla,exact_normalized,smartsunroof,no
247590a9684b,6,ContactCars,Toyota,Corolla,Elegance,2026,toyota,toyota/corolla,exact_normalized,elegance,no
2a1c6790ce10,7,ContactCars,Toyota,Corolla,Hybrid,2026,toyota,toyota/corolla,exact_normalized,hybrid,no
c9ece00e4367,8,EgyCar,Toyota,Corolla,Active,2026,toyota,toyota/corolla,exact_normalized,active,no
ba7e96b29d16,9,EgyCar,Toyota,Corolla,Comfort,2026,toyota,toyota/corolla,exact_normalized,comfort,no
eb780b559bd5,10,EgyCar,Toyota,Corolla,Smart,2026,toyota,toyota/corolla,exact_normalized,smart,no
9ab1cbf80553,11,EgyCar,Toyota,Corolla,Smart + Sunroof,2026,toyota,toyota/corolla,exact_normalized,smartsunroof,no
cc55e788f914,12,EgyCar,Toyota,Corolla,Elegance,2026,toyota,toyota/corolla,exact_normalized,elegance,no
e3e98197f5a5,13,Hatla2ee,Toyota,Corolla,Active,2026,toyota,toyota/corolla,exact_normalized,active,no
394e9520ecd4,14,Hatla2ee,Toyota,Corolla,Comfort,2026,toyota,toyota/corolla,exact_normalized,comfort,no
09d6b0370df4,15,Hatla2ee,Toyota,Corolla,SMART,2026,toyota,toyota/corolla,exact_normalized,smart,no
f57f22b2efa8,16,Hatla2ee,Toyota,Corolla,SMART / Sun Roof,2026,toyota,toyota/corolla,exact_normalized,smartsunroof,no
a0d71604c770,17,Hatla2ee,Toyota,Corolla,Elegance,2026,toyota,toyota/corolla,exact_normalized,elegance,no
90e2594711fc,18,Official-ToyotaEgypt,Toyota,Corolla,Active,2026,toyota,toyota/corolla,exact_normalized,active,no
b3669210a430,19,Official-ToyotaEgypt,Toyota,Corolla,Comfort,2026,toyota,toyota/corolla,exact_normalized,comfort,no
e25ad09dc1ea,20,Official-ToyotaEgypt,Toyota,Corolla,Smart,2026,toyota,toyota/corolla,exact_normalized,smart,no
83725d5d545a,21,Official-ToyotaEgypt,Toyota,Corolla,Smart with Sunroof,2026,toyota,toyota/corolla,exact_normalized,smartsunroof,no
61a488ece010,22,Official-ToyotaEgypt,Toyota,Corolla,Elegance,2026,toyota,toyota/corolla,exact_normalized,elegance,no
87ce7444a339,23,YallaMotor,Toyota,Corolla,Active M/T,2026,toyota,toyota/corolla,exact_normalized,activemt,no
101e99762822,24,YallaMotor,Toyota,Corolla,Active,2026,toyota,toyota/corolla,exact_normalized,active,no
4c9002c9ac7d,25,YallaMotor,Toyota,Corolla,Smart w/ Sunroof,2026,toyota,toyota/corolla,exact_normalized,smartsunroof,no
550245be31f1,26,YallaMotor,Toyota,Corolla,Elegance,2026,toyota,toyota/corolla,exact_normalized,elegance,no
db83f9462c3f,27,YallaMotor,Toyota,Corolla,Comfort,2026,toyota,toyota/corolla,exact_normalized,comfort,no
4c9d373959af,28,YallaMotor,Toyota,Corolla,Smart,2026,toyota,toyota/corolla,exact_normalized,smart,no
119e1b800a9e,29,YallaMotor,Toyota,Corolla,GR,2026,toyota,toyota/corolla,exact_normalized,gr,no
7b519734f473,30,YallaMotor(classified),Toyota,Corolla,1.6L (various),2026,toyota,toyota/corolla,exact_normalized,16lvarious,no
f821b4ef4d71,31,YallaMotor(classified),Toyota,Corolla,1.8L Elegance (Hybrid),2026,toyota,toyota/corolla,exact_normalized,18lelegancehybrid,no
7a05b5a1bd7a,32,ContactCars,Toyota,Fortuner,Sport 4.0 4WD,2026,toyota,toyota/fortuner,exact_normalized,sport404wd,no
18953abbaae7,33,EgyCar,Toyota,Fortuner,Sport,2026 (page title says 2025 - inconsistency),toyota,toyota/fortuner,exact_normalized,sport,no
f44226cf879a,34,ContactCars,Toyota,Hilux,Single Cab,2026,toyota,toyota/hilux,exact_normalized,singlecab,no
214bcc368dbb,35,ContactCars(classified),Toyota,Land Cruiser,Unspecified,2026,toyota,toyota/land-cruiser,exact_normalized,unspecified,no
b8692ad2bbde,36,ContactCars(classified),Toyota,Hiace,Unspecified,2026,toyota,toyota/hiace,exact_normalized,unspecified,no
cd6954ba79f0,37,ContactCars(classified),Toyota,Tamaraw,Unspecified,2025,toyota,toyota/tamaraw,exact_normalized,unspecified,no
1b10ed6ca2e9,38,ContactCars,Toyota,Urban Cruiser,1.5 A/T Active,2026,toyota,toyota/urban-cruiser,exact_normalized,15atactive,no
2c4d853e1161,39,ContactCars,Toyota,Urban Cruiser,1.5 A/T Comfort,2026,toyota,toyota/urban-cruiser,exact_normalized,15atcomfort,no
7b3f0de65ddc,40,ContactCars,Toyota,bZ4X,Sport FWD,2026,toyota,toyota/bz4x,exact_normalized,sportfwd,no
bfda69f497f0,41,ContactCars,Toyota,bZ4X,Premier AWD,2026,toyota,toyota/bz4x,exact_normalized,premierawd,no
d1bad18aaa6f,42,EgyCar,Toyota,bZ4X,Sport FWD,2026,toyota,toyota/bz4x,exact_normalized,sportfwd,no
1b0d736f5714,43,EgyCar,Toyota,bZ4X,Premier AWD,2026,toyota,toyota/bz4x,exact_normalized,premierawd,no
7829ea26615f,44,Hatla2ee,Toyota,Fortuner,Sport 4.0 4WD,2026,toyota,toyota/fortuner,exact_normalized,sport404wd,no
54316b618527,45,Hatla2ee,Toyota,Hilux,Single Cab (Manual),2026,toyota,toyota/hilux,exact_normalized,singlecabmanual,no
56f09fa24990,46,Hatla2ee,Toyota,Urban Cruiser,Active,2026,toyota,toyota/urban-cruiser,exact_normalized,active,no
a459301c109e,47,Hatla2ee,Toyota,Urban Cruiser,Comfort,2026,toyota,toyota/urban-cruiser,exact_normalized,comfort,no
550efd3c138a,48,Hatla2ee,Toyota,bZ4X,Sport,2026,toyota,toyota/bz4x,exact_normalized,sport,no
e76cbf1fd121,49,Hatla2ee,Toyota,bZ4X,Premier,2026,toyota,toyota/bz4x,exact_normalized,premier,no
9719a15482b1,50,ContactCars,Skoda,Octavia,Selection Loft,2026,skoda,skoda/octavia,exact_normalized,selectionloft,no
c7763ef29ebc,51,ContactCars,Skoda,Octavia,Selection Lounge,2026,skoda,skoda/octavia,exact_normalized,selectionlounge,no
55619ac429df,52,ContactCars,Skoda,Octavia,Selection Suite,2026,skoda,skoda/octavia,exact_normalized,selectionsuite,no
4befaf02446d,53,ContactCars,Skoda,KAROQ,Selection Suite,2026,skoda,skoda/karoq,exact_normalized,selectionsuite,no
f94c013f0270,54,ContactCars,Skoda,Superb,Selection Suite 1.5,2026,skoda,skoda/superb,exact_normalized,selectionsuite15,no
2d2ba67aa51b,55,ContactCars,Skoda,Superb,L&K 1.5,2026,skoda,skoda/superb,exact_normalized,lk15,no
95e4de35df2c,56,ContactCars,Skoda,Superb,L&K 2.0,2026,skoda,skoda/superb,exact_normalized,lk20,no
be3b08def09f,57,ContactCars,Skoda,KODIAQ,Selection Loft,2026,skoda,skoda/kodiaq,exact_normalized,selectionloft,no
d0a6b025c0bf,58,ContactCars,Skoda,KODIAQ,Selection Suite,2026,skoda,skoda/kodiaq,exact_normalized,selectionsuite,no
690e7cc01bbc,59,ContactCars,Skoda,KODIAQ,Sportline,2026,skoda,skoda/kodiaq,exact_normalized,sportline,no
fc4e14454eea,60,Hatla2ee,Skoda,Octavia,Loft,2026,skoda,skoda/octavia,exact_normalized,loft,no
8d55ffabc81c,61,Hatla2ee,Skoda,Octavia,Lounge,2026,skoda,skoda/octavia,exact_normalized,lounge,no
65628ec41f20,62,Hatla2ee,Skoda,Octavia,Suite,2026,skoda,skoda/octavia,exact_normalized,suite,no
206d7491f256,63,Hatla2ee,Skoda,KAROQ,Suite,2026,skoda,skoda/karoq,exact_normalized,suite,no
faa7da2e8eb8,64,Hatla2ee,Skoda,Superb,Selection,2026,skoda,skoda/superb,exact_normalized,selection,no
a324751bf682,65,Hatla2ee,Skoda,Superb,L&K 1.5,2026,skoda,skoda/superb,exact_normalized,lk15,no
447916fe79f5,66,Hatla2ee,Skoda,Superb,L&K 2.0,2026,skoda,skoda/superb,exact_normalized,lk20,no
e6480be1f73c,67,Hatla2ee,Skoda,KODIAQ,Loft,2026,skoda,skoda/kodiaq,exact_normalized,loft,no
0dd95eb7e249,68,Hatla2ee,Skoda,KODIAQ,Suite,2026,skoda,skoda/kodiaq,exact_normalized,suite,no
8eb32531073a,69,Hatla2ee,Skoda,KODIAQ,Sportline,2026,skoda,skoda/kodiaq,exact_normalized,sportline,no
c445010834a6,70,Hatla2ee,Skoda,KODIAQ,Loft,2025,skoda,skoda/kodiaq,exact_normalized,loft,no
a8bfa917d7a8,71,Hatla2ee,Skoda,KODIAQ,Lounge,2025,skoda,skoda/kodiaq,exact_normalized,lounge,no
6731c7e2038b,72,Hatla2ee,Skoda,KODIAQ,Suite,2025,skoda,skoda/kodiaq,exact_normalized,suite,no
e5bdf1ad3593,73,Hatla2ee,Skoda,KODIAQ,Sportline,2025,skoda,skoda/kodiaq,exact_normalized,sportline,no
6c1099b72fd3,74,ContactCars,Volkswagen,Golf,Life,2025,volkswagen,volkswagen/golf,exact_normalized,life,no
2eb9c8b59f2e,75,ContactCars,Volkswagen,T-Roc,R-line,2026,volkswagen,volkswagen/t-roc,exact_normalized,rline,no
715081e92ff1,76,ContactCars,Volkswagen,Tiguan,R-Line,2026,volkswagen,volkswagen/tiguan,exact_normalized,rline,no
7386f06470c1,77,ContactCars,Volkswagen,Tayron,R-Line,2026,volkswagen,volkswagen/tayron,exact_normalized,rline,no
23e8c299a0a6,78,ContactCars,Volkswagen,Touareg,R-Line,2025,volkswagen,volkswagen/touareg,exact_normalized,rline,no
44380e06a277,79,ContactCars(classified),Volkswagen,ID.4 Crozz,Pro,2025,volkswagen,volkswagen/id-4-crozz,exact_normalized,pro,no
9dab5724af03,80,ContactCars(classified),Volkswagen,ID.4,Unspecified,2025,volkswagen,volkswagen/id-4,exact_normalized,unspecified,no
2ac3bddc797f,81,ContactCars(classified),Volkswagen,ID.6 Crozz,A/T ID6,2022,volkswagen,volkswagen/id-6-crozz,exact_normalized,atid6,no
53ea0ce05711,82,ContactCars(classified),Volkswagen,id7,Unspecified,2024,volkswagen,volkswagen/id7,exact_normalized,unspecified,no
535143216215,83,ContactCars(classified),Volkswagen,ID-ERA 9X,Premium,2026,volkswagen,volkswagen/id-era-9x,exact_normalized,premium,no
8cdbe66779c0,84,ContactCars,Changan,EADO,Elite,2026,changan,changan/eado,exact_normalized,elite,no
fbc135e118ae,85,ContactCars,Changan,EADO,Flagship,2026,changan,changan/eado,exact_normalized,flagship,no
964fcb5e275b,86,ContactCars,Changan,CS35 PLUS,ELITE,2026,changan,changan/cs35-plus,exact_normalized,elite,no
ef95d66bccc2,87,ContactCars,Changan,CS35 PLUS,PREMIUM,2026,changan,changan/cs35-plus,exact_normalized,premium,no
ba7773169c1f,88,ContactCars,Changan,CS35 PLUS,FLAGSHIP,2026,changan,changan/cs35-plus,exact_normalized,flagship,no
83186eae691c,89,ContactCars,Changan,Eado Plus,Elite,2026,changan,changan/eado-plus,exact_normalized,elite,no
4bad7aa41e3d,90,ContactCars,Changan,Eado Plus,Premium,2026,changan,changan/eado-plus,exact_normalized,premium,no
2a62cbce56eb,91,ContactCars,Changan,Eado Plus,Flagship,2026,changan,changan/eado-plus,exact_normalized,flagship,no
160c6c0b7d53,92,ContactCars,Changan,CS55-Plus,Elite (Local),2026,changan,changan/cs55-plus,exact_normalized,elitelocal,no
e1dadabc6262,93,ContactCars,Changan,CS55-Plus,Premium (Local),2026,changan,changan/cs55-plus,exact_normalized,premiumlocal,no
49ccbc7507cd,94,ContactCars,Changan,CS55-Plus,Flagship,2026,changan,changan/cs55-plus,exact_normalized,flagship,no
d8c871289fa3,95,ContactCars,Changan,CS55-Plus,Elite,2027,changan,changan/cs55-plus,exact_normalized,elite,no
fec8cae70b3a,96,ContactCars,Changan,CS55-Plus,Premium,2027,changan,changan/cs55-plus,exact_normalized,premium,no
e0b8d866ce97,97,ContactCars,Changan,UNI-V,Flagship,2026,changan,changan/uni-v,exact_normalized,flagship,no
98d206b4e62d,98,ContactCars,Changan,UNI-T,Premium,2026,changan,changan/uni-t,exact_normalized,premium,no
68163ac2ac9e,99,ContactCars,Changan,UNI-T,Flagship,2026,changan,changan/uni-t,exact_normalized,flagship,no
10829001a577,100,ContactCars,Changan,CS75 Plus,PREMIUM,2026,changan,changan/cs75-plus,exact_normalized,premium,no
6848bb39bde3,101,ContactCars,Changan,CS75 Plus,FLAGSHIP,2026,changan,changan/cs75-plus,exact_normalized,flagship,no
17f197d92083,102,ContactCars,Renault,Duster,Authentic,2026,renault,renault/duster,exact_normalized,authentic,no
acc3cd4124eb,103,ContactCars,Renault,Duster,Evolution,2026,renault,renault/duster,exact_normalized,evolution,no
19dc18efcfdf,104,ContactCars,Renault,Duster,Techno,2026,renault,renault/duster,exact_normalized,techno,no
e7a5f3a9af70,105,ContactCars,Renault,Taliant,Evolution,2026,renault,renault/taliant,exact_normalized,evolution,no
d5e3970d0f84,106,ContactCars,Renault,Taliant,Techno,2026,renault,renault/taliant,exact_normalized,techno,no
04d0a259e53c,107,ContactCars,Renault,Kardian,Evolution,2026,renault,renault/kardian,exact_normalized,evolution,no
e7614940d6f0,108,ContactCars,Renault,Kardian,Techno,2026,renault,renault/kardian,exact_normalized,techno,no
036962517398,109,ContactCars,Renault,Kardian,Iconic,2026,renault,renault/kardian,exact_normalized,iconic,no
9c22659429d5,110,ContactCars,Renault,Megane,1.6 Dynamic,2026,renault,renault/megane,exact_normalized,16dynamic,no
bc3d1743ba4a,111,ContactCars,Renault,Megane,1.6 Signature,2026,renault,renault/megane,exact_normalized,16signature,no
c5fdfbe041f0,112,ContactCars,Renault,Megane,1.3 Turbo Signature,2026,renault,renault/megane,exact_normalized,13turbosignature,no
c2a45c4b8458,113,ContactCars,Renault,Austral,Evolution Facelift,2026,renault,renault/austral,exact_normalized,evolutionfacelift,no
60a8bf522432,114,ContactCars,Renault,Austral,Techno Facelift,2026,renault,renault/austral,exact_normalized,technofacelift,no
e4f9d0a0fc4b,115,ContactCars,Renault,Austral,Iconic Facelift,2026,renault,renault/austral,exact_normalized,iconicfacelift,no
b9a5d1655875,116,ContactCars,Renault,Austral,Espirit Alpine,2026,renault,renault/austral,exact_normalized,espiritalpine,no
0395d2a06d95,117,Hatla2ee,Renault,Taliant,Evolution,2026,renault,renault/taliant,exact_normalized,evolution,no
5aa36d8e5982,118,Hatla2ee,Renault,Taliant,Techno,2026,renault,renault/taliant,exact_normalized,techno,no
14582a5e89d4,119,Hatla2ee,Renault,Kardian,Evolution,2026,renault,renault/kardian,exact_normalized,evolution,no
38e8b595701b,120,Hatla2ee,Renault,Kardian,Techno,2026,renault,renault/kardian,exact_normalized,techno,no
7b7dd12a7390,121,Hatla2ee,Renault,Kardian,Iconic,2026,renault,renault/kardian,exact_normalized,iconic,no
84da6970b428,122,Hatla2ee,Renault,Duster,H1,2026,renault,renault/duster,exact_normalized,h1,no
f186b4691d0a,123,Hatla2ee,Renault,Duster,H2,2026,renault,renault/duster,exact_normalized,h2,no
fe11d6900f17,124,Hatla2ee,Renault,Duster,H3,2026,renault,renault/duster,exact_normalized,h3,no
9b5655deb0ed,125,Hatla2ee,Renault,Megane,Dynamic,2026,renault,renault/megane,exact_normalized,dynamic,no
bcc2358abaab,126,Hatla2ee,Renault,Megane,Signature,2026,renault,renault/megane,exact_normalized,signature,no
1775c3505782,127,Hatla2ee,Renault,Megane,Signature Turbo,2026,renault,renault/megane,exact_normalized,signatureturbo,no
f0cfff3e86fc,128,Hatla2ee,Renault,Austral,Evolution,2026,renault,renault/austral,exact_normalized,evolution,no
506588928fb5,129,Hatla2ee,Renault,Austral,Techno,2026,renault,renault/austral,exact_normalized,techno,no
789f5ec52b61,130,Hatla2ee,Renault,Austral,Iconic,2026,renault,renault/austral,exact_normalized,iconic,no
1644f16e9bc9,131,Hatla2ee,Renault,Austral,Esprit Alpine,2026,renault,renault/austral,exact_normalized,espritalpine,no
e83cfffc8a4a,132,Hatla2ee,Renault,Austral,Esprit Alpine / B/E,2026,renault,renault/austral,exact_normalized,espritalpinebe,no
651514a227c3,133,ContactCars,Hyundai,Tucson,SHADOW,2026,hyundai,hyundai/tucson,exact_normalized,shadow,no
d7b5c8938105,134,ContactCars,Hyundai,Tucson,BLAZE,2026,hyundai,hyundai/tucson,exact_normalized,blaze,no
965a6f609a3f,135,ContactCars,Hyundai,Tucson,REDLINE,2026,hyundai,hyundai/tucson,exact_normalized,redline,no
3d169a92a582,136,ContactCars,Hyundai,Tucson,REDLINE N PACK,2026,hyundai,hyundai/tucson,exact_normalized,redlinenpack,no
89c4aab9d9af,137,ContactCars,Hyundai,Tucson,NIGHT,2026,hyundai,hyundai/tucson,exact_normalized,night,no
0389ffdc689b,138,ContactCars,Hyundai,Tucson,BLACK DIAMOND,2026,hyundai,hyundai/tucson,exact_normalized,blackdiamond,no
61c62e5b177f,139,ContactCars,Hyundai,Tucson,NLINE (AWD),2026,hyundai,hyundai/tucson,exact_normalized,nlineawd,no
38238216a32b,140,ContactCars,Hyundai,Tucson,SHADOW,2027,hyundai,hyundai/tucson,exact_normalized,shadow,no
c021d128160b,141,ContactCars,Hyundai,Tucson,BLAZE,2027,hyundai,hyundai/tucson,exact_normalized,blaze,no
d1e80afa1a5b,142,ContactCars,Hyundai,Tucson,REDLINE,2027,hyundai,hyundai/tucson,exact_normalized,redline,no
275d5961f323,143,ContactCars,Hyundai,Tucson,REDLINE (N Pack),2027,hyundai,hyundai/tucson,exact_normalized,redlinenpack,no
322bc7f93ebb,144,ContactCars,Hyundai,Tucson,NIGHT,2027,hyundai,hyundai/tucson,exact_normalized,night,no
2b68bd74a76c,145,ContactCars,Hyundai,Tucson,BLACK DIAMOND,2027,hyundai,hyundai/tucson,exact_normalized,blackdiamond,no
c2a15befc03c,146,ContactCars,Hyundai,Tucson,NLINE (AWD),2027,hyundai,hyundai/tucson,exact_normalized,nlineawd,no
ab4ac04c97e8,147,EgyCar,Hyundai,Tucson,SHADOW,2027,hyundai,hyundai/tucson,exact_normalized,shadow,no
d5ca31aa266c,148,EgyCar,Hyundai,Tucson,BLAZE,2027,hyundai,hyundai/tucson,exact_normalized,blaze,no
6ebfbe3fb0a7,149,EgyCar,Hyundai,Tucson,REDLINE,2027,hyundai,hyundai/tucson,exact_normalized,redline,no
0936bd417fad,150,EgyCar,Hyundai,Tucson,REDLINE N-Line,2027,hyundai,hyundai/tucson,exact_normalized,redlinenline,no
2896e591a271,151,EgyCar,Hyundai,Tucson,NIGHT,2027,hyundai,hyundai/tucson,exact_normalized,night,no
3eb3654a8647,152,EgyCar,Hyundai,Tucson,BLACK DIAMOND,2027,hyundai,hyundai/tucson,exact_normalized,blackdiamond,no
47a449c554b5,153,EgyCar,Hyundai,Tucson,NLINE,2027,hyundai,hyundai/tucson,exact_normalized,nline,no
72ed948c2da6,154,Hatla2ee,Hyundai,Tucson,SHADOW,2027,hyundai,hyundai/tucson,exact_normalized,shadow,no
0cac01ba0937,155,Hatla2ee,Hyundai,Tucson,Blaze,2027,hyundai,hyundai/tucson,exact_normalized,blaze,no
34a89546406c,156,Hatla2ee,Hyundai,Tucson,Redine,2027,hyundai,hyundai/tucson,exact_normalized,redine,no
3e4afa5ebcbb,157,Hatla2ee,Hyundai,Tucson,Redine (N Pack),2027,hyundai,hyundai/tucson,exact_normalized,redinenpack,no
020af2b7be9e,158,Hatla2ee,Hyundai,Tucson,NIGHT,2027,hyundai,hyundai/tucson,exact_normalized,night,no
30763abc0234,159,Hatla2ee,Hyundai,Tucson,BLACK DIAMOND,2027,hyundai,hyundai/tucson,exact_normalized,blackdiamond,no
cf26876dfa84,160,Hatla2ee,Hyundai,Tucson,N-Line,2027,hyundai,hyundai/tucson,exact_normalized,nline,no
c2ac83326faf,161,Hatla2ee,Hyundai,Tucson,SHADOW,2025,hyundai,hyundai/tucson,exact_normalized,shadow,no
ac1a465f57f5,162,Hatla2ee,Hyundai,Tucson,Blaze,2025,hyundai,hyundai/tucson,exact_normalized,blaze,no
ea7848af7f7e,163,Hatla2ee,Hyundai,Tucson,Redine,2025,hyundai,hyundai/tucson,exact_normalized,redine,no
2763bbfb9654,164,Hatla2ee,Hyundai,Tucson,NIGHT,2025,hyundai,hyundai/tucson,exact_normalized,night,no
e42ff9ba82b9,165,Hatla2ee,Hyundai,Tucson,BLACK DIAMOND,2025,hyundai,hyundai/tucson,exact_normalized,blackdiamond,no
79d2914d3a4a,166,Hatla2ee,Hyundai,Tucson,N-Line,2025,hyundai,hyundai/tucson,exact_normalized,nline,no
6b19d191cd68,167,ContactCars,Hyundai,i 30,HB BLAZE,2026,hyundai,hyundai/i30,exact_normalized,hbblaze,no
1e6606d16edf,168,ContactCars,Hyundai,i 30,FB BLAZE,2026,hyundai,hyundai/i30,exact_normalized,fbblaze,no
d2c20bb4de71,169,ContactCars,Hyundai,i 30,SW BLAZE,2026,hyundai,hyundai/i30,exact_normalized,swblaze,no
89e326f328c5,170,ContactCars,Hyundai,i 30,HB REDLINE,2026,hyundai,hyundai/i30,exact_normalized,hbredline,no
73b597cb2815,171,ContactCars,Hyundai,i 30,SW REDLINE,2026,hyundai,hyundai/i30,exact_normalized,swredline,no
b3536340ce1e,172,ContactCars,Hyundai,i 30,FB REDLINE,2026,hyundai,hyundai/i30,exact_normalized,fbredline,no
0d0fca0e98f2,173,ContactCars,Hyundai,i 30,HB NLINE,2026,hyundai,hyundai/i30,exact_normalized,hbnline,no
696520d39ab9,174,ContactCars,Hyundai,i 30,FB NLINE,2026,hyundai,hyundai/i30,exact_normalized,fbnline,no
9dea66ffddeb,175,EgyCar,Hyundai,i30,Blaze Hatchback,2026,hyundai,hyundai/i30,exact_normalized,blazehatchback,no
9c272ce6435d,176,EgyCar,Hyundai,i30,Redline Hatchback,2026,hyundai,hyundai/i30,exact_normalized,redlinehatchback,no
92dee74df198,177,EgyCar,Hyundai,i30,N Line Hatchback,2026,hyundai,hyundai/i30,exact_normalized,nlinehatchback,no
f6b71cf56100,178,EgyCar,Hyundai,i30,Blaze Fastback,2026,hyundai,hyundai/i30,exact_normalized,blazefastback,no
066aec64fcb7,179,EgyCar,Hyundai,i30,Redline Fastback,2026,hyundai,hyundai/i30,exact_normalized,redlinefastback,no
2ae5ddeea448,180,EgyCar,Hyundai,i30,N Line Fastback,2026,hyundai,hyundai/i30,exact_normalized,nlinefastback,no
89628b889caf,181,ContactCars,Hyundai,Elantra AD,Baseline,2026,hyundai,hyundai/elantra-ad,exact_normalized,baseline,no
169f976afe5b,182,ContactCars,Hyundai,Elantra AD,Modern,2026,hyundai,hyundai/elantra-ad,exact_normalized,modern,no
9563569be4c2,183,ContactCars,Hyundai,Elantra AD,MODERN Sunroof,2026,hyundai,hyundai/elantra-ad,exact_normalized,modernsunroof,no
cc718d27a37d,184,ContactCars,Hyundai,Elantra AD,Topline,2026,hyundai,hyundai/elantra-ad,exact_normalized,topline,no
b1a533f1f7fd,185,ContactCars,Hyundai,Elantra AD,1.6 AT BASELINE,2027,hyundai,hyundai/elantra-ad,exact_normalized,16atbaseline,no
8445ffbb7c9b,186,ContactCars,Hyundai,Elantra AD,1.6 AT MODERN,2027,hyundai,hyundai/elantra-ad,exact_normalized,16atmodern,no
9a7180fc6d08,187,ContactCars,Hyundai,Elantra AD,1.6 AT MODERN Sunroof,2027,hyundai,hyundai/elantra-ad,exact_normalized,16atmodernsunroof,no
dfa33d4c160d,188,ContactCars,Hyundai,Elantra AD,1.6 AT TOPLINE,2027,hyundai,hyundai/elantra-ad,exact_normalized,16attopline,no
4eee349b9ab2,189,EgyCar,Hyundai,Elantra AD,Baseline,2027,hyundai,hyundai/elantra-ad,exact_normalized,baseline,no
9f97513bc343,190,EgyCar,Hyundai,Elantra AD,Modern,2027,hyundai,hyundai/elantra-ad,exact_normalized,modern,no
018ad0b49d96,191,EgyCar,Hyundai,Elantra AD,Modern + Sunroof,2027,hyundai,hyundai/elantra-ad,exact_normalized,modernsunroof,no
945d5a9789de,192,EgyCar,Hyundai,Elantra AD,Topline,2027,hyundai,hyundai/elantra-ad,exact_normalized,topline,no
8824f97f69f7,193,ContactCars,Hyundai,IONIQ 5,Connect Plus LR RR,2025,hyundai,hyundai/ioniq-5,exact_normalized,connectpluslrrr,no
9ef3801437a9,194,ContactCars,Hyundai,IONIQ 5,Extreme LR RR,2025,hyundai,hyundai/ioniq-5,exact_normalized,extremelrrr,no
925c3bec018c,195,ContactCars,Hyundai,IONIQ 5,Extreme LR AWD,2025,hyundai,hyundai/ioniq-5,exact_normalized,extremelrawd,no
6c6c14565463,196,ContactCars,Hyundai,IONIQ 5,N BOOST 84,2025,hyundai,hyundai/ioniq-5,exact_normalized,nboost84,no
09477ca5073c,197,ContactCars,Hyundai,Venue,1.6 A/T Mid,2027,hyundai,hyundai/venue,exact_normalized,16atmid,no
3b65c99a0338,198,ContactCars,Hyundai,Venue,1.6 A/T,2027,hyundai,hyundai/venue,exact_normalized,16at,no
4f68195166e6,199,ContactCars,Hyundai,Venue,1.6 A/T Topline,2027,hyundai,hyundai/venue,exact_normalized,16attopline,no
2a7f0a92cfd8,200,ContactCars,Hyundai,IONIQ 6,EXTREME LONG RANGE RWD,2025,hyundai,hyundai/ioniq-6,exact_normalized,extremelongrangerwd,no
41547c56d4f9,201,ContactCars,Hyundai,IONIQ 6,EXTREME LONG RANGE AWD,2025,hyundai,hyundai/ioniq-6,exact_normalized,extremelongrangeawd,no
8bb292f1aacb,202,ContactCars,Hyundai,IONIQ 9,Connect,2026,hyundai,hyundai/ioniq-9,exact_normalized,connect,no
b2d75a23d840,203,ContactCars,Hyundai,IONIQ 9,Extreme,2026,hyundai,hyundai/ioniq-9,exact_normalized,extreme,no
a265a0117697,204,ContactCars,Hyundai,IONIQ 9,Caligraphy,2026,hyundai,hyundai/ioniq-9,exact_normalized,caligraphy,no
28b759dbd535,205,ContactCars,Hyundai,Staria,Base (single trim),2025,hyundai,hyundai/staria,exact_normalized,basesingletrim,no
04e7b0858e09,206,ContactCars,Chevrolet,Optra,LS,2026,chevrolet,chevrolet/optra,exact_normalized,ls,no
2df04378c430,207,ContactCars,Chevrolet,Optra,LT,2026,chevrolet,chevrolet/optra,exact_normalized,lt,no
29bb0f64eff5,208,ContactCars,Chevrolet,Optra,LS,2027,chevrolet,chevrolet/optra,exact_normalized,ls,no
9697ad5deeac,209,ContactCars,Chevrolet,Optra,LT,2027,chevrolet,chevrolet/optra,exact_normalized,lt,no
75d0f8c852a4,210,EgyCar,Chevrolet,Optra,LS,2027,chevrolet,chevrolet/optra,exact_normalized,ls,no
3862ca67ebd6,211,EgyCar,Chevrolet,Optra,LT,2027,chevrolet,chevrolet/optra,exact_normalized,lt,no
66bbe54fc9b6,212,ContactCars,Chevrolet,Captiva,LV3 (7 Seats),2026,chevrolet,chevrolet/captiva,exact_normalized,lv37seats,no
3eb883dfcd7c,213,EgyCar,Chevrolet,Captiva,Premier 7 Seats,2026,chevrolet,chevrolet/captiva,exact_normalized,premier7seats,no
130802417c0f,214,ContactCars,Chevrolet,Captiva EV,Premier,2026,chevrolet,chevrolet/captiva-ev,exact_normalized,premier,no
c5c8a6611dea,215,ContactCars(classified),Chevrolet,Malibu,1.5 A/T Turbo Premier,2022 (sold as New),chevrolet,chevrolet/malibu,exact_normalized,15atturbopremier,no
73ccf4eb2768,216,ContactCars,Chevrolet,N300,Base (single trim),2025,chevrolet,chevrolet/n300,exact_normalized,basesingletrim,no
e64bb8c6196e,217,ContactCars,Chevrolet,Spark EUV,Base (single trim),2026,chevrolet,chevrolet/spark-euv,exact_normalized,basesingletrim,no
ababc60bf9c3,218,ContactCars,Chevrolet,TFR,Base (single trim),2026,chevrolet,chevrolet/tfr,exact_normalized,basesingletrim,no
cd9ae39269f8,219,ContactCars,Chevrolet,Jumbo NPR,Base (single trim),2027,chevrolet,chevrolet/jumbo-npr,exact_normalized,basesingletrim,no
17432e4cb675,220,ContactCars,Chevrolet,NQR,Base (single trim),2027,chevrolet,chevrolet/nqr,exact_normalized,basesingletrim,no
39693b39c19d,221,ContactCars,Chevrolet,S10 Max,Base (single trim),2026,chevrolet,chevrolet/s10-max,exact_normalized,basesingletrim,no
7c9c8df5ab22,222,ContactCars,Kia,Sportage,LX,2026,kia,kia/sportage,exact_normalized,lx,no
96d62741eee9,223,ContactCars,Kia,Sportage,EX,2026,kia,kia/sportage,exact_normalized,ex,no
fe95ed60d3d7,224,ContactCars,Kia,Sportage,Highline,2026,kia,kia/sportage,exact_normalized,highline,no
480c980267aa,225,ContactCars,Kia,Sportage,Premium,2026,kia,kia/sportage,exact_normalized,premium,no
956c41bf2935,226,ContactCars,Kia,Sportage,GT Line,2026,kia,kia/sportage,exact_normalized,gtline,no
b45a8e0113de,227,ContactCars,Kia,Sportage,LX,2027,kia,kia/sportage,exact_normalized,lx,no
7fdc77357823,228,ContactCars,Kia,Sportage,EX,2027,kia,kia/sportage,exact_normalized,ex,no
f60eb87a3b26,229,ContactCars,Kia,Sportage,Highline,2027,kia,kia/sportage,exact_normalized,highline,no
7489f104ef85,230,ContactCars,Kia,Sportage,Premium,2027,kia,kia/sportage,exact_normalized,premium,no
ade8ee151dd7,231,ContactCars,Kia,Sportage,GT-line,2027,kia,kia/sportage,exact_normalized,gtline,no
c3ed85b5ce56,232,EgyCar,Kia,Sportage,LX,2027,kia,kia/sportage,exact_normalized,lx,no
4bc973feaf54,233,EgyCar,Kia,Sportage,EX,2027,kia,kia/sportage,exact_normalized,ex,no
29f9f98f8a4d,234,EgyCar,Kia,Sportage,Highline,2027,kia,kia/sportage,exact_normalized,highline,no
5f60be760eec,235,EgyCar,Kia,Sportage,Premium,2027,kia,kia/sportage,exact_normalized,premium,no
9fcf08e5e740,236,EgyCar,Kia,Sportage,GT Line,2027,kia,kia/sportage,exact_normalized,gtline,no
75caf35dfd6e,237,Hatla2ee,Kia,Sportage,LX,2027,kia,kia/sportage,exact_normalized,lx,no
319de13646c5,238,Hatla2ee,Kia,Sportage,EX,2027,kia,kia/sportage,exact_normalized,ex,no
1f1e5cd9cf2c,239,Hatla2ee,Kia,Sportage,Highline,2027,kia,kia/sportage,exact_normalized,highline,no
83ea7f685587,240,Hatla2ee,Kia,Sportage,Premium,2027,kia,kia/sportage,exact_normalized,premium,no
eceb46ec3866,241,Hatla2ee,Kia,Sportage,GT-line,2027,kia,kia/sportage,exact_normalized,gtline,no
fa052a5a029d,242,Hatla2ee,Kia,Sportage,LX,2025,kia,kia/sportage,exact_normalized,lx,no
e2da04ea7628,243,Hatla2ee,Kia,Sportage,EX,2025,kia,kia/sportage,exact_normalized,ex,no
d02d8c7e453c,244,Hatla2ee,Kia,Sportage,Highline,2025,kia,kia/sportage,exact_normalized,highline,no
2d942bebad39,245,Hatla2ee,Kia,Sportage,Top Line,2025,kia,kia/sportage,exact_normalized,topline,no
09594e9e72ba,246,Hatla2ee,Kia,Sportage,GT-Line,2025,kia,kia/sportage,exact_normalized,gtline,no
f3da321443b6,247,ContactCars,Kia,Seltos,EX,2026,kia,kia/seltos,exact_normalized,ex,no
93805fc3e928,248,ContactCars,Kia,Seltos,Highline Turbo,2026,kia,kia/seltos,exact_normalized,highlineturbo,no
389b540a973f,249,ContactCars,Kia,Seltos,Topline Turbo,2026,kia,kia/seltos,exact_normalized,toplineturbo,no
ab2c23e1b35e,250,EgyCar,Kia,Seltos,EX,2026,kia,kia/seltos,exact_normalized,ex,no
187b69d234e3,251,EgyCar,Kia,Seltos,Highline Turbo,2026,kia,kia/seltos,exact_normalized,highlineturbo,no
df469a3b2ccb,252,EgyCar,Kia,Seltos,Topline Turbo,2026,kia,kia/seltos,exact_normalized,toplineturbo,no
3eab8df9b33d,253,ContactCars(classified),Kia,Grand Cerato,1.6 A/T LX FO,2024 (sold as New),kia,kia/grand-cerato,exact_normalized,16atlxfo,no
20b5f4495511,254,ContactCars(pricetable),Kia,Grand Cerato,1.6 A/T LX FO,2024,kia,kia/grand-cerato,exact_normalized,16atlxfo,yes
6dc7aefb1bfd,255,ContactCars(pricetable),Kia,Grand Cerato,1.6 A/T EX CAM,2024,kia,kia/grand-cerato,exact_normalized,16atexcam,yes
a007e78cf720,256,ContactCars(pricetable),Kia,Grand Cerato,1.6 A/T H/L,2024,kia,kia/grand-cerato,exact_normalized,16athl,yes
70b4a0e91d8e,257,ContactCars(pricetable),Kia,Grand Cerato,Other Trims,2024,kia,kia/grand-cerato,exact_normalized,othertrims,yes
d6f768cad623,258,ContactCars,Kia,EV3,GT Line,2026,kia,kia/ev3,exact_normalized,gtline,no
f1e0ba3167b7,259,ContactCars,Kia,EV5,Earth,2025,kia,kia/ev5,exact_normalized,earth,no
9f8b988732f4,260,ContactCars,Kia,EV6,Earth,2025,kia,kia/ev6,exact_normalized,earth,no
f038392e0bc5,261,ContactCars,Kia,EV6,GT Line,2025,kia,kia/ev6,exact_normalized,gtline,no
41571b58aabb,262,ContactCars,Kia,EV6,Base (single trim),2026,kia,kia/ev6,exact_normalized,basesingletrim,no
8311407a4669,263,ContactCars,Kia,Sorento,Base (single trim),2026,kia,kia/sorento,exact_normalized,basesingletrim,no
6b5fbf7e1cc8,264,ContactCars,Kia,EV9,GT Line 7 Seats,2025,kia,kia/ev9,exact_normalized,gtline7seats,no
3a61348c581e,265,ContactCars,Kia,EV9,GT Line 6 Seats Swivelling,2025,kia,kia/ev9,exact_normalized,gtline6seatsswivelling,no
f69a6bcb2dcb,266,ContactCars,Kia,Carnival,Base (single trim),2026,kia,kia/carnival,exact_normalized,basesingletrim,no
dd8bade4f27b,267,ContactCars(classified),BYD,Seal,Unspecified,2025,byd,byd/seal,exact_normalized,unspecified,no
f4fb1e341f72,268,ContactCars,BYD,Seal,Other Trims,2025,byd,byd/seal,exact_normalized,othertrims,no
c2ce297cea1f,269,ContactCars(classified),BYD,Atto 8,Ultra,2026,byd,byd/atto-8,exact_normalized,ultra,no
2142fe5ae480,270,ContactCars(classified),BYD,Sealion 6,Unspecified,2025,byd,byd/sealion-6,exact_normalized,unspecified,no
b1e33cbee402,271,ContactCars(classified),BYD,Shark 6 DMO,Unspecified,2027,byd,byd/shark-6-dmo,exact_normalized,unspecified,no
180c269d0539,272,ContactCars(classified),BYD,Song L,662 Km Excellent,2024 (sold as New),byd,byd/song-l,exact_normalized,662kmexcellent,no
40c6b77cee93,273,ContactCars(classified),BYD,Dolphin Surf,Unspecified,2027,byd,byd/dolphin-surf,exact_normalized,unspecified,no
821e1d1028b1,274,EgyCar,BYD,Atto 8,Design,2026,byd,byd/atto-8,exact_normalized,design,no
368e78eb466a,275,EgyCar,BYD,Sealion 5,Ultra,2026,byd,byd/sealion-5,exact_normalized,ultra,no
75b9078026ae,276,EgyCar,BYD,Sealion 5,Luxury,2026,byd,byd/sealion-5,exact_normalized,luxury,no
36c5068319eb,277,Hatla2ee,BYD,F3,Manual,2025,byd,byd/f3,exact_normalized,manual,no
34e8e77f7aa4,278,Hatla2ee,BYD,F3,Automatic,2025,byd,byd/f3,exact_normalized,automatic,no
f28604ac233d,279,Hatla2ee,BYD,Dolphin Surf,Automatic,2027,byd,byd/dolphin-surf,exact_normalized,automatic,no
fd5cd8c5ec2e,280,Hatla2ee,BYD,Sealion 6,EV,2026,byd,byd/sealion-6,exact_normalized,ev,no
a3ac4267ed42,281,Hatla2ee,BYD,Sealion 6,EV Luxury,2027,byd,byd/sealion-6,exact_normalized,evluxury,no
1ae853ee7f3d,282,Hatla2ee,BYD,Sealion 6,DM-i Ultra,2027,byd,byd/sealion-6,exact_normalized,dmiultra,no
e5cc7db2fdbf,283,Hatla2ee,BYD,Sealion 6,DM-i Luxury,2027,byd,byd/sealion-6,exact_normalized,dmiluxury,no
74ce8497dc0e,284,Hatla2ee,BYD,TI 7,Ultra,2027,byd,byd/ti-7,exact_normalized,ultra,no
bb1cd50f13fe,285,Hatla2ee,BYD,TI 7,Luxury,2027,byd,byd/ti-7,exact_normalized,luxury,no
3d333d5e5655,286,Hatla2ee,BYD,M9,Ultra,2027,byd,byd/m9,exact_normalized,ultra,no
2e70f27b7013,287,Hatla2ee,BYD,M9,Luxury,2027,byd,byd/m9,exact_normalized,luxury,no
971491496f49,288,Hatla2ee,BYD,Sealion 5,Ultra,2026,byd,byd/sealion-5,exact_normalized,ultra,no
3f20be27d3de,289,Hatla2ee,BYD,Sealion 5,Luxury,2026,byd,byd/sealion-5,exact_normalized,luxury,no
d3bb4f0e3061,290,Hatla2ee,BYD,Atto 8,Ultra,2026,byd,byd/atto-8,exact_normalized,ultra,no
7d71cbaffc6b,291,ContactCars,Nissan,Sunny,A/T Base,2027,nissan,nissan/sunny,exact_normalized,atbase,no
e15d6f60a266,292,ContactCars,Nissan,Sunny,AT Mid,2027,nissan,nissan/sunny,exact_normalized,atmid,no
96dbf9d126b7,293,ContactCars,Nissan,Sunny,AT Super salon,2027,nissan,nissan/sunny,exact_normalized,atsupersalon,no
88f2f39ef436,294,ContactCars,Nissan,Magnite,Visia,2027,nissan,nissan/magnite,exact_normalized,visia,no
b7caa6764f6e,295,ContactCars,Nissan,Magnite,Acenta,2027,nissan,nissan/magnite,exact_normalized,acenta,no
db53939468ad,296,ContactCars,Nissan,Magnite,Tekna,2027,nissan,nissan/magnite,exact_normalized,tekna,no
e9ebada3fa07,297,ContactCars,Nissan,Magnite,Tekna+,2027,nissan,nissan/magnite,exact_normalized,tekna,no
1130f89d5959,298,ContactCars,Nissan,Sentra,Premium,2027,nissan,nissan/sentra,exact_normalized,premium,no
cee5d6149e8b,299,ContactCars,Nissan,Juke,Acenta,2027,nissan,nissan/juke,exact_normalized,acenta,no
9c3cdeeba069,300,ContactCars,Nissan,Juke,Tekna,2027,nissan,nissan/juke,exact_normalized,tekna,no
00c639656442,301,ContactCars,Nissan,Juke,Tekna N-design,2027,nissan,nissan/juke,exact_normalized,teknandesign,no
ef0dadbe4f3a,302,ContactCars,Nissan,Juke,Tekna N-Design,2026,nissan,nissan/juke,exact_normalized,teknandesign,no
6fe9656ad405,303,ContactCars,Nissan,Navara,Single Cab 2.5D XE Plus 4X2 MT,2026,nissan,nissan/navara,exact_normalized,singlecab25dxeplus4x2mt,no
807e41bb6353,304,ContactCars,Nissan,Navara,4WD MT XE Plus,2026,nissan,nissan/navara,exact_normalized,4wdmtxeplus,no
36dc5e858617,305,ContactCars,Nissan,Navara,4WD AT SE Plus,2026,nissan,nissan/navara,exact_normalized,4wdatseplus,no
aa682354d44b,306,ContactCars,Nissan,Navara,4WD MT LE Plus,2026,nissan,nissan/navara,exact_normalized,4wdmtleplus,no
8642829591f7,307,ContactCars,Nissan,Navara,4WD AT LE Plus,2026,nissan,nissan/navara,exact_normalized,4wdatleplus,no
f7028a4749bb,308,ContactCars,Nissan,Qashqai,N-connecta,2027,nissan,nissan/qashqai,exact_normalized,nconnecta,no
0c0b518960aa,309,ContactCars,Nissan,Qashqai,N-connecta Plus,2027,nissan,nissan/qashqai,exact_normalized,nconnectaplus,no
a6281c94c09b,310,ContactCars,Nissan,Qashqai,N-connecta+ 2T,2027,nissan,nissan/qashqai,exact_normalized,nconnecta2t,no
9ef145e465a3,311,ContactCars,Nissan,Qashqai,Tekna 2T,2027,nissan,nissan/qashqai,exact_normalized,tekna2t,no
85b1d274ce58,312,ContactCars,Nissan,Qashqai,N-Design e-PWR,2027,nissan,nissan/qashqai,exact_normalized,ndesignepwr,no
84f67d2d429b,313,ContactCars,Nissan,Qashqai,Tekna Plus 4WD,2027,nissan,nissan/qashqai,exact_normalized,teknaplus4wd,no
e3c8f9364ef6,314,ContactCars,Nissan,X-Trail,Acenta Plus,2026,nissan,nissan/x-trail,exact_normalized,acentaplus,no
3e90b697503f,315,ContactCars,Nissan,X-Trail,N-Trek,2026,nissan,nissan/x-trail,exact_normalized,ntrek,no
98c6fe13f452,316,ContactCars,Nissan,X-Trail,Tekna,2026,nissan,nissan/x-trail,exact_normalized,tekna,no
eb982989c7d3,317,ContactCars,Nissan,Patrol,XE,2026,nissan,nissan/patrol,exact_normalized,xe,no
2d157c4c1b3d,318,ContactCars,Nissan,Patrol,SE,2026,nissan,nissan/patrol,exact_normalized,se,no
f86ae02f2487,319,ContactCars,Nissan,Patrol,SE Titanium,2026,nissan,nissan/patrol,exact_normalized,setitanium,no
e3900504a9f1,320,ContactCars,Nissan,Patrol,LE1,2026,nissan,nissan/patrol,exact_normalized,le1,no
d6029a7a1541,321,ContactCars,Nissan,Patrol,SE Platinum City,2026,nissan,nissan/patrol,exact_normalized,seplatinumcity,no
486d25049881,322,ContactCars,Nissan,Patrol,LE2,2026,nissan,nissan/patrol,exact_normalized,le2,no
d868eaac5f15,323,ContactCars,Nissan,Patrol,LE Titanium,2026,nissan,nissan/patrol,exact_normalized,letitanium,no
bf12438ff57b,324,ContactCars,Nissan,Patrol,LE Platinum City,2026,nissan,nissan/patrol,exact_normalized,leplatinumcity,no
ab25db739231,325,ContactCars,Nissan,N7,FWD,2025,nissan,nissan/n7,exact_normalized,fwd,no
550264c022b9,326,ContactCars(classified),Nissan,Armada,Unspecified trim,2026,nissan,nissan/armada,exact_normalized,unspecifiedtrim,no
a4fbabe0821b,327,EgyCar,Nissan,Sunny,Baseline AT,2027,nissan,nissan/sunny,exact_normalized,baselineat,no
fa58e251a733,328,EgyCar,Nissan,Sunny,Midline,2027,nissan,nissan/sunny,exact_normalized,midline,no
895c9453a2a3,329,EgyCar,Nissan,Sunny,Super Saloon,2027,nissan,nissan/sunny,exact_normalized,supersaloon,no
5c972b237d90,330,EgyCar,Nissan,Magnite,Visia,2027,nissan,nissan/magnite,exact_normalized,visia,no
69f41ff5276f,331,EgyCar,Nissan,Magnite,Acenta,2027,nissan,nissan/magnite,exact_normalized,acenta,no
68acfa4ceaed,332,EgyCar,Nissan,Magnite,Tekna,2027,nissan,nissan/magnite,exact_normalized,tekna,no
59c4f84da169,333,EgyCar,Nissan,Magnite,Tekna+,2027,nissan,nissan/magnite,exact_normalized,tekna,no
e5f1c938933e,334,EgyCar,Nissan,Juke,Acenta,2026,nissan,nissan/juke,exact_normalized,acenta,no
90e4c7f74f71,335,EgyCar,Nissan,Juke,Tekna,2026,nissan,nissan/juke,exact_normalized,tekna,no
12a71aa54bbf,336,EgyCar,Nissan,Juke,N-Sport,2026,nissan,nissan/juke,exact_normalized,nsport,no
b9ccc97153ad,337,EgyCar,Nissan,Juke,N-Design,2026,nissan,nissan/juke,exact_normalized,ndesign,no
3fa0e07049d5,338,EgyCar,Nissan,X-Trail,Acenta Plus,2026,nissan,nissan/x-trail,exact_normalized,acentaplus,no
d8e7e3fd15ce,339,EgyCar,Nissan,X-Trail,N-Trek,2026,nissan,nissan/x-trail,exact_normalized,ntrek,no
3f490740cc36,340,EgyCar,Nissan,X-Trail,Tekna e-4ORCE,2026,nissan,nissan/x-trail,exact_normalized,teknae4orce,no
ab47a038911c,341,EgyCar,Nissan,Sentra,Full Option,2027,nissan,nissan/sentra,exact_normalized,fulloption,no
fbb20c9b76dc,342,EgyCar,Nissan,Qashqai,N-Connecta,2027,nissan,nissan/qashqai,exact_normalized,nconnecta,no
986a108b1f43,343,EgyCar,Nissan,Qashqai,N-Connecta+,2027,nissan,nissan/qashqai,exact_normalized,nconnecta,no
336d527571ee,344,EgyCar,Nissan,Qashqai,TEKNA,2027,nissan,nissan/qashqai,exact_normalized,tekna,no
0bfacef776da,345,EgyCar,Nissan,Qashqai,e-Power,2027,nissan,nissan/qashqai,exact_normalized,epower,no
3c9c07bbbe70,346,EgyCar,Nissan,Qashqai,TEKNA+ 4WD,2027,nissan,nissan/qashqai,exact_normalized,tekna4wd,no
1a198167fdf7,347,Hatla2ee,Nissan,Sunny,Manual/Baseline,2027,nissan,nissan/sunny,exact_normalized,manualbaseline,no
c357e7cf39dd,348,Hatla2ee,Nissan,Sunny,A/T/Baseline,2027,nissan,nissan/sunny,exact_normalized,atbaseline,no
c27af6b3dc2d,349,Hatla2ee,Nissan,Sunny,A/T/plus,2027,nissan,nissan/sunny,exact_normalized,atplus,no
be7c5d9af2db,350,Hatla2ee,Nissan,Sunny,A/T/Super Saloon,2027,nissan,nissan/sunny,exact_normalized,atsupersaloon,no
cd4af6692362,351,Hatla2ee(summary),Nissan,Magnite,"(range, 4 classes)",2027,nissan,nissan/magnite,exact_normalized,range4classes,yes
5e62a69c9563,352,Hatla2ee(summary),Nissan,Sentra,"(range, 1 class)",2026,nissan,nissan/sentra,exact_normalized,range1class,yes
861a55e862d8,353,Hatla2ee(summary),Nissan,Juke,"(range, 4 classes)",2025,nissan,nissan/juke,exact_normalized,range4classes,yes
811377a4c5d1,354,Hatla2ee(summary),Nissan,Juke,"(range, 4 classes) Facelift",2027,nissan,nissan/juke,exact_normalized,range4classesfacelift,yes
0778087630c0,355,Hatla2ee(summary),Nissan,Qashqai,"(range, 5 classes) Facelift",2027,nissan,nissan/qashqai,exact_normalized,range5classesfacelift,yes
ad28339c6549,356,Hatla2ee(summary),Nissan,X-Trail,"(range, 3 classes)",2026,nissan,nissan/x-trail,exact_normalized,range3classes,yes
f24d2421171a,357,Hatla2ee(summary),Nissan,Patrol,"(range, 8 classes)",2025,nissan,nissan/patrol,exact_normalized,range8classes,yes
60d6cd8b5256,358,ContactCars,MG,4,Standard,2026,mg,mg/4,exact_normalized,standard,no
a8becbb224cd,359,ContactCars,MG,4,Luxury,2026,mg,mg/4,exact_normalized,luxury,no
1762506edfd7,360,ContactCars,MG,5,Comfort,2027,mg,mg/5,exact_normalized,comfort,no
7021873db9bd,361,ContactCars,MG,5,Luxury,2027,mg,mg/5,exact_normalized,luxury,no
5b2701e1f2e3,362,ContactCars,MG,7,Luxury,2026,mg,mg/7,exact_normalized,luxury,no
333be0b31a13,363,ContactCars,MG,7,Trophy,2026,mg,mg/7,exact_normalized,trophy,no
6ae715832f3b,364,ContactCars,MG,Cyberster,Trophy RWD,2026,mg,mg/cyberster,exact_normalized,trophyrwd,no
d7b6ce4495a9,365,ContactCars,MG,G50 Plus,1.5 A/T,2026,mg,mg/g50-plus,exact_normalized,15at,no
a2fca0a5d269,366,ContactCars,MG,GT,Comfort,2026,mg,mg/gt,exact_normalized,comfort,no
addc49aa5763,367,ContactCars,MG,GT,Luxury,2026,mg,mg/gt,exact_normalized,luxury,no
376429372af7,368,ContactCars,MG,HS,+ Luxury,2026,mg,mg/hs,exact_normalized,luxury,no
1a9e64340aab,369,ContactCars,MG,HS,HEV,2026,mg,mg/hs,exact_normalized,hev,no
e824bb7b89ad,370,ContactCars,MG,One,Luxury,2026,mg,mg/one,exact_normalized,luxury,no
f1127db75bf3,371,ContactCars,MG,RX5,Unspecified trim,2025 / 2026 / 2027,mg,mg/rx5,exact_normalized,unspecifiedtrim,no
c04db321c13c,372,ContactCars,MG,RX5 Plus,Luxury,2026,mg,mg/rx5-plus,exact_normalized,luxury,no
5f6bf2a18370,373,ContactCars,MG,RX9,Luxury,2027,mg,mg/rx9,exact_normalized,luxury,no
840e7d25e2e4,374,ContactCars,MG,ZS,Comfort,2026,mg,mg/zs,exact_normalized,comfort,no
68727d38f99f,375,ContactCars,MG,ZS,Luxury Facelift MCE,2026,mg,mg/zs,exact_normalized,luxuryfaceliftmce,no
5f28d6898364,376,EgyCar,MG,ZS,Comfort,2027,mg,mg/zs,exact_normalized,comfort,no
6ab0427e2fd6,377,EgyCar,MG,ZS,Plus,2027,mg,mg/zs,exact_normalized,plus,no
4db2e3d9650a,378,EgyCar,MG,7,Luxury,2027,mg,mg/7,exact_normalized,luxury,no
4072d43fdf64,379,EgyCar,MG,7,Trophy,2027,mg,mg/7,exact_normalized,trophy,no
e761da264d3a,380,EgyCar,MG,RX9,Luxury,2027,mg,mg/rx9,exact_normalized,luxury,no
7be57ff0d04e,381,EgyCar,MG,5,Comfort,2027,mg,mg/5,exact_normalized,comfort,no
71ec2729b4e3,382,EgyCar,MG,5,Luxury,2027,mg,mg/5,exact_normalized,luxury,no
35e2b5bf0780,383,EgyCar,MG,GT,Comfort,2027,mg,mg/gt,exact_normalized,comfort,no
199b4092a14b,384,EgyCar,MG,GT,Luxury,2027,mg,mg/gt,exact_normalized,luxury,no
d8859d2c4a88,385,EgyCar,MG,G50 Plus,Luxury,2026,mg,mg/g50-plus,exact_normalized,luxury,no
3707d810e6ba,386,EgyCar,MG,Cyberster,Trophy RWD,2026,mg,mg/cyberster,exact_normalized,trophyrwd,no
72c80651f330,387,EgyCar,MG,HS,Plus Luxury,2027,mg,mg/hs,exact_normalized,plusluxury,no
63be1a319065,388,EgyCar,MG,HS,HEV,2027,mg,mg/hs,exact_normalized,hev,no
0f5833394d0c,389,EgyCar,MG,One,Luxury,2027,mg,mg/one,exact_normalized,luxury,no
3af2776b9834,390,Hatla2ee(summary),MG,5,"(range, 2 classes)",2027,mg,mg/5,exact_normalized,range2classes,yes
7301f4029bba,391,Hatla2ee(summary),MG,ZS,(1 class),2026,mg,mg/zs,exact_normalized,1class,yes
7a5423faef68,392,Hatla2ee(summary),MG,ZS,Facelift (1 class),2027,mg,mg/zs,exact_normalized,facelift1class,yes
26b822d8c90c,393,Hatla2ee(summary),MG,GT,"(range, 2 classes)",2027,mg,mg/gt,exact_normalized,range2classes,yes
f0fe3704d198,394,Hatla2ee(summary),MG,4,"(range, 2 classes)",2026,mg,mg/4,exact_normalized,range2classes,yes
b4258a355501,395,Hatla2ee,MG,6,A/T LUX Black Interior,2026,mg,mg/6,exact_normalized,atluxblackinterior,no
5e951db5a205,396,Hatla2ee,MG,6,A/T LUX Red Interior,2026,mg,mg/6,exact_normalized,atluxredinterior,no
680099cab245,397,Hatla2ee(summary),MG,G50 Plus,(1 class),2027,mg,mg/g50-plus,exact_normalized,1class,yes
38ce6b07dda5,398,Hatla2ee(summary),MG,One,(1 class),2027,mg,mg/one,exact_normalized,1class,yes
d721bc43e332,399,Hatla2ee(summary),MG,RX5 Plus,(1 class),2027,mg,mg/rx5-plus,exact_normalized,1class,yes
138bb19a5c5f,400,Hatla2ee(summary),MG,HS,"New Generation (range, 2 classes)",2027,mg,mg/hs,exact_normalized,newgenerationrange2classes,yes
993b2c322c26,401,Hatla2ee(summary),MG,HS,"(1 class, older cohort)",2026,mg,mg/hs,exact_normalized,1classoldercohort,yes
f04fc85c93f9,402,Hatla2ee(summary),MG,7,"(range, 2 classes)",2027,mg,mg/7,exact_normalized,range2classes,yes
c2eee1dffd15,403,Hatla2ee(summary),MG,RX9,(1 class),2027,mg,mg/rx9,exact_normalized,1class,yes
a344199e4c1d,404,Hatla2ee(summary),MG,Cyberster,(1 class),2027,mg,mg/cyberster,exact_normalized,1class,yes
7e2480d52dcb,405,ContactCars,Chery,Arrizo 5,M/T Baseline,2026,chery,chery/arrizo-5,exact_normalized,mtbaseline,no
0291d52ad2ef,406,ContactCars,Chery,Arrizo 5,CVT Baseline,2026,chery,chery/arrizo-5,exact_normalized,cvtbaseline,no
c28d28b4b14c,407,ContactCars,Chery,Arrizo 5,CVT Highline,2026,chery,chery/arrizo-5,exact_normalized,cvthighline,no
74e6efc8c339,408,ContactCars,Chery,Arrizo 5,1.5 MT Basic,2027,chery,chery/arrizo-5,exact_normalized,15mtbasic,no
610394960cba,409,ContactCars,Chery,Arrizo 5,1.5 CVT Basic,2027,chery,chery/arrizo-5,exact_normalized,15cvtbasic,no
726fcd8d3419,410,ContactCars,Chery,Arrizo 5,1.5 CVT Comfort,2027,chery,chery/arrizo-5,exact_normalized,15cvtcomfort,no
d0cedcf6b8a5,411,ContactCars,Chery,Arrizo 6 GT,1.5T DCT Comfort,2027,chery,chery/arrizo-6-gt,exact_normalized,15tdctcomfort,no
514f2c732fc7,412,ContactCars,Chery,Arrizo 6 GT,1.5T DCT Luxury,2027,chery,chery/arrizo-6-gt,exact_normalized,15tdctluxury,no
1ba13c78c50b,413,ContactCars,Chery,Arrizo 8,Luxury,2026,chery,chery/arrizo-8,exact_normalized,luxury,no
9caf489913da,414,ContactCars,Chery,Arrizo 8,Flagship,2026,chery,chery/arrizo-8,exact_normalized,flagship,no
478e9172fa32,415,ContactCars,Chery,QQ,Unspecified trim,2027,chery,chery/qq,exact_normalized,unspecifiedtrim,no
8fb2f6f58f13,416,ContactCars,Chery,Tiggo 4 PRO,COMFORT,2027,chery,chery/tiggo-4-pro,exact_normalized,comfort,no
b4f750230aea,417,ContactCars,Chery,Tiggo 4 PRO,LUXURY,2027,chery,chery/tiggo-4-pro,exact_normalized,luxury,no
8638286b2ad4,418,ContactCars,Chery,Tiggo 4 PRO,LUXURY TURBO,2027,chery,chery/tiggo-4-pro,exact_normalized,luxuryturbo,no
11631eca7d6c,419,ContactCars,Chery,Tiggo 7,COMFORT,2027,chery,chery/tiggo-7,exact_normalized,comfort,no
0c45bb405c62,420,ContactCars,Chery,Tiggo 7,LUXURY,2027,chery,chery/tiggo-7,exact_normalized,luxury,no
f3f55f2fb8c4,421,ContactCars,Chery,Tiggo 7 Pro,CKD Comfort,2027,chery,chery/tiggo-7-pro,exact_normalized,ckdcomfort,no
c9cdba92675c,422,ContactCars,Chery,Tiggo 7 Pro,CKD Luxury,2027,chery,chery/tiggo-7-pro,exact_normalized,ckdluxury,no
1f4df3178b0f,423,ContactCars,Chery,Tiggo 7 Pro Max,COMFORT,2027,chery,chery/tiggo-7-pro-max,exact_normalized,comfort,no
050aba6f29bd,424,ContactCars,Chery,Tiggo 7 Pro Max,LUXURY,2027,chery,chery/tiggo-7-pro-max,exact_normalized,luxury,no
81ec6f025b70,425,ContactCars,Chery,Tiggo 8,COMFORT 7 Seat,2027,chery,chery/tiggo-8,exact_normalized,comfort7seat,no
1c873457e18e,426,ContactCars,Chery,Tiggo 8,LUXURY 5 Seat,2027,chery,chery/tiggo-8,exact_normalized,luxury5seat,no
6510bb581111,427,ContactCars,Chery,Tiggo 8,LUXURY 7 Seat,2027,chery,chery/tiggo-8,exact_normalized,luxury7seat,no
fb22748fc50d,428,ContactCars,Chery,Tiggo 8 PRO,Luxury,2026,chery,chery/tiggo-8-pro,exact_normalized,luxury,no
3eb0a56eceab,429,ContactCars,Chery,Tiggo 8 PRO,Flagship,2026,chery,chery/tiggo-8-pro,exact_normalized,flagship,no
45c3df9b4ab5,430,ContactCars,Chery,Tiggo 8 Pro Max,1.6T 6DCT Luxury,2027,chery,chery/tiggo-8-pro-max,exact_normalized,16t6dctluxury,no
9900f30a4c66,431,ContactCars,Chery,Tiggo 8 Pro Max,1.6T 6DCT Flagship,2027,chery,chery/tiggo-8-pro-max,exact_normalized,16t6dctflagship,no
1990f7ccff46,432,ContactCars,Chery,eQ7,Luxury,2026,chery,chery/eq7,exact_normalized,luxury,no
f097ba69531d,433,ContactCars,Chery,Tiggo 9,PHEV 1.5T DHT LUXURY,2026,chery,chery/tiggo-9,exact_normalized,phev15tdhtluxury,no
33456675a7e6,434,Hatla2ee,Chery,Tiggo 3,Automatic/Tinted Glass,2024,chery,chery/tiggo-3,exact_normalized,automatictintedglass,no
7955d4b0dcc2,435,Hatla2ee,Chery,Arrizo 5,Manual/Base Line/Leather,2026,chery,chery/arrizo-5,exact_normalized,manualbaselineleather,no
7a3e5a63dc39,436,Hatla2ee,Chery,Arrizo 5,AT/BASELINE Leather,2026,chery,chery/arrizo-5,exact_normalized,atbaselineleather,no
7c1e05ed7456,437,Hatla2ee,Chery,Arrizo 5,AT/HIGHLINE,2026,chery,chery/arrizo-5,exact_normalized,athighline,no
5eb23175de54,438,Hatla2ee(summary),Chery,Arrizo 5,"Facelift (range, 3 classes)",2027,chery,chery/arrizo-5,exact_normalized,faceliftrange3classes,yes
4082827178a4,439,Hatla2ee(summary),Chery,Tiggo 4 Pro,"(range, 3 classes)",2027,chery,chery/tiggo-4-pro,exact_normalized,range3classes,yes
66d6043d0c53,440,Hatla2ee(summary),Chery,Arrizo 6 gt,"(range, 2 classes)",2027,chery,chery/arrizo-6-gt,exact_normalized,range2classes,yes
d010b8a5fff6,441,Hatla2ee(summary),Chery,Tiggo 7,"(range, 2 classes)",2027,chery,chery/tiggo-7,exact_normalized,range2classes,yes
05439b5a7b90,442,Hatla2ee(summary),Chery,Tiggo 7 pro,"(range, 2 classes)",2027,chery,chery/tiggo-7-pro,exact_normalized,range2classes,yes
6795451a41fe,443,Hatla2ee(summary),Chery,Tiggo 7 pro,"(range, 2 classes) - second cohort",2026,chery,chery/tiggo-7-pro,exact_normalized,range2classessecondcohort,yes
2bd7d9cf8ed3,444,Hatla2ee(summary),Chery,Tiggo 8,"(range, 3 classes)",2027,chery,chery/tiggo-8,exact_normalized,range3classes,yes
5ec0adfc6a9b,445,Hatla2ee(summary),Chery,Arrizo 8,"(range, 2 classes)",2026,chery,chery/arrizo-8,exact_normalized,range2classes,yes
0adb4848eb68,446,Hatla2ee(summary),Chery,Tiggo 7 pro max,"(range, 2 classes)",2027,chery,chery/tiggo-7-pro-max,exact_normalized,range2classes,yes
8c9e00ff83d9,447,Hatla2ee(summary),Chery,Tiggo 8 Pro,"(range, 2 classes)",2026,chery,chery/tiggo-8-pro,exact_normalized,range2classes,yes
80f3662a57d0,448,Hatla2ee,Chery,Tiggo 8 Pro Max,"(range, 2 classes)",2027,chery,chery/tiggo-8-pro-max,exact_normalized,range2classes,no
d456639b68f3,449,Hatla2ee(summary),Chery,EQ7,(1 class),2026,chery,chery/eq7,exact_normalized,1class,yes
02f39fbaac7b,450,Hatla2ee(summary),Chery,Tiggo 9,(1 class),2026,chery,chery/tiggo-9,exact_normalized,1class,yes
b206639e3317,451,ContactCars,Baic,BJ30,Pro,2026,baic,baic/bj30,exact_normalized,pro,no
27a354c04d3e,452,ContactCars,Baic,BJ30,Ultra - Hybrid,2026,baic,baic/bj30,exact_normalized,ultrahybrid,no
25f5f9858c0d,453,ContactCars,Baic,BJ30,Off road - Hybrid,2026,baic,baic/bj30,exact_normalized,offroadhybrid,no
7f82aad6333a,454,Hatla2ee(summary),Baic,BJ30,"(range, 3 classes)",2026,baic,baic/bj30,exact_normalized,range3classes,yes
c874f174230c,455,ContactCars,Baic,U5 Plus,Manual,2026,baic,baic/u5-plus,exact_normalized,manual,no
0a9864c72041,456,ContactCars,Baic,U5 Plus,Comfort,2026,baic,baic/u5-plus,exact_normalized,comfort,no
18bdfd680795,457,ContactCars,Baic,U5 Plus,Top Line,2026,baic,baic/u5-plus,exact_normalized,topline,no
527932502038,458,Hatla2ee(summary),Baic,U5 Plus,"(range, 3 classes)",2026,baic,baic/u5-plus,exact_normalized,range3classes,yes
273597e49dda,459,ContactCars,Baic,X35,Luxury,2026,baic,baic/x35,exact_normalized,luxury,no
e815d0799d98,460,Hatla2ee(summary),Baic,X3,(1 class),2026,baic,baic/x3,exact_normalized,1class,yes
fe069aeff21b,461,ContactCars,Baic,X 55,High Line,2026,baic,baic/x55,exact_normalized,highline,no
9c6c4e0253dc,462,ContactCars,Baic,X 55,Top Line,2026,baic,baic/x55,exact_normalized,topline,no
b62739abe719,463,ContactCars,Baic,X 55,Premium,2026,baic,baic/x55,exact_normalized,premium,no
8fb39237a72b,464,Hatla2ee(summary),Baic,X55,"(range, 3 classes)",2026,baic,baic/x55,exact_normalized,range3classes,yes
47cc1d93059d,465,ContactCars,Baic,X7,High Line,2026,baic,baic/x7,exact_normalized,highline,no
a29d98351d01,466,ContactCars,Baic,X7,Top Line,2026,baic,baic/x7,exact_normalized,topline,no
fd6b624634f5,467,ContactCars,Baic,X7,Premium,2026,baic,baic/x7,exact_normalized,premium,no
fd2fd1570885,468,Hatla2ee(summary),Baic,X7,"(range, 3 classes)",2026,baic,baic/x7,exact_normalized,range3classes,yes
0c3c4edb34b2,469,ContactCars,Mitsubishi,Outlander Sport,1.5 A/T High Line,2025,mitsubishi,mitsubishi/outlander-sport,exact_normalized,15athighline,no
19029221a6c4,470,ContactCars,Mitsubishi,Outlander Sport,1.5 A/T Premium,2025,mitsubishi,mitsubishi/outlander-sport,exact_normalized,15atpremium,no
5422088fd478,471,Hatla2ee,Mitsubishi,Outlander Sport,Midline,2026,mitsubishi,mitsubishi/outlander-sport,exact_normalized,midline,no
42dfd73bcb3d,472,Hatla2ee,Mitsubishi,Outlander Sport,High Line,2026,mitsubishi,mitsubishi/outlander-sport,exact_normalized,highline,no
6bc85a4efc4a,473,Hatla2ee,Mitsubishi,Outlander Sport,Premium Line,2026,mitsubishi,mitsubishi/outlander-sport,exact_normalized,premiumline,no
e93395658a24,474,Hatla2ee,Mitsubishi,Attrage,Highline,2025,mitsubishi,mitsubishi/attrage,exact_normalized,highline,no
50fa08befc2b,475,Hatla2ee,Mitsubishi,Mirage,Highline,2025,mitsubishi,mitsubishi/mirage,exact_normalized,highline,no
4afcc72a9f97,476,Hatla2ee,Mitsubishi,Xpander,Ignite - ML,2026,mitsubishi,mitsubishi/xpander,exact_normalized,igniteml,no
9a7125bda518,477,Hatla2ee,Mitsubishi,Xpander,Spark - HL,2026,mitsubishi,mitsubishi/xpander,exact_normalized,sparkhl,no
64ca496ef839,478,Hatla2ee,Mitsubishi,Xpander,Premium - PL,2026,mitsubishi,mitsubishi/xpander,exact_normalized,premiumpl,no
a2b65315bbbc,479,Hatla2ee,Mitsubishi,Xpander,Highline,2027,mitsubishi,mitsubishi/xpander,exact_normalized,highline,no
2650b88179e8,480,Hatla2ee,Mitsubishi,Xpander,Premium line,2027,mitsubishi,mitsubishi/xpander,exact_normalized,premiumline,no
56e6d6f6efc5,481,Hatla2ee,Mitsubishi,Eclipse Cross,Insport BL,2026,mitsubishi,mitsubishi/eclipse-cross,exact_normalized,insportbl,no
b68f0b32098a,482,Hatla2ee,Mitsubishi,Eclipse Cross,Insport PLUS - ML PLUS,2026,mitsubishi,mitsubishi/eclipse-cross,exact_normalized,insportplusmlplus,no
6428ae209f56,483,Hatla2ee,Mitsubishi,Eclipse Cross,Inspire - HL,2026,mitsubishi,mitsubishi/eclipse-cross,exact_normalized,inspirehl,no
ab0b0956b2c0,484,Hatla2ee,Mitsubishi,Eclipse Cross,Instyle TL,2026,mitsubishi,mitsubishi/eclipse-cross,exact_normalized,instyletl,no
0775b9edd8d3,485,Hatla2ee,Mitsubishi,Eclipse Cross,INFINITY - PL AWD,2026,mitsubishi,mitsubishi/eclipse-cross,exact_normalized,infinityplawd,no
ecdef9e97f78,486,Hatla2ee,Mitsubishi,Destinator,Mid Line,2027,mitsubishi,mitsubishi/destinator,exact_normalized,midline,no
b9d789cbd94a,487,Hatla2ee,Mitsubishi,Destinator,High Line,2027,mitsubishi,mitsubishi/destinator,exact_normalized,highline,no
a3990e91a7e4,488,Hatla2ee,Mitsubishi,Destinator,Premium Line,2027,mitsubishi,mitsubishi/destinator,exact_normalized,premiumline,no
75bd7338682f,489,Hatla2ee,Peugeot,2008,ALLURE,2027,peugeot,peugeot/2008,exact_normalized,allure,no
2b80d3e955b2,490,Hatla2ee,Peugeot,2008,GT,2027,peugeot,peugeot/2008,exact_normalized,gt,no
ef6cc244188d,491,Hatla2ee,Peugeot,408,Allure,2027,peugeot,peugeot/408,exact_normalized,allure,no
e7e54e8620c5,492,Hatla2ee,Peugeot,408,GT,2027,peugeot,peugeot/408,exact_normalized,gt,no
8e27c6658f65,493,Hatla2ee,Peugeot,408,ALLURE PACK,2026,peugeot,peugeot/408,exact_normalized,allurepack,no
76006268a071,494,Hatla2ee,Peugeot,408,GT,2026,peugeot,peugeot/408,exact_normalized,gt,no
aa7755b26659,495,Hatla2ee,Peugeot,3008,Allure,2027,peugeot,peugeot/3008,exact_normalized,allure,no
97db1f18f999,496,Hatla2ee,Peugeot,3008,GT,2027,peugeot,peugeot/3008,exact_normalized,gt,no
43c604c5f942,497,Hatla2ee,Peugeot,5008,Allure,2027,peugeot,peugeot/5008,exact_normalized,allure,no
e4f69cf0251d,498,Hatla2ee,Peugeot,5008,GT,2027,peugeot,peugeot/5008,exact_normalized,gt,no
42f501a6f97b,499,Hatla2ee,Geely,EX2,Pro,2026,geely,geely/ex2,exact_normalized,pro,no
5419d66199cb,500,Hatla2ee,Geely,EX2,Max,2026,geely,geely/ex2,exact_normalized,max,no
7308e7651f91,501,Hatla2ee,Geely,GX3 Pro,Premium (Abou Ghaly),2025,geely,geely/gx3-pro,exact_normalized,premiumaboughaly,no
6cb7e0465ce6,502,Hatla2ee,Geely,GX3 Pro,Premium (AUTO MOBILITY),2025,geely,geely/gx3-pro,exact_normalized,premiumautomobility,no
a87daa8cda30,503,Hatla2ee,Geely,Emgrand,Comfort (Abou Ghaly),2026,geely,geely/emgrand,exact_normalized,comfortaboughaly,no
b3a220567b0e,504,Hatla2ee,Geely,Emgrand,Comfort - Local simplified (AUTO MOBILITY),2026,geely,geely/emgrand,exact_normalized,comfortlocalsimplifiedautomobility,no
4d5b44d1d8ff,505,Hatla2ee,Geely,Emgrand,Luxury - Local simplified (AUTO MOBILITY),2026,geely,geely/emgrand,exact_normalized,luxurylocalsimplifiedautomobility,no
46bb57cc5020,506,Hatla2ee,Geely,Emgrand,Luxury (Abou Ghaly),2026,geely,geely/emgrand,exact_normalized,luxuryaboughaly,no
92f0b2a3ae40,507,Hatla2ee,Geely,Cool Ray,Comfort - Local simplified (AUTO MOBILITY),2026,geely,geely/cool-ray,exact_normalized,comfortlocalsimplifiedautomobility,no
8edfa8a79c24,508,Hatla2ee,Geely,Cool Ray,Premium - Local simplified (AUTO MOBILITY),2026,geely,geely/cool-ray,exact_normalized,premiumlocalsimplifiedautomobility,no
49b192b363e5,509,Hatla2ee,Geely,Cool Ray,GL (Abou Ghaly),2026,geely,geely/cool-ray,exact_normalized,glaboughaly,no
0aa4af670614,510,Hatla2ee,Geely,Cool Ray,Comfort (Abou Ghaly),2026,geely,geely/cool-ray,exact_normalized,comfortaboughaly,no
28bffd2ae9b5,511,Hatla2ee,Geely,Cool Ray,Premium (Abou Ghaly),2026,geely,geely/cool-ray,exact_normalized,premiumaboughaly,no
b9126d2e64a0,512,Hatla2ee,Geely,Cool Ray,Sport - Local simplified (AUTO MOBILITY),2026,geely,geely/cool-ray,exact_normalized,sportlocalsimplifiedautomobility,no
66cf492c8990,513,Hatla2ee,Geely,Cool Ray,Sport (Abou Ghaly),2026,geely,geely/cool-ray,exact_normalized,sportaboughaly,no
9f63071c5f9e,514,Hatla2ee,Geely,Cool Ray,sport (Abou Ghaly) [dup listing],2026,geely,geely/cool-ray,exact_normalized,sportaboughalyduplisting,no
b437325ecd93,515,Hatla2ee,Geely,City Ray,Comfort,2026,geely,geely/city-ray,exact_normalized,comfort,no
b14520435268,516,Hatla2ee,Geely,City Ray,Premium,2026,geely,geely/city-ray,exact_normalized,premium,no
3c8cf83b5069,517,Hatla2ee,Geely,City Ray,Sport,2026,geely,geely/city-ray,exact_normalized,sport,no
794c94d470cb,518,Hatla2ee,Geely,Starray,Comfort (Abou Ghaly),2025,geely,geely/starray,exact_normalized,comfortaboughaly,no
9a0cbe2bc13f,519,Hatla2ee,Geely,Starray,Premium (Abou Ghaly),2025,geely,geely/starray,exact_normalized,premiumaboughaly,no
f48da73daec4,520,Hatla2ee,Geely,Starray,Sport (Abou Ghaly),2025,geely,geely/starray,exact_normalized,sportaboughaly,no
4ddcbb138a35,521,Hatla2ee,Geely,Starray,Comfort (AUTO MOBILITY),2025,geely,geely/starray,exact_normalized,comfortautomobility,no
ae4783415a7d,522,Hatla2ee,Geely,Starray,Sport + (Abou Ghaly),2025,geely,geely/starray,exact_normalized,sportaboughaly,no
b8e11fa25b09,523,Hatla2ee,Geely,Starray,Premium (AUTO MOBILITY),2025,geely,geely/starray,exact_normalized,premiumautomobility,no
93b586274220,524,Hatla2ee,Geely,Starray,Sport (AUTO MOBILITY),2025,geely,geely/starray,exact_normalized,sportautomobility,no
8c664df6408c,525,Hatla2ee,Geely,Starray,Sport + (AUTO MOBILITY),2025,geely,geely/starray,exact_normalized,sportautomobility,no
bb0950408284,526,Hatla2ee,Geely,EX5 EM-i,Pro,2026,geely,geely/ex5-em-i,exact_normalized,pro,no
9e00d99f8650,527,Hatla2ee,Geely,EX5 EM-i,Max,2026,geely,geely/ex5-em-i,exact_normalized,max,no
605998e28f93,528,Hatla2ee,Geely,EX5,Pro,2026,geely,geely/ex5,exact_normalized,pro,no
4abc6634b228,529,Hatla2ee,Geely,EX5,Max,2026,geely,geely/ex5,exact_normalized,max,no
91443985c495,530,Hatla2ee,Geely,EX5,Pro Max,2026,geely,geely/ex5,exact_normalized,promax,no
2c795bb35688,531,Hatla2ee,Geely,Okavango,Premium (Abou Ghaly),2025,geely,geely/okavango,exact_normalized,premiumaboughaly,no
a2bb60d54e51,532,Hatla2ee,Geely,Okavango,Premium (AUTO MOBILITY),2025,geely,geely/okavango,exact_normalized,premiumautomobility,no
68416dbc5975,533,Hatla2ee,Geely,Monjaro,Pro,2027,geely,geely/monjaro,exact_normalized,pro,no
a39972d85631,534,Hatla2ee,Geely,Monjaro,Max,2027,geely,geely/monjaro,exact_normalized,max,no
23c92bfc1399,535,Hatla2ee,Geely,Monjaro,Ultra,2027,geely,geely/monjaro,exact_normalized,ultra,no
97e8120ee4aa,536,Hatla2ee,Geely,Monjaro,Ultra Brown,2027,geely,geely/monjaro,exact_normalized,ultrabrown,no
e53b1ebd0bfb,537,Hatla2ee,Seat,Ibiza,Edge,2027,seat,seat/ibiza,exact_normalized,edge,no
50b342068f62,538,Hatla2ee,Seat,Ibiza,FR,2027,seat,seat/ibiza,exact_normalized,fr,no
910d10561377,539,Hatla2ee,Seat,Ibiza,Reference,2026,seat,seat/ibiza,exact_normalized,reference,no
ae4b976b3408,540,Hatla2ee,Seat,Ibiza,FR,2026,seat,seat/ibiza,exact_normalized,fr,no
07b26c64c713,541,Hatla2ee,Seat,Ibiza,Black Series,2026,seat,seat/ibiza,exact_normalized,blackseries,no
59144a66a56b,542,Hatla2ee,Seat,Arona,Style Plus,2027,seat,seat/arona,exact_normalized,styleplus,no
85af58d7bfd0,543,Hatla2ee,Seat,Arona,FR / Black,2026,seat,seat/arona,exact_normalized,frblack,no
12e6723eae67,544,Hatla2ee,Seat,Leon,Advance,2026,seat,seat/leon,exact_normalized,advance,no
63493095da53,545,Hatla2ee,Seat,Ateca,Style Plus,2026,seat,seat/ateca,exact_normalized,styleplus,no
3756964be3bb,546,Hatla2ee,Honda,ZRV,Unspecified,2026,honda,honda/zr-v,exact_normalized,unspecified,no
c2fe23190210,547,Hatla2ee,Honda,Accord,Unspecified,2024,honda,honda/accord,exact_normalized,unspecified,no
1dd8039a018e,548,Hatla2ee,Honda,CRV,Unspecified,2024,honda,honda/cr-v,exact_normalized,unspecified,no
846212b9257d,549,Hatla2ee,Mazda,CX-3,Highline,2026,mazda,mazda/cx-3,exact_normalized,highline,no
903bfd33bbeb,550,Hatla2ee,Mazda,3,Highline / Sedan,2026,mazda,mazda/3,exact_normalized,highlinesedan,no
9e5561e2c82a,551,Hatla2ee,Mazda,3,Highline / HB,2026,mazda,mazda/3,exact_normalized,highlinehb,no
f2add2f31c15,552,Hatla2ee,Suzuki,Alto,Standard,2027,suzuki,suzuki/alto,exact_normalized,standard,no
88f16ca0f355,553,Hatla2ee,Suzuki,S-Presso,Unspecified,2026,suzuki,suzuki/s-presso,exact_normalized,unspecified,no
b231feb2af45,554,Hatla2ee,Suzuki,Swift,GLX,2026,suzuki,suzuki/swift,exact_normalized,glx,no
9679218138d3,555,Hatla2ee,Suzuki,Swift,GLX / Two tone,2026,suzuki,suzuki/swift,exact_normalized,glxtwotone,no
53e026c2eab3,556,Hatla2ee,Suzuki,Swift Dzire,GLX,2026,suzuki,suzuki/swift-dzire,exact_normalized,glx,no
b4c5d50865b9,557,Hatla2ee,Suzuki,Baleno,Unspecified,2026,suzuki,suzuki/baleno,exact_normalized,unspecified,no
94fe896eb1c8,558,Hatla2ee,Suzuki,Fronx,GL,2026,suzuki,suzuki/fronx,exact_normalized,gl,no
7c413ec7e89c,559,Hatla2ee,Suzuki,Ertiga,GLX,2026,suzuki,suzuki/ertiga,exact_normalized,glx,no
34689ffd5469,560,Hatla2ee,Suzuki,Jimny,One tone,2026,suzuki,suzuki/jimny,exact_normalized,onetone,no
9283e2f050c4,561,Hatla2ee,Haval,Jolion,Standard,2027,haval,haval/jolion,exact_normalized,standard,no
87eb0beef54f,562,Hatla2ee,Haval,Jolion,Deluxe,2027,haval,haval/jolion,exact_normalized,deluxe,no
2a48f0077fac,563,Hatla2ee,Haval,Jolion,High Deluxe,2027,haval,haval/jolion,exact_normalized,highdeluxe,no
01076f4e9fbd,564,Hatla2ee,Haval,Jolion Pro,High Deluxe,2025,haval,haval/jolion-pro,exact_normalized,highdeluxe,no
ee1d5fc4553b,565,Hatla2ee,Haval,H6,Platinum,2026,haval,haval/h6,exact_normalized,platinum,no
1b7a39d7a7e8,566,Hatla2ee,Haval,H6,ULTRA,2026,haval,haval/h6,exact_normalized,ultra,no
c077ca108db9,567,Hatla2ee,Haval,H6 HEV,High Deluxe,2026,haval,haval/h6-hev,exact_normalized,highdeluxe,no
1e98ff0136c8,568,Hatla2ee,Haval,H7,Ultra Black,2027,haval,haval/h7,exact_normalized,ultrablack,no
2803d2baf5ee,569,Hatla2ee,Haval,V7,ULTRA (HEV),2027,haval,haval/v7,exact_normalized,ultrahev,no
4abc94a6f9d6,570,Hatla2ee,Haval,V7,ULTRA (PHEV),2027,haval,haval/v7,exact_normalized,ultraphev,no
a6dc608058ea,571,ContactCars,Opel,Grand Land,Turbo H/L,2024,opel,opel/grandland,exact_normalized,turbohl,no
52a8b5efb3b9,572,ContactCars,Opel,Grand Land,Turbo X T/L,2024,opel,opel/grandland,exact_normalized,turboxtl,no
b1d3efbd2974,573,ContactCars,Opel,Grand Land,T/L Plus,2024,opel,opel/grandland,exact_normalized,tlplus,no
146b75628568,574,ContactCars,Opel,Grand Land,T/L Plus,2025,opel,opel/grandland,exact_normalized,tlplus,no
1d369b5a470d,575,ContactCars,Opel,Grand Land,Highline Plus,2025,opel,opel/grandland,exact_normalized,highlineplus,no
4199846d5989,576,ContactCars,Opel,Grand Land,Topline,2025,opel,opel/grandland,exact_normalized,topline,no
d1d0a35c4209,577,ContactCars,Opel,Grand Land,Topline Plus,2025,opel,opel/grandland,exact_normalized,toplineplus,no
84f17b8f82a5,578,ContactCars,Opel,Grand Land,Other Trims,2024,opel,opel/grandland,exact_normalized,othertrims,no
2bb1aff88d70,579,ContactCars,Opel,Grand Land,Highline Plus,2026,opel,opel/grandland,exact_normalized,highlineplus,no
90080337813d,580,ContactCars,Opel,Grand Land,Topline,2026,opel,opel/grandland,exact_normalized,topline,no
5d67224aa7e5,581,ContactCars,Opel,Grand Land,Topline Plus,2026,opel,opel/grandland,exact_normalized,toplineplus,no
8dc9021c0ecc,582,ContactCars,Land Rover,Defender,Other Trims,2026,land-rover,land-rover/defender,exact_normalized,othertrims,no
8ed7b5a8354c,583,ContactCars,Land Rover,Defender,Other Trims,2022,land-rover,land-rover/defender,exact_normalized,othertrims,no
9545912f58bc,584,ContactCars,Land Rover,New Range Rover,Other Trims,2026,land-rover,land-rover/new-range-rover,exact_normalized,othertrims,no
12fe6753a43c,585,ContactCars,Land Rover,Range Rover,Other Trims,2027,land-rover,land-rover/range-rover,exact_normalized,othertrims,no
e6d7f523de66,586,ContactCars,Land Rover,Range Rover,Other Trims,2025,land-rover,land-rover/range-rover,exact_normalized,othertrims,no
8b3a22cd9d34,587,ContactCars,Land Rover,Range Rover Evoque,Other Trims,2026,land-rover,land-rover/range-rover-evoque,exact_normalized,othertrims,no
c8c76b33ba45,588,Hatla2ee(summary),Land Rover,Velar,Unspecified (3 Classes),2021,land-rover,land-rover/velar,exact_normalized,unspecified3classes,yes
dffd9a3dcfbe,589,Hatla2ee(summary),Land Rover,Discovery,Unspecified (2 Classes),2021,land-rover,land-rover/discovery,exact_normalized,unspecified2classes,yes
ce52bf860fba,590,Hatla2ee(summary),Land Rover,Discovery Sport,Unspecified (1 Class),2021,land-rover,land-rover/discovery-sport,exact_normalized,unspecified1class,yes
110760876999,591,Hatla2ee(summary),Land Rover,Range Rover Sport,Unspecified (5 Classes),2020,land-rover,land-rover/range-rover-sport,exact_normalized,unspecified5classes,yes
c4272ec048f4,592,Hatla2ee(summary),Land Rover,Range Rover Vogue,Unspecified (5 Classes),2020,land-rover,land-rover/range-rover-vogue,exact_normalized,unspecified5classes,yes
c05be2deb15d,593,Hatla2ee,GAC,GS3 Emzoom,GS,2027,gac,gac/gs3-emzoom,exact_normalized,gs,no
63efb42fe5ce,594,Hatla2ee,GAC,GS3 Emzoom,GB,2027,gac,gac/gs3-emzoom,exact_normalized,gb,no
026eb37c1066,595,Hatla2ee,GAC,GS3 Emzoom,GL,2027,gac,gac/gs3-emzoom,exact_normalized,gl,no
823f07ee8f55,596,Hatla2ee,GAC,GS3 Emzoom,RS Style,2027,gac,gac/gs3-emzoom,exact_normalized,rsstyle,no
b241fac6bfd1,597,ContactCars,GAC,EMZOOM,Comfort,2026,gac,gac/emzoom,exact_normalized,comfort,no
00766620f7e1,598,ContactCars,GAC,EMZOOM,Elegance,2026,gac,gac/emzoom,exact_normalized,elegance,no
3b80f22797a6,599,ContactCars,GAC,EMZOOM,Premium,2026,gac,gac/emzoom,exact_normalized,premium,no
87a85e299c3d,600,ContactCars,GAC,EMZOOM,R-Style,2026,gac,gac/emzoom,exact_normalized,rstyle,no
33a5eefd181a,601,ContactCars,GAC,EMZOOM,Other Trims,2026,gac,gac/emzoom,exact_normalized,othertrims,no
caeb55284683,602,Hatla2ee,GAC,Empow,GS,2027,gac,gac/empow,exact_normalized,gs,no
1bf460230970,603,Hatla2ee,GAC,Empow,GB,2027,gac,gac/empow,exact_normalized,gb,no
bb0f98cfb6f4,604,Hatla2ee,GAC,Empow,GE S-Style,2027,gac,gac/empow,exact_normalized,gesstyle,no
c39af407a4b6,605,ContactCars,GAC,Empow,GS,2024,gac,gac/empow,exact_normalized,gs,no
e8d6d9941dd3,606,ContactCars,GAC,Empow,GS,2025,gac,gac/empow,exact_normalized,gs,no
29731d2c037b,607,ContactCars,GAC,Empow,GB,2024,gac,gac/empow,exact_normalized,gb,no
24d42f72a1e4,608,ContactCars,GAC,Empow,GB,2025,gac,gac/empow,exact_normalized,gb,no
0686fa67c472,609,ContactCars,GAC,Empow,GE S-style,2024,gac,gac/empow,exact_normalized,gesstyle,no
da5d09839518,610,ContactCars,GAC,Empow,GE S-style,2025,gac,gac/empow,exact_normalized,gesstyle,no
922f61a3ce9c,611,ContactCars,GAC,Empow,Other Trims,2025,gac,gac/empow,exact_normalized,othertrims,no
3c2f7910605e,612,Hatla2ee,GAC,GS4,GS,2025,gac,gac/gs4,exact_normalized,gs,no
9704b667e9c5,613,Hatla2ee,GAC,GS4,GB,2025,gac,gac/gs4,exact_normalized,gb,no
94c415c4c3b7,614,Hatla2ee,GAC,GS4,GE,2025,gac,gac/gs4,exact_normalized,ge,no
7a423bb63c92,615,Hatla2ee,GAC,GS4 max,Premium,2027,gac,gac/gs4-max,exact_normalized,premium,no
575d447ac7ff,616,ContactCars,GAC,GS4 Max,Premium,2026,gac,gac/gs4-max,exact_normalized,premium,no
af1b71e72c44,617,ContactCars,GAC,GS4 Max,Other Trims,2025,gac,gac/gs4-max,exact_normalized,othertrims,no
ceb2e0114dde,618,ContactCars,GAC,GS4 Max,Other Trims,2026,gac,gac/gs4-max,exact_normalized,othertrims,no
d75c0d02191b,619,Hatla2ee,GAC,Aion LX,Comfort,2026,gac,gac/aion-lx,exact_normalized,comfort,no
2abecefd30f3,620,Hatla2ee,GAC,Emkoo,Gs,2025,gac,gac/emkoo,exact_normalized,gs,no
6874b3f171a8,621,Hatla2ee,GAC,Emkoo,GE,2025,gac,gac/emkoo,exact_normalized,ge,no
2ec2089cf1f9,622,Hatla2ee,GAC,Emkoo,GL,2025,gac,gac/emkoo,exact_normalized,gl,no
5da72132581b,623,Hatla2ee,Volvo,EX30,Single PLUS Extended Range,2026,volvo,volvo/ex30,exact_normalized,singleplusextendedrange,no
c73da88e1995,624,Hatla2ee,Volvo,EX30,Single Ultra Extended Range,2026,volvo,volvo/ex30,exact_normalized,singleultraextendedrange,no
5b87951d9033,625,Hatla2ee,Volvo,EX30,Twin Plus Performance,2026,volvo,volvo/ex30,exact_normalized,twinplusperformance,no
387e50148df9,626,ContactCars,Volvo,EX30,Plus Single Motor,2026,volvo,volvo/ex30,exact_normalized,plussinglemotor,no
4457745fafed,627,ContactCars,Volvo,EX30,Ultra Single Motor,2026,volvo,volvo/ex30,exact_normalized,ultrasinglemotor,no
abfe2fe1865e,628,ContactCars,Volvo,EX30,Ultra Twin Motor,2026,volvo,volvo/ex30,exact_normalized,ultratwinmotor,no
0b47444af7c4,629,Hatla2ee,Volvo,XC 40,Essential,2026,volvo,volvo/xc-40,exact_normalized,essential,no
39b158540b75,630,Hatla2ee,Volvo,XC 40,Ultra Dark,2026,volvo,volvo/xc-40,exact_normalized,ultradark,no
301f6710f760,631,Hatla2ee,Volvo,XC 40,Black Edition,2026,volvo,volvo/xc-40,exact_normalized,blackedition,no
80eed933552e,632,ContactCars,Volvo,XC 40,Ultimate Dark,2024,volvo,volvo/xc-40,exact_normalized,ultimatedark,no
6972e64c34d0,633,Hatla2ee,Volvo,XC60,Essential,2026,volvo,volvo/xc60,exact_normalized,essential,no
e46ffe2889bb,634,Hatla2ee,Volvo,XC60,Ultimate Dark,2026,volvo,volvo/xc60,exact_normalized,ultimatedark,no
4767abdecbe8,635,Hatla2ee,Volvo,XC60,Black Edition,2026,volvo,volvo/xc60,exact_normalized,blackedition,no
dbaf512190e8,636,ContactCars,Volvo,XC 60,Essential,2026,volvo,volvo/xc60,exact_normalized,essential,no
16d53105f490,637,ContactCars,Volvo,XC 60,Ultimate Dark,2026,volvo,volvo/xc60,exact_normalized,ultimatedark,no
78a918e36f42,638,ContactCars,Volvo,XC 60,Black Edition,2026,volvo,volvo/xc60,exact_normalized,blackedition,no
aa9a59b8e009,639,Hatla2ee,Volvo,ES 90,Ultra,2026,volvo,volvo/es90,exact_normalized,ultra,no
d5c5e35b3079,640,ContactCars,Volvo,ES90,Ultra,2026,volvo,volvo/es90,exact_normalized,ultra,no
873a409970c9,641,Hatla2ee,Volvo,EX90,Twin Motor,2027,volvo,volvo/ex90,exact_normalized,twinmotor,no
fc8e31cc742d,642,ContactCars,Volvo,EX90,Unspecified (1 Trim Available),2027,volvo,volvo/ex90,exact_normalized,unspecified1trimavailable,no
c8b402c43fb0,643,Hatla2ee,Volvo,XC90,Ultimate,2026,volvo,volvo/xc90,exact_normalized,ultimate,no
f9e9226a992e,644,ContactCars,Volvo,XC 90,Ultra Bright,2026,volvo,volvo/xc90,exact_normalized,ultrabright,no
6ab2c2e041e3,645,ContactCars,BMW,118i,Sport line,2023,bmw,bmw/118i,exact_normalized,sportline,no
2b8390cfc178,646,ContactCars,BMW,X1,sDrive18i xLine,2023,bmw,bmw/x1,exact_normalized,sdrive18ixline,no
1b0135a2e118,647,ContactCars,BMW,118i,Sport line,2024,bmw,bmw/118i,exact_normalized,sportline,no
37dd2dbaa6dd,648,ContactCars,BMW,320i,LCI Luxury,2023,bmw,bmw/320i,exact_normalized,lciluxury,no
0fdc5a6a3727,649,ContactCars,BMW,218i,GC Sport Line,2024,bmw,bmw/218i,exact_normalized,gcsportline,no
c012b54e3b8c,650,ContactCars,BMW,218i,GC MSport,2024,bmw,bmw/218i,exact_normalized,gcmsport,no
e3246b966f8a,651,ContactCars,BMW,520i,Advantage,2023,bmw,bmw/520i,exact_normalized,advantage,no
e8142c704609,652,ContactCars,BMW,320i,LCI Advantage,2024,bmw,bmw/320i,exact_normalized,lciadvantage,no
b8877f1e8cf6,653,ContactCars,BMW,X1,sDrive18i xLine,2025,bmw,bmw/x1,exact_normalized,sdrive18ixline,no
7347e7071163,654,ContactCars,BMW,320i,Luxury line,2024,bmw,bmw/320i,exact_normalized,luxuryline,no
e1300ee05390,655,ContactCars,BMW,420i Coupe,Coupe,2024,bmw,bmw/420i-coupe,exact_normalized,coupe,no
bd4265f7c810,656,ContactCars,BMW,520i,Luxury,2023,bmw,bmw/520i,exact_normalized,luxury,no
d9309b209de3,657,ContactCars,BMW,320i,M Sport,2024,bmw,bmw/320i,exact_normalized,msport,no
4f62c59f356d,658,ContactCars,BMW,X1,sDrive18i M Sport,2025,bmw,bmw/x1,exact_normalized,sdrive18imsport,no
06353bd0a41b,659,ContactCars,BMW,440i Coupe,Coupe,2022,bmw,bmw/440i-coupe,exact_normalized,coupe,no
37117694533c,660,ContactCars,BMW,X2,sDrive18i - M Sport X,2025,bmw,bmw/x2,exact_normalized,sdrive18imsportx,no
638514f88681,661,ContactCars,BMW,iX1,xDrive20 - xLine,2025,bmw,bmw/ix1,exact_normalized,xdrive20xline,no
1914cc01fbe5,662,ContactCars,BMW,X3,xDrive30i - xLine,2023,bmw,bmw/x3,exact_normalized,xdrive30ixline,no
f038866256de,663,ContactCars,BMW,iX1,xDrive30 - xLine,2024,bmw,bmw/ix1,exact_normalized,xdrive30xline,no
c13ba9a930d0,664,ContactCars,BMW,330i,LCI M Sport,2024,bmw,bmw/330i,exact_normalized,lcimsport,no
765a7af2226e,665,ContactCars,BMW,i4,GC eDrive40 - M Sport,2024,bmw,bmw/i4,exact_normalized,gcedrive40msport,no
efecdc752486,666,ContactCars,BMW,420i Convertible,420i Conv. M Sport,2024,bmw,bmw/420i-convertible,exact_normalized,420iconvmsport,no
01a1e7fb1c14,667,ContactCars,BMW,iX,xDrive40,2023,bmw,bmw/ix,exact_normalized,xdrive40,no
564e212bbc81,668,ContactCars,BMW,X3,xDrive30i - xLine,2024,bmw,bmw/x3,exact_normalized,xdrive30ixline,no
aeeae5bee0cc,669,ContactCars,BMW,420i Gran Coupe,420i GC,2025,bmw,bmw/420i-gran-coupe,exact_normalized,420igc,no
e771a27f5fdd,670,ContactCars,BMW,420i Convertible,420i M Sport,2025,bmw,bmw/420i-convertible,exact_normalized,420imsport,no
1decd268be22,671,ContactCars,BMW,X2,M35i Sport,2025,bmw,bmw/x2,exact_normalized,m35isport,no
4d0604957c84,672,ContactCars,BMW,440i Coupe,M440i xDrive,2023,bmw,bmw/440i-coupe,exact_normalized,m440ixdrive,no
f0f302eebc27,673,ContactCars,BMW,X4,xDrive30i - M Sport,2024,bmw,bmw/x4,exact_normalized,xdrive30imsport,no
a3f0dea3ab98,674,ContactCars,BMW,340i,M340i xDrive,2024,bmw,bmw/340i,exact_normalized,m340ixdrive,no
3b3d38096f94,675,ContactCars,BMW,520i,Luxury Bronze,2025,bmw,bmw/520i,exact_normalized,luxurybronze,no
388b113b2a19,676,ContactCars,BMW,520i,M Sport,2025,bmw,bmw/520i,exact_normalized,msport,no
bc583e5bffb4,677,ContactCars,BMW,520i,Luxury,2025,bmw,bmw/520i,exact_normalized,luxury,no
c6d4549578e8,678,ContactCars,BMW,i5,eDrive40 - Luxury line,2024,bmw,bmw/i5,exact_normalized,edrive40luxuryline,no
11e29e660c82,679,ContactCars,BMW,i5,eDrive40 - Luxury Bronze,2024,bmw,bmw/i5,exact_normalized,edrive40luxurybronze,no
1f863584934f,680,ContactCars,BMW,i5,eDrive40 - M Sport,2024,bmw,bmw/i5,exact_normalized,edrive40msport,no
b3a8f4037f27,681,ContactCars,BMW,iX,xDrive40,2024,bmw,bmw/ix,exact_normalized,xdrive40,no
7310e84de2e7,682,ContactCars,BMW,M3,Base,2023,bmw,bmw/m3,exact_normalized,base,no
f3343c46664b,683,ContactCars,BMW,M4,Coupe,2023,bmw,bmw/m4,exact_normalized,coupe,no
cccff35de494,684,ContactCars,BMW,X5,xDrive40i - xLine,2025,bmw,bmw/x5,exact_normalized,xdrive40ixline,no
d3f406c0de4e,685,ContactCars,BMW,iX,xDrive50,2024,bmw,bmw/ix,exact_normalized,xdrive50,no
7b1e9e31080b,686,ContactCars,BMW,iX,xDrive50,2025,bmw,bmw/ix,exact_normalized,xdrive50,no
ec6a70681fc4,687,ContactCars,BMW,M3,Competition,2023,bmw,bmw/m3,exact_normalized,competition,no
76c74d276940,688,ContactCars,BMW,M4,Competition Coupe,2023,bmw,bmw/m4,exact_normalized,competitioncoupe,no
415875cd2497,689,ContactCars,BMW,X6,xDrive40i - M Sport,2025,bmw,bmw/x6,exact_normalized,xdrive40imsport,no
2cedaebf2ca0,690,ContactCars,BMW,M3,Competition M xDrive,2023,bmw,bmw/m3,exact_normalized,competitionmxdrive,no
7eced40e1de5,691,ContactCars,BMW,M4,Competition M xDrive,2023,bmw,bmw/m4,exact_normalized,competitionmxdrive,no
f778d99c427c,692,ContactCars,BMW,i7,xDrive60 Pure Excellence,2023,bmw,bmw/i7,exact_normalized,xdrive60pureexcellence,no
502d1272c815,693,ContactCars,BMW,X5,M60i,2024,bmw,bmw/x5,exact_normalized,m60i,no
84edf0b6da28,694,ContactCars,BMW,X6,M60i,2025,bmw,bmw/x6,exact_normalized,m60i,no
10dd0c07b2a5,695,ContactCars,BMW,M850i,GC LCI,2024,bmw,bmw/m850i,exact_normalized,gclci,no
b74ec73d48cf,696,ContactCars,BMW,M850i,Convertible,2024,bmw,bmw/m850i,exact_normalized,convertible,no
1512a9987b22,697,ContactCars,BMW,M5,Competition,2023,bmw,bmw/m5,exact_normalized,competition,no
aee6dd76c5f7,698,ContactCars,BMW,740i,Pure Excellence,2024,bmw,bmw/740i,exact_normalized,pureexcellence,no
f77f1ac0362a,699,ContactCars,BMW,X7,M60i,2025,bmw,bmw/x7,exact_normalized,m60i,no
7c150f83b7f5,700,ContactCars,BMW,i7,xDrive60 Pure Excellence,2024,bmw,bmw/i7,exact_normalized,xdrive60pureexcellence,no
17e9e8e141c2,701,ContactCars,BMW,i7,xDrive60 Pure Excellence,2025,bmw,bmw/i7,exact_normalized,xdrive60pureexcellence,no
5af908aafafd,702,ContactCars,BMW,740i,Pure Excellence LWB,2025,bmw,bmw/740i,exact_normalized,pureexcellencelwb,no
3c961390ff68,703,ContactCars,BMW,M8,GC,2023,bmw,bmw/m8,exact_normalized,gc,no
829079ccf2ef,704,ContactCars,BMW,760i,xDrive M Sport,2024,bmw,bmw/760i,exact_normalized,xdrivemsport,no
34c89f95497a,705,ContactCars,BMW,760i,xDrive M Sport,2025,bmw,bmw/760i,exact_normalized,xdrivemsport,no
a5bae2ec6efa,706,ContactCars,BMW,i3,Other Trims,2025,bmw,bmw/i3,exact_normalized,othertrims,no
b70d05b7f5d7,707,ContactCars,BMW,X5,Other Trims,2025,bmw,bmw/x5,exact_normalized,othertrims,no
2190638ff0f4,708,Hatla2ee,Audi,Q2,A/T / S Line,2025,audi,audi/q2,exact_normalized,atsline,no
ab457b84b010,709,Hatla2ee,Audi,Q2,A/T / S Line,2026,audi,audi/q2,exact_normalized,atsline,no
aabc209d1151,710,ContactCars,Audi,Q2,S line,2025,audi,audi/q2,exact_normalized,sline,no
0725b4f71749,711,Hatla2ee,Audi,A3,A/T / Sport back,2025,audi,audi/a3,exact_normalized,atsportback,no
c31abc7852aa,712,Hatla2ee,Audi,A3,A/T / S-Line,2025,audi,audi/a3,exact_normalized,atsline,no
55f77a4caf92,713,Hatla2ee,Audi,A3,A/T / Sportback,2026,audi,audi/a3,exact_normalized,atsportback,no
f4c38b58eafd,714,Hatla2ee,Audi,A3,A/T / S-Line,2026,audi,audi/a3,exact_normalized,atsline,no
2ccf68e1df80,715,ContactCars,Audi,A3,S-Line Sport back,2025,audi,audi/a3,exact_normalized,slinesportback,no
952a33e021f7,716,ContactCars,Audi,A3,S-Line,2025,audi,audi/a3,exact_normalized,sline,no
5155ecbaf54c,717,Hatla2ee,Audi,Q3,A/T / Advanced,2025,audi,audi/q3,exact_normalized,atadvanced,no
8e921be53b61,718,Hatla2ee,Audi,Q3,A/T / S-Line,2025,audi,audi/q3,exact_normalized,atsline,no
d867225228af,719,Hatla2ee,Audi,Q3,A/T / Sport back,2025,audi,audi/q3,exact_normalized,atsportback,no
ac53022f00c2,720,Hatla2ee,Audi,Q3,A/T / Sport back B/L,2025,audi,audi/q3,exact_normalized,atsportbackbl,no
2a07e95efeb9,721,Hatla2ee,Audi,Q3,A/T / Sport back (2.0L),2025,audi,audi/q3,exact_normalized,atsportback20l,no
02552b18fc07,722,Hatla2ee,Audi,Q3,A/T / Advanced,2026,audi,audi/q3,exact_normalized,atadvanced,no
645a8b3d5293,723,Hatla2ee,Audi,Q3,A/T / Sport back,2026,audi,audi/q3,exact_normalized,atsportback,no
3a29ad107fca,724,Hatla2ee,Audi,Q3,A/T / S-Line,2026,audi,audi/q3,exact_normalized,atsline,no
5755ef757546,725,Hatla2ee,Audi,Q3,A/T / Sport back B/L,2026,audi,audi/q3,exact_normalized,atsportbackbl,no
b4878f18b808,726,ContactCars,Audi,Q3,1.4 A/T Advanced,2022,audi,audi/q3,exact_normalized,14atadvanced,no
618891567294,727,ContactCars,Audi,Q3,1.4 A/T Advanced,2023,audi,audi/q3,exact_normalized,14atadvanced,no
1e15f0e9713c,728,ContactCars,Audi,Q3,Advanced,2025,audi,audi/q3,exact_normalized,advanced,no
69e7fcdfd7be,729,ContactCars,Audi,Q3,S-Line,2025,audi,audi/q3,exact_normalized,sline,no
022656155765,730,ContactCars,Audi,Q3,Sport back S-Line,2025,audi,audi/q3,exact_normalized,sportbacksline,no
9f10e65e9627,731,ContactCars,Audi,Q3,Sport back Black package S-Line,2025,audi,audi/q3,exact_normalized,sportbackblackpackagesline,no
a0c2d4d6c623,732,ContactCars,Audi,Q3,2.0T Quattro Sportback,2025,audi,audi/q3,exact_normalized,20tquattrosportback,no
229c920b9479,733,Hatla2ee,Audi,A4,A/T / S Line Plus,2024,audi,audi/a4,exact_normalized,atslineplus,no
f04a0f7944ac,734,ContactCars,Audi,A4,S-Line plus,2024,audi,audi/a4,exact_normalized,slineplus,no
b99097fb1476,735,Hatla2ee,Audi,A5,A/T / Advanced,2025,audi,audi/a5,exact_normalized,atadvanced,no
a2174b970685,736,Hatla2ee,Audi,A5,A/T / Advanced,2026,audi,audi/a5,exact_normalized,atadvanced,no
6a774811edca,737,Hatla2ee,Audi,A5,A/T / S-Line,2026,audi,audi/a5,exact_normalized,atsline,no
067bbd5ecdec,738,Hatla2ee,Audi,A5,A/T / S-Line PLUS,2026,audi,audi/a5,exact_normalized,atslineplus,no
06a9a3ac8bee,739,ContactCars,Audi,A5,Sportback S-Line,2023,audi,audi/a5,exact_normalized,sportbacksline,no
c3d830e9b30f,740,ContactCars,Audi,A5,Sportback S-Line,2024,audi,audi/a5,exact_normalized,sportbacksline,no
a299315f2a61,741,Hatla2ee,Audi,A6,A/T / Advanced,2026,audi,audi/a6,exact_normalized,atadvanced,no
1466fea5cfb5,742,Hatla2ee,Audi,A6,A/T / S Line,2026,audi,audi/a6,exact_normalized,atsline,no
1d00ece24b0d,743,ContactCars,Audi,A6,S-Line,2024,audi,audi/a6,exact_normalized,sline,no
9f1dec36d7df,744,Hatla2ee,Audi,Q8 E-tron,Automatic,2024,audi,audi/q8-e-tron,exact_normalized,automatic,no
dabf3e8e6736,745,Hatla2ee,Audi,Q8 E-tron,A/T / Top Line,2024,audi,audi/q8-e-tron,exact_normalized,attopline,no
db422ede0fab,746,Hatla2ee,Audi,Q8 E-tron,A/T / Sportback,2024,audi,audi/q8-e-tron,exact_normalized,atsportback,no
d4c06e5de035,747,Hatla2ee,Audi,Q8 E-tron,A/T / Sportback / H/L,2024,audi,audi/q8-e-tron,exact_normalized,atsportbackhl,no
ae93bda51819,748,ContactCars,Audi,Q8 E-tron,SUV,2024,audi,audi/q8-e-tron,exact_normalized,suv,no
52426f552c4c,749,ContactCars,Audi,Q8 E-tron,SUV With Virtual Mirrors,2024,audi,audi/q8-e-tron,exact_normalized,suvvirtualmirrors,no
985311323609,750,ContactCars,Audi,Q8 E-tron,Sportback,2024,audi,audi/q8-e-tron,exact_normalized,sportback,no
7f632b274cdc,751,ContactCars,Audi,Q8 E-tron,Sportback With Virtual Mirrors,2024,audi,audi/q8-e-tron,exact_normalized,sportbackvirtualmirrors,no
a52d083864cc,752,Hatla2ee,Audi,Q7,A/T / S Line,2025,audi,audi/q7,exact_normalized,atsline,no
ff9764fa2d0c,753,Hatla2ee,Audi,Q7,A/T / S Line Plus,2025,audi,audi/q7,exact_normalized,atslineplus,no
f8a27050656e,754,Hatla2ee,Audi,Q7,A/T / S Line (3.0 L),2025,audi,audi/q7,exact_normalized,atsline30l,no
e8f8ea1ae6dc,755,Hatla2ee,Audi,Q7,A/T / S Line,2026,audi,audi/q7,exact_normalized,atsline,no
cb417c47b37c,756,Hatla2ee,Audi,Q7,A/T / S Line Plus,2026,audi,audi/q7,exact_normalized,atslineplus,no
fc494b574a7d,757,ContactCars,Audi,Q7,2.0 TFSI Premium,2022,audi,audi/q7,exact_normalized,20tfsipremium,no
1bc62cba31e8,758,ContactCars,Audi,Q7,S-Line,2025,audi,audi/q7,exact_normalized,sline,no
df55f5054734,759,ContactCars,Audi,Q7,S-Line Plus,2025,audi,audi/q7,exact_normalized,slineplus,no
f2c6363fc021,760,ContactCars,Audi,Q7,S-Line (3.0),2025,audi,audi/q7,exact_normalized,sline30,no
37d41cabd447,761,Hatla2ee,Audi,RS e-Tron,A/T / S Line,2025,audi,audi/rs-e-tron,exact_normalized,atsline,no
9f1b6669583b,762,Hatla2ee,Audi,RS e-Tron,Automatic,2024,audi,audi/rs-e-tron,exact_normalized,automatic,no
ea808aa26709,763,ContactCars,Audi,RS e-tron GT,S-Line,2025,audi,audi/rs-e-tron-gt,exact_normalized,sline,no
d24526b09e59,764,Hatla2ee,Audi,Q8,A/T / S Line,2025,audi,audi/q8,exact_normalized,atsline,no
835808f02c61,765,Hatla2ee,Audi,Q8,A/T / S Line Plus,2025,audi,audi/q8,exact_normalized,atslineplus,no
eb153781a838,766,Hatla2ee,Audi,Q8,A/T / S Line,2026,audi,audi/q8,exact_normalized,atsline,no
58230895d222,767,Hatla2ee,Audi,Q8,A/T / S Line Plus,2026,audi,audi/q8,exact_normalized,atslineplus,no
cd496f65dbdc,768,ContactCars,Audi,Q8,S-Line,2025,audi,audi/q8,exact_normalized,sline,no
935530881a2a,769,ContactCars,Audi,Q8,S-Line Plus,2025,audi,audi/q8,exact_normalized,slineplus,no
6741923466ba,770,Hatla2ee,Audi,RS Q8,Automatic,2024,audi,audi/rs-q8,exact_normalized,automatic,no
cc58dc487cc0,771,Hatla2ee,Audi,RS5 Coupe,Automatic,2024,audi,audi/rs5-coupe,exact_normalized,automatic,no
501acd826720,772,Hatla2ee,Audi,A8,A/T / S-Line Long,2025,audi,audi/a8,exact_normalized,atslinelong,no
a0a68e3204d2,773,ContactCars,Audi,A8,S-Line Long,2025,audi,audi/a8,exact_normalized,slinelong,no
1ecedaeef60e,774,ContactCars,Audi,E Tron,Other Trims,2024,audi,audi/e-tron,exact_normalized,othertrims,no
7b436523590a,775,Hatla2ee,Porsche,Macan,Automatic,2025,porsche,porsche/macan,exact_normalized,automatic,no
4c86c0f3a7bb,776,Hatla2ee,Porsche,Macan,A/T / T,2025,porsche,porsche/macan,exact_normalized,att,no
df850602a1d6,777,Hatla2ee,Porsche,Macan,A/T / S,2025,porsche,porsche/macan,exact_normalized,ats,no
88f08a5d8806,778,Hatla2ee,Porsche,Macan,A/T / GTS,2025,porsche,porsche/macan,exact_normalized,atgts,no
8977494de0ce,779,Hatla2ee,Porsche,Macan Electric,Automatic,2025,porsche,porsche/macan-electric,exact_normalized,automatic,no
c0f9618eb970,780,Hatla2ee,Porsche,Macan Electric,A/T / 4,2025,porsche,porsche/macan-electric,exact_normalized,at4,no
a94bebe6415a,781,Hatla2ee,Porsche,Macan Electric,A/T / 4S Electric,2025,porsche,porsche/macan-electric,exact_normalized,at4selectric,no
3cf0033a43b1,782,Hatla2ee,Porsche,Macan Electric,A/T / Turbo,2025,porsche,porsche/macan-electric,exact_normalized,atturbo,no
d30e1fab0f8b,783,Hatla2ee,Porsche,718,A/T / Cayman,2025,porsche,porsche/718,exact_normalized,atcayman,no
7775039b0570,784,Hatla2ee,Porsche,718,A/T / Boxster,2025,porsche,porsche/718,exact_normalized,atboxster,no
2e40f1caa14e,785,Hatla2ee,Porsche,718,A/T / Cayman Style Edition,2025,porsche,porsche/718,exact_normalized,atcaymanstyleedition,no
8b4fcebd96da,786,Hatla2ee,Porsche,718,A/T / Boxster Style Edition,2025,porsche,porsche/718,exact_normalized,atboxsterstyleedition,no
045a120619fd,787,Hatla2ee,Porsche,718,A/T / Cayman S,2025,porsche,porsche/718,exact_normalized,atcaymans,no
cab314a8fa93,788,Hatla2ee,Porsche,718,A/T / Boxster S,2025,porsche,porsche/718,exact_normalized,atboxsters,no
495bde5b40f2,789,Hatla2ee,Porsche,718,A/T / Cayman GTS 4.0,2025,porsche,porsche/718,exact_normalized,atcaymangts40,no
379044b5ff68,790,Hatla2ee,Porsche,718,A/T / Boxster GTS 4.0,2025,porsche,porsche/718,exact_normalized,atboxstergts40,no
17d4c8f56b25,791,Hatla2ee,Porsche,718,A/T / Cayman GT4 RS,2025,porsche,porsche/718,exact_normalized,atcaymangt4rs,no
fcf752c24053,792,Hatla2ee,Porsche,718,A/T / Spyder RS,2025,porsche,porsche/718,exact_normalized,atspyderrs,no
18b44b396001,793,Hatla2ee,Porsche,Taycan,Automatic,2025,porsche,porsche/taycan,exact_normalized,automatic,no
20c8923b2a3f,794,Hatla2ee,Porsche,Taycan,A/T / 4 Cross Turismo,2025,porsche,porsche/taycan,exact_normalized,at4crossturismo,no
687eb6b11d25,795,Hatla2ee,Porsche,Taycan,A/T / Taycan 4S,2025,porsche,porsche/taycan,exact_normalized,attaycan4s,no
b3978148c851,796,Hatla2ee,Porsche,Taycan,A/T / 4S Cross Turismo,2025,porsche,porsche/taycan,exact_normalized,at4scrossturismo,no
0f5cd7676520,797,Hatla2ee,Porsche,Taycan,A/T / Turbo,2025,porsche,porsche/taycan,exact_normalized,atturbo,no
68be8eb1b592,798,Hatla2ee,Porsche,Taycan,A/T / Turbo Cross Turismo,2025,porsche,porsche/taycan,exact_normalized,atturbocrossturismo,no
299e30a2e59a,799,Hatla2ee,Porsche,Taycan,A/T / Turbo S,2025,porsche,porsche/taycan,exact_normalized,atturbos,no
789ddd163743,800,Hatla2ee,Porsche,Taycan,A/T / Turbo GT,2025,porsche,porsche/taycan,exact_normalized,atturbogt,no
e69624841ba5,801,Hatla2ee,Porsche,Taycan,A/T / Highli Turbo GT with Weissach Packagene,2025,porsche,porsche/taycan,exact_normalized,athighliturbogtweissachpackagene,no
63ae9b749428,802,Hatla2ee,Porsche,Cayenne,Automatic,2025,porsche,porsche/cayenne,exact_normalized,automatic,no
31fb0e1cc0a2,803,Hatla2ee,Porsche,Cayenne,A/T / Coupe,2025,porsche,porsche/cayenne,exact_normalized,atcoupe,no
eef02f15f591,804,Hatla2ee,Porsche,Cayenne,Automatic / S,2025,porsche,porsche/cayenne,exact_normalized,automatics,no
7c86904aaec6,805,Hatla2ee,Porsche,Cayenne,A/T / S Coupe,2025,porsche,porsche/cayenne,exact_normalized,atscoupe,no
49b9d5954e6c,806,Hatla2ee,Porsche,Cayenne,A/T / GTS,2025,porsche,porsche/cayenne,exact_normalized,atgts,no
2f03a5929e22,807,Hatla2ee,Porsche,Cayenne,A/T / GTS Coupe,2025,porsche,porsche/cayenne,exact_normalized,atgtscoupe,no
61098076f3fb,808,Hatla2ee,Porsche,Cayenne,A/T / Coupe Turbo GT,2025,porsche,porsche/cayenne,exact_normalized,atcoupeturbogt,no
25156d00b416,809,Hatla2ee,Porsche,Panamera,Automatic,2025,porsche,porsche/panamera,exact_normalized,automatic,no
380084974e75,810,Hatla2ee,Porsche,Panamera,A/T / 4,2025,porsche,porsche/panamera,exact_normalized,at4,no
d9a653315be0,811,Hatla2ee,Porsche,Panamera,A/T / 4 E-Hybrid,2025,porsche,porsche/panamera,exact_normalized,at4ehybrid,no
b139841959ec,812,Hatla2ee,Porsche,Panamera,A/T / 4 E-Hybrid Executive,2025,porsche,porsche/panamera,exact_normalized,at4ehybridexecutive,no
1adb0c82c9a8,813,Hatla2ee,Porsche,Panamera,A/T / 4S E-Hybrid,2025,porsche,porsche/panamera,exact_normalized,at4sehybrid,no
79ea0c80c4ff,814,Hatla2ee,Porsche,Panamera,A/T / GTS,2025,porsche,porsche/panamera,exact_normalized,atgts,no
844628d17732,815,Hatla2ee,Porsche,Panamera,A/T / Turbo E-Hybrid,2025,porsche,porsche/panamera,exact_normalized,atturboehybrid,no
d91a6096155a,816,Hatla2ee,Porsche,Panamera,A/T / Turbo S E-Hybrid,2025,porsche,porsche/panamera,exact_normalized,atturbosehybrid,no
419a45f804a3,817,Hatla2ee,Porsche,911,A/T / Carrera,2025,porsche,porsche/911,exact_normalized,atcarrera,no
c75706bafb38,818,Hatla2ee,Porsche,911,Manual / Carrera,2025,porsche,porsche/911,exact_normalized,manualcarrera,no
c92e1fe5b394,819,Hatla2ee,Porsche,911,A/T / Carrera Cabriolet,2025,porsche,porsche/911,exact_normalized,atcarreracabriolet,no
c0ce346dd9ad,820,Hatla2ee,Porsche,911,Manual / Carrera Cabriolet,2025,porsche,porsche/911,exact_normalized,manualcarreracabriolet,no
482530b0e06e,821,Hatla2ee,Porsche,911,A/T / Carrera GTS,2025,porsche,porsche/911,exact_normalized,atcarreragts,no
3a51e1b28dfa,822,Hatla2ee,Porsche,911,A/T / Carrera 4 GTS,2025,porsche,porsche/911,exact_normalized,atcarrera4gts,no
b893e8e09951,823,Hatla2ee,Porsche,911,A/T / Carrera GTS Cabriolet,2025,porsche,porsche/911,exact_normalized,atcarreragtscabriolet,no
02e4f9b78284,824,Hatla2ee,Porsche,911,A/T / Carrera 4 GTS Cabriolet,2025,porsche,porsche/911,exact_normalized,atcarrera4gtscabriolet,no
1f8da45b1eae,825,ContactCars,Porsche,Macan,2.0 A/T,2023,porsche,porsche/macan,exact_normalized,20at,no
0fcb2096d753,826,ContactCars,Porsche,Macan,3.0 A/T Macan S,2023,porsche,porsche/macan,exact_normalized,30atmacans,no
8f7a8855f030,827,ContactCars,Porsche,718,2.0 M/T Cayman,2023,porsche,porsche/718,exact_normalized,20mtcayman,no
d2595cfac61c,828,ContactCars,Porsche,718,2.5 M/T Cayman S,2023,porsche,porsche/718,exact_normalized,25mtcaymans,no
cd3b5d50917c,829,ContactCars,Porsche,718,2.0 M/T Boxster,2023,porsche,porsche/718,exact_normalized,20mtboxster,no
f00799b5e669,830,ContactCars,Porsche,718,2.5 M/T Boxster S,2023,porsche,porsche/718,exact_normalized,25mtboxsters,no
ec775241ecbe,831,ContactCars,Porsche,Macan,2.9 A/T Macan GTS,2023,porsche,porsche/macan,exact_normalized,29atmacangts,no
ba20b86a861f,832,ContactCars,Porsche,Taycan,Taycan,2023,porsche,porsche/taycan,exact_normalized,taycan,no
5ff095935679,833,ContactCars,Porsche,Cayenne,3.0 A/T Cayenne,2023,porsche,porsche/cayenne,exact_normalized,30atcayenne,no
634df0016e68,834,ContactCars,Porsche,718,4.0 M/T Cayman GTS,2023,porsche,porsche/718,exact_normalized,40mtcaymangts,no
bc8d0f18e6f3,835,ContactCars,Porsche,911 GT3,4.0 M/T GT3 model,2022,porsche,porsche/911-gt3,exact_normalized,40mtgt3model,no
14bc28627941,836,ContactCars,Porsche,911 GT3,4.0 M/T with Touring Package,2022,porsche,porsche/911-gt3,exact_normalized,40mttouringpackage,no
a21d81220d0d,837,ContactCars,Porsche,718,4.0 M/T Boxster GTS,2023,porsche,porsche/718,exact_normalized,40mtboxstergts,no
18baf7dcc019,838,ContactCars,Porsche,Taycan,Taycan 4 Cross Turismo,2023,porsche,porsche/taycan,exact_normalized,taycan4crossturismo,no
56e2d48d96b3,839,ContactCars,Porsche,Cayenne Coupe,3.0 A/T Coupe,2023,porsche,porsche/cayenne-coupe,exact_normalized,30atcoupe,no
d0a9a2079492,840,ContactCars,Porsche,Cayenne,2.9 A/T S,2023,porsche,porsche/cayenne,exact_normalized,29ats,no
843aa8c8cd85,841,ContactCars,Porsche,Taycan,Taycan 4S,2023,porsche,porsche/taycan,exact_normalized,taycan4s,no
da0ef8094748,842,ContactCars,Porsche,Taycan,Taycan 4S Cross Turismo,2023,porsche,porsche/taycan,exact_normalized,taycan4scrossturismo,no
d42795e541d8,843,ContactCars,Porsche,718,4.0 M/T Spyder,2023,porsche,porsche/718,exact_normalized,40mtspyder,no
31cabb253df2,844,ContactCars,Porsche,Cayenne Coupe,2.9 A/T S Coupe,2023,porsche,porsche/cayenne-coupe,exact_normalized,29atscoupe,no
50ae25392a47,845,ContactCars,Porsche,718,4.0 M/T Cayman GT4,2023,porsche,porsche/718,exact_normalized,40mtcaymangt4,no
bca66a47fd97,846,ContactCars,Porsche,911 Carrera,3.0 A/T,2023,porsche,porsche/911-carrera,exact_normalized,30at,no
b14df8535317,847,ContactCars,Porsche,Cayenne Coupe,4.0 A/T Turbo GT,2023,porsche,porsche/cayenne-coupe,exact_normalized,40atturbogt,no
8b8a233ab6d1,848,ContactCars,Porsche,Panamera,2.9 A/T Panamera,2023,porsche,porsche/panamera,exact_normalized,29atpanamera,no
67d6ef94f14f,849,ContactCars,Porsche,Taycan,Taycan GTS,2023,porsche,porsche/taycan,exact_normalized,taycangts,no
63bb5d9575b4,850,ContactCars,Porsche,Panamera,2.9 A/T Panamera 4,2023,porsche,porsche/panamera,exact_normalized,29atpanamera4,no
225301154102,851,ContactCars,Porsche,Cayenne,4.0 A/T GTS,2023,porsche,porsche/cayenne,exact_normalized,40atgts,no
85a176956968,852,ContactCars,Porsche,911 Carrera,3.0 A/T 911 Carrera 4,2023,porsche,porsche/911-carrera,exact_normalized,30at911carrera4,no
1a225c65550f,853,ContactCars,Porsche,Cayenne Coupe,4.0 A/T GTS Coupe,2023,porsche,porsche/cayenne-coupe,exact_normalized,40atgtscoupe,no
43dc200813b8,854,ContactCars,Porsche,911 Carrera,3.0 A/T 911 Cabriolet,2023,porsche,porsche/911-carrera,exact_normalized,30at911cabriolet,no
5ac0357bad01,855,ContactCars,Porsche,911 Carrera,3.0 A/T 911 S,2023,porsche,porsche/911-carrera,exact_normalized,30at911s,no
557c93cb9f87,856,ContactCars,Porsche,Panamera,2.9 A/T Panamera 4 Executive,2023,porsche,porsche/panamera,exact_normalized,29atpanamera4executive,no
7897a2d86cef,857,ContactCars,Porsche,911 Carrera,3.0 A/T 911 Carrera 4 Cabriolet,2023,porsche,porsche/911-carrera,exact_normalized,30at911carrera4cabriolet,no
e2f21541455a,858,ContactCars,Porsche,Targa,3.0 A/T Targa 4,2023,porsche,porsche/targa,exact_normalized,30attarga4,no
fec80bab5b09,859,ContactCars,Porsche,911 Carrera,3.0 A/T 911 Carrera 4S,2023,porsche,porsche/911-carrera,exact_normalized,30at911carrera4s,no
b614c444ddb0,860,ContactCars,Porsche,Taycan,Taycan Turbo,2023,porsche,porsche/taycan,exact_normalized,taycanturbo,no
7cd541ebadfc,861,ContactCars,Porsche,Taycan,Taycan Turbo Cross Turismo,2023,porsche,porsche/taycan,exact_normalized,taycanturbocrossturismo,no
083f5bff8322,862,ContactCars,Porsche,911 Carrera,3.0 A/T 911 S Cabriolet,2023,porsche,porsche/911-carrera,exact_normalized,30at911scabriolet,no
4577fcac0bbf,863,ContactCars,Porsche,Panamera,2.9 A/T Panamera 4 S E-Hybrid,2023,porsche,porsche/panamera,exact_normalized,29atpanamera4sehybrid,no
ec31d43e45fc,864,ContactCars,Porsche,911 Carrera,3.0 A/T 911 Carrera 4S Cabriolet,2023,porsche,porsche/911-carrera,exact_normalized,30at911carrera4scabriolet,no
3d8ddb0d5437,865,ContactCars,Porsche,Targa,3.0 A/T 911 Targa 4S,2023,porsche,porsche/targa,exact_normalized,30at911targa4s,no
ed9ac5562f31,866,ContactCars,Porsche,911 GT3,RS,2023,porsche,porsche/911-gt3,exact_normalized,rs,no
3647694686af,867,ContactCars,Porsche,Panamera,4.0 A/T Panamera GTS,2023,porsche,porsche/panamera,exact_normalized,40atpanameragts,no
6379d0f0bd67,868,ContactCars,Porsche,Cayenne,4.0 A/T Turbo,2023,porsche,porsche/cayenne,exact_normalized,40atturbo,no
245f48cc26f7,869,ContactCars,Porsche,Cayenne Coupe,4.0 A/T Turbo Coupe,2023,porsche,porsche/cayenne-coupe,exact_normalized,40atturbocoupe,no
3a0c161772d2,870,ContactCars,Porsche,Taycan,Taycan Turbo S,2023,porsche,porsche/taycan,exact_normalized,taycanturbos,no
fee09459e172,871,ContactCars,Porsche,911 Turbo,3.8 A/T,2023,porsche,porsche/911-turbo,exact_normalized,38at,no
59f068a2a8c5,872,ContactCars,Porsche,911 Turbo,3.8 A/T Cabriolet,2023,porsche,porsche/911-turbo,exact_normalized,38atcabriolet,no
4c6ee7554777,873,ContactCars,Porsche,911 Turbo,3.8 A/T S,2023,porsche,porsche/911-turbo,exact_normalized,38ats,no
21ec8290f75a,874,ContactCars,Porsche,Panamera,4.0 A/T Panamera Turbo S,2023,porsche,porsche/panamera,exact_normalized,40atpanameraturbos,no
cfec450d809f,875,ContactCars,Porsche,911 Turbo,3.8 A/T S Cabriolet,2023,porsche,porsche/911-turbo,exact_normalized,38atscabriolet,no
a713e81978c0,876,ContactCars,Porsche,718 Cayman GTS,Other Trims,2024,porsche,porsche/718-cayman-gts,exact_normalized,othertrims,no
0739227894bb,877,Hatla2ee,Smart,1,A/T / Pure+,2025,smart,smart/1,exact_normalized,atpure,no
35a3b75ab339,878,Hatla2ee,Smart,1,A/T / Pro+,2025,smart,smart/1,exact_normalized,atpro,no
149c7169db7f,879,Hatla2ee,Smart,1,A/T / Premium,2025,smart,smart/1,exact_normalized,atpremium,no
f133415ebfcc,880,Hatla2ee,Smart,1,A/T / BRABUS,2025,smart,smart/1,exact_normalized,atbrabus,no
ed9521f0fdcd,881,ContactCars,Smart,Hashtag 1,Pure+,2025,smart,smart/hashtag-1,exact_normalized,pure,no
e5ef5afd9dcd,882,ContactCars,Smart,Hashtag 1,Pro+,2025,smart,smart/hashtag-1,exact_normalized,pro,no
5b52d57e1497,883,ContactCars,Smart,Hashtag 1,Premium,2025,smart,smart/hashtag-1,exact_normalized,premium,no
458d3275f2c5,884,ContactCars,Smart,Hashtag 1,Brabus,2025,smart,smart/hashtag-1,exact_normalized,brabus,no
0f971eb0ba4b,885,Hatla2ee,Smart,3,A/T / Pro+,2025,smart,smart/3,exact_normalized,atpro,no
a98e609490bb,886,Hatla2ee,Smart,3,A/T / Premium,2025,smart,smart/3,exact_normalized,atpremium,no
a61784f99d25,887,Hatla2ee,Smart,3,A/T / BRABUS,2025,smart,smart/3,exact_normalized,atbrabus,no
501ced25bda5,888,ContactCars,Smart,Hashtag 3,Pro+,2025,smart,smart/hashtag-3,exact_normalized,pro,no
3a7884b5ca37,889,ContactCars,Smart,Hashtag 3,Premium,2025,smart,smart/hashtag-3,exact_normalized,premium,no
3bf2070a7960,890,ContactCars,Smart,Hashtag 3,Brabus,2025,smart,smart/hashtag-3,exact_normalized,brabus,no
932d191af866,891,Hatla2ee,Smart,5,A/T / Pro+,2026,smart,smart/5,exact_normalized,atpro,no
447f45ca8637,892,Hatla2ee,Smart,5,A/T / Premium,2026,smart,smart/5,exact_normalized,atpremium,no
6454eb909a21,893,Hatla2ee,Smart,5,A/T / BRABUS,2026,smart,smart/5,exact_normalized,atbrabus,no
4927eb4e42ae,894,Hatla2ee,Exeed,LX,A/T / Luxury,2027,exeed,exeed/lx,exact_normalized,atluxury,no
89d6b3050a8e,895,ContactCars,Exeed,LX,Comfort,2026,exeed,exeed/lx,exact_normalized,comfort,no
232eefc5b115,896,ContactCars,Exeed,LX,Luxury,2026,exeed,exeed/lx,exact_normalized,luxury,no
1ba599950669,897,Hatla2ee,Exeed,ES,A/T / Comfort,2027,exeed,exeed/es,exact_normalized,atcomfort,no
5ff40e7e8baf,898,Hatla2ee,Exeed,ES,A/T / Flagship,2027,exeed,exeed/es,exact_normalized,atflagship,no
385ffc28a09f,899,ContactCars,Exeed,ES,Comfort,2026,exeed,exeed/es,exact_normalized,comfort,no
9d961c81367c,900,ContactCars,Exeed,ES,Flagship,2026,exeed,exeed/es,exact_normalized,flagship,no
78d1a71d41d6,901,Hatla2ee,Exeed,RX,Automatic,2027,exeed,exeed/rx,exact_normalized,automatic,no
494131ea7b01,902,Hatla2ee,Exeed,RX,A/T / Flagship,2027,exeed,exeed/rx,exact_normalized,atflagship,no
85461a26e291,903,ContactCars,Exeed,RX,Luxury (Green & Blue paint),2025,exeed,exeed/rx,exact_normalized,luxurygreenbluepaint,no
d507da2e93f4,904,ContactCars,Exeed,RX,Luxury,2025,exeed,exeed/rx,exact_normalized,luxury,no
b2bcf0106e2e,905,ContactCars,Exeed,RX,Flagship (Green and blue paint),2025,exeed,exeed/rx,exact_normalized,flagshipgreenandbluepaint,no
b1205f735c54,906,ContactCars,Exeed,RX,Flagship,2025,exeed,exeed/rx,exact_normalized,flagship,no
95a93a4adc15,907,Hatla2ee,Exeed,ET,A/T / Luxury,2027,exeed,exeed/et,exact_normalized,atluxury,no
6562c79822e6,908,Hatla2ee,Exeed,ET,A/T / Flagship,2027,exeed,exeed/et,exact_normalized,atflagship,no
04753a0135a4,909,ContactCars,Exeed,ET,Luxury,2026,exeed,exeed/et,exact_normalized,luxury,no
c28841a6a886,910,ContactCars,Exeed,ET,Flagship,2026,exeed,exeed/et,exact_normalized,flagship,no
b3c25390d213,911,Hatla2ee,Exeed,VX,A/T / Luxury,2027,exeed,exeed/vx,exact_normalized,atluxury,no
994eea8e9dfb,912,Hatla2ee,Exeed,VX,A/T / flagship,2027,exeed,exeed/vx,exact_normalized,atflagship,no
98969dd4795e,913,ContactCars,Exeed,VX,Luxury,2025,exeed,exeed/vx,exact_normalized,luxury,no
e4b60ebdb022,914,ContactCars,Exeed,VX,Flagship,2025,exeed,exeed/vx,exact_normalized,flagship,no
1dd26c99fee8,915,Hatla2ee,Lynk & Co,06,A/T / Core Plus,2025,lynk-co,lynk-co/06,exact_normalized,atcoreplus,no
e475f57d3862,916,Hatla2ee,Lynk & Co,06,A/T / Hyper Pro,2025,lynk-co,lynk-co/06,exact_normalized,athyperpro,no
1aa3cc2375fa,917,Hatla2ee,Lynk & Co,06,A/T / Hyper Halo,2025,lynk-co,lynk-co/06,exact_normalized,athyperhalo,no
3a5cf9b7decd,918,Hatla2ee,Lynk & Co,03,A/T / Plus,2026,lynk-co,lynk-co/03,exact_normalized,atplus,no
9dca45abd428,919,Hatla2ee,Lynk & Co,03,A/T / Pro,2026,lynk-co,lynk-co/03,exact_normalized,atpro,no
9179aebbdb4f,920,Hatla2ee,Lynk & Co,02,A/T / Halo,2026,lynk-co,lynk-co/02,exact_normalized,athalo,no
111f4271639a,921,Hatla2ee,Lynk & Co,08,A/T / Core,2026,lynk-co,lynk-co/08,exact_normalized,atcore,no
2b1d5d3966f5,922,Hatla2ee,Lynk & Co,08,A/T / More,2026,lynk-co,lynk-co/08,exact_normalized,atmore,no
ca2fc89d66e6,923,Hatla2ee,Lynk & Co,900,A/T / Ultra,2026,lynk-co,lynk-co/900,exact_normalized,atultra,no
d7bc3265bcaa,924,Hatla2ee,Genesis,GV60,A/T / Dynamic,2026,genesis,genesis/gv60,exact_normalized,atdynamic,no
70e3e42ba3da,925,Hatla2ee,Genesis,GV60,A/T / Advanced,2026,genesis,genesis/gv60,exact_normalized,atadvanced,no
9d9353e9a930,926,Hatla2ee,Genesis,GV60,A/T / Performance,2026,genesis,genesis/gv60,exact_normalized,atperformance,no
5d57869a87ea,927,ContactCars,Genesis,GV60,Dynamic,2025,genesis,genesis/gv60,exact_normalized,dynamic,no
659d3c4bb341,928,ContactCars,Genesis,GV60,Advanced,2025,genesis,genesis/gv60,exact_normalized,advanced,no
fc5bfe479952,929,ContactCars,Genesis,GV60,Performance,2025,genesis,genesis/gv60,exact_normalized,performance,no
e0ce1431e152,930,Hatla2ee,Genesis,G80,A/T / Dynamic,2026,genesis,genesis/g80,exact_normalized,atdynamic,no
b484e38a2a93,931,Hatla2ee,Genesis,G80,A/T / Advanced,2026,genesis,genesis/g80,exact_normalized,atadvanced,no
9acd210de32f,932,Hatla2ee,Genesis,G80,A/T / Performance,2026,genesis,genesis/g80,exact_normalized,atperformance,no
f06c986e8042,933,ContactCars,Genesis,Electrified G80,Dynamic,2025,genesis,genesis/electrified-g80,exact_normalized,dynamic,no
332567147c1d,934,ContactCars,Genesis,Electrified G80,Advanced,2025,genesis,genesis/electrified-g80,exact_normalized,advanced,no
a2a2afd3b7bd,935,ContactCars,Genesis,Electrified G80,Performance,2025,genesis,genesis/electrified-g80,exact_normalized,performance,no
e3983978945a,936,Hatla2ee,Genesis,GV70,A/T / Dynamic,2026,genesis,genesis/gv70,exact_normalized,atdynamic,no
035f2e5eca8d,937,Hatla2ee,Genesis,GV70,A/T / Advanced,2026,genesis,genesis/gv70,exact_normalized,atadvanced,no
315b41b40a6b,938,ContactCars,Genesis,GV70,Dynamic,2025,genesis,genesis/gv70,exact_normalized,dynamic,no
96bc32e5b1e8,939,ContactCars,Genesis,GV70,Advanced,2025,genesis,genesis/gv70,exact_normalized,advanced,no
abb3bc5d5bfe,940,ContactCars,Genesis,GV70,Other Trims,2025,genesis,genesis/gv70,exact_normalized,othertrims,no
69c57a1cb63c,941,Hatla2ee,IM,IM 5,A/T / Ultra Efficiency,2026,im,im/im-5,exact_normalized,atultraefficiency,no
2c318d256bcb,942,Hatla2ee,IM,IM 5,A/T / Ultra Range,2026,im,im/im-5,exact_normalized,atultrarange,no
8ed4682898e7,943,Hatla2ee,IM,IM 5,A/T / Ultra Performance,2026,im,im/im-5,exact_normalized,atultraperformance,no
cf1411fdc49f,944,Hatla2ee,IM,IM 6,A/T / Ultra Efficiency,2026,im,im/im-6,exact_normalized,atultraefficiency,no
3c00c11189e6,945,Hatla2ee,IM,IM 6,A/T / Ultra Range,2026,im,im/im-6,exact_normalized,atultrarange,no
10ae23124d5d,946,Hatla2ee,IM,LS7,A/T / Ultra Performance,2026,im,im/ls7,exact_normalized,atultraperformance,no
de9ef3ed26ed,947,Hatla2ee,IM,LS9,A/T / Ultra,2027,im,im/ls9,exact_normalized,atultra,no
3485b59f62a8,948,Hatla2ee,IM,LS9,A/T / Opulent,2027,im,im/ls9,exact_normalized,atopulent,no
0e701af821bb,949,Hatla2ee,Alfa Romeo,Tonale,A/T / TI,2025,alfa-romeo,alfa-romeo/tonale,exact_normalized,atti,no
2004a6999713,950,Hatla2ee,Alfa Romeo,Tonale,A/T / Veloce,2025,alfa-romeo,alfa-romeo/tonale,exact_normalized,atveloce,no
65404916bf37,951,ContactCars,Alfa Romeo,Tonale,Sprint,2025,alfa-romeo,alfa-romeo/tonale,exact_normalized,sprint,no
b0fe62b0e88c,952,ContactCars,Alfa Romeo,Tonale,Veloce,2025,alfa-romeo,alfa-romeo/tonale,exact_normalized,veloce,no
c9df09fb7f24,953,ContactCars,Alfa Romeo,Tonale,Other Trims,2025,alfa-romeo,alfa-romeo/tonale,exact_normalized,othertrims,no
5021fd600819,954,Hatla2ee,Alfa Romeo,Giulia,AT / sprint,2025,alfa-romeo,alfa-romeo/giulia,exact_normalized,atsprint,no
4f4e0e9f3160,955,Hatla2ee,Alfa Romeo,Giulia,A/T / Veloce,2025,alfa-romeo,alfa-romeo/giulia,exact_normalized,atveloce,no
e867dc05da46,956,ContactCars,Alfa Romeo,Giulia,Sprint,2025,alfa-romeo,alfa-romeo/giulia,exact_normalized,sprint,no
21ecb31d555a,957,ContactCars,Alfa Romeo,Giulia,Veloce,2025,alfa-romeo,alfa-romeo/giulia,exact_normalized,veloce,no
da6ff2772740,958,Hatla2ee,Alfa Romeo,Stelvio,A/T / Sprint,2026,alfa-romeo,alfa-romeo/stelvio,exact_normalized,atsprint,no
77b27c501048,959,Hatla2ee,Alfa Romeo,Stelvio,A/T / Veloce,2026,alfa-romeo,alfa-romeo/stelvio,exact_normalized,atveloce,no
f7f219f1cef8,960,Hatla2ee,Alfa Romeo,Stelvio,A/T / Sprint,2025,alfa-romeo,alfa-romeo/stelvio,exact_normalized,atsprint,no
ece186bab9df,961,Hatla2ee,Alfa Romeo,Stelvio,A/T / Veloce,2025,alfa-romeo,alfa-romeo/stelvio,exact_normalized,atveloce,no
a315a4e42329,962,ContactCars,Alfa Romeo,Stelvio,Sprint,2025,alfa-romeo,alfa-romeo/stelvio,exact_normalized,sprint,no
de0493163625,963,ContactCars,Alfa Romeo,Stelvio,Veloce,2025,alfa-romeo,alfa-romeo/stelvio,exact_normalized,veloce,no
b41db2310af0,964,Hatla2ee,Arcfox,T1,A/T / Pro,2026,arcfox,arcfox/t1,exact_normalized,atpro,no
37a3c5cb4796,965,Hatla2ee,Arcfox,T1,A/T / Plus,2026,arcfox,arcfox/t1,exact_normalized,atplus,no
47215112ff52,966,ContactCars,Arcfox,T1,Pro,2026,arcfox,arcfox/t1,exact_normalized,pro,no
1e7740ea9a58,967,ContactCars,Arcfox,T1,Plus,2026,arcfox,arcfox/t1,exact_normalized,plus,no
95b804ad78a6,968,Hatla2ee,Arcfox,Kaola S,A/T / Air,2026,arcfox,arcfox/kaola-s,exact_normalized,atair,no
dd45f9b3173a,969,Hatla2ee,Arcfox,Kaola S,A/T / Pro,2026,arcfox,arcfox/kaola-s,exact_normalized,atpro,no
712eb230b7b5,970,ContactCars,Arcfox,KOALA S,Air,2026,arcfox,arcfox/koala-s,exact_normalized,air,no
07fd89d6f06f,971,ContactCars,Arcfox,KOALA S,Pro,2026,arcfox,arcfox/koala-s,exact_normalized,pro,no
c56d3d0fba06,972,Hatla2ee,Arcfox,Alpha S5,A/T / Air,2026,arcfox,arcfox/alpha-s5,exact_normalized,atair,no
4fff2c67489e,973,Hatla2ee,Arcfox,Alpha S5,A/T / Pro,2026,arcfox,arcfox/alpha-s5,exact_normalized,atpro,no
eac8aeb8439b,974,ContactCars,Arcfox,Alpha S5,Air,2026,arcfox,arcfox/alpha-s5,exact_normalized,air,no
082291351a91,975,ContactCars,Arcfox,Alpha S5,Pro,2026,arcfox,arcfox/alpha-s5,exact_normalized,pro,no
5c67055de2ca,976,Hatla2ee,Arcfox,Alpha T5,A/T / Air,2026,arcfox,arcfox/alpha-t5,exact_normalized,atair,no
a798c5206643,977,Hatla2ee,Arcfox,Alpha T5,A/T / Pro,2026,arcfox,arcfox/alpha-t5,exact_normalized,atpro,no
8567a5164d66,978,ContactCars,Arcfox,Alpha T5,Air,2026,arcfox,arcfox/alpha-t5,exact_normalized,air,no
e148928bba26,979,ContactCars,Arcfox,Alpha T5,Pro,2026,arcfox,arcfox/alpha-t5,exact_normalized,pro,no
40c0708b73c9,980,Hatla2ee,Avatr,07,A/T / Luxury,2027,avatr,avatr/07,exact_normalized,atluxury,no
6d32410ccead,981,Hatla2ee,Avatr,07,A/T / Premium,2027,avatr,avatr/07,exact_normalized,atpremium,no
d4edda6e7136,982,Hatla2ee,Avatr,07,AT / Premium Vision,2027,avatr,avatr/07,exact_normalized,atpremiumvision,no
cf99bce13c42,983,ContactCars,Avatr,07,Other Trims,2025,avatr,avatr/07,exact_normalized,othertrims,no
a2abac3ddf43,984,Hatla2ee,Avatr,11,A/T / Luxury,2026,avatr,avatr/11,exact_normalized,atluxury,no
326fb8a89670,985,Hatla2ee,Avatr,11,A/T / Performance,2026,avatr,avatr/11,exact_normalized,atperformance,no
146df11c7fb6,986,Hatla2ee,Avatr,11,A/T / Premium,2026,avatr,avatr/11,exact_normalized,atpremium,no
4bee0dd99988,987,ContactCars,Avatr,11,RWD 5 Seats,2026,avatr,avatr/11,exact_normalized,rwd5seats,no
137b9ddaf9fc,988,ContactCars,Avatr,11,AWD 5 seats,2026,avatr,avatr/11,exact_normalized,awd5seats,no
035059b2bc9b,989,ContactCars,Avatr,11,AWD 4 seats,2026,avatr,avatr/11,exact_normalized,awd4seats,no
773a4ac4a681,990,Hatla2ee,Avatr,12,A/T / Luxury,2026,avatr,avatr/12,exact_normalized,atluxury,no
8f3510aa4d8e,991,Hatla2ee,Avatr,12,A/T / GT,2026,avatr,avatr/12,exact_normalized,atgt,no
7687f4a3ff3f,992,ContactCars,Avatr,12,Luxury AWD 5 seats,2026,avatr,avatr/12,exact_normalized,luxuryawd5seats,no
831e218d6cc7,993,ContactCars,Avatr,12,GT AWD 5 seats,2026,avatr,avatr/12,exact_normalized,gtawd5seats,no
e10266e36d09,994,ContactCars,Avatr,12,Other Trims,2026,avatr,avatr/12,exact_normalized,othertrims,no
674d77eb1dce,995,Hatla2ee,Citroën,C3 Aircross,A/T / Plus,2027,citroen,citroen/c3-aircross,exact_normalized,atplus,no
36371390cd7d,996,ContactCars,Citroën,C3,Shine,2025,citroen,citroen/c3,exact_normalized,shine,no
13df8bbfc53c,997,Hatla2ee,Citroën,C4X,A/T / Feel,2026,citroen,citroen/c4-x,exact_normalized,atfeel,no
eac764767d01,998,Hatla2ee,Citroën,C4X,A/T / Shine,2026,citroen,citroen/c4-x,exact_normalized,atshine,no
d4faf01c6395,999,ContactCars,Citroën,C4 X,Feel,2026,citroen,citroen/c4-x,exact_normalized,feel,no
59561ff0228e,1000,ContactCars,Citroën,C4 X,Shine,2026,citroen,citroen/c4-x,exact_normalized,shine,no
91855d833923,1001,ContactCars,Citroën,C4 X,Other Trims,2024,citroen,citroen/c4-x,exact_normalized,othertrims,no
2570579a1f03,1002,Hatla2ee,Citroën,C4,A/T / Shine Two Tone,2027,citroen,citroen/c4,exact_normalized,atshinetwotone,no
2a093fd192f5,1003,ContactCars,Citroën,C4 Facelift,Shine,2026,citroen,citroen/c4-facelift,exact_normalized,shine,no
2c6b4fea9b04,1004,ContactCars,Citroën,C4,Shine Two Tone,2026,citroen,citroen/c4,exact_normalized,shinetwotone,no
029874ec56ac,1005,Hatla2ee,Citroën,C5 Aircross,A/T / Advanced,2027,citroen,citroen/c5-aircross,exact_normalized,atadvanced,no
9dc1fce0ce39,1006,Hatla2ee,Citroën,C5 Aircross,A/T / Ultimate,2027,citroen,citroen/c5-aircross,exact_normalized,atultimate,no
c91e4598a1f7,1007,Hatla2ee,Citroën,C5 Aircross,A/T / Shine Entry,2026,citroen,citroen/c5-aircross,exact_normalized,atshineentry,no
11b2ee0248f8,1008,Hatla2ee,Citroën,C5 Aircross,A/T / Shine,2026,citroen,citroen/c5-aircross,exact_normalized,atshine,no
470763350b77,1009,ContactCars,Citroën,C5 Aircross,Shine Entry,2026,citroen,citroen/c5-aircross,exact_normalized,shineentry,no
3a8c505bced5,1010,ContactCars,Citroën,C5 Aircross,Shine,2026,citroen,citroen/c5-aircross,exact_normalized,shine,no
dcb29e6807f3,1011,ContactCars,Citroën,C5 Aircross,Other Trims,2025,citroen,citroen/c5-aircross,exact_normalized,othertrims,no
3bc16a2fb9f4,1012,ContactCars,Citroën,C5,Other Trims,2026,citroen,citroen/c5,exact_normalized,othertrims,no
958b0222c333,1013,Hatla2ee,Dongfeng,Box,330,2026,dongfeng,dongfeng/box,exact_normalized,330,no
58ef6abc88e2,1014,Hatla2ee,Dongfeng,Box,430,2026,dongfeng,dongfeng/box,exact_normalized,430,no
f368948cac1f,1015,Hatla2ee,Dongfeng,Mage,A/T / Highline,2026,dongfeng,dongfeng/mage,exact_normalized,athighline,no
0ee3622f9e3b,1016,Hatla2ee,Dongfeng,Mage,A/T / Signature,2026,dongfeng,dongfeng/mage,exact_normalized,atsignature,no
ccded371a9f6,1017,Hatla2ee,Dongfeng,Shine,A/T / Advance,2026,dongfeng,dongfeng/shine,exact_normalized,atadvance,no
6c42affcce02,1018,Hatla2ee,Dongfeng,Shine,A/T / Sport,2026,dongfeng,dongfeng/shine,exact_normalized,atsport,no
f7d7ce07579f,1019,Hatla2ee,Dongfeng,007,A/T / (REEV),2026,dongfeng,dongfeng/007,exact_normalized,atreev,no
a8b6f4da2251,1020,Hatla2ee,Dongfeng,008,A/T / Luxury,2026,dongfeng,dongfeng/008,exact_normalized,atluxury,no
9e4a32503257,1021,ContactCars,Dongfeng,Aeolus e70 pro,E70 pro,2023,dongfeng,dongfeng/aeolus-e70-pro,exact_normalized,e70pro,no
46b066caf4d9,1022,ContactCars,Dongfeng,Aeolus A30,1.5 A/T SHINE -Limited Edition,2024,dongfeng,dongfeng/aeolus-a30,exact_normalized,15atshinelimitededition,no
184f4c37b570,1023,ContactCars,Dongfeng,HUGE-Hybrid,1.5 A/T Hybrid,2024,dongfeng,dongfeng/huge-hybrid,exact_normalized,15athybrid,no
06701a14dd4f,1024,ContactCars,Dongfeng,HUGE-Hybrid,1.5 A/T Hybrid Special Color,2024,dongfeng,dongfeng/huge-hybrid,exact_normalized,15athybridspecialcolor,no
b21976b0defd,1025,Hatla2ee,Mini,Cooper,A/T / C - Classic,2027,mini,mini/cooper,exact_normalized,atcclassic,no
f638eafe8bb8,1026,Hatla2ee,Mini,Cooper,A/T / C- JCW,2027,mini,mini/cooper,exact_normalized,atcjcw,no
55c487a2f1b2,1027,Hatla2ee,Mini,Cooper,A/T / S - JWC,2027,mini,mini/cooper,exact_normalized,atsjwc,no
34208332ca0a,1028,Hatla2ee,Mini,Cooper,A/T / JCW Convertible,2027,mini,mini/cooper,exact_normalized,atjcwconvertible,no
d729c2f067ba,1029,ContactCars,Mini,Cooper,C - Classic,2025,mini,mini/cooper,exact_normalized,cclassic,no
59416160b62f,1030,ContactCars,Mini,Cooper,C - JCW,2025,mini,mini/cooper,exact_normalized,cjcw,no
0bbdb32e8b4e,1031,ContactCars,Mini,Cooper,S - JCW,2025,mini,mini/cooper,exact_normalized,sjcw,no
0b48fc788b25,1032,ContactCars,Mini,Cooper,Original,2023,mini,mini/cooper,exact_normalized,original,no
387a786636f3,1033,ContactCars,Mini,Cooper,Resolute (Special edition),2023,mini,mini/cooper,exact_normalized,resolutespecialedition,no
a6e543bfd44d,1034,ContactCars,Mini,Cooper,Resolute (Special edition),2024,mini,mini/cooper,exact_normalized,resolutespecialedition,no
e079b2e23e44,1035,ContactCars,Mini,Cooper,Iconic,2024,mini,mini/cooper,exact_normalized,iconic,no
ac0af2bbe4be,1036,ContactCars,Mini,Cooper,Other Trims,2023,mini,mini/cooper,exact_normalized,othertrims,no
15e534617c8c,1037,Hatla2ee,Mini,Countryman,A/T / C,2027,mini,mini/countryman,exact_normalized,atc,no
bbd662863aec,1038,Hatla2ee,Mini,Countryman,A/T / E-Favoured,2027,mini,mini/countryman,exact_normalized,atefavoured,no
8ae31400b46f,1039,Hatla2ee,Mini,Countryman,A/T / E-JWC,2027,mini,mini/countryman,exact_normalized,atejwc,no
d06a7db5ce65,1040,Hatla2ee,Mini,Countryman,A/T / JCW ALL 4,2027,mini,mini/countryman,exact_normalized,atjcwall4,no
505b0f508a8c,1041,ContactCars,Mini,Countryman,C - Classic,2024,mini,mini/countryman,exact_normalized,cclassic,no
a8882c689ec2,1042,ContactCars,Mini,Countryman,C - Classic,2025,mini,mini/countryman,exact_normalized,cclassic,no
e48ce20a7890,1043,ContactCars,Mini,Countryman,C - Favoured,2024,mini,mini/countryman,exact_normalized,cfavoured,no
0cfbf087ad4b,1044,ContactCars,Mini,Countryman,C - Favoured,2025,mini,mini/countryman,exact_normalized,cfavoured,no
1b5823eef5f6,1045,ContactCars,Mini,Countryman,C - JCW,2024,mini,mini/countryman,exact_normalized,cjcw,no
05767545a108,1046,ContactCars,Mini,Countryman,JWC,2025,mini,mini/countryman,exact_normalized,jwc,no
fad1eb00a6b7,1047,ContactCars,Mini,Countryman,S ALL4 - JCW,2024,mini,mini/countryman,exact_normalized,sall4jcw,no
275d366c5092,1048,ContactCars,Mini,Countryman,S ALL4 - JWC,2025,mini,mini/countryman,exact_normalized,sall4jwc,no
31740a8d5e09,1049,Hatla2ee,Soueast,S 05,A/T / Highline,2027,soueast,soueast/s-05,exact_normalized,athighline,no
9e77dc20eb1e,1050,Hatla2ee,Soueast,S 06,A/T / Highline,2027,soueast,soueast/s-06,exact_normalized,athighline,no
b62f1486f4f7,1051,Hatla2ee,Soueast,S 06,A/T / Premium,2027,soueast,soueast/s-06,exact_normalized,atpremium,no
da0915c50d41,1052,Hatla2ee,Soueast,S 06,A/T / Intelligent (DM-i),2027,soueast,soueast/s-06,exact_normalized,atintelligentdmi,no
03d68879c5b2,1053,Hatla2ee,Soueast,S 07,A/T / Highline,2027,soueast,soueast/s-07,exact_normalized,athighline,no
6cf510183433,1054,Hatla2ee,Soueast,S 07,A/T / Premium,2027,soueast,soueast/s-07,exact_normalized,atpremium,no
3074fe8e10cb,1055,Hatla2ee,Soueast,S 09,A/T / Premium,2027,soueast,soueast/s-09,exact_normalized,atpremium,no
1e12ec056346,1056,Hatla2ee,Soueast,S08,A/T / Intelligent (DM-i),2027,soueast,soueast/s08,exact_normalized,atintelligentdmi,no
ec7c1893e494,1057,Hatla2ee,Zeekr,X,A/T / Long Range,2025,zeekr,zeekr/x,exact_normalized,atlongrange,no
5a92f74210a5,1058,Hatla2ee,Zeekr,X,A/T / Performance,2025,zeekr,zeekr/x,exact_normalized,atperformance,no
73c1a00035d2,1059,Hatla2ee,Zeekr,7X,A/T / Standard,2026,zeekr,zeekr/7x,exact_normalized,atstandard,no
2fe7be49660f,1060,Hatla2ee,Zeekr,7X,A/T / Long Range,2026,zeekr,zeekr/7x,exact_normalized,atlongrange,no
63f2a361f185,1061,Hatla2ee,Zeekr,7X,A/T / Performance,2026,zeekr,zeekr/7x,exact_normalized,atperformance,no
31e9c9f83dd8,1062,Hatla2ee,Zeekr,001,A/T / Long Range,2025,zeekr,zeekr/001,exact_normalized,atlongrange,no
0ee118def543,1063,Hatla2ee,Zeekr,001,A/T / Privilege AWD,2025,zeekr,zeekr/001,exact_normalized,atprivilegeawd,no
1c1ff896ac3c,1064,Hatla2ee,Zeekr,001,A/T / Performance AWD,2025,zeekr,zeekr/001,exact_normalized,atperformanceawd,no
e7288dc3d957,1065,Hatla2ee,Kaiyi,E5,A/T / Comfort,2026,kaiyi,kaiyi/e5,exact_normalized,atcomfort,no
55ba37386c07,1066,Hatla2ee,Kaiyi,E5,A/T / Premium,2026,kaiyi,kaiyi/e5,exact_normalized,atpremium,no
3888695c94db,1067,Hatla2ee,Kaiyi,E5,A/T / Flagship,2026,kaiyi,kaiyi/e5,exact_normalized,atflagship,no
6784bcfe11e1,1068,Hatla2ee,Kaiyi,X3 Pro,A/T / Top Line,2026,kaiyi,kaiyi/x3-pro,exact_normalized,attopline,no
59c0b92d5398,1069,Hatla2ee,Kaiyi,X3 Pro,A/T / Flagship,2026,kaiyi,kaiyi/x3-pro,exact_normalized,atflagship,no
2c888375ef5f,1070,Hatla2ee,Kaiyi,X7,A/T / Flagship,2026,kaiyi,kaiyi/x7,exact_normalized,atflagship,no
877d9a7d7a80,1071,Hatla2ee,Kaiyi,X7,A/T / Flagship (PHEV),2026,kaiyi,kaiyi/x7,exact_normalized,atflagshipphev,no
fc6ed0364c6a,1072,Hatla2ee,Cupra,Leon,Automatic,2026,cupra,cupra/leon,exact_normalized,automatic,no
a167e567178c,1073,Hatla2ee,Cupra,Formentor,Automatic,2026,cupra,cupra/formentor,exact_normalized,automatic,no
23a10b96826e,1074,Hatla2ee,Cupra,Formentor,A/T / VZ,2026,cupra,cupra/formentor,exact_normalized,atvz,no
8155b26cc6cb,1075,Hatla2ee,Cupra,Terramar,A/T / IMPULSE,2026,cupra,cupra/terramar,exact_normalized,atimpulse,no
6d2404b21cc0,1076,Hatla2ee,Cupra,Terramar,AT / CONTROL,2026,cupra,cupra/terramar,exact_normalized,atcontrol,no
d51f88be483e,1077,Hatla2ee,Cupra,Terramar,A/T / IMPULSE,2025,cupra,cupra/terramar,exact_normalized,atimpulse,no
d6d76c9e611c,1078,Hatla2ee,Cupra,Terramar,AT / CONTROL,2025,cupra,cupra/terramar,exact_normalized,atcontrol,no
58414e32cd65,1079,Hatla2ee,Forthing,T5,A/T / EVO,2027,forthing,forthing/t5,exact_normalized,atevo,no
16ef3ae91115,1080,Hatla2ee,Forthing,T5,A/T / EV,2027,forthing,forthing/t5,exact_normalized,atev,no
fa9b003d5f7f,1081,Hatla2ee,Forthing,T5,A/T / REEV,2027,forthing,forthing/t5,exact_normalized,atreev,no
bfc29c03f051,1082,Hatla2ee,Forthing,S7,A/T / EV,2027,forthing,forthing/s7,exact_normalized,atev,no
00d47e6b42e2,1083,Hatla2ee,Forthing,S7,A/T / REEV,2027,forthing,forthing/s7,exact_normalized,atreev,no
f450044feb41,1084,Hatla2ee,Forthing,U-Tour,A/T / Exclusive,2027,forthing,forthing/u-tour,exact_normalized,atexclusive,no
16e1f1c1556e,1085,Hatla2ee,Forthing,V9,A/T / PHEV,2027,forthing,forthing/v9,exact_normalized,atphev,no
b9949e2e443a,1086,Hatla2ee,Jac,S2,A/T / Smart,2026,jac,jac/s2,exact_normalized,atsmart,no
650d928c2a20,1087,Hatla2ee,Jac,J7,A/T / Ultimate,2026,jac,jac/j7,exact_normalized,atultimate,no
c04fdbae9e5a,1088,Hatla2ee,Jac,JS4,A/T / Ultimat,2026,jac,jac/js4,exact_normalized,atultimat,no
2d30af3568f5,1089,Hatla2ee,Jac,JS6,A/T / LIMITED,2026,jac,jac/js6,exact_normalized,atlimited,no
32675d968b05,1090,Hatla2ee,Jac,JS6,A/T / Flagship,2026,jac,jac/js6,exact_normalized,atflagship,no
55a36fbb8280,1091,Hatla2ee,Jac,JS8 PRO,A/T / Limited,2026,jac,jac/js8-pro,exact_normalized,atlimited,no
ce952ffb08c2,1092,Hatla2ee,Jac,JS8 PRO,A/T / Flagship,2026,jac,jac/js8-pro,exact_normalized,atflagship,no
28b379057254,1093,Hatla2ee,KGM,Torres,Automtic /comfort,2026,kgm,kgm/torres,exact_normalized,automticcomfort,no
52987c9df42e,1094,Hatla2ee,KGM,Torres,Automtic /advanced,2026,kgm,kgm/torres,exact_normalized,automticadvanced,no
6e7bfce70ee0,1095,Hatla2ee,KGM,Torres,A/T / Premium,2026,kgm,kgm/torres,exact_normalized,atpremium,no
b997585cadb5,1096,Hatla2ee,KGM,Torres,A/T / Luxury,2026,kgm,kgm/torres,exact_normalized,atluxury,no
94d40a8a7d73,1097,Hatla2ee,KGM,Torres,Automtic /adventure plus 4*4,2026,kgm,kgm/torres,exact_normalized,automticadventureplus44,no
fde074b6a33c,1098,Hatla2ee,KGM,Actyon,A/T / High Line,2026,kgm,kgm/actyon,exact_normalized,athighline,no
7bcd88fbb658,1099,Hatla2ee,KGM,Actyon,A/T / Top Line,2026,kgm,kgm/actyon,exact_normalized,attopline,no
8f1feac8bba3,1100,Hatla2ee,Opel,Frontera,A/T / Luxury,2027,opel,opel/frontera,exact_normalized,atluxury,no
acbdee99ebee,1101,Hatla2ee,Opel,Corsa,A/T / Sport Topline Plus,2026,opel,opel/corsa,exact_normalized,atsporttoplineplus,no
8066109bf5ab,1102,Hatla2ee,Opel,Crossland,A/T / Top Line,2025,opel,opel/crossland,exact_normalized,attopline,no
39402a232f93,1103,Hatla2ee,Opel,Mokka,A/T / Black Edition,2026,opel,opel/mokka,exact_normalized,atblackedition,no
09bd43d3aef9,1104,Hatla2ee,Opel,Grandland,A/T / Highline+,2026,opel,opel/grandland,exact_normalized,athighline,no
9e872508c295,1105,Hatla2ee,Opel,Grandland,A/T / Top Line,2026,opel,opel/grandland,exact_normalized,attopline,no
cc996a819309,1106,Hatla2ee,Opel,Grandland,A/T / Top Line+,2026,opel,opel/grandland,exact_normalized,attopline,no
78b09adda243,1107,Hatla2ee,Xpeng,M03,A/T / Premium,2026,xpeng,xpeng/m03,exact_normalized,atpremium,no
2c3f01f4b4a9,1108,Hatla2ee,Xpeng,M03,A/T / Premium Plus,2026,xpeng,xpeng/m03,exact_normalized,atpremiumplus,no
7bd650818140,1109,Hatla2ee,Xpeng,P7,AT/ Flagship,2026,xpeng,xpeng/p7,exact_normalized,atflagship,no
6c99599b7e3c,1110,Hatla2ee,Xpeng,G6,A/T / STANDARD RANGE,2026,xpeng,xpeng/g6,exact_normalized,atstandardrange,no
1a3382fe9042,1111,Hatla2ee,Xpeng,G9,A/T / Long Range,2026,xpeng,xpeng/g9,exact_normalized,atlongrange,no
bda9b1ce890b,1112,Hatla2ee,Xpeng,G9,A/T / Long Range + Nappa,2026,xpeng,xpeng/g9,exact_normalized,atlongrangenappa,no
e27f33d9f7b2,1113,Hatla2ee,Xpeng,G9,A/T / Performance,2026,xpeng,xpeng/g9,exact_normalized,atperformance,no
4ac8a3034011,1114,Hatla2ee,Chevrolet,Optra,A/T / Ls,2027,chevrolet,chevrolet/optra,exact_normalized,atls,no
d2b7f1d8cdcb,1115,Hatla2ee,Chevrolet,Optra,A/T / Lt,2027,chevrolet,chevrolet/optra,exact_normalized,atlt,no
1d4129961165,1116,Hatla2ee,Chevrolet,Spark EV,A/T / ACTIV,2026,chevrolet,chevrolet/spark-ev,exact_normalized,atactiv,no
19119659965a,1117,Hatla2ee,Chevrolet,Captiva,A/T / LV3,2026,chevrolet,chevrolet/captiva,exact_normalized,atlv3,no
1e3221b919e2,1118,Hatla2ee,Chevrolet,Captiva,A/T / LV3 (7seats),2026,chevrolet,chevrolet/captiva,exact_normalized,atlv37seats,no
1295532bb7af,1119,Hatla2ee,Chevrolet,Captiva EV,A/T / Premier,2026,chevrolet,chevrolet/captiva-ev,exact_normalized,atpremier,no
697378a816d6,1120,Hatla2ee,Deepal,S 05,A/T / REEV,2026,deepal,deepal/s-05,exact_normalized,atreev,no
a9b4b0f3259d,1121,Hatla2ee,Deepal,S 05,A/T / BEV,2026,deepal,deepal/s-05,exact_normalized,atbev,no
800c7a11c321,1122,Hatla2ee,Deepal,S 07,A/T / REEV,2026,deepal,deepal/s-07,exact_normalized,atreev,no
3d1fd817afde,1123,Hatla2ee,Deepal,S 07,A/T / BEV,2026,deepal,deepal/s-07,exact_normalized,atbev,no
48447df1248f,1124,Hatla2ee,Deepal,G318,A/T / Premium,2026,deepal,deepal/g318,exact_normalized,atpremium,no
e5d7a8730fa3,1125,Hatla2ee,Deepal,G318,A/T / ADVENTURE,2026,deepal,deepal/g318,exact_normalized,atadventure,no
10f66c10f76c,1126,Hatla2ee,Volkswagen,Golf,A/T / Life,2025,volkswagen,volkswagen/golf,exact_normalized,atlife,no
93cdbed30716,1127,Hatla2ee,Volkswagen,T-Roc,A/T / R-Line,2026,volkswagen,volkswagen/t-roc,exact_normalized,atrline,no
903ddf924823,1128,Hatla2ee,Volkswagen,Tiguan,A/T / R-Line,2026,volkswagen,volkswagen/tiguan,exact_normalized,atrline,no
19b490787dee,1129,Hatla2ee,Volkswagen,Tiguan,A/T / R-Line,2025,volkswagen,volkswagen/tiguan,exact_normalized,atrline,no
9f16adb957e5,1130,Hatla2ee,Volkswagen,Tayron,Automtic,2026,volkswagen,volkswagen/tayron,exact_normalized,automtic,no
9e2aa3b71868,1131,Hatla2ee,Volkswagen,Touareg,A/T / R-Line,2026,volkswagen,volkswagen/touareg,exact_normalized,atrline,no
aea9535af0f7,1132,Hatla2ee,Cadillac,Optiq,A/T / Luxury,2026,cadillac,cadillac/optiq,exact_normalized,atluxury,no
bb9037c256ff,1133,Hatla2ee,Cadillac,Lyriq,A/T / Signature,2026,cadillac,cadillac/lyriq,exact_normalized,atsignature,no
e0439371a51c,1134,Hatla2ee,Cadillac,Vistiq,A/T / Luxury,2026,cadillac,cadillac/vistiq,exact_normalized,atluxury,no
bf9466c53213,1135,Hatla2ee,Cadillac,Escalade,A/T / Luxury IQ,2026,cadillac,cadillac/escalade,exact_normalized,atluxuryiq,no
13bf9e11f440,1136,Hatla2ee,Cadillac,Escalade,A/T / Premium IQL,2026,cadillac,cadillac/escalade,exact_normalized,atpremiumiql,no
16b438eab5d2,1137,Hatla2ee,Bestune,T55,A/T / PREMIUM PLUS,2025,bestune,bestune/t55,exact_normalized,atpremiumplus,no
cd0a9f60db75,1138,Hatla2ee,Bestune,T77 Pro,A/T / Premium,2025,bestune,bestune/t77-pro,exact_normalized,atpremium,no
60700eb58cd2,1139,Hatla2ee,Bestune,B70S,A/T / Premium,2025,bestune,bestune/b70s,exact_normalized,atpremium,no
8fb9e3807582,1140,Hatla2ee,Bestune,B70,A/T / Deluxe,2025,bestune,bestune/b70,exact_normalized,atdeluxe,no
d2c0c441cf95,1141,Hatla2ee,Ds,Ds4,A/T / Trocadero,2025,ds,ds/ds4,exact_normalized,attrocadero,no
d44b86b87464,1142,Hatla2ee,Ds,Ds4,A/T / Performance Line,2025,ds,ds/ds4,exact_normalized,atperformanceline,no
914b7e859063,1143,Hatla2ee,Ds,DS7,A/T / pallas,2025,ds,ds/ds7,exact_normalized,atpallas,no
8c1c3a21f999,1144,Hatla2ee,Ds,DS7,A/T / Etoile,2025,ds,ds/ds7,exact_normalized,atetoile,no
79b7c1cd136a,1145,Hatla2ee,Jaguar,XE,R Sport,2021,jaguar,jaguar/xe,exact_normalized,rsport,no
c159be0cc2c0,1146,Hatla2ee,Jaguar,F-Pace,P250 R Dynamic,2021,jaguar,jaguar/f-pace,exact_normalized,p250rdynamic,no
1e1c59570fe1,1147,ContactCars,Jaguar,F-Pace,,2024,jaguar,jaguar/f-pace,exact_normalized,,no
6046bcbfe178,1148,Hatla2ee,Jaguar,XF,P250 R Dynamic AWD,2021,jaguar,jaguar/xf,exact_normalized,p250rdynamicawd,no
e3ee5b673f75,1149,Hatla2ee,Jaguar,F-Type,P300 R Dynamic,2021,jaguar,jaguar/f-type,exact_normalized,p300rdynamic,no
91b7a248d34d,1150,Hatla2ee,Rox,01,A/T / Family 7 Seats,2026,rox,rox/01,exact_normalized,atfamily7seats,no
c937ba2d18d6,1151,Hatla2ee,Rox,01,A/T / Aviation 6 Seats,2026,rox,rox/01,exact_normalized,ataviation6seats,no
583cd443c3e3,1152,ContactCars,Rox,01,Family 7 Seats,2026,rox,rox/01,exact_normalized,family7seats,no
1dbd900ba9bf,1153,ContactCars,Rox,01,Aviation 6 Seats,2026,rox,rox/01,exact_normalized,aviation6seats,no
a4f755b988e4,1154,ContactCars,Rox,01,,2025,rox,rox/01,exact_normalized,,no
d8e18b03d455,1155,Hatla2ee,Rox,01,Imported,2026,rox,rox/01,exact_normalized,imported,no
cd7a692cc2c8,1156,Hatla2ee,Rox,Adamas,A/T / Couch,2026,rox,rox/adamas,exact_normalized,atcouch,no
78b6d17bba6b,1157,Hatla2ee,Rox,Adamas,A/T / First Class,2026,rox,rox/adamas,exact_normalized,atfirstclass,no
c56eaf1a1c49,1158,ContactCars,Rox,Adamas,,2026,rox,rox/adamas,exact_normalized,,no
f4a445dcdfcb,1159,Hatla2ee,Vgv,U70 Pro,A/T / Top Line,2025,vgv,vgv/u70-pro,exact_normalized,attopline,no
08281dc28ace,1160,ContactCars,Vgv,U70 Pro,1.5 A/T Top Line,2024,vgv,vgv/u70-pro,exact_normalized,15attopline,no
a9f7b31490a1,1161,Hatla2ee,Vgv,U70P Plus,A/T / Highline,2025,vgv,vgv/u70p-plus,exact_normalized,athighline,no
0719cbd9e187,1162,ContactCars,Vgv,U70 P plus,1.5 A/T Highline,2025,vgv,vgv/u70p-plus,exact_normalized,15athighline,no
8f6a6a39f53d,1163,Hatla2ee,Vgv,U70Pro Plus,A/T / Top Line,2025,vgv,vgv/u70pro-plus,exact_normalized,attopline,no
047b57e485bb,1164,Hatla2ee,Vgv,U70Pro Plus,A/T / Flagship,2025,vgv,vgv/u70pro-plus,exact_normalized,atflagship,no
64c3d78fccab,1165,Hatla2ee,Dfsk,E5,Automatic,2027,dfsk,dfsk/e5,exact_normalized,automatic,no
bdffaddb168f,1166,ContactCars,Dfsk,E5,,2027,dfsk,dfsk/e5,exact_normalized,,no
d710c550ef24,1167,ContactCars,Dfsk,E5,REEV,2026,dfsk,dfsk/e5,exact_normalized,reev,no
5b691d387743,1168,Hatla2ee,Dfsk,600,,2026,dfsk,dfsk/600,exact_normalized,,no
8339ec1137dc,1169,ContactCars,Dfsk,600,1.5T A/T,2026,dfsk,dfsk/600,exact_normalized,15tat,no
423602f1ed22,1170,ContactCars,Dfsk,600,1.5T A/T (Info panel figure),2026,dfsk,dfsk/600,exact_normalized,15tatinfopanelfigure,no
3811cef15437,1171,Hatla2ee,Dfsk,E5 Plus,Automatic,2027,dfsk,dfsk/e5-plus,exact_normalized,automatic,no
d090b502ce23,1172,ContactCars,Dfsk,E5 Plus,,2027,dfsk,dfsk/e5-plus,exact_normalized,,no
a53263ab3047,1173,ContactCars,Dfsk,E5 Plus,REEV,2026,dfsk,dfsk/e5-plus,exact_normalized,reev,no
78a0208668d5,1174,Hatla2ee,Honda,ZRV,Automatic,2026,honda,honda/zr-v,exact_normalized,automatic,no
02129d4b0517,1175,ContactCars,Honda,ZR-V,1.5 A/T EX,2024,honda,honda/zr-v,exact_normalized,15atex,no
d5e4b852e262,1176,Hatla2ee,Honda,Accord,Automatic,2024,honda,honda/accord,exact_normalized,automatic,no
4749f5fd118e,1177,ContactCars,Honda,Accord,1.5 A/T EX Turbo,2022,honda,honda/accord,exact_normalized,15atexturbo,no
317d2844d9aa,1178,Hatla2ee,Honda,CRV,Automatic,2024,honda,honda/cr-v,exact_normalized,automatic,no
fcc020918156,1179,ContactCars,Honda,CR-V,,2025,honda,honda/cr-v,exact_normalized,,no
f666a87432a5,1180,ContactCars,Honda,e:NP2,,2026,honda,honda/e-np2,exact_normalized,,no
f2283e4dd3bd,1181,ContactCars,Honda,e:NP2,,2025,honda,honda/e-np2,exact_normalized,,no
7664b93f6099,1182,ContactCars,Honda,HR-V,,2024,honda,honda/hr-v,exact_normalized,,no
6645548db30a,1183,Hatla2ee,Hongqi,Ousado,A/T / Luxury,2026,hongqi,hongqi/ousado,exact_normalized,atluxury,no
85b19830754d,1184,ContactCars,Hongqi,Ousado,Luxury,2026,hongqi,hongqi/ousado,exact_normalized,luxury,no
0d9f150e3b61,1185,ContactCars,Hongqi,Ousado,Comfort,2026,hongqi,hongqi/ousado,exact_normalized,comfort,no
0c8ebaeafd66,1186,Hatla2ee,Hongqi,HS3,A/T / Luxury,2026,hongqi,hongqi/hs3,exact_normalized,atluxury,no
9c18fab561d7,1187,ContactCars,Hongqi,HS3,1.5T Luxury,2026,hongqi,hongqi/hs3,exact_normalized,15tluxury,no
7ad1b95ed538,1188,Hatla2ee,Hongqi,E-HS9,A/T / Luxury,2026,hongqi,hongqi/e-hs9,exact_normalized,atluxury,no
cc00ad744c3c,1189,ContactCars,Hongqi,E-HS9,Executive,2026,hongqi,hongqi/e-hs9,exact_normalized,executive,no
d0a293590bfa,1190,ContactCars,Hongqi,EH7,BEV,2026,hongqi,hongqi/eh7,exact_normalized,bev,no
5428e0c73822,1191,ContactCars,Hongqi,EHS7,BEV,2026,hongqi,hongqi/ehs7,exact_normalized,bev,no
02a469406e0f,1192,ContactCars,Hongqi,H9,,2026,hongqi,hongqi/h9,exact_normalized,,no
5a3fad5a5085,1193,Hatla2ee,li-auto,L6,A/T / Pro,2026,li-auto,li-auto/l6,exact_normalized,atpro,no
89e530c5bab1,1194,Hatla2ee,li-auto,L7,A/T / Ultra,2026,li-auto,li-auto/l7,exact_normalized,atultra,no
2b9ce399c591,1195,Hatla2ee,li-auto,L9,A/T / Ultra,2026,li-auto,li-auto/l9,exact_normalized,atultra,no
a416f0bce240,1196,Hatla2ee,Maserati,Grecale,A/T / Modena,2025,maserati,maserati/grecale,exact_normalized,atmodena,no
6172bc9e8f7f,1197,ContactCars,Maserati,Grecale,Unspecified trim,2024,maserati,maserati/grecale,exact_normalized,unspecifiedtrim,no
6a03797f4a78,1198,Hatla2ee,Maserati,GranTurismo,Automatic (Trim 1),2024,maserati,maserati/granturismo,exact_normalized,automatictrim1,no
928217a4e430,1199,Hatla2ee,Maserati,GranTurismo,Automatic (Trim 2),2024,maserati,maserati/granturismo,exact_normalized,automatictrim2,no
72718722866b,1200,ContactCars,Maserati,GranTurismo,"Unspecified trim, Imported Specs",2024,maserati,maserati/granturismo,exact_normalized,unspecifiedtrimimportedspecs,no
3e4b8353a01a,1201,Hatla2ee,Maserati,Levante,,2019,maserati,maserati/levante,exact_normalized,,no
b795b84fe5c5,1202,ContactCars,Maserati,Ghibli,"Unspecified trim, Imported Specs",2025,maserati,maserati/ghibli,exact_normalized,unspecifiedtrimimportedspecs,no
376dfaa52ae8,1203,Hatla2ee,Mazda,Cx 3,A/T / Highline,2026,mazda,mazda/cx-3,exact_normalized,athighline,no
e0d90c3bf30c,1204,ContactCars,Mazda,CX 3,Highline,2026,mazda,mazda/cx-3,exact_normalized,highline,no
f61db1801bb4,1205,Hatla2ee,Mazda,3,A/T / Highline / Sedan,2026,mazda,mazda/3,exact_normalized,athighlinesedan,no
96895a2dea2b,1206,Hatla2ee,Mazda,3,A/T / Highline / HB,2026,mazda,mazda/3,exact_normalized,athighlinehb,no
11b38e3e9144,1207,ContactCars,Mazda,3,Highline Sedan,2026,mazda,mazda/3,exact_normalized,highlinesedan,no
c5a9a4070b33,1208,ContactCars,Mazda,3,Highline Hatchback,2026,mazda,mazda/3,exact_normalized,highlinehatchback,no
d63a5e771690,1209,Hatla2ee,Fiat,Tipo,manual / Entry Plus,2026,fiat,fiat/tipo,exact_normalized,manualentryplus,no
096b05ce1c0b,1210,ContactCars,Fiat,Tipo,,2026,fiat,fiat/tipo,exact_normalized,,no
973b1f6a7349,1211,Hatla2ee,Fiat,500X,A/T / Cross,2026,fiat,fiat/500x,exact_normalized,atcross,no
ff9ee38477cb,1212,ContactCars,Fiat,500X,Cross,2026,fiat,fiat/500x,exact_normalized,cross,no
d6c9110a08b8,1213,ContactCars,Fiat,E-Ulysee,,2026,fiat,fiat/e-ulysee,exact_normalized,,no
2d3562b77aaf,1214,Hatla2ee,iCAUR,V27,A/T / Play,2027,icaur,icaur/v27,exact_normalized,atplay,no
9ad1c06bfc86,1215,Hatla2ee,iCAUR,V27,A/T / Wild,2027,icaur,icaur/v27,exact_normalized,atwild,no
6e15f1b935b8,1216,ContactCars,iCAUR,V27,Play,2027,icaur,icaur/v27,exact_normalized,play,no
0522f18fc383,1217,ContactCars,iCAUR,V27,Wild,2027,icaur,icaur/v27,exact_normalized,wild,no
22e384320491,1218,Hatla2ee,Lotus,Eletre,,2024,lotus,lotus/eletre,exact_normalized,,no
70688098b915,1219,ContactCars,Lotus,Eletre,Other Trims,2024,lotus,lotus/eletre,exact_normalized,othertrims,no
66e8cd4b6530,1220,Hatla2ee,Lotus,Emeya,,2024,lotus,lotus/emeya,exact_normalized,,no
fd27bf0c37e3,1221,ContactCars,Lotus,Emeya,,2025,lotus,lotus/emeya,exact_normalized,,no
f146809bc311,1222,Hatla2ee,Voyah,Free,A/T / Luxury,2026,voyah,voyah/free,exact_normalized,atluxury,no
596a20cbba47,1223,ContactCars,Voyah,Free,Signature,2026,voyah,voyah/free,exact_normalized,signature,no
3bdc6a7ab894,1224,Hatla2ee,Voyah,Dream,A/T / Premium,2026,voyah,voyah/dream,exact_normalized,atpremium,no
9307c795f46a,1225,ContactCars,Voyah,Dream,Signature,2026,voyah,voyah/dream,exact_normalized,signature,no
3f743867e890,1226,ContactCars,Voyah,Passion,PHEV 1260,2026,voyah,voyah/passion,exact_normalized,phev1260,no
de8a6084e943,1227,Hatla2ee,BAW,M7,Manual,2027,baw,baw/m7,exact_normalized,manual,no
c17ad0778582,1228,ContactCars,BAW,M7,1.6 M/T,2027,baw,baw/m7,exact_normalized,16mt,no
ebe04f7fca65,1229,ContactCars,BAW,212 T01,Other Trims,2025,baw,baw/212-t01,exact_normalized,othertrims,no
631202fe242c,1230,Hatla2ee,Jeep,Grand Cherokee L,Automatic,2025,jeep,jeep/grand-cherokee-l,exact_normalized,automatic,no
7dc042f4ded4,1231,ContactCars,Jeep,Grand Cherokee,,2025,jeep,jeep/grand-cherokee,exact_normalized,,no
953eb6346cf2,1232,ContactCars,Jeep,Grand Cherokee,3.6 A/T Limited L 4x4 (Info panel figure),2025,jeep,jeep/grand-cherokee,exact_normalized,36atlimitedl4x4infopanelfigure,no
e55a408acbce,1233,Hatla2ee,MHERO,1,A/T / Premium,2026,mhero,mhero/1,exact_normalized,atpremium,no
75457da299ec,1234,Hatla2ee,Proton,Saga,A/T / Premium,2027,proton,proton/saga,exact_normalized,atpremium,no
9123057b8278,1235,ContactCars,Proton,Saga,Premium,2027,proton,proton/saga,exact_normalized,premium,no
169cc4e441e8,1236,Hatla2ee,Subaru,XV Crosstrek,Automatic,2026,subaru,subaru/xv-crosstrek,exact_normalized,automatic,no
b9239f54552f,1237,ContactCars,Subaru,Crosstrek,2.0 A/T,2024,subaru,subaru/crosstrek,exact_normalized,20at,no
0d635c0995f4,1238,ContactCars,Subaru,Forester,2.0 A/T SUV,2024,subaru,subaru/forester,exact_normalized,20atsuv,no
95d7eb629685,1239,ContactCars,Ford,Mustang,Unspecified trim,2025,ford,ford/mustang,exact_normalized,unspecifiedtrim,no
6a846fb54968,1240,ContactCars,GMC,Terrain,Unspecified trim,2026,gmc,gmc/terrain,exact_normalized,unspecifiedtrim,no
bbdf420879e1,1241,ContactCars,Hummer,Hummer EV SUV,Unspecified trim,2026,hummer,hummer/hummer-ev-suv,exact_normalized,unspecifiedtrim,no
d2c48dd06078,1242,ContactCars,Isuzu,Dmax,Unspecified trim,2026,isuzu,isuzu/dmax,exact_normalized,unspecifiedtrim,no
cd2e37f0b40e,1243,ContactCars,JMC,Boarding,Unspecified trim,2027,jmc,jmc/boarding,exact_normalized,unspecifiedtrim,no
5ac42c808a72,1244,ContactCars,Jaecoo,J7,Unspecified trim,2027,jaecoo,jaecoo/j7,exact_normalized,unspecifiedtrim,no
ebf678d7096b,1245,ContactCars,Lexus,LX600,Unspecified trim,2025,lexus,lexus/lx600,exact_normalized,unspecifiedtrim,no
e37c30dc703b,1246,ContactCars,Omoda,C5,Unspecified trim,2027,omoda,omoda/c5,exact_normalized,unspecifiedtrim,no
d9f91659c57a,1247,ContactCars,Range Rover,Evoque,Unspecified trim,2024,range-rover,range-rover/evoque,exact_normalized,unspecifiedtrim,no
c751e5e7d380,1248,ContactCars,Rolls Royce,Cullinan,Unspecified trim,2023,rolls-royce,rolls-royce/cullinan,exact_normalized,unspecifiedtrim,no
e957adae1fc9,1249,ContactCars,Tesla,Cybertruck,Unspecified trim,2025,tesla,tesla/cybertruck,exact_normalized,unspecifiedtrim,no
e4d0e6ca8bf1,1250,ContactCars,Dodge,Charger,Unspecified trim,2026,dodge,dodge/charger,exact_normalized,unspecifiedtrim,no
df001acc191b,1251,ContactCars,Xiaomi,SU7,Unspecified trim,2026,xiaomi,xiaomi/su7,exact_normalized,unspecifiedtrim,no
ddc264779653,1252,ContactCars,BAK,Golf Cart,Unspecified trim,2026,bak,bak/golf-cart,exact_normalized,unspecifiedtrim,no
2fc4bc6065a5,1253,ContactCars,Dongfeng Aeolus,Huge Hybrid,1.5 A/T Hybrid,2024,dongfeng-aeolus,dongfeng-aeolus/huge-hybrid,exact_normalized,15athybrid,no
56e8e1b21445,1254,ContactCars,Dongfeng Aeolus,Huge Hybrid,1.5 A/T Hybrid Special Color,2024,dongfeng-aeolus,dongfeng-aeolus/huge-hybrid,exact_normalized,15athybridspecialcolor,no
e9b55e380def,1255,ContactCars,Dongfeng Aeolus,Huge Hybrid,"Available Models catalogue (2 trims, unnamed)",2025,dongfeng-aeolus,dongfeng-aeolus/huge-hybrid,exact_normalized,availablemodelscatalogue2trimsunnamed,no
374489b09e21,1256,ContactCars,Golf Car,Club Car,Unspecified trim,2026,golf-car,golf-car/club-car,exact_normalized,unspecifiedtrim,no
cf6d2cabc2fa,1257,ContactCars,KYC,V3,Unspecified trim,2026,kyc,kyc/v3,exact_normalized,unspecifiedtrim,no
2e906dd824e9,1258,ContactCars,Rehigh,RH6,Nobel Version RWD,2026,rehigh,rehigh/rh6,exact_normalized,nobelversionrwd,no
052c780f7f6e,1259,ContactCars,Rehigh,RH6,Luxury Version AWD,2026,rehigh,rehigh/rh6,exact_normalized,luxuryversionawd,no
fdb01daabfa9,1260,ContactCars,Rely,R8,Standard,2026,rely,rely/r8,exact_normalized,standard,no
5ae0ed5cf36d,1261,ContactCars,Rely,R8,Comfort,2026,rely,rely/r8,exact_normalized,comfort,no
0299932d876c,1262,ContactCars,Sandstorm,S24,Double Cab 4x4,2026,sandstorm,sandstorm/s24,exact_normalized,doublecab4x4,no
1734d83e484c,1263,ContactCars,Shineray,X30,Unspecified trim,2027,shineray,shineray/x30,exact_normalized,unspecifiedtrim,no
e4c6077a7138,1264,ContactCars,Speranza,Tiggo,Unspecified trim,2026,speranza,speranza/tiggo,exact_normalized,unspecifiedtrim,no
69f51625fa21,1265,ContactCars,Wingamm,Oasi 540,2.2 JTD,2024,wingamm,wingamm/oasi-540,exact_normalized,22jtd,no
91e116ac3ffb,1266,ContactCars,Hyundai,Avante,Unspecified trim,2023,hyundai,hyundai/avante,exact_normalized,unspecifiedtrim,no
a748296ba973,1267,ContactCars,Hyundai,Elantra,Unspecified trim,2027,hyundai,hyundai/elantra,exact_normalized,unspecifiedtrim,no
bce2a6d7f40d,1268,ContactCars,Hyundai,Ioniq,Unspecified trim,2025,hyundai,hyundai/ioniq,exact_normalized,unspecifiedtrim,no
b3e1de136aa5,1269,ContactCars,Hyundai,Tucson NX4e,REDLINE (N Pack),2027,hyundai,hyundai/tucson-nx4e,exact_normalized,redlinenpack,no
f01eef7eb400,1270,ContactCars,Jetour,X70,Comfort - FL,2026,jetour,jetour/x70,exact_normalized,comfortfl,no
4462400c48d7,1271,ContactCars,Kia,Carens,Unspecified trim,2026,kia,kia/carens,exact_normalized,unspecifiedtrim,no
4db19a4f557b,1272,ContactCars,Kia,K3,Unspecified trim,2023,kia,kia/k3,exact_normalized,unspecifiedtrim,no
e238f14dd3ac,1273,ContactCars,Skoda,Octavia A8,Selection Suite,2026,skoda,skoda/octavia-a8,exact_normalized,selectionsuite,no
053c452fe2fc,1274,ContactCars,Chevrolet,Camaro,Unspecified trim,2023,chevrolet,chevrolet/camaro,exact_normalized,unspecifiedtrim,no
0bd7561f5330,1275,ContactCars,Changan,CS55,Unspecified trim,2027,changan,changan/cs55,exact_normalized,unspecifiedtrim,no
64adef56fd01,1276,ContactCars,Renault,Sandero,1.6 A/T Dynamic,2022,renault,renault/sandero,exact_normalized,16atdynamic,no
845ae0d6519e,1277,ContactCars,Renault,Sandero Stepway,1.6 A/T SW,2023,renault,renault/sandero-stepway,exact_normalized,16atsw,no
8bc85e38341b,1278,ContactCars,Volkswagen,Passat,Unspecified trim,2026,volkswagen,volkswagen/passat,exact_normalized,unspecifiedtrim,no
848668520881,1279,ContactCars,Mitsubishi,L200,Unspecified trim,2027,mitsubishi,mitsubishi/l200,exact_normalized,unspecifiedtrim,no
987ed5a353e3,1280,ContactCars,Mitsubishi,Outlander,Unspecified trim,2026,mitsubishi,mitsubishi/outlander,exact_normalized,unspecifiedtrim,no
6e28a7b1a57a,1281,ContactCars,BYD,Destroyer 05,Unspecified trim,2025,byd,byd/destroyer-05,exact_normalized,unspecifiedtrim,no
b1ebb6f07e00,1282,ContactCars,BYD,Leopard 8,Unspecified trim,2025,byd,byd/leopard-8,exact_normalized,unspecifiedtrim,no
4cc87cfb9024,1283,ContactCars,BYD,Qin,Unspecified trim,2025,byd,byd/qin,exact_normalized,unspecifiedtrim,no
4d076e5bacf5,1284,ContactCars,BYD,Seagull,Unspecified trim,2025,byd,byd/seagull,exact_normalized,unspecifiedtrim,no
5be5b2a6d341,1285,ContactCars,BYD,Song L DM-i,Unspecified trim,2025,byd,byd/song-l-dm-i,exact_normalized,unspecifiedtrim,no
1e4200881341,1286,ContactCars,BYD,Song Plus,Unspecified trim,2024,byd,byd/song-plus,exact_normalized,unspecifiedtrim,no
b88939bcf0cc,1287,ContactCars,Geely,Emgrand 7,Unspecified trim,2027,geely,geely/emgrand-7,exact_normalized,unspecifiedtrim,no
482593ebf044,1288,ContactCars,BMW,iX3 Neue Klasse,50 xDrive M Sport,2026,bmw,bmw/ix3-neue-klasse,exact_normalized,50xdrivemsport,no
6095a2d569cd,1289,ContactCars,BMW,iX3 Neue Klasse,Available Models catalogue (1 trim),2027,bmw,bmw/ix3-neue-klasse,exact_normalized,availablemodelscatalogue1trim,no
df24583fc618,1290,ContactCars,BMW,530i,Available Models catalogue (2 trims),2026,bmw,bmw/530i,exact_normalized,availablemodelscatalogue2trims,no
e36f9651f5f5,1291,ContactCars,BMW,750Li,Unspecified trim,2022,bmw,bmw/750li,exact_normalized,unspecifiedtrim,no
809726b4e763,1292,ContactCars,BMW,Z4,Unspecified trim,2026,bmw,bmw/z4,exact_normalized,unspecifiedtrim,no
41b0f40da07a,1293,ContactCars,BMW,iX2,eDrive20 M Sport,2026,bmw,bmw/ix2,exact_normalized,edrive20msport,no
a9f2eeecff69,1294,ContactCars,BMW,iX3,30 xDrive,2026,bmw,bmw/ix3,exact_normalized,30xdrive,no
413f236cd9d0,1295,ContactCars,Fiat,500,Unspecified trim,2026,fiat,fiat/500,exact_normalized,unspecifiedtrim,no
cac9f6ad6cb3,1296,ContactCars,Suzuki,Celerio,1.0 M/T GA,2022,suzuki,suzuki/celerio,exact_normalized,10mtga,no
9a6c6779a67c,1297,ContactCars,Suzuki,Ciaz,1.5 A/T GLX Screen,2024,suzuki,suzuki/ciaz,exact_normalized,15atglxscreen,no
684289b25f14,1298,ContactCars,Haval,Jolion CKD,Unspecified trim,2027,haval,haval/jolion-ckd,exact_normalized,unspecifiedtrim,no
8bafef2609b3,1299,ContactCars,Opel,Vectra,Unspecified trim,2022,opel,opel/vectra,exact_normalized,unspecifiedtrim,no
3bdb64d28179,1300,ContactCars,GAC,Aion Y,BEV AION Y PLUS,2026,gac,gac/aion-y,exact_normalized,bevaionyplus,no
33ed73df8171,1301,ContactCars,JAC,JS2,Smart,2026,jac,jac/js2,exact_normalized,smart,no
2ff5f9ee300f,1302,ContactCars,Audi,Q4 e-Tron,Unspecified trim,2025,audi,audi/q4-e-tron,exact_normalized,unspecifiedtrim,no
fc184e69f879,1303,ContactCars,Audi,Q5,Unspecified trim,2025,audi,audi/q5,exact_normalized,unspecifiedtrim,no
a575d9cea7b6,1304,ContactCars,Audi,SQ7,Unspecified trim,2023,audi,audi/sq7,exact_normalized,unspecifiedtrim,no
d705f78b787c,1305,ContactCars,Kaiyi,X3,Unspecified trim,2026,kaiyi,kaiyi/x3,exact_normalized,unspecifiedtrim,no
badb6565850a,1306,ContactCars,Forthing,T5 Evo,Unspecified trim,2027,forthing,forthing/t5-evo,exact_normalized,unspecifiedtrim,no
0425c5cb6d59,1307,ContactCars,Forthing,T5 Friday,REEV,2027,forthing,forthing/t5-friday,exact_normalized,reev,no
0053df1a723f,1308,ContactCars,Cadillac,Escalade IQ,Premium Sport AWD,2026,cadillac,cadillac/escalade-iq,exact_normalized,premiumsportawd,no
f5f1e8fbaee3,1309,ContactCars,Cadillac,Escalade IQL,Unspecified trim,2026,cadillac,cadillac/escalade-iql,exact_normalized,unspecifiedtrim,no
a0aa05b254b2,1310,ContactCars,Zeekr,007,Unspecified trim,2026,zeekr,zeekr/007,exact_normalized,unspecifiedtrim,no
41b2e4e82ae0,1311,ContactCars,Zeekr,9X,Unspecified trim,2026,zeekr,zeekr/9x,exact_normalized,unspecifiedtrim,no
107dee4511eb,1312,ContactCars,Avatr,06,Unspecified trim,2026,avatr,avatr/06,exact_normalized,unspecifiedtrim,no
f3648422f4e8,1313,ContactCars,XPENG,X9,Flagship,2026,xpeng,xpeng/x9,exact_normalized,flagship,no
728cf583feea,1314,ContactCars,XPENG,G7,Unspecified trim,2027,xpeng,xpeng/g7,exact_normalized,unspecifiedtrim,no
26e6586fa9cf,1315,ContactCars,XPENG,GX,Unspecified trim,2026,xpeng,xpeng/gx,exact_normalized,unspecifiedtrim,no
58dc2168846b,1316,ContactCars,XPENG,Mona L03,Unspecified trim,2026,xpeng,xpeng/mona-l03,exact_normalized,unspecifiedtrim,no
57120b19d6af,1317,ContactCars,Xiaomi,YU7,Unspecified trim,2025,xiaomi,xiaomi/yu7,exact_normalized,unspecifiedtrim,no
edd3fba61e63,1318,ContactCars,GMC,Yukon,Unspecified trim,2025,gmc,gmc/yukon,exact_normalized,unspecifiedtrim,no
b2c0e8b68f67,1319,ContactCars,GMC,Sierra,Unspecified trim,2026,gmc,gmc/sierra,exact_normalized,unspecifiedtrim,no
6e06120ea086,1320,ContactCars,Tesla,Model Y,Unspecified trim,2027,tesla,tesla/model-y,exact_normalized,unspecifiedtrim,no
aa9d442359cb,1321,Hatla2ee,Hyundai,Accent RB,A/T / GL,2026,hyundai,hyundai/accent-rb,exact_normalized,atgl,no
0af4493ba6b3,1322,Hatla2ee,Hyundai,Accent RB,A/T / SR,2026,hyundai,hyundai/accent-rb,exact_normalized,atsr,no
c867c005bdfe,1323,Hatla2ee,Hyundai,Accent RB,A/T / DAB ABS,2026,hyundai,hyundai/accent-rb,exact_normalized,atdababs,no
95f51911037a,1324,Hatla2ee,Hyundai,Accent RB,A/T / Highline,2026,hyundai,hyundai/accent-rb,exact_normalized,athighline,no
5bcd5956e181,1325,Hatla2ee,Hyundai,Accent RB,A/T / DAB ABS PLUS,2026,hyundai,hyundai/accent-rb,exact_normalized,atdababsplus,no
27b73ee1bea1,1326,Hatla2ee,Hyundai,Elantra AD,A/T / Smart (=Baseline),2027,hyundai,hyundai/elantra-ad,exact_normalized,atsmartbaseline,no
1938ce9cee35,1327,Hatla2ee,Hyundai,Elantra AD,A/T / Modern,2027,hyundai,hyundai/elantra-ad,exact_normalized,atmodern,no
63bfcdffa30b,1328,Hatla2ee,Hyundai,Elantra AD,A/T / Modern Sunroof,2027,hyundai,hyundai/elantra-ad,exact_normalized,atmodernsunroof,no
80a801d74e32,1329,Hatla2ee,Hyundai,Elantra AD,A/T / Top Line,2027,hyundai,hyundai/elantra-ad,exact_normalized,attopline,no
f21dc8ef8760,1330,ContactCars,Hyundai,Elantra CN7,1.6 A/T CN7 Shadow,2025,hyundai,hyundai/elantra-cn7,exact_normalized,16atcn7shadow,no
0a65621a4bed,1331,ContactCars,Hyundai,Elantra CN7,1.6 A/T CN7 Blaze,2025,hyundai,hyundai/elantra-cn7,exact_normalized,16atcn7blaze,no
f660c41eec47,1332,ContactCars,Hyundai,Elantra CN7,1.6 A/T CN7 RedLine,2025,hyundai,hyundai/elantra-cn7,exact_normalized,16atcn7redline,no
f42c0b80a9c8,1333,ContactCars,Hyundai,Elantra CN7,1.6 A/T Black Diamond,2025,hyundai,hyundai/elantra-cn7,exact_normalized,16atblackdiamond,no
25211bd89cc0,1334,Hatla2ee(summary),Hyundai,Elantra CN7,"(range, 4 classes)",2025,hyundai,hyundai/elantra-cn7,exact_normalized,range4classes,yes
4ba5b334a67a,1335,Hatla2ee(summary),Hyundai,i 30,"(range, only 4 of 8 CC classes listed: Blaze/Blaze fastback/Redline/Redline fastback)",2026,hyundai,hyundai/i30,exact_normalized,rangeonly4of8ccclasseslistedblazeblazefastbackredlineredlinefastback,yes
872567f64623,1336,ContactCars,Hyundai,IONIQ 6,Connect Plus Long Range RWD,2025,hyundai,hyundai/ioniq-6,exact_normalized,connectpluslongrangerwd,no
01d78aba7c73,1337,Hatla2ee(summary),Hyundai,IONIQ 6,"(range, 3 classes)",2025,hyundai,hyundai/ioniq-6,exact_normalized,range3classes,yes
bfa9979ec968,1338,Hatla2ee(summary),Hyundai,IONIQ 5,"(range, 4 classes)",2025,hyundai,hyundai/ioniq-5,exact_normalized,range4classes,yes
52d0bef500e4,1339,Hatla2ee(summary),Hyundai,IONIQ 9,"(range, 3 classes)",2026,hyundai,hyundai/ioniq-9,exact_normalized,range3classes,yes
5c7d974db7af,1340,ContactCars,Hyundai,Santa Fe,HEV Executive RWD,2025,hyundai,hyundai/santa-fe,exact_normalized,hevexecutiverwd,no
92ef7ec0120c,1341,ContactCars,Hyundai,Santa Fe,HEV Calligraphy AWD,2025,hyundai,hyundai/santa-fe,exact_normalized,hevcalligraphyawd,no
ad1ba9abf6f2,1342,Hatla2ee(summary),Hyundai,Santa Fe,"(range, 2 classes)",2025,hyundai,hyundai/santa-fe,exact_normalized,range2classes,yes
8940d9cb235f,1343,ContactCars,Hyundai,Staria,HEV Premium Lounge 7 Seats,2025,hyundai,hyundai/staria,exact_normalized,hevpremiumlounge7seats,no
382c682aeacd,1344,ContactCars,Jetour,Dashing,Luxury 1.5 L,2027,jetour,jetour/dashing,exact_normalized,luxury15l,no
ac3c74f52f56,1345,ContactCars,Jetour,Dashing,Luxury 1.6 L,2027,jetour,jetour/dashing,exact_normalized,luxury16l,no
7b3b58db03be,1346,Hatla2ee,Jetour,Dashing,A/T / Comfort,2027,jetour,jetour/dashing,exact_normalized,atcomfort,no
4e524f1e008e,1347,Hatla2ee,Jetour,Dashing,A/T / Luxury 1.5L,2027,jetour,jetour/dashing,exact_normalized,atluxury15l,no
e95d626e9b3f,1348,Hatla2ee,Jetour,Dashing,A/T / Luxury 1.6L,2027,jetour,jetour/dashing,exact_normalized,atluxury16l,no
49039e00679b,1349,ContactCars,Jetour,X70 - facelift,Comfort - Facelift,2027,jetour,jetour/x70-facelift,exact_normalized,comfortfacelift,no
a66bd8fd30dd,1350,ContactCars,Jetour,X70 - facelift,Luxury - facelift,2027,jetour,jetour/x70-facelift,exact_normalized,luxuryfacelift,no
2fb4e9b43bf6,1351,Hatla2ee(summary),Jetour,X70 - facelift,"(range, 2 classes)",2027,jetour,jetour/x70-facelift,exact_normalized,range2classes,yes
f62cc029e030,1352,ContactCars,Jetour,X70 Plus CKD,Luxury,2027,jetour,jetour/x70-plus-ckd,exact_normalized,luxury,no
b1b3ca9a8240,1353,ContactCars,Jetour,X90 Plus,Luxury FL,2027,jetour,jetour/x90-plus,exact_normalized,luxuryfl,no
222a9ad09c5e,1354,ContactCars,Jetour,T1,Luxury,2027,jetour,jetour/t1,exact_normalized,luxury,no
49d8b9194dca,1355,ContactCars,Jetour,T1,Matt Colour,2027,jetour,jetour/t1,exact_normalized,mattcolour,no
7508f121c723,1356,ContactCars,Jetour,T2,Luxury 1.5 L,2027,jetour,jetour/t2,exact_normalized,luxury15l,no
90841b5cb7ab,1357,ContactCars,Jetour,T2,Matt Colour,2027,jetour,jetour/t2,exact_normalized,mattcolour,no
b9e4122d7e5e,1358,ContactCars,Jetour,T2,i-DM,2027,jetour,jetour/t2,exact_normalized,idm,no
92046b9526c6,1359,ContactCars,Kia,EV3,Air,2026,kia,kia/ev3,exact_normalized,air,no
db4ccb507ba6,1360,ContactCars,Kia,EV3,Earth,2026,kia,kia/ev3,exact_normalized,earth,no
679749e951b0,1361,Hatla2ee(summary),Kia,EV3,"(range, 3 classes)",2026,kia,kia/ev3,exact_normalized,range3classes,yes
dad57c1afa71,1362,ContactCars,Kia,K4,Highline,2026,kia,kia/k4,exact_normalized,highline,no
e6b32192ecda,1363,ContactCars,Kia,K4,GT Line,2026,kia,kia/k4,exact_normalized,gtline,no
e2dfed476121,1364,ContactCars,Kia,K4,GT Line Black Edition,2026,kia,kia/k4,exact_normalized,gtlineblackedition,no
84eb0229739a,1365,Hatla2ee,Kia,K4,A/T / Highline,2026,kia,kia/k4,exact_normalized,athighline,no
aaf1923d6f07,1366,Hatla2ee,Kia,K4,A/T / GT-line,2026,kia,kia/k4,exact_normalized,atgtline,no
30bb03fcb8a8,1367,Hatla2ee,Kia,K4,A/T / GT-line Black Edition,2026,kia,kia/k4,exact_normalized,atgtlineblackedition,no
56aa5370a784,1368,ContactCars,Kia,EV5,Air,2025,kia,kia/ev5,exact_normalized,air,no
46413754ed33,1369,ContactCars,Kia,EV5,GT Line,2025,kia,kia/ev5,exact_normalized,gtline,no
342d354a7ce3,1370,ContactCars,Kia,EV6,GT,2026,kia,kia/ev6,exact_normalized,gt,no
ed3169596c57,1371,ContactCars,Kia,EV9,GT Line 6 Seats Relaxing,2025,kia,kia/ev9,exact_normalized,gtline6seatsrelaxing,no
3bd24fc6478e,1372,ContactCars,Kia,Sorento,HEV Topline 7 Seats,2026,kia,kia/sorento,exact_normalized,hevtopline7seats,no
8be9696ba16d,1373,ContactCars,Kia,Carnival,HEV Topline 8 Seats,2026,kia,kia/carnival,exact_normalized,hevtopline8seats,no
1b85dcda7a6b,1374,ContactCars,Soueast,S 05,Highline,2027,soueast,soueast/s-05,exact_normalized,highline,no
5d746417e279,1375,Hatla2ee(summary),Soueast,S 05,(1 class),2027,soueast,soueast/s-05,exact_normalized,1class,yes
a4d401779034,1376,ContactCars,Soueast,S 06,Highline,2027,soueast,soueast/s-06,exact_normalized,highline,no
b0280a6a0ce9,1377,ContactCars,Soueast,S 06,Premium,2027,soueast,soueast/s-06,exact_normalized,premium,no
14a66564057a,1378,ContactCars,Soueast,S 06,DM,2027,soueast,soueast/s-06,exact_normalized,dm,no
3c3d3df52aa9,1379,Hatla2ee(summary),Soueast,S 06,"(range, 3 classes)",2027,soueast,soueast/s-06,exact_normalized,range3classes,yes
b3d16a8defdd,1380,ContactCars,Soueast,S 07,Highline,2027,soueast,soueast/s-07,exact_normalized,highline,no
e96650f857d3,1381,ContactCars,Soueast,S 07,Premium,2027,soueast,soueast/s-07,exact_normalized,premium,no
6b14dd754786,1382,Hatla2ee(summary),Soueast,S 07,"(range, 2 classes)",2027,soueast,soueast/s-07,exact_normalized,range2classes,yes
9b3d6ca94188,1383,ContactCars,Soueast,S 09,Premium,2027,soueast,soueast/s-09,exact_normalized,premium,no
2f21e2d1db7a,1384,Hatla2ee(summary),Soueast,S 09,(1 class),2027,soueast,soueast/s-09,exact_normalized,1class,yes
4ed019f92336,1385,ContactCars,Soueast,S 08 DM,Intelligent,2027,soueast,soueast/s-08-dm,exact_normalized,intelligent,no
14c3906c9021,1386,Hatla2ee(summary),Soueast,S08,(1 class),2027,soueast,soueast/s08,exact_normalized,1class,yes
e1ca023c3487,1387,ContactCars,Mercedes,C200,Sport,2026,mercedes,mercedes/c200,exact_normalized,sport,no
2517035b5e86,1388,ContactCars,Mercedes,C180,Avantgarde,2026,mercedes,mercedes/c180,exact_normalized,avantgarde,no
7c1156ffefeb,1389,ContactCars,Mercedes,C180,Sport,2026,mercedes,mercedes/c180,exact_normalized,sport,no
591dce52765a,1390,ContactCars,Mercedes,CLE 200,Sport - Coupe,2025,mercedes,mercedes/cle-200,exact_normalized,sportcoupe,no
35769bf6acdd,1391,ContactCars,Mercedes,CLE 200,Sport - Cabriolet,2025,mercedes,mercedes/cle-200,exact_normalized,sportcabriolet,no
954d7d2008ef,1392,ContactCars,Mercedes,E200,Avantgarde,2026,mercedes,mercedes/e200,exact_normalized,avantgarde,no
99dc4a27ab5a,1393,ContactCars,Mercedes,E200,Sport,2026,mercedes,mercedes/e200,exact_normalized,sport,no
fb1e55d99b90,1394,ContactCars,Mercedes,E200,Exclusive,2026,mercedes,mercedes/e200,exact_normalized,exclusive,no
404d56e5b4be,1395,ContactCars,Mercedes,GLC 200,4M SUV - Sport,2026,mercedes,mercedes/glc-200,exact_normalized,4msuvsport,no
da81d421b0b6,1396,ContactCars,Mercedes,GLC 200,4M COUPE - Sport,2026,mercedes,mercedes/glc-200,exact_normalized,4mcoupesport,no
8cfb107cc707,1397,ContactCars,Mercedes,EQS SUV,EQS 500 4M SUV,2025,mercedes,mercedes/eqs-suv,exact_normalized,eqs5004msuv,no
5b0401aa7e55,1398,ContactCars,Mercedes,EQS SUV,EQS 680 4M SUV Maybach,2025,mercedes,mercedes/eqs-suv,exact_normalized,eqs6804msuvmaybach,no
130a5bed0c8f,1399,ContactCars,Mercedes,EQS SUV,EQS 680 4M SUV Maybach Night Series,2025,mercedes,mercedes/eqs-suv,exact_normalized,eqs6804msuvmaybachnightseries,no
3aeef75f21de,1400,ContactCars(Lineup),Mercedes,EQA 260,Unspecified (1 trim),2025,mercedes,mercedes/eqa-260,exact_normalized,unspecified1trim,yes
4fece5837f56,1401,ContactCars(Lineup),Mercedes,B 200,Unspecified (1 trim),2026,mercedes,mercedes/b-200,exact_normalized,unspecified1trim,yes
e701e37c49a2,1402,ContactCars(Lineup),Mercedes,A200,Unspecified (1 trim),2026,mercedes,mercedes/a200,exact_normalized,unspecified1trim,yes
3f40b4cca132,1403,ContactCars(Lineup),Mercedes,CLA 200,Unspecified (1 trim),2026,mercedes,mercedes/cla-200,exact_normalized,unspecified1trim,yes
a13c76843d85,1404,ContactCars(Lineup),Mercedes,GLA 200,Unspecified (1 trim),2026,mercedes,mercedes/gla-200,exact_normalized,unspecified1trim,yes
ec81d427aba7,1405,ContactCars(Lineup),Mercedes,EQA250+,Unspecified (1 trim),2026,mercedes,mercedes/eqa250,exact_normalized,unspecified1trim,yes
059f78d9509a,1406,ContactCars(Lineup),Mercedes,EQB250+,Unspecified (1 trim),2026,mercedes,mercedes/eqb250,exact_normalized,unspecified1trim,yes
65e179b63d24,1407,ContactCars(Lineup),Mercedes,CLA250+,Unspecified (1 trim),2027,mercedes,mercedes/cla250,exact_normalized,unspecified1trim,yes
69731cf06121,1408,ContactCars(Lineup),Mercedes,EQE SUV,Unspecified (1 trim),2025,mercedes,mercedes/eqe-suv,exact_normalized,unspecified1trim,yes
779125bed1d9,1409,ContactCars(Lineup),Mercedes,C 43 AMG,Unspecified (1 trim),2025,mercedes,mercedes/c-43-amg,exact_normalized,unspecified1trim,yes
35f26778848e,1410,ContactCars(Lineup),Mercedes,V300,Unspecified (1 trim),2026,mercedes,mercedes/v300,exact_normalized,unspecified1trim,yes
30885cbaef68,1411,ContactCars(Lineup),Mercedes,GLC 43,Unspecified (1 trim),2026,mercedes,mercedes/glc-43,exact_normalized,unspecified1trim,yes
4967ebb6d118,1412,ContactCars(Lineup),Mercedes,GLE 450,Unspecified (1 trim),2025,mercedes,mercedes/gle-450,exact_normalized,unspecified1trim,yes
b4e275172832,1413,ContactCars(Lineup),Mercedes,GLE 53,Unspecified (1 trim),2025,mercedes,mercedes/gle-53,exact_normalized,unspecified1trim,yes
d82d7986781d,1414,ContactCars(Lineup),Mercedes,GLS 580,Unspecified (1 trim),2025,mercedes,mercedes/gls-580,exact_normalized,unspecified1trim,yes
289805317a5f,1415,ContactCars(Lineup),Mercedes,G580 with EQ Technology,Unspecified (1 trim),2025,mercedes,mercedes/g580-with-eq-technology,exact_normalized,unspecified1trim,yes
88d2337e4366,1416,ContactCars(Lineup),Mercedes,S450,Unspecified (1 trim),2026,mercedes,mercedes/s450,exact_normalized,unspecified1trim,yes
49d5c258256b,1417,ContactCars(Lineup),Mercedes,G 500,Unspecified (1 trim),2025,mercedes,mercedes/g-500,exact_normalized,unspecified1trim,yes
8bd3e67f22b3,1418,ContactCars(Lineup),Mercedes,SL55 AMG,Unspecified (1 trim),2025,mercedes,mercedes/sl55-amg,exact_normalized,unspecified1trim,yes
1ac0dcbdddbb,1419,ContactCars(Lineup),Mercedes,AMG GT,Unspecified (1 trim),2025,mercedes,mercedes/amg-gt,exact_normalized,unspecified1trim,yes
7d81a0fb598c,1420,ContactCars(Lineup),Mercedes,Maybach S 580,Unspecified (1 trim),2026,mercedes,mercedes/maybach-s-580,exact_normalized,unspecified1trim,yes
214eba15113d,1421,ContactCars(Lineup),Mercedes,G 63,Unspecified (1 trim),2025,mercedes,mercedes/g-63,exact_normalized,unspecified1trim,yes
4eba843578ad,1422,ContactCars,Mercedes,A180,Unspecified trim,2022,mercedes,mercedes/a180,exact_normalized,unspecifiedtrim,no
6e6a15d4d582,1423,ContactCars,Mercedes,A 250e,Unspecified trim,2023,mercedes,mercedes/a-250e,exact_normalized,unspecifiedtrim,no
6b9707bb309e,1424,ContactCars,Mercedes,C400,Unspecified trim,2026,mercedes,mercedes/c400,exact_normalized,unspecifiedtrim,no
9a1dda307d05,1425,ContactCars,Mercedes,CLA 180,Unspecified trim,2026,mercedes,mercedes/cla-180,exact_normalized,unspecifiedtrim,no
bd897bbe768d,1426,ContactCars,Mercedes,CLA 300,Unspecified trim,2025,mercedes,mercedes/cla-300,exact_normalized,unspecifiedtrim,no
09e104d8a83b,1427,ContactCars,Mercedes,CLE 300,Unspecified trim,2024,mercedes,mercedes/cle-300,exact_normalized,unspecifiedtrim,no
815772d2b141,1428,ContactCars,Mercedes,E Cabriolet,Unspecified trim,2022,mercedes,mercedes/e-cabriolet,exact_normalized,unspecifiedtrim,no
eb993e1c0a95,1429,ContactCars,Mercedes,E300,Unspecified trim,2022,mercedes,mercedes/e300,exact_normalized,unspecifiedtrim,no
8c18bd60d4b5,1430,ContactCars,Mercedes,E350,Unspecified trim,2024,mercedes,mercedes/e350,exact_normalized,unspecifiedtrim,no
0b2351384014,1431,ContactCars,Mercedes,EQE 500,Unspecified trim,2025,mercedes,mercedes/eqe-500,exact_normalized,unspecifiedtrim,no
783fe3feb255,1432,ContactCars,Mercedes,GLA 180,Unspecified trim,2026,mercedes,mercedes/gla-180,exact_normalized,unspecifiedtrim,no
0611e87c3f61,1433,ContactCars,Mercedes,GLB 200,Unspecified trim,2027,mercedes,mercedes/glb-200,exact_normalized,unspecifiedtrim,no
0a78559869bb,1434,ContactCars,Mercedes,GLC 300,Unspecified trim,2026,mercedes,mercedes/glc-300,exact_normalized,unspecifiedtrim,no
8ce17d7bcbf3,1435,ContactCars,Mercedes,GLC 300 Coupe,Unspecified trim,2027,mercedes,mercedes/glc-300-coupe,exact_normalized,unspecifiedtrim,no
c223618d9141,1436,ContactCars,Mercedes,GLC 400,Unspecified trim,2026,mercedes,mercedes/glc-400,exact_normalized,unspecifiedtrim,no
36e112ea0722,1437,ContactCars,Mercedes,GT53,Unspecified trim,2027,mercedes,mercedes/gt53,exact_normalized,unspecifiedtrim,no
0716b2a5abdf,1438,ContactCars,Mercedes,S500,Unspecified trim,2023,mercedes,mercedes/s500,exact_normalized,unspecifiedtrim,no
c729bf8b903a,1439,ContactCars,Mercedes,S580,Unspecified trim,2027,mercedes,mercedes/s580,exact_normalized,unspecifiedtrim,no
d50a337cc39d,1440,ContactCars,Mercedes,S63,Unspecified trim,2025,mercedes,mercedes/s63,exact_normalized,unspecifiedtrim,no
5ad81b50e1a0,1441,ContactCars,Mitsubishi,Pajero Sport,Unspecified trim,2027,mitsubishi,mitsubishi/pajero-sport,exact_normalized,unspecifiedtrim,no
34d769575346,1442,ContactCars,Rolls Royce,Spectre,Unspecified trim,2027,rolls-royce,rolls-royce/spectre,exact_normalized,unspecifiedtrim,no
24aa17194b2f,1443,ContactCars,Lexus,RZ,RZ350e,2026,lexus,lexus/rz,exact_normalized,rz350e,no
6a34fc60bfcc,1444,ContactCars,Lexus,RZ,RZ550e,2026,lexus,lexus/rz,exact_normalized,rz550e,no
8d7d435000ae,1445,ContactCars,AITO,M9,Other Trims,2024,aito,aito/m9,exact_normalized,othertrims,no
