source,source_tier,recipe,universe_id,registry_model_id,source_url,fetched_at,page_sha256,model_key,grade_key,trim_raw,model_year,field,value_raw,value_num,unit,effective_date,evidence_pointer,confidence,note
nissan_eg_web,1,nissan_vlp_price_json@1,nissan/magnite,,https://en.nissan.com.eg/vehicles/new/magnite.html,"Tue, 22 Sep 2026 00:52:00 GMT",efbc11776e0bab7f3637045f850ee0eb4c093f54d646dcbcbfdf6b0db6b451a3,2026-magnite,LVL001,Magnite 1.0T Visia CVT,2026,price_official_egp,788000,788000.0,EGP,2026-07-29,individualVehiclePriceJSON.2026-magnite.default.grades.LVL001.gradePrice,HIGH,
nissan_eg_web,1,nissan_vlp_price_json@1,nissan/magnite,,https://en.nissan.com.eg/vehicles/new/magnite.html,"Tue, 22 Sep 2026 00:52:00 GMT",efbc11776e0bab7f3637045f850ee0eb4c093f54d646dcbcbfdf6b0db6b451a3,2026-magnite,LVL004,Magnite 1.0T Tekna+ CVT,2026,price_official_egp,888000,888000.0,EGP,2026-07-29,individualVehiclePriceJSON.2026-magnite.default.grades.LVL004.gradePrice,HIGH,
nissan_eg_web,1,nissan_vlp_price_json@1,nissan/magnite,,https://en.nissan.com.eg/vehicles/new/magnite.html,"Tue, 22 Sep 2026 00:52:00 GMT",efbc11776e0bab7f3637045f850ee0eb4c093f54d646dcbcbfdf6b0db6b451a3,2026-magnite,LVL003,Magnite 1.0T Tekna CVT,2026,price_official_egp,868000,868000.0,EGP,2026-07-29,individualVehiclePriceJSON.2026-magnite.default.grades.LVL003.gradePrice,HIGH,
nissan_eg_web,1,nissan_vlp_price_json@1,nissan/magnite,,https://en.nissan.com.eg/vehicles/new/magnite.html,"Tue, 22 Sep 2026 00:52:00 GMT",efbc11776e0bab7f3637045f850ee0eb4c093f54d646dcbcbfdf6b0db6b451a3,2026-magnite,LVL002,Magnite 1.0T Acenta CVT,2026,price_official_egp,848000,848000.0,EGP,2026-07-29,individualVehiclePriceJSON.2026-magnite.default.grades.LVL002.gradePrice,HIGH,
nissan_eg_web,1,nissan_vlp_price_json@1,nissan/sunny,,https://en.nissan.com.eg/vehicles/new/sunny.html,"Sat, 26 Sep 2026 23:05:56 GMT",82ebb5e93da1f6243323891ab6d15e60a403e9436e706c50d0c9a4a2b99e3a42,sunny,LVL001,SUNNY Base MT,,price_official_egp,,,EGP,2026-04-10,individualVehiclePriceJSON.sunny.default.grades.LVL001.gradePrice,HIGH,grade listed without price (NOT_PUBLISHED)
nissan_eg_web,1,nissan_vlp_price_json@1,nissan/sunny,,https://en.nissan.com.eg/vehicles/new/sunny.html,"Sat, 26 Sep 2026 23:05:56 GMT",82ebb5e93da1f6243323891ab6d15e60a403e9436e706c50d0c9a4a2b99e3a42,sunny,LVL004,SUNNY Super Saloon,,price_official_egp,835000,835000.0,EGP,2026-04-10,individualVehiclePriceJSON.sunny.default.grades.LVL004.gradePrice,HIGH,
nissan_eg_web,1,nissan_vlp_price_json@1,nissan/sunny,,https://en.nissan.com.eg/vehicles/new/sunny.html,"Sat, 26 Sep 2026 23:05:56 GMT",82ebb5e93da1f6243323891ab6d15e60a403e9436e706c50d0c9a4a2b99e3a42,sunny,LVL003,SUNNY Mid,,price_official_egp,799999,799999.0,EGP,2026-04-10,individualVehiclePriceJSON.sunny.default.grades.LVL003.gradePrice,HIGH,
nissan_eg_web,1,nissan_vlp_price_json@1,nissan/sunny,,https://en.nissan.com.eg/vehicles/new/sunny.html,"Sat, 26 Sep 2026 23:05:56 GMT",82ebb5e93da1f6243323891ab6d15e60a403e9436e706c50d0c9a4a2b99e3a42,sunny,LVL002,SUNNY Base AT,,price_official_egp,765000,765000.0,EGP,2026-04-10,individualVehiclePriceJSON.sunny.default.grades.LVL002.gradePrice,HIGH,
nissan_eg_web,1,nissan_vlp_price_json@1,nissan/sentra,,https://en.nissan.com.eg/vehicles/new/sentra.html,"Mon, 21 Sep 2026 10:04:52 GMT",4aa7f6e07bf4595337f9efa0b2f0d47aa29761fc49f71486c1e0aa62082419e3,sentra,LVL002,Premium,,price_official_egp,1050000,1050000.0,EGP,2026-04-10,individualVehiclePriceJSON.sentra.default.grades.LVL002.gradePrice,HIGH,
nissan_eg_web,1,nissan_vlp_price_json@1,nissan/qashqai,m_000006,https://en.nissan.com.eg/vehicles/new/qashqai.html,"Mon, 21 Sep 2026 07:35:34 GMT",652a71d6c8965fd5f8b8c49512d5313fda80e86a456cd7550dfc587eebcd90e1,new-qashqai,LVL001,Qashqai N-connecta,,price_official_egp,1555000,1555000.0,EGP,2026-05-19,individualVehiclePriceJSON.new-qashqai.default.grades.LVL001.gradePrice,HIGH,
nissan_eg_web,1,nissan_vlp_price_json@1,nissan/qashqai,m_000006,https://en.nissan.com.eg/vehicles/new/qashqai.html,"Mon, 21 Sep 2026 07:35:34 GMT",652a71d6c8965fd5f8b8c49512d5313fda80e86a456cd7550dfc587eebcd90e1,new-qashqai,LVL005,Qashqai N-Design e-PWR,,price_official_egp,1999000,1999000.0,EGP,2026-05-19,individualVehiclePriceJSON.new-qashqai.default.grades.LVL005.gradePrice,HIGH,
nissan_eg_web,1,nissan_vlp_price_json@1,nissan/qashqai,m_000006,https://en.nissan.com.eg/vehicles/new/qashqai.html,"Mon, 21 Sep 2026 07:35:34 GMT",652a71d6c8965fd5f8b8c49512d5313fda80e86a456cd7550dfc587eebcd90e1,new-qashqai,LVL004,Qashqai Tekna Plus 4WD,,price_official_egp,2068000,2068000.0,EGP,2026-05-19,individualVehiclePriceJSON.new-qashqai.default.grades.LVL004.gradePrice,HIGH,
nissan_eg_web,1,nissan_vlp_price_json@1,nissan/qashqai,m_000006,https://en.nissan.com.eg/vehicles/new/qashqai.html,"Mon, 21 Sep 2026 07:35:34 GMT",652a71d6c8965fd5f8b8c49512d5313fda80e86a456cd7550dfc587eebcd90e1,new-qashqai,LVL003,Qashqai Tekna,,price_official_egp,1888000,1888000.0,EGP,2026-05-19,individualVehiclePriceJSON.new-qashqai.default.grades.LVL003.gradePrice,HIGH,
nissan_eg_web,1,nissan_vlp_price_json@1,nissan/qashqai,m_000006,https://en.nissan.com.eg/vehicles/new/qashqai.html,"Mon, 21 Sep 2026 07:35:34 GMT",652a71d6c8965fd5f8b8c49512d5313fda80e86a456cd7550dfc587eebcd90e1,new-qashqai,LVL002,Qashqai N-connecta Plus,,price_official_egp,1777000,1777000.0,EGP,2026-05-19,individualVehiclePriceJSON.new-qashqai.default.grades.LVL002.gradePrice,HIGH,
nissan_eg_web,1,nissan_vlp_price_json@1,nissan/x-trail,,https://en.nissan.com.eg/vehicles/new/x-trail.html,"Mon, 28 Sep 2026 13:34:49 GMT",a7f2b710909c06d73a7daa1470a198d44466188a17f5d9e907082a98ccdd1ebd,x-trail-epower,30006-TEKNA,Tekna,,price_official_egp,2299990,2299990.0,EGP,2025-10-08,individualVehiclePriceJSON.x-trail-epower.Retail.grades.30006-TEKNA.gradePrice,HIGH,
nissan_eg_web,1,nissan_vlp_price_json@1,nissan/x-trail,,https://en.nissan.com.eg/vehicles/new/x-trail.html,"Mon, 28 Sep 2026 13:34:49 GMT",a7f2b710909c06d73a7daa1470a198d44466188a17f5d9e907082a98ccdd1ebd,x-trail-epower,30006-ACENTA_PREMIUM,Acenta Premium,,price_official_egp,1999990,1999990.0,EGP,2025-10-08,individualVehiclePriceJSON.x-trail-epower.Retail.grades.30006-ACENTA_PREMIUM.gradePrice,HIGH,
nissan_eg_web,1,nissan_vlp_price_json@1,nissan/juke,,https://en.nissan.com.eg/vehicles/new/juke.html,"Mon, 28 Sep 2026 11:28:13 GMT",a5fd391d212cf291bf77ead7b3958ca2f6804071a5aab7d1cb324b7c6cbd126f,new-juke,LVL001,Juke Acenta,,price_official_egp,1159999,1159999.0,EGP,2026-07-16,individualVehiclePriceJSON.new-juke.default.grades.LVL001.gradePrice,HIGH,
nissan_eg_web,1,nissan_vlp_price_json@1,nissan/juke,,https://en.nissan.com.eg/vehicles/new/juke.html,"Mon, 28 Sep 2026 11:28:13 GMT",a5fd391d212cf291bf77ead7b3958ca2f6804071a5aab7d1cb324b7c6cbd126f,new-juke,LVL003,UNNAMED:LVL003,,price_official_egp,1299999,1299999.0,EGP,2026-07-16,individualVehiclePriceJSON.new-juke.default.grades.LVL003.gradePrice,MEDIUM,
nissan_eg_web,1,nissan_vlp_price_json@1,nissan/juke,,https://en.nissan.com.eg/vehicles/new/juke.html,"Mon, 28 Sep 2026 11:28:13 GMT",a5fd391d212cf291bf77ead7b3958ca2f6804071a5aab7d1cb324b7c6cbd126f,new-juke,LVL002,UNNAMED:LVL002,,price_official_egp,1259999,1259999.0,EGP,2026-07-16,individualVehiclePriceJSON.new-juke.default.grades.LVL002.gradePrice,MEDIUM,
nissan_eg_web,1,nissan_vlp_price_json@1,nissan/patrol,,https://en.nissan.com.eg/vehicles/new/allnewpatrol.html,"Mon, 28 Sep 2026 13:34:50 GMT",44ee9b9740d927791db0168048257dc444f437dce0704f730493e93032d8f061,new-patrol,LVL110,3.5L V6TT LE PLATINUM CITY,,price_official_egp,14000000,14000000.0,EGP,2025-07-17,individualVehiclePriceJSON.new-patrol.default.grades.LVL110.gradePrice,HIGH,
nissan_eg_web,1,nissan_vlp_price_json@1,nissan/patrol,,https://en.nissan.com.eg/vehicles/new/allnewpatrol.html,"Mon, 28 Sep 2026 13:34:50 GMT",44ee9b9740d927791db0168048257dc444f437dce0704f730493e93032d8f061,new-patrol,LVL108,3.5L V6TT LE TITANIUM,,price_official_egp,13000000,13000000.0,EGP,2025-07-17,individualVehiclePriceJSON.new-patrol.default.grades.LVL108.gradePrice,HIGH,
nissan_eg_web,1,nissan_vlp_price_json@1,nissan/patrol,,https://en.nissan.com.eg/vehicles/new/allnewpatrol.html,"Mon, 28 Sep 2026 13:34:50 GMT",44ee9b9740d927791db0168048257dc444f437dce0704f730493e93032d8f061,new-patrol,LVL107,3.5L V6TT LE T2,,price_official_egp,11900000,11900000.0,EGP,2025-07-17,individualVehiclePriceJSON.new-patrol.default.grades.LVL107.gradePrice,HIGH,
nissan_eg_web,1,nissan_vlp_price_json@1,nissan/patrol,,https://en.nissan.com.eg/vehicles/new/allnewpatrol.html,"Mon, 28 Sep 2026 13:34:50 GMT",44ee9b9740d927791db0168048257dc444f437dce0704f730493e93032d8f061,new-patrol,LVL106,3.5L V6TT LE T1,,price_official_egp,11050000,11050000.0,EGP,2025-07-17,individualVehiclePriceJSON.new-patrol.default.grades.LVL106.gradePrice,HIGH,
nissan_eg_web,1,nissan_vlp_price_json@1,nissan/patrol,,https://en.nissan.com.eg/vehicles/new/allnewpatrol.html,"Mon, 28 Sep 2026 13:34:50 GMT",44ee9b9740d927791db0168048257dc444f437dce0704f730493e93032d8f061,new-patrol,LVL105,3.8L V6 SE PLATINUM CITY,,price_official_egp,11750000,11750000.0,EGP,2025-07-17,individualVehiclePriceJSON.new-patrol.default.grades.LVL105.gradePrice,HIGH,
nissan_eg_web,1,nissan_vlp_price_json@1,nissan/patrol,,https://en.nissan.com.eg/vehicles/new/allnewpatrol.html,"Mon, 28 Sep 2026 13:34:50 GMT",44ee9b9740d927791db0168048257dc444f437dce0704f730493e93032d8f061,new-patrol,LVL103,3.8L V6 SE TITANIUM,,price_official_egp,10750000,10750000.0,EGP,2025-07-17,individualVehiclePriceJSON.new-patrol.default.grades.LVL103.gradePrice,HIGH,
nissan_eg_web,1,nissan_vlp_price_json@1,nissan/patrol,,https://en.nissan.com.eg/vehicles/new/allnewpatrol.html,"Mon, 28 Sep 2026 13:34:50 GMT",44ee9b9740d927791db0168048257dc444f437dce0704f730493e93032d8f061,new-patrol,LVL102,3.8L V6 SE T2,,price_official_egp,9600000,9600000.0,EGP,2025-07-17,individualVehiclePriceJSON.new-patrol.default.grades.LVL102.gradePrice,HIGH,
nissan_eg_web,1,nissan_vlp_price_json@1,nissan/patrol,,https://en.nissan.com.eg/vehicles/new/allnewpatrol.html,"Mon, 28 Sep 2026 13:34:50 GMT",44ee9b9740d927791db0168048257dc444f437dce0704f730493e93032d8f061,new-patrol,LVL101,3.8L V6 XE,,price_official_egp,8990000,8990000.0,EGP,2025-07-17,individualVehiclePriceJSON.new-patrol.default.grades.LVL101.gradePrice,HIGH,
nissan_eg_web,1,nissan_spec_table@1,nissan/magnite,,https://en.nissan.com.eg/vehicles/new/magnite/specifications.html,"Thu, 17 Sep 2026 11:52:08 GMT",33bc2c22ded959de61b64b2e68c98918dfa7ddb1a72a715be8f6be88a8e6a685,magnite,,,,drive,2WD,,,,"spec table ""Wheels Driven""",HIGH,table shows ONE grade; grade-scoped unless confirmed model-wide
nissan_eg_web,1,nissan_spec_table@1,nissan/magnite,,https://en.nissan.com.eg/vehicles/new/magnite/specifications.html,"Thu, 17 Sep 2026 11:52:08 GMT",33bc2c22ded959de61b64b2e68c98918dfa7ddb1a72a715be8f6be88a8e6a685,magnite,,,,length_mm,3995,3995.0,mm,,"spec table ""Overall Length (mm)""",HIGH,table shows ONE grade; grade-scoped unless confirmed model-wide
nissan_eg_web,1,nissan_spec_table@1,nissan/magnite,,https://en.nissan.com.eg/vehicles/new/magnite/specifications.html,"Thu, 17 Sep 2026 11:52:08 GMT",33bc2c22ded959de61b64b2e68c98918dfa7ddb1a72a715be8f6be88a8e6a685,magnite,,,,wheelbase_mm,2500,2500.0,mm,,"spec table ""Wheelbase (mm)""",HIGH,table shows ONE grade; grade-scoped unless confirmed model-wide
nissan_eg_web,1,nissan_spec_table@1,nissan/magnite,,https://en.nissan.com.eg/vehicles/new/magnite/specifications.html,"Thu, 17 Sep 2026 11:52:08 GMT",33bc2c22ded959de61b64b2e68c98918dfa7ddb1a72a715be8f6be88a8e6a685,magnite,,,,ground_clearance_mm,205,205.0,mm,,"spec table ""Ground Clearance (mm)""",HIGH,table shows ONE grade; grade-scoped unless confirmed model-wide
nissan_eg_web,1,nissan_spec_table@1,nissan/magnite,,https://en.nissan.com.eg/vehicles/new/magnite/specifications.html,"Thu, 17 Sep 2026 11:52:08 GMT",33bc2c22ded959de61b64b2e68c98918dfa7ddb1a72a715be8f6be88a8e6a685,magnite,,,,seats,5,5.0,count,,"spec table ""Number of Seats""",HIGH,table shows ONE grade; grade-scoped unless confirmed model-wide
nissan_eg_web,1,nissan_spec_table@1,nissan/magnite,,https://en.nissan.com.eg/vehicles/new/magnite/specifications.html,"Thu, 17 Sep 2026 11:52:08 GMT",33bc2c22ded959de61b64b2e68c98918dfa7ddb1a72a715be8f6be88a8e6a685,magnite,,,,boot_l,336,336.0,l,,"spec table ""Luggage Capacity (VDA) (litres)""",HIGH,table shows ONE grade; grade-scoped unless confirmed model-wide
nissan_eg_web,1,nissan_spec_table@1,nissan/magnite,,https://en.nissan.com.eg/vehicles/new/magnite/specifications.html,"Thu, 17 Sep 2026 11:52:08 GMT",33bc2c22ded959de61b64b2e68c98918dfa7ddb1a72a715be8f6be88a8e6a685,magnite,,,,fuel_type,Unleaded Petrol,,,,"spec table ""Fuel Type""",HIGH,table shows ONE grade; grade-scoped unless confirmed model-wide
nissan_eg_web,1,nissan_spec_table@1,nissan/magnite,,https://en.nissan.com.eg/vehicles/new/magnite/specifications.html,"Thu, 17 Sep 2026 11:52:08 GMT",33bc2c22ded959de61b64b2e68c98918dfa7ddb1a72a715be8f6be88a8e6a685,magnite,,,,fuel_tank_l,40,40.0,l,,"spec table ""Fuel Capacity (litres)""",HIGH,table shows ONE grade; grade-scoped unless confirmed model-wide
nissan_eg_web,1,nissan_spec_table@1,nissan/magnite,,https://en.nissan.com.eg/vehicles/new/magnite/specifications.html,"Thu, 17 Sep 2026 11:52:08 GMT",33bc2c22ded959de61b64b2e68c98918dfa7ddb1a72a715be8f6be88a8e6a685,magnite,,,,engine_cc,999,999.0,cc,,"spec table ""Engine displacement""",HIGH,table shows ONE grade; grade-scoped unless confirmed model-wide
nissan_eg_web,1,nissan_spec_table@1,nissan/x-trail,,https://en.nissan.com.eg/vehicles/new/x-trail/specifications.html,"Mon, 28 Sep 2026 13:40:30 GMT",23304b772e4374e07e6d820f7f3e1a93c5b0369ceafc164685b3a3b1e715262a,x-trail,,,,fuel_type,Petrol / Electric,,,,"spec table ""Fuel Type""",HIGH,table shows ONE grade; grade-scoped unless confirmed model-wide
nissan_eg_web,1,nissan_spec_table@1,nissan/x-trail,,https://en.nissan.com.eg/vehicles/new/x-trail/specifications.html,"Mon, 28 Sep 2026 13:40:30 GMT",23304b772e4374e07e6d820f7f3e1a93c5b0369ceafc164685b3a3b1e715262a,x-trail,,,,seats,5,5.0,count,,"spec table ""Number of Seats""",HIGH,table shows ONE grade; grade-scoped unless confirmed model-wide
nissan_eg_web,1,nissan_spec_table@1,nissan/juke,,https://en.nissan.com.eg/vehicles/new/juke/specifications.html,"Mon, 28 Sep 2026 13:40:30 GMT",2f0b6baeddf0a83eb4038dee0b0f5aba3088ee2ff3914916119e41438355144b,juke,,,,fuel_type,Petrol,,,,"spec table ""Fuel Type""",HIGH,table shows ONE grade; grade-scoped unless confirmed model-wide
nissan_eg_web,1,nissan_spec_table@1,nissan/juke,,https://en.nissan.com.eg/vehicles/new/juke/specifications.html,"Mon, 28 Sep 2026 13:40:30 GMT",2f0b6baeddf0a83eb4038dee0b0f5aba3088ee2ff3914916119e41438355144b,juke,,,,drive,Front-Wheel Drive (FWD),,,,"spec table ""Wheels Driven""",HIGH,table shows ONE grade; grade-scoped unless confirmed model-wide
nissan_eg_web,1,nissan_spec_table@1,nissan/juke,,https://en.nissan.com.eg/vehicles/new/juke/specifications.html,"Mon, 28 Sep 2026 13:40:30 GMT",2f0b6baeddf0a83eb4038dee0b0f5aba3088ee2ff3914916119e41438355144b,juke,,,,fuel_tank_l,46,46.0,l,,"spec table ""Fuel Capacity (litres)""",HIGH,table shows ONE grade; grade-scoped unless confirmed model-wide
nissan_eg_web,1,nissan_spec_table@1,nissan/juke,,https://en.nissan.com.eg/vehicles/new/juke/specifications.html,"Mon, 28 Sep 2026 13:40:30 GMT",2f0b6baeddf0a83eb4038dee0b0f5aba3088ee2ff3914916119e41438355144b,juke,,,,wheelbase_mm,2636,2636.0,mm,,"spec table ""Wheelbase (mm)""",HIGH,table shows ONE grade; grade-scoped unless confirmed model-wide
nissan_eg_web,1,nissan_spec_table@1,nissan/juke,,https://en.nissan.com.eg/vehicles/new/juke/specifications.html,"Mon, 28 Sep 2026 13:40:30 GMT",2f0b6baeddf0a83eb4038dee0b0f5aba3088ee2ff3914916119e41438355144b,juke,,,,ground_clearance_mm,172,172.0,mm,,"spec table ""Ground Clearance (mm)""",HIGH,table shows ONE grade; grade-scoped unless confirmed model-wide
nissan_eg_web,1,nissan_spec_table@1,nissan/patrol,,https://en.nissan.com.eg/vehicles/new/allnewpatrol/specifications.html,"Mon, 28 Sep 2026 13:40:31 GMT",4690b1b98c225587cc378c90cf29caa57073d79844acf637c1912ead069e3ddb,allnewpatrol,,,,fuel_type,Petrol,,,,"spec table ""Fuel Type""",HIGH,table shows ONE grade; grade-scoped unless confirmed model-wide
nissan_eg_web,1,nissan_spec_table@1,nissan/patrol,,https://en.nissan.com.eg/vehicles/new/allnewpatrol/specifications.html,"Mon, 28 Sep 2026 13:40:31 GMT",4690b1b98c225587cc378c90cf29caa57073d79844acf637c1912ead069e3ddb,allnewpatrol,,,,drive,4WD,,,,"spec table ""Wheels Driven""",HIGH,table shows ONE grade; grade-scoped unless confirmed model-wide
nissan_eg_web,1,nissan_spec_table@1,nissan/patrol,,https://en.nissan.com.eg/vehicles/new/allnewpatrol/specifications.html,"Mon, 28 Sep 2026 13:40:31 GMT",4690b1b98c225587cc378c90cf29caa57073d79844acf637c1912ead069e3ddb,allnewpatrol,,,,fuel_tank_l,97,97.0,l,,"spec table ""Fuel Capacity (litres)""",HIGH,table shows ONE grade; grade-scoped unless confirmed model-wide
nissan_eg_web,1,nissan_spec_table@1,nissan/patrol,,https://en.nissan.com.eg/vehicles/new/allnewpatrol/specifications.html,"Mon, 28 Sep 2026 13:40:31 GMT",4690b1b98c225587cc378c90cf29caa57073d79844acf637c1912ead069e3ddb,allnewpatrol,,,,wheelbase_mm,3075,3075.0,mm,,"spec table ""Wheelbase (mm)""",HIGH,table shows ONE grade; grade-scoped unless confirmed model-wide
mg_eg_web,1,mg_model_page@1,mg/5,,https://www.mgmotor.com.eg/model/mg5/,"Tue, 29 Sep 2026 06:19:56 GMT",a38813bdafcdead25001ec11cbb62dbbefbcfc80918fd093edaaf0f900ca2de8,mg5,Classic,Classic,,engine,1.5L,,,,"Specs & Options / Power & Performance / ""Engine"" / column ""Classic""",HIGH,
mg_eg_web,1,mg_model_page@1,mg/5,,https://www.mgmotor.com.eg/model/mg5/,"Tue, 29 Sep 2026 06:19:56 GMT",a38813bdafcdead25001ec11cbb62dbbefbcfc80918fd093edaaf0f900ca2de8,mg5,Comfort,Comfort,,engine,1.5L,,,,"Specs & Options / Power & Performance / ""Engine"" / column ""Comfort""",HIGH,
mg_eg_web,1,mg_model_page@1,mg/5,,https://www.mgmotor.com.eg/model/mg5/,"Tue, 29 Sep 2026 06:19:56 GMT",a38813bdafcdead25001ec11cbb62dbbefbcfc80918fd093edaaf0f900ca2de8,mg5,Luxury,Luxury,,engine,1.5L,,,,"Specs & Options / Power & Performance / ""Engine"" / column ""Luxury""",HIGH,
mg_eg_web,1,mg_model_page@1,mg/5,,https://www.mgmotor.com.eg/model/mg5/,"Tue, 29 Sep 2026 06:19:56 GMT",a38813bdafcdead25001ec11cbb62dbbefbcfc80918fd093edaaf0f900ca2de8,mg5,Classic,Classic,,power_hp,120 @ 6000,120.0,hp,,"Specs & Options / Power & Performance / ""Max Power (hp)"" / column ""Classic""",HIGH,
mg_eg_web,1,mg_model_page@1,mg/5,,https://www.mgmotor.com.eg/model/mg5/,"Tue, 29 Sep 2026 06:19:56 GMT",a38813bdafcdead25001ec11cbb62dbbefbcfc80918fd093edaaf0f900ca2de8,mg5,Comfort,Comfort,,power_hp,120 @ 6000,120.0,hp,,"Specs & Options / Power & Performance / ""Max Power (hp)"" / column ""Comfort""",HIGH,
mg_eg_web,1,mg_model_page@1,mg/5,,https://www.mgmotor.com.eg/model/mg5/,"Tue, 29 Sep 2026 06:19:56 GMT",a38813bdafcdead25001ec11cbb62dbbefbcfc80918fd093edaaf0f900ca2de8,mg5,Luxury,Luxury,,power_hp,120 @ 6000,120.0,hp,,"Specs & Options / Power & Performance / ""Max Power (hp)"" / column ""Luxury""",HIGH,
mg_eg_web,1,mg_model_page@1,mg/5,,https://www.mgmotor.com.eg/model/mg5/,"Tue, 29 Sep 2026 06:19:56 GMT",a38813bdafcdead25001ec11cbb62dbbefbcfc80918fd093edaaf0f900ca2de8,mg5,Classic,Classic,,torque_nm,150 @ 4500,150.0,Nm,,"Specs & Options / Power & Performance / ""Max Torque (N.m)"" / column ""Classic""",HIGH,
mg_eg_web,1,mg_model_page@1,mg/5,,https://www.mgmotor.com.eg/model/mg5/,"Tue, 29 Sep 2026 06:19:56 GMT",a38813bdafcdead25001ec11cbb62dbbefbcfc80918fd093edaaf0f900ca2de8,mg5,Comfort,Comfort,,torque_nm,150 @ 4500,150.0,Nm,,"Specs & Options / Power & Performance / ""Max Torque (N.m)"" / column ""Comfort""",HIGH,
mg_eg_web,1,mg_model_page@1,mg/5,,https://www.mgmotor.com.eg/model/mg5/,"Tue, 29 Sep 2026 06:19:56 GMT",a38813bdafcdead25001ec11cbb62dbbefbcfc80918fd093edaaf0f900ca2de8,mg5,Luxury,Luxury,,torque_nm,150 @ 4500,150.0,Nm,,"Specs & Options / Power & Performance / ""Max Torque (N.m)"" / column ""Luxury""",HIGH,
mg_eg_web,1,mg_model_page@1,mg/5,,https://www.mgmotor.com.eg/model/mg5/,"Tue, 29 Sep 2026 06:19:56 GMT",a38813bdafcdead25001ec11cbb62dbbefbcfc80918fd093edaaf0f900ca2de8,mg5,Classic,Classic,,transmission,CVT,,,,"Specs & Options / Power & Performance / ""Transmission"" / column ""Classic""",HIGH,
mg_eg_web,1,mg_model_page@1,mg/5,,https://www.mgmotor.com.eg/model/mg5/,"Tue, 29 Sep 2026 06:19:56 GMT",a38813bdafcdead25001ec11cbb62dbbefbcfc80918fd093edaaf0f900ca2de8,mg5,Comfort,Comfort,,transmission,CVT,,,,"Specs & Options / Power & Performance / ""Transmission"" / column ""Comfort""",HIGH,
mg_eg_web,1,mg_model_page@1,mg/5,,https://www.mgmotor.com.eg/model/mg5/,"Tue, 29 Sep 2026 06:19:56 GMT",a38813bdafcdead25001ec11cbb62dbbefbcfc80918fd093edaaf0f900ca2de8,mg5,Luxury,Luxury,,transmission,CVT,,,,"Specs & Options / Power & Performance / ""Transmission"" / column ""Luxury""",HIGH,
mg_eg_web,1,mg_model_page@1,mg/5,,https://www.mgmotor.com.eg/model/mg5/,"Tue, 29 Sep 2026 06:19:56 GMT",a38813bdafcdead25001ec11cbb62dbbefbcfc80918fd093edaaf0f900ca2de8,mg5,Classic,Classic,,airbags,2,2.0,count,,"Specs & Options / Safety / ""Airbags"" / column ""Classic""",HIGH,
mg_eg_web,1,mg_model_page@1,mg/5,,https://www.mgmotor.com.eg/model/mg5/,"Tue, 29 Sep 2026 06:19:56 GMT",a38813bdafcdead25001ec11cbb62dbbefbcfc80918fd093edaaf0f900ca2de8,mg5,Comfort,Comfort,,airbags,2,2.0,count,,"Specs & Options / Safety / ""Airbags"" / column ""Comfort""",HIGH,
mg_eg_web,1,mg_model_page@1,mg/5,,https://www.mgmotor.com.eg/model/mg5/,"Tue, 29 Sep 2026 06:19:56 GMT",a38813bdafcdead25001ec11cbb62dbbefbcfc80918fd093edaaf0f900ca2de8,mg5,Luxury,Luxury,,airbags,6,6.0,count,,"Specs & Options / Safety / ""Airbags"" / column ""Luxury""",HIGH,
mg_eg_web,1,mg_model_page@1,mg/5,,https://www.mgmotor.com.eg/model/mg5/,"Tue, 29 Sep 2026 06:19:56 GMT",a38813bdafcdead25001ec11cbb62dbbefbcfc80918fd093edaaf0f900ca2de8,mg5,Luxury,Luxury,,length_mm,4601,4601.0,mm,,"Compare / MG5 - Luxury / ""Length/Width/Height (mm)""",HIGH,
mg_eg_web,1,mg_model_page@1,mg/5,,https://www.mgmotor.com.eg/model/mg5/,"Tue, 29 Sep 2026 06:19:56 GMT",a38813bdafcdead25001ec11cbb62dbbefbcfc80918fd093edaaf0f900ca2de8,mg5,Luxury,Luxury,,width_mm,1818,1818.0,mm,,"Compare / MG5 - Luxury / ""Length/Width/Height (mm)""",HIGH,
mg_eg_web,1,mg_model_page@1,mg/5,,https://www.mgmotor.com.eg/model/mg5/,"Tue, 29 Sep 2026 06:19:56 GMT",a38813bdafcdead25001ec11cbb62dbbefbcfc80918fd093edaaf0f900ca2de8,mg5,Luxury,Luxury,,height_mm,1489,1489.0,mm,,"Compare / MG5 - Luxury / ""Length/Width/Height (mm)""",HIGH,
mg_eg_web,1,mg_model_page@1,mg/5,,https://www.mgmotor.com.eg/model/mg5/,"Tue, 29 Sep 2026 06:19:56 GMT",a38813bdafcdead25001ec11cbb62dbbefbcfc80918fd093edaaf0f900ca2de8,mg5,Luxury,Luxury,,wheelbase_mm,2680,2680.0,mm,,"Compare / MG5 - Luxury / ""Wheelbase (mm)""",HIGH,
mg_eg_web,1,mg_model_page@1,mg/5,,https://www.mgmotor.com.eg/model/mg5/,"Tue, 29 Sep 2026 06:19:56 GMT",a38813bdafcdead25001ec11cbb62dbbefbcfc80918fd093edaaf0f900ca2de8,mg5,Luxury,Luxury,,kerb_weight_kg,1230,1230.0,kg,,"Compare / MG5 - Luxury / ""Kerb weight (kg)""",HIGH,
mg_eg_web,1,mg_model_page@1,mg/5,,https://www.mgmotor.com.eg/model/mg5/,"Tue, 29 Sep 2026 06:19:56 GMT",a38813bdafcdead25001ec11cbb62dbbefbcfc80918fd093edaaf0f900ca2de8,mg5,Luxury,Luxury,,fuel_tank_l,45,45.0,l,,"Compare / MG5 - Luxury / ""Fuel tank capacity(L)""",HIGH,
mg_eg_web,1,mg_model_page@1,mg/7,,https://www.mgmotor.com.eg/model/mg7/,"Tue, 29 Sep 2026 06:19:59 GMT",55b9bb964aa0098a496985014a2b6a2e0e857a4b42c7be6679c44962ce7c1778,mg7,Luxury,Luxury,,engine,1.5L Turbo,,,,"Specs & Options / Power & Performance / ""Engine"" / column ""Luxury""",HIGH,
mg_eg_web,1,mg_model_page@1,mg/7,,https://www.mgmotor.com.eg/model/mg7/,"Tue, 29 Sep 2026 06:19:59 GMT",55b9bb964aa0098a496985014a2b6a2e0e857a4b42c7be6679c44962ce7c1778,mg7,Trophy,Trophy,,engine,1.5L Turbo,,,,"Specs & Options / Power & Performance / ""Engine"" / column ""Trophy""",HIGH,
mg_eg_web,1,mg_model_page@1,mg/7,,https://www.mgmotor.com.eg/model/mg7/,"Tue, 29 Sep 2026 06:19:59 GMT",55b9bb964aa0098a496985014a2b6a2e0e857a4b42c7be6679c44962ce7c1778,mg7,Luxury,Luxury,,power_hp,185,185.0,hp,,"Specs & Options / Power & Performance / ""Max Power (hp)"" / column ""Luxury""",HIGH,
mg_eg_web,1,mg_model_page@1,mg/7,,https://www.mgmotor.com.eg/model/mg7/,"Tue, 29 Sep 2026 06:19:59 GMT",55b9bb964aa0098a496985014a2b6a2e0e857a4b42c7be6679c44962ce7c1778,mg7,Trophy,Trophy,,power_hp,185,185.0,hp,,"Specs & Options / Power & Performance / ""Max Power (hp)"" / column ""Trophy""",HIGH,
mg_eg_web,1,mg_model_page@1,mg/7,,https://www.mgmotor.com.eg/model/mg7/,"Tue, 29 Sep 2026 06:19:59 GMT",55b9bb964aa0098a496985014a2b6a2e0e857a4b42c7be6679c44962ce7c1778,mg7,Luxury,Luxury,,torque_nm,300,300.0,Nm,,"Specs & Options / Power & Performance / ""Max Torque (N.m)"" / column ""Luxury""",HIGH,
mg_eg_web,1,mg_model_page@1,mg/7,,https://www.mgmotor.com.eg/model/mg7/,"Tue, 29 Sep 2026 06:19:59 GMT",55b9bb964aa0098a496985014a2b6a2e0e857a4b42c7be6679c44962ce7c1778,mg7,Trophy,Trophy,,torque_nm,300 @ 1500-4000,300.0,Nm,,"Specs & Options / Power & Performance / ""Max Torque (N.m)"" / column ""Trophy""",HIGH,
mg_eg_web,1,mg_model_page@1,mg/7,,https://www.mgmotor.com.eg/model/mg7/,"Tue, 29 Sep 2026 06:19:59 GMT",55b9bb964aa0098a496985014a2b6a2e0e857a4b42c7be6679c44962ce7c1778,mg7,Luxury,Luxury,,transmission,7 Speed Wet Dual Clutch,,,,"Specs & Options / Power & Performance / ""Transmission"" / column ""Luxury""",HIGH,
mg_eg_web,1,mg_model_page@1,mg/7,,https://www.mgmotor.com.eg/model/mg7/,"Tue, 29 Sep 2026 06:19:59 GMT",55b9bb964aa0098a496985014a2b6a2e0e857a4b42c7be6679c44962ce7c1778,mg7,Trophy,Trophy,,transmission,7 Speed Wet Dual Clutch,,,,"Specs & Options / Power & Performance / ""Transmission"" / column ""Trophy""",HIGH,
mg_eg_web,1,mg_model_page@1,mg/7,,https://www.mgmotor.com.eg/model/mg7/,"Tue, 29 Sep 2026 06:19:59 GMT",55b9bb964aa0098a496985014a2b6a2e0e857a4b42c7be6679c44962ce7c1778,mg7,Luxury,Luxury,,airbags,4,4.0,count,,"Specs & Options / Safety / ""Airbags"" / column ""Luxury""",HIGH,
mg_eg_web,1,mg_model_page@1,mg/7,,https://www.mgmotor.com.eg/model/mg7/,"Tue, 29 Sep 2026 06:19:59 GMT",55b9bb964aa0098a496985014a2b6a2e0e857a4b42c7be6679c44962ce7c1778,mg7,Trophy,Trophy,,airbags,6,6.0,count,,"Specs & Options / Safety / ""Airbags"" / column ""Trophy""",HIGH,
mg_eg_web,1,mg_model_page@1,mg/7,,https://www.mgmotor.com.eg/model/mg7/,"Tue, 29 Sep 2026 06:19:59 GMT",55b9bb964aa0098a496985014a2b6a2e0e857a4b42c7be6679c44962ce7c1778,mg7,Luxury,Luxury,,wheelbase_mm,2778,2778.0,mm,,"Compare / MG7 - Luxury / ""Wheelbase (mm)""",HIGH,
mg_eg_web,1,mg_model_page@1,mg/7,,https://www.mgmotor.com.eg/model/mg7/,"Tue, 29 Sep 2026 06:19:59 GMT",55b9bb964aa0098a496985014a2b6a2e0e857a4b42c7be6679c44962ce7c1778,mg7,Luxury,Luxury,,kerb_weight_kg,1570,1570.0,kg,,"Compare / MG7 - Luxury / ""Kerb weight (kg)""",HIGH,
mg_eg_web,1,mg_model_page@1,mg/7,,https://www.mgmotor.com.eg/model/mg7/,"Tue, 29 Sep 2026 06:19:59 GMT",55b9bb964aa0098a496985014a2b6a2e0e857a4b42c7be6679c44962ce7c1778,mg7,Luxury,Luxury,,fuel_tank_l,65,65.0,l,,"Compare / MG7 - Luxury / ""Fuel tank capacity(L)""",HIGH,
mg_eg_web,1,mg_model_page@1,mg/gt,,https://www.mgmotor.com.eg/model/mg-gt/,"Tue, 29 Sep 2026 06:20:02 GMT",8a8306d0d126889677cc2ae25157fc228b5fc95d305aeb2662c7eedd1f7b4114,mg-gt,Comfort,Comfort,,engine,1.5L Turbo,,,,"Specs & Options / Power & Performance / ""Engine"" / column ""Comfort""",HIGH,
mg_eg_web,1,mg_model_page@1,mg/gt,,https://www.mgmotor.com.eg/model/mg-gt/,"Tue, 29 Sep 2026 06:20:02 GMT",8a8306d0d126889677cc2ae25157fc228b5fc95d305aeb2662c7eedd1f7b4114,mg-gt,Luxury,Luxury,,engine,1.5L Turbo,,,,"Specs & Options / Power & Performance / ""Engine"" / column ""Luxury""",HIGH,
mg_eg_web,1,mg_model_page@1,mg/gt,,https://www.mgmotor.com.eg/model/mg-gt/,"Tue, 29 Sep 2026 06:20:02 GMT",8a8306d0d126889677cc2ae25157fc228b5fc95d305aeb2662c7eedd1f7b4114,mg-gt,Comfort,Comfort,,power_hp,170,170.0,hp,,"Specs & Options / Power & Performance / ""Max Power (hp)"" / column ""Comfort""",HIGH,
mg_eg_web,1,mg_model_page@1,mg/gt,,https://www.mgmotor.com.eg/model/mg-gt/,"Tue, 29 Sep 2026 06:20:02 GMT",8a8306d0d126889677cc2ae25157fc228b5fc95d305aeb2662c7eedd1f7b4114,mg-gt,Luxury,Luxury,,power_hp,170,170.0,hp,,"Specs & Options / Power & Performance / ""Max Power (hp)"" / column ""Luxury""",HIGH,
mg_eg_web,1,mg_model_page@1,mg/gt,,https://www.mgmotor.com.eg/model/mg-gt/,"Tue, 29 Sep 2026 06:20:02 GMT",8a8306d0d126889677cc2ae25157fc228b5fc95d305aeb2662c7eedd1f7b4114,mg-gt,Comfort,Comfort,,torque_nm,275,275.0,Nm,,"Specs & Options / Power & Performance / ""Max Torque (N.m)"" / column ""Comfort""",HIGH,
mg_eg_web,1,mg_model_page@1,mg/gt,,https://www.mgmotor.com.eg/model/mg-gt/,"Tue, 29 Sep 2026 06:20:02 GMT",8a8306d0d126889677cc2ae25157fc228b5fc95d305aeb2662c7eedd1f7b4114,mg-gt,Luxury,Luxury,,torque_nm,275,275.0,Nm,,"Specs & Options / Power & Performance / ""Max Torque (N.m)"" / column ""Luxury""",HIGH,
mg_eg_web,1,mg_model_page@1,mg/gt,,https://www.mgmotor.com.eg/model/mg-gt/,"Tue, 29 Sep 2026 06:20:02 GMT",8a8306d0d126889677cc2ae25157fc228b5fc95d305aeb2662c7eedd1f7b4114,mg-gt,Comfort,Comfort,,transmission,7WDCT,,,,"Specs & Options / Power & Performance / ""Transmission"" / column ""Comfort""",HIGH,
mg_eg_web,1,mg_model_page@1,mg/gt,,https://www.mgmotor.com.eg/model/mg-gt/,"Tue, 29 Sep 2026 06:20:02 GMT",8a8306d0d126889677cc2ae25157fc228b5fc95d305aeb2662c7eedd1f7b4114,mg-gt,Luxury,Luxury,,transmission,7WDCT,,,,"Specs & Options / Power & Performance / ""Transmission"" / column ""Luxury""",HIGH,
mg_eg_web,1,mg_model_page@1,mg/gt,,https://www.mgmotor.com.eg/model/mg-gt/,"Tue, 29 Sep 2026 06:20:02 GMT",8a8306d0d126889677cc2ae25157fc228b5fc95d305aeb2662c7eedd1f7b4114,mg-gt,Luxury,Luxury,,wheelbase_mm,2680,2680.0,mm,,"Compare / MG GT - Luxury / ""Wheelbase (mm)""",HIGH,
mg_eg_web,1,mg_model_page@1,mg/gt,,https://www.mgmotor.com.eg/model/mg-gt/,"Tue, 29 Sep 2026 06:20:02 GMT",8a8306d0d126889677cc2ae25157fc228b5fc95d305aeb2662c7eedd1f7b4114,mg-gt,Luxury,Luxury,,fuel_tank_l,50,50.0,l,,"Compare / MG GT - Luxury / ""Fuel tank capacity(L)""",HIGH,
mg_eg_web,1,mg_model_page@1,mg/one,,https://www.mgmotor.com.eg/model/mg-one/,"Tue, 29 Sep 2026 06:20:04 GMT",b11c2cba7dd9c09d80d22a4dc291d54ba86aff286d7236e2afe928928703a27e,mg-one,Luxury,Luxury,,engine,1.5L Turbo,,,,"Specs & Options / Power & Performance / ""Engine"" / column ""Luxury""",HIGH,
mg_eg_web,1,mg_model_page@1,mg/one,,https://www.mgmotor.com.eg/model/mg-one/,"Tue, 29 Sep 2026 06:20:04 GMT",b11c2cba7dd9c09d80d22a4dc291d54ba86aff286d7236e2afe928928703a27e,mg-one,Standard,Standard,,engine,1.5L Turbo,,,,"Specs & Options / Power & Performance / ""Engine"" / column ""Standard""",HIGH,
mg_eg_web,1,mg_model_page@1,mg/one,,https://www.mgmotor.com.eg/model/mg-one/,"Tue, 29 Sep 2026 06:20:04 GMT",b11c2cba7dd9c09d80d22a4dc291d54ba86aff286d7236e2afe928928703a27e,mg-one,Luxury,Luxury,,power_hp,181,181.0,hp,,"Specs & Options / Power & Performance / ""Max Power (hp)"" / column ""Luxury""",HIGH,
mg_eg_web,1,mg_model_page@1,mg/one,,https://www.mgmotor.com.eg/model/mg-one/,"Tue, 29 Sep 2026 06:20:04 GMT",b11c2cba7dd9c09d80d22a4dc291d54ba86aff286d7236e2afe928928703a27e,mg-one,Standard,Standard,,power_hp,181,181.0,hp,,"Specs & Options / Power & Performance / ""Max Power (hp)"" / column ""Standard""",HIGH,
mg_eg_web,1,mg_model_page@1,mg/one,,https://www.mgmotor.com.eg/model/mg-one/,"Tue, 29 Sep 2026 06:20:04 GMT",b11c2cba7dd9c09d80d22a4dc291d54ba86aff286d7236e2afe928928703a27e,mg-one,Luxury,Luxury,,torque_nm,285 @ 1500-4000,285.0,Nm,,"Specs & Options / Power & Performance / ""Max Torque (N.m)"" / column ""Luxury""",HIGH,
mg_eg_web,1,mg_model_page@1,mg/one,,https://www.mgmotor.com.eg/model/mg-one/,"Tue, 29 Sep 2026 06:20:04 GMT",b11c2cba7dd9c09d80d22a4dc291d54ba86aff286d7236e2afe928928703a27e,mg-one,Standard,Standard,,torque_nm,285 @ 1500-4000,285.0,Nm,,"Specs & Options / Power & Performance / ""Max Torque (N.m)"" / column ""Standard""",HIGH,
mg_eg_web,1,mg_model_page@1,mg/one,,https://www.mgmotor.com.eg/model/mg-one/,"Tue, 29 Sep 2026 06:20:04 GMT",b11c2cba7dd9c09d80d22a4dc291d54ba86aff286d7236e2afe928928703a27e,mg-one,Luxury,Luxury,,transmission,CVT,,,,"Specs & Options / Power & Performance / ""Transmission"" / column ""Luxury""",HIGH,
mg_eg_web,1,mg_model_page@1,mg/one,,https://www.mgmotor.com.eg/model/mg-one/,"Tue, 29 Sep 2026 06:20:04 GMT",b11c2cba7dd9c09d80d22a4dc291d54ba86aff286d7236e2afe928928703a27e,mg-one,Standard,Standard,,transmission,CVT,,,,"Specs & Options / Power & Performance / ""Transmission"" / column ""Standard""",HIGH,
mg_eg_web,1,mg_model_page@1,mg/one,,https://www.mgmotor.com.eg/model/mg-one/,"Tue, 29 Sep 2026 06:20:04 GMT",b11c2cba7dd9c09d80d22a4dc291d54ba86aff286d7236e2afe928928703a27e,mg-one,Luxury,Luxury,,airbags,2,2.0,count,,"Specs & Options / Safety / ""Airbags"" / column ""Luxury""",HIGH,
mg_eg_web,1,mg_model_page@1,mg/one,,https://www.mgmotor.com.eg/model/mg-one/,"Tue, 29 Sep 2026 06:20:04 GMT",b11c2cba7dd9c09d80d22a4dc291d54ba86aff286d7236e2afe928928703a27e,mg-one,Standard,Standard,,airbags,2,2.0,count,,"Specs & Options / Safety / ""Airbags"" / column ""Standard""",HIGH,
mg_eg_web,1,mg_model_page@1,mg/one,,https://www.mgmotor.com.eg/model/mg-one/,"Tue, 29 Sep 2026 06:20:04 GMT",b11c2cba7dd9c09d80d22a4dc291d54ba86aff286d7236e2afe928928703a27e,mg-one,Standard,Standard,,wheelbase_mm,2670,2670.0,mm,,"Compare / MG One - Standard / ""Wheelbase (mm)""",HIGH,
mg_eg_web,1,mg_model_page@1,mg/one,,https://www.mgmotor.com.eg/model/mg-one/,"Tue, 29 Sep 2026 06:20:04 GMT",b11c2cba7dd9c09d80d22a4dc291d54ba86aff286d7236e2afe928928703a27e,mg-one,Standard,Standard,,kerb_weight_kg,1515,1515.0,kg,,"Compare / MG One - Standard / ""Kerb weight (kg)""",HIGH,
mg_eg_web,1,mg_model_page@1,mg/one,,https://www.mgmotor.com.eg/model/mg-one/,"Tue, 29 Sep 2026 06:20:04 GMT",b11c2cba7dd9c09d80d22a4dc291d54ba86aff286d7236e2afe928928703a27e,mg-one,Standard,Standard,,fuel_tank_l,55,55.0,l,,"Compare / MG One - Standard / ""Fuel tank capacity(L)""",HIGH,
mg_eg_web,1,mg_model_page@1,mg/one,,https://www.mgmotor.com.eg/model/mg-one/,"Tue, 29 Sep 2026 06:20:04 GMT",b11c2cba7dd9c09d80d22a4dc291d54ba86aff286d7236e2afe928928703a27e,mg-one,Luxury,Luxury,,price_official_egp,"1,380,000 EGP",1380000.0,EGP,,"Pricing & Finance widget / ""Car Price""",MEDIUM,price shown by the official finance calculator for this Type; no separate price list on the site
mg_eg_web,1,mg_model_page@1,mg/zs,,https://www.mgmotor.com.eg/model/zs/,"Tue, 29 Sep 2026 06:20:07 GMT",5f410a0cc8d9bbfdd8d47d5c77fbaaefe57ea701e9d9dfd914ecbae896577aef,zs,Comfort,Comfort,,engine,1.5L,,,,"Specs & Options / Power & Performance / ""Engine"" / column ""Comfort""",HIGH,
mg_eg_web,1,mg_model_page@1,mg/zs,,https://www.mgmotor.com.eg/model/zs/,"Tue, 29 Sep 2026 06:20:07 GMT",5f410a0cc8d9bbfdd8d47d5c77fbaaefe57ea701e9d9dfd914ecbae896577aef,zs,Luxury,Luxury,,engine,1.5L,,,,"Specs & Options / Power & Performance / ""Engine"" / column ""Luxury""",HIGH,
mg_eg_web,1,mg_model_page@1,mg/zs,,https://www.mgmotor.com.eg/model/zs/,"Tue, 29 Sep 2026 06:20:07 GMT",5f410a0cc8d9bbfdd8d47d5c77fbaaefe57ea701e9d9dfd914ecbae896577aef,zs,Comfort,Comfort,,power_hp,119 @ 5600,119.0,hp,,"Specs & Options / Power & Performance / ""Max Power (hp)"" / column ""Comfort""",HIGH,
mg_eg_web,1,mg_model_page@1,mg/zs,,https://www.mgmotor.com.eg/model/zs/,"Tue, 29 Sep 2026 06:20:07 GMT",5f410a0cc8d9bbfdd8d47d5c77fbaaefe57ea701e9d9dfd914ecbae896577aef,zs,Luxury,Luxury,,power_hp,119 @ 5600,119.0,hp,,"Specs & Options / Power & Performance / ""Max Power (hp)"" / column ""Luxury""",HIGH,
mg_eg_web,1,mg_model_page@1,mg/zs,,https://www.mgmotor.com.eg/model/zs/,"Tue, 29 Sep 2026 06:20:07 GMT",5f410a0cc8d9bbfdd8d47d5c77fbaaefe57ea701e9d9dfd914ecbae896577aef,zs,Comfort,Comfort,,torque_nm,150,150.0,Nm,,"Specs & Options / Power & Performance / ""Max Torque (N.m)"" / column ""Comfort""",HIGH,
mg_eg_web,1,mg_model_page@1,mg/zs,,https://www.mgmotor.com.eg/model/zs/,"Tue, 29 Sep 2026 06:20:07 GMT",5f410a0cc8d9bbfdd8d47d5c77fbaaefe57ea701e9d9dfd914ecbae896577aef,zs,Luxury,Luxury,,torque_nm,150,150.0,Nm,,"Specs & Options / Power & Performance / ""Max Torque (N.m)"" / column ""Luxury""",HIGH,
mg_eg_web,1,mg_model_page@1,mg/zs,,https://www.mgmotor.com.eg/model/zs/,"Tue, 29 Sep 2026 06:20:07 GMT",5f410a0cc8d9bbfdd8d47d5c77fbaaefe57ea701e9d9dfd914ecbae896577aef,zs,Comfort,Comfort,,transmission,4 Speed Automatic,,,,"Specs & Options / Power & Performance / ""Transmission"" / column ""Comfort""",HIGH,
mg_eg_web,1,mg_model_page@1,mg/zs,,https://www.mgmotor.com.eg/model/zs/,"Tue, 29 Sep 2026 06:20:07 GMT",5f410a0cc8d9bbfdd8d47d5c77fbaaefe57ea701e9d9dfd914ecbae896577aef,zs,Luxury,Luxury,,transmission,4 Speed Automatic,,,,"Specs & Options / Power & Performance / ""Transmission"" / column ""Luxury""",HIGH,
mg_eg_web,1,mg_model_page@1,mg/zs,,https://www.mgmotor.com.eg/model/zs/,"Tue, 29 Sep 2026 06:20:07 GMT",5f410a0cc8d9bbfdd8d47d5c77fbaaefe57ea701e9d9dfd914ecbae896577aef,zs,Comfort,Comfort,,airbags,4,4.0,count,,"Specs & Options / Safety / ""Airbags"" / column ""Comfort""",HIGH,
mg_eg_web,1,mg_model_page@1,mg/zs,,https://www.mgmotor.com.eg/model/zs/,"Tue, 29 Sep 2026 06:20:07 GMT",5f410a0cc8d9bbfdd8d47d5c77fbaaefe57ea701e9d9dfd914ecbae896577aef,zs,Luxury,Luxury,,airbags,4,4.0,count,,"Specs & Options / Safety / ""Airbags"" / column ""Luxury""",HIGH,
mg_eg_web,1,mg_model_page@1,mg/zs,,https://www.mgmotor.com.eg/model/zs/,"Tue, 29 Sep 2026 06:20:07 GMT",5f410a0cc8d9bbfdd8d47d5c77fbaaefe57ea701e9d9dfd914ecbae896577aef,zs,Comfort,Comfort,,wheelbase_mm,2585,2585.0,mm,,"Compare / ZS - Comfort / ""Wheelbase (mm)""",HIGH,
mg_eg_web,1,mg_model_page@1,mg/zs,,https://www.mgmotor.com.eg/model/zs/,"Tue, 29 Sep 2026 06:20:07 GMT",5f410a0cc8d9bbfdd8d47d5c77fbaaefe57ea701e9d9dfd914ecbae896577aef,zs,Comfort,Comfort,,kerb_weight_kg,1258,1258.0,kg,,"Compare / ZS - Comfort / ""Kerb weight (kg)""",HIGH,
mg_eg_web,1,mg_model_page@1,mg/zs,,https://www.mgmotor.com.eg/model/zs/,"Tue, 29 Sep 2026 06:20:07 GMT",5f410a0cc8d9bbfdd8d47d5c77fbaaefe57ea701e9d9dfd914ecbae896577aef,zs,Comfort,Comfort,,fuel_tank_l,48,48.0,l,,"Compare / ZS - Comfort / ""Fuel tank capacity(L)""",HIGH,
mg_eg_web,1,mg_model_page@1,mg/zs,,https://www.mgmotor.com.eg/model/new-zs/,"Tue, 29 Sep 2026 06:20:10 GMT",763e1811e6894c524e095911758a3ac035da30b1283ad8249a5a784d03617ac9,new-zs,Luxury,Luxury,,engine,1.5L,,,,"Specs & Options / Power & Performance / ""Engine"" / column ""Luxury""",HIGH,page variant: New ZS
mg_eg_web,1,mg_model_page@1,mg/zs,,https://www.mgmotor.com.eg/model/new-zs/,"Tue, 29 Sep 2026 06:20:10 GMT",763e1811e6894c524e095911758a3ac035da30b1283ad8249a5a784d03617ac9,new-zs,Luxury,Luxury,,power_hp,120 @ 6000,120.0,hp,,"Specs & Options / Power & Performance / ""Max Power (hp)"" / column ""Luxury""",HIGH,page variant: New ZS
mg_eg_web,1,mg_model_page@1,mg/zs,,https://www.mgmotor.com.eg/model/new-zs/,"Tue, 29 Sep 2026 06:20:10 GMT",763e1811e6894c524e095911758a3ac035da30b1283ad8249a5a784d03617ac9,new-zs,Luxury,Luxury,,torque_nm,150,150.0,Nm,,"Specs & Options / Power & Performance / ""Max Torque (N.m)"" / column ""Luxury""",HIGH,page variant: New ZS
mg_eg_web,1,mg_model_page@1,mg/zs,,https://www.mgmotor.com.eg/model/new-zs/,"Tue, 29 Sep 2026 06:20:10 GMT",763e1811e6894c524e095911758a3ac035da30b1283ad8249a5a784d03617ac9,new-zs,Luxury,Luxury,,transmission,CVT,,,,"Specs & Options / Power & Performance / ""Transmission"" / column ""Luxury""",HIGH,page variant: New ZS
mg_eg_web,1,mg_model_page@1,mg/zs,,https://www.mgmotor.com.eg/model/new-zs/,"Tue, 29 Sep 2026 06:20:10 GMT",763e1811e6894c524e095911758a3ac035da30b1283ad8249a5a784d03617ac9,new-zs,Luxury,Luxury,,airbags,4,4.0,count,,"Specs & Options / Safety / ""Airbags"" / column ""Luxury""",HIGH,page variant: New ZS
mg_eg_web,1,mg_model_page@1,mg/zs,,https://www.mgmotor.com.eg/model/new-zs/,"Tue, 29 Sep 2026 06:20:10 GMT",763e1811e6894c524e095911758a3ac035da30b1283ad8249a5a784d03617ac9,new-zs,Luxury,Luxury,,wheelbase_mm,2585,2585.0,mm,,"Compare / New ZS - Luxury / ""Wheelbase (mm)""",HIGH,page variant: New ZS
mg_eg_web,1,mg_model_page@1,mg/zs,,https://www.mgmotor.com.eg/model/new-zs/,"Tue, 29 Sep 2026 06:20:10 GMT",763e1811e6894c524e095911758a3ac035da30b1283ad8249a5a784d03617ac9,new-zs,Luxury,Luxury,,kerb_weight_kg,1318,1318.0,kg,,"Compare / New ZS - Luxury / ""Kerb weight (kg)""",HIGH,page variant: New ZS
mg_eg_web,1,mg_model_page@1,mg/zs,,https://www.mgmotor.com.eg/model/new-zs/,"Tue, 29 Sep 2026 06:20:10 GMT",763e1811e6894c524e095911758a3ac035da30b1283ad8249a5a784d03617ac9,new-zs,Luxury,Luxury,,fuel_tank_l,45,45.0,l,,"Compare / New ZS - Luxury / ""Fuel tank capacity(L)""",HIGH,page variant: New ZS
mg_eg_web,1,mg_model_page@1,mg/hs,m_000020,https://www.mgmotor.com.eg/model/new-hs/,"Tue, 29 Sep 2026 06:20:15 GMT",1f635cbc376f6373ea6892de59165f8231dc8b64ca5045e73251065f06a756ce,new-hs,Hybrid,Hybrid,,engine,1.5L Turbo,,,,"Specs & Options / Power & Performance / ""Engine"" / column ""Hybrid""",HIGH,page variant: New HS
mg_eg_web,1,mg_model_page@1,mg/hs,m_000020,https://www.mgmotor.com.eg/model/new-hs/,"Tue, 29 Sep 2026 06:20:15 GMT",1f635cbc376f6373ea6892de59165f8231dc8b64ca5045e73251065f06a756ce,new-hs,Luxury,Luxury,,engine,1.5L Turbo,,,,"Specs & Options / Power & Performance / ""Engine"" / column ""Luxury""",HIGH,page variant: New HS
mg_eg_web,1,mg_model_page@1,mg/hs,m_000020,https://www.mgmotor.com.eg/model/new-hs/,"Tue, 29 Sep 2026 06:20:15 GMT",1f635cbc376f6373ea6892de59165f8231dc8b64ca5045e73251065f06a756ce,new-hs,Hybrid,Hybrid,,power_hp,200,200.0,hp,,"Specs & Options / Power & Performance / ""Max Power (hp)"" / column ""Hybrid""",HIGH,page variant: New HS
mg_eg_web,1,mg_model_page@1,mg/hs,m_000020,https://www.mgmotor.com.eg/model/new-hs/,"Tue, 29 Sep 2026 06:20:15 GMT",1f635cbc376f6373ea6892de59165f8231dc8b64ca5045e73251065f06a756ce,new-hs,Luxury,Luxury,,power_hp,170,170.0,hp,,"Specs & Options / Power & Performance / ""Max Power (hp)"" / column ""Luxury""",HIGH,page variant: New HS
mg_eg_web,1,mg_model_page@1,mg/hs,m_000020,https://www.mgmotor.com.eg/model/new-hs/,"Tue, 29 Sep 2026 06:20:15 GMT",1f635cbc376f6373ea6892de59165f8231dc8b64ca5045e73251065f06a756ce,new-hs,Hybrid,Hybrid,,torque_nm,340,340.0,Nm,,"Specs & Options / Power & Performance / ""Max Torque (N.m)"" / column ""Hybrid""",HIGH,page variant: New HS
mg_eg_web,1,mg_model_page@1,mg/hs,m_000020,https://www.mgmotor.com.eg/model/new-hs/,"Tue, 29 Sep 2026 06:20:15 GMT",1f635cbc376f6373ea6892de59165f8231dc8b64ca5045e73251065f06a756ce,new-hs,Luxury,Luxury,,torque_nm,275,275.0,Nm,,"Specs & Options / Power & Performance / ""Max Torque (N.m)"" / column ""Luxury""",HIGH,page variant: New HS
mg_eg_web,1,mg_model_page@1,mg/hs,m_000020,https://www.mgmotor.com.eg/model/new-hs/,"Tue, 29 Sep 2026 06:20:15 GMT",1f635cbc376f6373ea6892de59165f8231dc8b64ca5045e73251065f06a756ce,new-hs,Hybrid,Hybrid,,transmission,EDU Gen 3,,,,"Specs & Options / Power & Performance / ""Transmission"" / column ""Hybrid""",HIGH,page variant: New HS
mg_eg_web,1,mg_model_page@1,mg/hs,m_000020,https://www.mgmotor.com.eg/model/new-hs/,"Tue, 29 Sep 2026 06:20:15 GMT",1f635cbc376f6373ea6892de59165f8231dc8b64ca5045e73251065f06a756ce,new-hs,Luxury,Luxury,,transmission,7 Speed Wet Dual Clutch,,,,"Specs & Options / Power & Performance / ""Transmission"" / column ""Luxury""",HIGH,page variant: New HS
mg_eg_web,1,mg_model_page@1,mg/hs,m_000020,https://www.mgmotor.com.eg/model/new-hs/,"Tue, 29 Sep 2026 06:20:15 GMT",1f635cbc376f6373ea6892de59165f8231dc8b64ca5045e73251065f06a756ce,new-hs,Hybrid,Hybrid,,airbags,6,6.0,count,,"Specs & Options / Safety / ""Airbags"" / column ""Hybrid""",HIGH,page variant: New HS
mg_eg_web,1,mg_model_page@1,mg/hs,m_000020,https://www.mgmotor.com.eg/model/new-hs/,"Tue, 29 Sep 2026 06:20:15 GMT",1f635cbc376f6373ea6892de59165f8231dc8b64ca5045e73251065f06a756ce,new-hs,Luxury,Luxury,,airbags,6,6.0,count,,"Specs & Options / Safety / ""Airbags"" / column ""Luxury""",HIGH,page variant: New HS
mg_eg_web,1,mg_model_page@1,mg/hs,m_000020,https://www.mgmotor.com.eg/model/new-hs/,"Tue, 29 Sep 2026 06:20:15 GMT",1f635cbc376f6373ea6892de59165f8231dc8b64ca5045e73251065f06a756ce,new-hs,Luxury,Luxury,,wheelbase_mm,2750,2750.0,mm,,"Compare / HS - Luxury / ""Wheelbase (mm)""",HIGH,page variant: New HS
mg_eg_web,1,mg_model_page@1,mg/hs,m_000020,https://www.mgmotor.com.eg/model/new-hs/,"Tue, 29 Sep 2026 06:20:15 GMT",1f635cbc376f6373ea6892de59165f8231dc8b64ca5045e73251065f06a756ce,new-hs,Luxury,Luxury,,fuel_tank_l,55,55.0,l,,"Compare / HS - Luxury / ""Fuel tank capacity(L)""",HIGH,page variant: New HS
mg_eg_web,1,mg_model_page@1,mg/g50-plus,,https://www.mgmotor.com.eg/model/g50-plus/,"Tue, 29 Sep 2026 06:20:18 GMT",5d73418539f54fd17c1dd875fb9bbec01ce213c99912a3806de5a3c8cc2d1cec,g50-plus,Luxury,Luxury,,engine,1.5L Turbo,,,,"Specs & Options / Power & Performance / ""Engine"" / column ""Luxury""",HIGH,
mg_eg_web,1,mg_model_page@1,mg/g50-plus,,https://www.mgmotor.com.eg/model/g50-plus/,"Tue, 29 Sep 2026 06:20:18 GMT",5d73418539f54fd17c1dd875fb9bbec01ce213c99912a3806de5a3c8cc2d1cec,g50-plus,Luxury,Luxury,,power_hp,170,170.0,hp,,"Specs & Options / Power & Performance / ""Max Power (hp)"" / column ""Luxury""",HIGH,
mg_eg_web,1,mg_model_page@1,mg/g50-plus,,https://www.mgmotor.com.eg/model/g50-plus/,"Tue, 29 Sep 2026 06:20:18 GMT",5d73418539f54fd17c1dd875fb9bbec01ce213c99912a3806de5a3c8cc2d1cec,g50-plus,Luxury,Luxury,,torque_nm,285,285.0,Nm,,"Specs & Options / Power & Performance / ""Max Torque (N.m)"" / column ""Luxury""",HIGH,
mg_eg_web,1,mg_model_page@1,mg/g50-plus,,https://www.mgmotor.com.eg/model/g50-plus/,"Tue, 29 Sep 2026 06:20:18 GMT",5d73418539f54fd17c1dd875fb9bbec01ce213c99912a3806de5a3c8cc2d1cec,g50-plus,Luxury,Luxury,,transmission,7 Speed Wet Dual Clutch,,,,"Specs & Options / Power & Performance / ""Transmission"" / column ""Luxury""",HIGH,
mg_eg_web,1,mg_model_page@1,mg/g50-plus,,https://www.mgmotor.com.eg/model/g50-plus/,"Tue, 29 Sep 2026 06:20:18 GMT",5d73418539f54fd17c1dd875fb9bbec01ce213c99912a3806de5a3c8cc2d1cec,g50-plus,Luxury,Luxury,,wheelbase_mm,2800,2800.0,mm,,"Compare / G50 Plus - Luxury / ""Wheelbase (mm)""",HIGH,
mg_eg_web,1,mg_model_page@1,mg/g50-plus,,https://www.mgmotor.com.eg/model/g50-plus/,"Tue, 29 Sep 2026 06:20:18 GMT",5d73418539f54fd17c1dd875fb9bbec01ce213c99912a3806de5a3c8cc2d1cec,g50-plus,Luxury,Luxury,,fuel_tank_l,50,50.0,l,,"Compare / G50 Plus - Luxury / ""Fuel tank capacity(L)""",HIGH,
mg_eg_web,1,mg_model_page@1,mg/rx9,,https://www.mgmotor.com.eg/model/mg-rx9/,"Tue, 29 Sep 2026 06:20:21 GMT",caa2fad31a511b6e089acb16afd90f8fbeb6597657a2c43570c385599cf12a27,mg-rx9,PHEV,PHEV,,wheelbase_mm,2915,2915.0,mm,,"Compare / MG RX9 - PHEV / ""Wheelbase (mm)""",HIGH,
mg_eg_web,1,mg_model_page@1,mg/rx9,,https://www.mgmotor.com.eg/model/mg-rx9/,"Tue, 29 Sep 2026 06:20:21 GMT",caa2fad31a511b6e089acb16afd90f8fbeb6597657a2c43570c385599cf12a27,mg-rx9,PHEV,PHEV,,kerb_weight_kg,2160,2160.0,kg,,"Compare / MG RX9 - PHEV / ""Kerb weight (kg)""",HIGH,
mg_eg_web,1,mg_model_page@1,mg/rx9,,https://www.mgmotor.com.eg/model/mg-rx9/,"Tue, 29 Sep 2026 06:20:21 GMT",caa2fad31a511b6e089acb16afd90f8fbeb6597657a2c43570c385599cf12a27,mg-rx9,PHEV,PHEV,,fuel_tank_l,65,65.0,l,,"Compare / MG RX9 - PHEV / ""Fuel tank capacity(L)""",HIGH,
mg_eg_web,1,mg_model_page@1,mg/rx5-plus,,https://www.mgmotor.com.eg/model/rx5-plus/,"Tue, 29 Sep 2026 06:20:24 GMT",20735f362e69c52eb3790590144f883b8ee927c7357755e5798de25266b6178c,rx5-plus,Comfort,Comfort,,engine,1.5L Turbo,,,,"Specs & Options / Power & Performance / ""Engine"" / column ""Comfort""",HIGH,
mg_eg_web,1,mg_model_page@1,mg/rx5-plus,,https://www.mgmotor.com.eg/model/rx5-plus/,"Tue, 29 Sep 2026 06:20:24 GMT",20735f362e69c52eb3790590144f883b8ee927c7357755e5798de25266b6178c,rx5-plus,Luxury,Luxury,,engine,1.5L Turbo,,,,"Specs & Options / Power & Performance / ""Engine"" / column ""Luxury""",HIGH,
mg_eg_web,1,mg_model_page@1,mg/rx5-plus,,https://www.mgmotor.com.eg/model/rx5-plus/,"Tue, 29 Sep 2026 06:20:24 GMT",20735f362e69c52eb3790590144f883b8ee927c7357755e5798de25266b6178c,rx5-plus,Comfort,Comfort,,power_hp,171 @ 5600,171.0,hp,,"Specs & Options / Power & Performance / ""Max Power (hp)"" / column ""Comfort""",HIGH,
mg_eg_web,1,mg_model_page@1,mg/rx5-plus,,https://www.mgmotor.com.eg/model/rx5-plus/,"Tue, 29 Sep 2026 06:20:24 GMT",20735f362e69c52eb3790590144f883b8ee927c7357755e5798de25266b6178c,rx5-plus,Luxury,Luxury,,power_hp,171 @ 5600,171.0,hp,,"Specs & Options / Power & Performance / ""Max Power (hp)"" / column ""Luxury""",HIGH,
mg_eg_web,1,mg_model_page@1,mg/rx5-plus,,https://www.mgmotor.com.eg/model/rx5-plus/,"Tue, 29 Sep 2026 06:20:24 GMT",20735f362e69c52eb3790590144f883b8ee927c7357755e5798de25266b6178c,rx5-plus,Comfort,Comfort,,torque_nm,275 @ (2000-4000),275.0,Nm,,"Specs & Options / Power & Performance / ""Max Torque (N.m)"" / column ""Comfort""",HIGH,
mg_eg_web,1,mg_model_page@1,mg/rx5-plus,,https://www.mgmotor.com.eg/model/rx5-plus/,"Tue, 29 Sep 2026 06:20:24 GMT",20735f362e69c52eb3790590144f883b8ee927c7357755e5798de25266b6178c,rx5-plus,Luxury,Luxury,,torque_nm,275 @ (2000-4000),275.0,Nm,,"Specs & Options / Power & Performance / ""Max Torque (N.m)"" / column ""Luxury""",HIGH,
mg_eg_web,1,mg_model_page@1,mg/rx5-plus,,https://www.mgmotor.com.eg/model/rx5-plus/,"Tue, 29 Sep 2026 06:20:24 GMT",20735f362e69c52eb3790590144f883b8ee927c7357755e5798de25266b6178c,rx5-plus,Comfort,Comfort,,transmission,7 Speed Wet Dual Clutch,,,,"Specs & Options / Power & Performance / ""Transmission"" / column ""Comfort""",HIGH,
mg_eg_web,1,mg_model_page@1,mg/rx5-plus,,https://www.mgmotor.com.eg/model/rx5-plus/,"Tue, 29 Sep 2026 06:20:24 GMT",20735f362e69c52eb3790590144f883b8ee927c7357755e5798de25266b6178c,rx5-plus,Luxury,Luxury,,transmission,7 Speed Wet Dual Clutch,,,,"Specs & Options / Power & Performance / ""Transmission"" / column ""Luxury""",HIGH,
mg_eg_web,1,mg_model_page@1,mg/rx5-plus,,https://www.mgmotor.com.eg/model/rx5-plus/,"Tue, 29 Sep 2026 06:20:24 GMT",20735f362e69c52eb3790590144f883b8ee927c7357755e5798de25266b6178c,rx5-plus,Comfort,Comfort,,airbags,4,4.0,count,,"Specs & Options / Safety / ""Airbags"" / column ""Comfort""",HIGH,
mg_eg_web,1,mg_model_page@1,mg/rx5-plus,,https://www.mgmotor.com.eg/model/rx5-plus/,"Tue, 29 Sep 2026 06:20:24 GMT",20735f362e69c52eb3790590144f883b8ee927c7357755e5798de25266b6178c,rx5-plus,Luxury,Luxury,,airbags,6,6.0,count,,"Specs & Options / Safety / ""Airbags"" / column ""Luxury""",HIGH,
mg_eg_web,1,mg_model_page@1,mg/rx5-plus,,https://www.mgmotor.com.eg/model/rx5-plus/,"Tue, 29 Sep 2026 06:20:24 GMT",20735f362e69c52eb3790590144f883b8ee927c7357755e5798de25266b6178c,rx5-plus,Comfort,Comfort,,wheelbase_mm,2708,2708.0,mm,,"Compare / RX5 Plus - Comfort / ""Wheelbase (mm)""",HIGH,
mg_eg_web,1,mg_model_page@1,mg/rx5-plus,,https://www.mgmotor.com.eg/model/rx5-plus/,"Tue, 29 Sep 2026 06:20:24 GMT",20735f362e69c52eb3790590144f883b8ee927c7357755e5798de25266b6178c,rx5-plus,Comfort,Comfort,,kerb_weight_kg,1539,1539.0,kg,,"Compare / RX5 Plus - Comfort / ""Kerb weight (kg)""",HIGH,
mg_eg_web,1,mg_model_page@1,mg/rx5-plus,,https://www.mgmotor.com.eg/model/rx5-plus/,"Tue, 29 Sep 2026 06:20:24 GMT",20735f362e69c52eb3790590144f883b8ee927c7357755e5798de25266b6178c,rx5-plus,Comfort,Comfort,,fuel_tank_l,55,55.0,l,,"Compare / RX5 Plus - Comfort / ""Fuel tank capacity(L)""",HIGH,
mg_eg_web,1,mg_model_page@1,mg/rx5-plus,,https://www.mgmotor.com.eg/model/rx5-plus/,"Tue, 29 Sep 2026 06:20:24 GMT",20735f362e69c52eb3790590144f883b8ee927c7357755e5798de25266b6178c,rx5-plus,Luxury,Luxury,,price_official_egp,"1,500,000 EGP",1500000.0,EGP,,"Pricing & Finance widget / ""Car Price""",MEDIUM,price shown by the official finance calculator for this Type; no separate price list on the site
mg_eg_web,1,mg_model_page@1,,,https://www.mgmotor.com.eg/model/mg-cyberster/,"Tue, 29 Sep 2026 06:20:28 GMT",0699da16855765fac78135ab639e2c256399afb18744696f650c7f440e278b34,mg-cyberster,Luxury Trophy RWD,Luxury Trophy RWD,,wheelbase_mm,2690,2690.0,mm,,"Compare / MG Cyberster - Luxury Trophy RWD / ""Wheelbase (mm)""",HIGH,
mg_eg_web,1,mg_model_page@1,,,https://www.mgmotor.com.eg/model/mg-cyberster/,"Tue, 29 Sep 2026 06:20:28 GMT",0699da16855765fac78135ab639e2c256399afb18744696f650c7f440e278b34,mg-cyberster,Luxury Trophy RWD,Luxury Trophy RWD,,kerb_weight_kg,1885,1885.0,kg,,"Compare / MG Cyberster - Luxury Trophy RWD / ""Kerb weight (kg)""",HIGH,
chery_eg_web,1,gb_model_page@1,chery/arrizo-5,,https://www.chery-eg.com/en/car/arrizo-5,"Tue, 29 Sep 2026 06:20:30 GMT",1458f8e8d5d185c301826a9a28a02eb6b9d386dd57d020959177024be9ceb40c,arrizo-5,,,,price_from_official_egp,"685,000 EGP",685000.0,EGP,,"model banner ""Starting Price""",HIGH,model-level starting price (cheapest grade); grade not named on the page
chery_eg_web,1,gb_model_page@1,chery/arrizo-5,,https://www.chery-eg.com/en/car/arrizo-5,"Tue, 29 Sep 2026 06:20:30 GMT",1458f8e8d5d185c301826a9a28a02eb6b9d386dd57d020959177024be9ceb40c,arrizo-5,,,,length_mm,4532,4532.0,mm,,"spec table ""Length (mm)""",HIGH,spec table shows ONE unnamed configuration; grade-scoped unless confirmed model-wide
chery_eg_web,1,gb_model_page@1,chery/arrizo-5,,https://www.chery-eg.com/en/car/arrizo-5,"Tue, 29 Sep 2026 06:20:30 GMT",1458f8e8d5d185c301826a9a28a02eb6b9d386dd57d020959177024be9ceb40c,arrizo-5,,,,wheelbase_mm,2650,2650.0,mm,,"spec table ""Wheelbase (mm)""",HIGH,spec table shows ONE unnamed configuration; grade-scoped unless confirmed model-wide
chery_eg_web,1,gb_model_page@1,chery/arrizo-5,,https://www.chery-eg.com/en/car/arrizo-5,"Tue, 29 Sep 2026 06:20:30 GMT",1458f8e8d5d185c301826a9a28a02eb6b9d386dd57d020959177024be9ceb40c,arrizo-5,,,,ground_clearance_mm,120,120.0,mm,,"spec table ""Ground Clearance (mm)""",HIGH,spec table shows ONE unnamed configuration; grade-scoped unless confirmed model-wide
chery_eg_web,1,gb_model_page@1,chery/arrizo-5,,https://www.chery-eg.com/en/car/arrizo-5,"Tue, 29 Sep 2026 06:20:30 GMT",1458f8e8d5d185c301826a9a28a02eb6b9d386dd57d020959177024be9ceb40c,arrizo-5,,,,fuel_tank_l,48,48.0,l,,"spec table ""Fuel Tank Capacity (L)""",HIGH,spec table shows ONE unnamed configuration; grade-scoped unless confirmed model-wide
chery_eg_web,1,gb_model_page@1,chery/arrizo-5,,https://www.chery-eg.com/en/car/arrizo-5,"Tue, 29 Sep 2026 06:20:30 GMT",1458f8e8d5d185c301826a9a28a02eb6b9d386dd57d020959177024be9ceb40c,arrizo-5,,,,engine,1499 DVVT,,,,"spec table ""Engine Capacity (L)""",HIGH,spec table shows ONE unnamed configuration; grade-scoped unless confirmed model-wide
chery_eg_web,1,gb_model_page@1,chery/arrizo-5,,https://www.chery-eg.com/en/car/arrizo-5,"Tue, 29 Sep 2026 06:20:30 GMT",1458f8e8d5d185c301826a9a28a02eb6b9d386dd57d020959177024be9ceb40c,arrizo-5,,,,power_hp,114 HP / 6150 rpm,114.0,hp,,"spec table ""Power (HP/ RPM)""",HIGH,spec table shows ONE unnamed configuration; grade-scoped unless confirmed model-wide
chery_eg_web,1,gb_model_page@1,chery/arrizo-5,,https://www.chery-eg.com/en/car/arrizo-5,"Tue, 29 Sep 2026 06:20:30 GMT",1458f8e8d5d185c301826a9a28a02eb6b9d386dd57d020959177024be9ceb40c,arrizo-5,,,,transmission,5 Speed MT & 7 Speed CVT,,,,"spec table ""Transmission""",HIGH,spec table shows ONE unnamed configuration; grade-scoped unless confirmed model-wide
chery_eg_web,1,gb_model_page@1,chery/arrizo-6-gt,,https://www.chery-eg.com/en/car/arrizo-6-gt,"Tue, 29 Sep 2026 06:20:34 GMT",eeff1d9b28f7ed0d085633d5fd77d4960b29a512e2e6b9bccf2c68e7c05e0c17,arrizo-6-gt,,,,price_from_official_egp,"899,000 EGP",899000.0,EGP,,"model banner ""Starting Price""",HIGH,model-level starting price (cheapest grade); grade not named on the page
chery_eg_web,1,gb_model_page@1,chery/arrizo-6-gt,,https://www.chery-eg.com/en/car/arrizo-6-gt,"Tue, 29 Sep 2026 06:20:34 GMT",eeff1d9b28f7ed0d085633d5fd77d4960b29a512e2e6b9bccf2c68e7c05e0c17,arrizo-6-gt,,,,length_mm,4691,4691.0,mm,,"spec table ""Length (mm)""",HIGH,spec table shows ONE unnamed configuration; grade-scoped unless confirmed model-wide
chery_eg_web,1,gb_model_page@1,chery/arrizo-6-gt,,https://www.chery-eg.com/en/car/arrizo-6-gt,"Tue, 29 Sep 2026 06:20:34 GMT",eeff1d9b28f7ed0d085633d5fd77d4960b29a512e2e6b9bccf2c68e7c05e0c17,arrizo-6-gt,,,,wheelbase_mm,2650,2650.0,mm,,"spec table ""Wheelbase (mm)""",HIGH,spec table shows ONE unnamed configuration; grade-scoped unless confirmed model-wide
chery_eg_web,1,gb_model_page@1,chery/arrizo-6-gt,,https://www.chery-eg.com/en/car/arrizo-6-gt,"Tue, 29 Sep 2026 06:20:34 GMT",eeff1d9b28f7ed0d085633d5fd77d4960b29a512e2e6b9bccf2c68e7c05e0c17,arrizo-6-gt,,,,fuel_tank_l,48,48.0,l,,"spec table ""Fuel Tank Capacity (L)""",HIGH,spec table shows ONE unnamed configuration; grade-scoped unless confirmed model-wide
chery_eg_web,1,gb_model_page@1,chery/arrizo-6-gt,,https://www.chery-eg.com/en/car/arrizo-6-gt,"Tue, 29 Sep 2026 06:20:34 GMT",eeff1d9b28f7ed0d085633d5fd77d4960b29a512e2e6b9bccf2c68e7c05e0c17,arrizo-6-gt,,,,engine,1.5L T,,,,"spec table ""Engine Capacity (L)""",HIGH,spec table shows ONE unnamed configuration; grade-scoped unless confirmed model-wide
chery_eg_web,1,gb_model_page@1,chery/arrizo-6-gt,,https://www.chery-eg.com/en/car/arrizo-6-gt,"Tue, 29 Sep 2026 06:20:34 GMT",eeff1d9b28f7ed0d085633d5fd77d4960b29a512e2e6b9bccf2c68e7c05e0c17,arrizo-6-gt,,,,power_hp,145/5500,145.0,hp,,"spec table ""Power (HP/ RPM)""",HIGH,spec table shows ONE unnamed configuration; grade-scoped unless confirmed model-wide
chery_eg_web,1,gb_model_page@1,chery/arrizo-6-gt,,https://www.chery-eg.com/en/car/arrizo-6-gt,"Tue, 29 Sep 2026 06:20:34 GMT",eeff1d9b28f7ed0d085633d5fd77d4960b29a512e2e6b9bccf2c68e7c05e0c17,arrizo-6-gt,,,,transmission,6 Speed Wet (DCT),,,,"spec table ""Transmission""",HIGH,spec table shows ONE unnamed configuration; grade-scoped unless confirmed model-wide
chery_eg_web,1,gb_model_page@1,chery/arrizo-8,,https://www.chery-eg.com/en/car/arrizo-8,"Tue, 29 Sep 2026 06:20:38 GMT",0ee84577302b85a118b386c4169504b3e9f95c72af624286fc419b98bec27168,arrizo-8,,,,price_from_official_egp,"1,300,000 EGP",1300000.0,EGP,,"model banner ""Starting Price""",HIGH,model-level starting price (cheapest grade); grade not named on the page
chery_eg_web,1,gb_model_page@1,chery/arrizo-8,,https://www.chery-eg.com/en/car/arrizo-8,"Tue, 29 Sep 2026 06:20:38 GMT",0ee84577302b85a118b386c4169504b3e9f95c72af624286fc419b98bec27168,arrizo-8,,,,length_mm,4757,4757.0,mm,,"spec table ""Length (mm)""",HIGH,spec table shows ONE unnamed configuration; grade-scoped unless confirmed model-wide
chery_eg_web,1,gb_model_page@1,chery/arrizo-8,,https://www.chery-eg.com/en/car/arrizo-8,"Tue, 29 Sep 2026 06:20:38 GMT",0ee84577302b85a118b386c4169504b3e9f95c72af624286fc419b98bec27168,arrizo-8,,,,wheelbase_mm,2770,2770.0,mm,,"spec table ""Wheelbase (mm)""",HIGH,spec table shows ONE unnamed configuration; grade-scoped unless confirmed model-wide
chery_eg_web,1,gb_model_page@1,chery/arrizo-8,,https://www.chery-eg.com/en/car/arrizo-8,"Tue, 29 Sep 2026 06:20:38 GMT",0ee84577302b85a118b386c4169504b3e9f95c72af624286fc419b98bec27168,arrizo-8,,,,fuel_tank_l,55,55.0,l,,"spec table ""Fuel Tank Capacity (L)""",HIGH,spec table shows ONE unnamed configuration; grade-scoped unless confirmed model-wide
chery_eg_web,1,gb_model_page@1,chery/arrizo-8,,https://www.chery-eg.com/en/car/arrizo-8,"Tue, 29 Sep 2026 06:20:38 GMT",0ee84577302b85a118b386c4169504b3e9f95c72af624286fc419b98bec27168,arrizo-8,,,,engine,1.6L Turbo,,,,"spec table ""Engine Capacity (L)""",HIGH,spec table shows ONE unnamed configuration; grade-scoped unless confirmed model-wide
chery_eg_web,1,gb_model_page@1,chery/arrizo-8,,https://www.chery-eg.com/en/car/arrizo-8,"Tue, 29 Sep 2026 06:20:38 GMT",0ee84577302b85a118b386c4169504b3e9f95c72af624286fc419b98bec27168,arrizo-8,,,,power_hp,197 / 5500,197.0,hp,,"spec table ""Power (HP/ RPM)""",HIGH,spec table shows ONE unnamed configuration; grade-scoped unless confirmed model-wide
chery_eg_web,1,gb_model_page@1,chery/arrizo-8,,https://www.chery-eg.com/en/car/arrizo-8,"Tue, 29 Sep 2026 06:20:38 GMT",0ee84577302b85a118b386c4169504b3e9f95c72af624286fc419b98bec27168,arrizo-8,,,,transmission,7 DCT-wet,,,,"spec table ""Transmission""",HIGH,spec table shows ONE unnamed configuration; grade-scoped unless confirmed model-wide
chery_eg_web,1,gb_model_page@1,chery/eq7,,https://www.chery-eg.com/en/car/eq7,"Tue, 29 Sep 2026 06:20:41 GMT",3f107724d3df45cc61bad831d158e406adccba0410a37f5009e2807e7a8a2629,eq7,,,,price_from_official_egp,"1,599,000 EGP",1599000.0,EGP,,"model banner ""Starting Price""",HIGH,model-level starting price (cheapest grade); grade not named on the page
chery_eg_web,1,gb_model_page@1,chery/eq7,,https://www.chery-eg.com/en/car/eq7,"Tue, 29 Sep 2026 06:20:41 GMT",3f107724d3df45cc61bad831d158e406adccba0410a37f5009e2807e7a8a2629,eq7,,,,length_mm,4675,4675.0,mm,,"spec table ""Length (mm)""",HIGH,spec table shows ONE unnamed configuration; grade-scoped unless confirmed model-wide
chery_eg_web,1,gb_model_page@1,chery/eq7,,https://www.chery-eg.com/en/car/eq7,"Tue, 29 Sep 2026 06:20:41 GMT",3f107724d3df45cc61bad831d158e406adccba0410a37f5009e2807e7a8a2629,eq7,,,,wheelbase_mm,2830,2830.0,mm,,"spec table ""Wheelbase (mm)""",HIGH,spec table shows ONE unnamed configuration; grade-scoped unless confirmed model-wide
chery_eg_web,1,gb_model_page@1,chery/eq7,,https://www.chery-eg.com/en/car/eq7,"Tue, 29 Sep 2026 06:20:41 GMT",3f107724d3df45cc61bad831d158e406adccba0410a37f5009e2807e7a8a2629,eq7,,,,ground_clearance_mm,166,166.0,mm,,"spec table ""Ground Clearance (mm)""",HIGH,spec table shows ONE unnamed configuration; grade-scoped unless confirmed model-wide
chery_eg_web,1,gb_model_page@1,chery/eq7,,https://www.chery-eg.com/en/car/eq7,"Tue, 29 Sep 2026 06:20:41 GMT",3f107724d3df45cc61bad831d158e406adccba0410a37f5009e2807e7a8a2629,eq7,,,,battery_kwh,65.525,65.525,kWh,,"spec table ""Capacity (kWh)""",HIGH,spec table shows ONE unnamed configuration; grade-scoped unless confirmed model-wide
chery_eg_web,1,gb_model_page@1,chery/tiggo-7-pro,,https://www.chery-eg.com/en/car/tiggo-7-pro,"Tue, 29 Sep 2026 06:21:50 GMT",b3c98d2995312d98cfd79deea7e782520cf504a521a7e30bfa5f4597bd7d41de,tiggo-7-pro,,,,price_from_official_egp,"1,080,000 EGP",1080000.0,EGP,,"model banner ""Starting Price""",HIGH,model-level starting price (cheapest grade); grade not named on the page
chery_eg_web,1,gb_model_page@1,chery/tiggo-7-pro,,https://www.chery-eg.com/en/car/tiggo-7-pro,"Tue, 29 Sep 2026 06:21:50 GMT",b3c98d2995312d98cfd79deea7e782520cf504a521a7e30bfa5f4597bd7d41de,tiggo-7-pro,,,,length_mm,"4,500",4500.0,mm,,"spec table ""Length (mm)""",HIGH,spec table shows ONE unnamed configuration; grade-scoped unless confirmed model-wide
chery_eg_web,1,gb_model_page@1,chery/tiggo-7-pro,,https://www.chery-eg.com/en/car/tiggo-7-pro,"Tue, 29 Sep 2026 06:21:50 GMT",b3c98d2995312d98cfd79deea7e782520cf504a521a7e30bfa5f4597bd7d41de,tiggo-7-pro,,,,wheelbase_mm,"2,670",2670.0,mm,,"spec table ""Wheelbase (mm)""",HIGH,spec table shows ONE unnamed configuration; grade-scoped unless confirmed model-wide
chery_eg_web,1,gb_model_page@1,chery/tiggo-7-pro,,https://www.chery-eg.com/en/car/tiggo-7-pro,"Tue, 29 Sep 2026 06:21:50 GMT",b3c98d2995312d98cfd79deea7e782520cf504a521a7e30bfa5f4597bd7d41de,tiggo-7-pro,,,,ground_clearance_mm,163,163.0,mm,,"spec table ""Ground Clearance (mm)""",HIGH,spec table shows ONE unnamed configuration; grade-scoped unless confirmed model-wide
chery_eg_web,1,gb_model_page@1,chery/tiggo-7-pro,,https://www.chery-eg.com/en/car/tiggo-7-pro,"Tue, 29 Sep 2026 06:21:50 GMT",b3c98d2995312d98cfd79deea7e782520cf504a521a7e30bfa5f4597bd7d41de,tiggo-7-pro,,,,fuel_tank_l,51,51.0,l,,"spec table ""Fuel Tank Capacity (L)""",HIGH,spec table shows ONE unnamed configuration; grade-scoped unless confirmed model-wide
chery_eg_web,1,gb_model_page@1,chery/tiggo-7-pro,,https://www.chery-eg.com/en/car/tiggo-7-pro,"Tue, 29 Sep 2026 06:21:50 GMT",b3c98d2995312d98cfd79deea7e782520cf504a521a7e30bfa5f4597bd7d41de,tiggo-7-pro,,,,drive,FWD,,,,"spec table ""Drivetrain""",HIGH,spec table shows ONE unnamed configuration; grade-scoped unless confirmed model-wide
chery_eg_web,1,gb_model_page@1,chery/tiggo-7-pro,,https://www.chery-eg.com/en/car/tiggo-7-pro,"Tue, 29 Sep 2026 06:21:50 GMT",b3c98d2995312d98cfd79deea7e782520cf504a521a7e30bfa5f4597bd7d41de,tiggo-7-pro,,,,engine,1.5L T,,,,"spec table ""Engine Capacity (L)""",HIGH,spec table shows ONE unnamed configuration; grade-scoped unless confirmed model-wide
chery_eg_web,1,gb_model_page@1,chery/tiggo-7-pro,,https://www.chery-eg.com/en/car/tiggo-7-pro,"Tue, 29 Sep 2026 06:21:50 GMT",b3c98d2995312d98cfd79deea7e782520cf504a521a7e30bfa5f4597bd7d41de,tiggo-7-pro,,,,power_hp,145/5500,145.0,hp,,"spec table ""Power (HP/ RPM)""",HIGH,spec table shows ONE unnamed configuration; grade-scoped unless confirmed model-wide
chery_eg_web,1,gb_model_page@1,chery/tiggo-7-pro,,https://www.chery-eg.com/en/car/tiggo-7-pro,"Tue, 29 Sep 2026 06:21:50 GMT",b3c98d2995312d98cfd79deea7e782520cf504a521a7e30bfa5f4597bd7d41de,tiggo-7-pro,,,,transmission,CVT,,,,"spec table ""Transmission""",HIGH,spec table shows ONE unnamed configuration; grade-scoped unless confirmed model-wide
chery_eg_web,1,gb_model_page@1,chery/tiggo-7-pro-max,,https://www.chery-eg.com/en/car/tiggo-7-pro-max,"Tue, 29 Sep 2026 06:21:54 GMT",2ab926339000855abb5f5cf6a28eac5c51c2fcf4ae93acd3d80744cba7c9aca7,tiggo-7-pro-max,,,,price_from_official_egp,"1,320,000 EGP",1320000.0,EGP,,"model banner ""Starting Price""",HIGH,model-level starting price (cheapest grade); grade not named on the page
chery_eg_web,1,gb_model_page@1,chery/tiggo-7-pro-max,,https://www.chery-eg.com/en/car/tiggo-7-pro-max,"Tue, 29 Sep 2026 06:21:54 GMT",2ab926339000855abb5f5cf6a28eac5c51c2fcf4ae93acd3d80744cba7c9aca7,tiggo-7-pro-max,,,,length_mm,4553,4553.0,mm,,"spec table ""Length (mm)""",HIGH,spec table shows ONE unnamed configuration; grade-scoped unless confirmed model-wide
chery_eg_web,1,gb_model_page@1,chery/tiggo-7-pro-max,,https://www.chery-eg.com/en/car/tiggo-7-pro-max,"Tue, 29 Sep 2026 06:21:54 GMT",2ab926339000855abb5f5cf6a28eac5c51c2fcf4ae93acd3d80744cba7c9aca7,tiggo-7-pro-max,,,,wheelbase_mm,"2,670",2670.0,mm,,"spec table ""Wheelbase (mm)""",HIGH,spec table shows ONE unnamed configuration; grade-scoped unless confirmed model-wide
chery_eg_web,1,gb_model_page@1,chery/tiggo-7-pro-max,,https://www.chery-eg.com/en/car/tiggo-7-pro-max,"Tue, 29 Sep 2026 06:21:54 GMT",2ab926339000855abb5f5cf6a28eac5c51c2fcf4ae93acd3d80744cba7c9aca7,tiggo-7-pro-max,,,,fuel_tank_l,51,51.0,l,,"spec table ""Fuel Tank Capacity (L)""",HIGH,spec table shows ONE unnamed configuration; grade-scoped unless confirmed model-wide
chery_eg_web,1,gb_model_page@1,chery/tiggo-7-pro-max,,https://www.chery-eg.com/en/car/tiggo-7-pro-max,"Tue, 29 Sep 2026 06:21:54 GMT",2ab926339000855abb5f5cf6a28eac5c51c2fcf4ae93acd3d80744cba7c9aca7,tiggo-7-pro-max,,,,engine,1.5L Turbo,,,,"spec table ""Engine Capacity (L)""",HIGH,spec table shows ONE unnamed configuration; grade-scoped unless confirmed model-wide
chery_eg_web,1,gb_model_page@1,chery/tiggo-7-pro-max,,https://www.chery-eg.com/en/car/tiggo-7-pro-max,"Tue, 29 Sep 2026 06:21:54 GMT",2ab926339000855abb5f5cf6a28eac5c51c2fcf4ae93acd3d80744cba7c9aca7,tiggo-7-pro-max,,,,power_hp,145/5500,145.0,hp,,"spec table ""Power (HP/ RPM)""",HIGH,spec table shows ONE unnamed configuration; grade-scoped unless confirmed model-wide
chery_eg_web,1,gb_model_page@1,chery/tiggo-8,,https://www.chery-eg.com/en/car/tiggo-8,"Tue, 29 Sep 2026 06:21:57 GMT",fd2f350aa92c62beff2224178c04ed8b6b6400a8b726fc37fcb56cbf7e8da656,tiggo-8,,,,price_from_official_egp,"1,170,000 EGP",1170000.0,EGP,,"model banner ""Starting Price""",HIGH,model-level starting price (cheapest grade); grade not named on the page
chery_eg_web,1,gb_model_page@1,chery/tiggo-8,,https://www.chery-eg.com/en/car/tiggo-8,"Tue, 29 Sep 2026 06:21:57 GMT",fd2f350aa92c62beff2224178c04ed8b6b6400a8b726fc37fcb56cbf7e8da656,tiggo-8,,,,length_mm,"4,700",4700.0,mm,,"spec table ""Length (mm)""",HIGH,spec table shows ONE unnamed configuration; grade-scoped unless confirmed model-wide
chery_eg_web,1,gb_model_page@1,chery/tiggo-8,,https://www.chery-eg.com/en/car/tiggo-8,"Tue, 29 Sep 2026 06:21:57 GMT",fd2f350aa92c62beff2224178c04ed8b6b6400a8b726fc37fcb56cbf7e8da656,tiggo-8,,,,wheelbase_mm,"2,710",2710.0,mm,,"spec table ""Wheelbase (mm)""",HIGH,spec table shows ONE unnamed configuration; grade-scoped unless confirmed model-wide
chery_eg_web,1,gb_model_page@1,chery/tiggo-8,,https://www.chery-eg.com/en/car/tiggo-8,"Tue, 29 Sep 2026 06:21:57 GMT",fd2f350aa92c62beff2224178c04ed8b6b6400a8b726fc37fcb56cbf7e8da656,tiggo-8,,,,fuel_tank_l,51,51.0,l,,"spec table ""Fuel Tank Capacity (L)""",HIGH,spec table shows ONE unnamed configuration; grade-scoped unless confirmed model-wide
chery_eg_web,1,gb_model_page@1,chery/tiggo-8,,https://www.chery-eg.com/en/car/tiggo-8,"Tue, 29 Sep 2026 06:21:57 GMT",fd2f350aa92c62beff2224178c04ed8b6b6400a8b726fc37fcb56cbf7e8da656,tiggo-8,,,,engine,1.5L Turbo,,,,"spec table ""Engine Capacity (L)""",HIGH,spec table shows ONE unnamed configuration; grade-scoped unless confirmed model-wide
chery_eg_web,1,gb_model_page@1,chery/tiggo-8,,https://www.chery-eg.com/en/car/tiggo-8,"Tue, 29 Sep 2026 06:21:57 GMT",fd2f350aa92c62beff2224178c04ed8b6b6400a8b726fc37fcb56cbf7e8da656,tiggo-8,,,,power_hp,145/5500,145.0,hp,,"spec table ""Power (HP/ RPM)""",HIGH,spec table shows ONE unnamed configuration; grade-scoped unless confirmed model-wide
chery_eg_web,1,gb_model_page@1,chery/tiggo-8,,https://www.chery-eg.com/en/car/tiggo-8,"Tue, 29 Sep 2026 06:21:57 GMT",fd2f350aa92c62beff2224178c04ed8b6b6400a8b726fc37fcb56cbf7e8da656,tiggo-8,,,,transmission,6 Speed Wet (DCT),,,,"spec table ""Transmission""",HIGH,spec table shows ONE unnamed configuration; grade-scoped unless confirmed model-wide
chery_eg_web,1,gb_model_page@1,chery/tiggo-8-pro-max,,https://www.chery-eg.com/en/car/tiggo-8-pro-max,"Tue, 29 Sep 2026 06:22:01 GMT",8834373b2ba9698e65f5497952c0b5d5f95e9eb1efb4f3123c731107f0e22a1f,tiggo-8-pro-max,,,,price_from_official_egp,"1,620,000 EGP",1620000.0,EGP,,"model banner ""Starting Price""",HIGH,model-level starting price (cheapest grade); grade not named on the page
chery_eg_web,1,gb_model_page@1,chery/tiggo-8-pro-max,,https://www.chery-eg.com/en/car/tiggo-8-pro-max,"Tue, 29 Sep 2026 06:22:01 GMT",8834373b2ba9698e65f5497952c0b5d5f95e9eb1efb4f3123c731107f0e22a1f,tiggo-8-pro-max,,,,length_mm,4720,4720.0,mm,,"spec table ""Length (mm)""",HIGH,spec table shows ONE unnamed configuration; grade-scoped unless confirmed model-wide
chery_eg_web,1,gb_model_page@1,chery/tiggo-8-pro-max,,https://www.chery-eg.com/en/car/tiggo-8-pro-max,"Tue, 29 Sep 2026 06:22:01 GMT",8834373b2ba9698e65f5497952c0b5d5f95e9eb1efb4f3123c731107f0e22a1f,tiggo-8-pro-max,,,,wheelbase_mm,"2,710",2710.0,mm,,"spec table ""Wheelbase (mm)""",HIGH,spec table shows ONE unnamed configuration; grade-scoped unless confirmed model-wide
chery_eg_web,1,gb_model_page@1,chery/tiggo-8-pro-max,,https://www.chery-eg.com/en/car/tiggo-8-pro-max,"Tue, 29 Sep 2026 06:22:01 GMT",8834373b2ba9698e65f5497952c0b5d5f95e9eb1efb4f3123c731107f0e22a1f,tiggo-8-pro-max,,,,fuel_tank_l,51,51.0,l,,"spec table ""Fuel Tank Capacity (L)""",HIGH,spec table shows ONE unnamed configuration; grade-scoped unless confirmed model-wide
chery_eg_web,1,gb_model_page@1,chery/tiggo-8-pro-max,,https://www.chery-eg.com/en/car/tiggo-8-pro-max,"Tue, 29 Sep 2026 06:22:01 GMT",8834373b2ba9698e65f5497952c0b5d5f95e9eb1efb4f3123c731107f0e22a1f,tiggo-8-pro-max,,,,engine,1.6L Turbo,,,,"spec table ""Engine Capacity (L)""",HIGH,spec table shows ONE unnamed configuration; grade-scoped unless confirmed model-wide
chery_eg_web,1,gb_model_page@1,chery/tiggo-8-pro-max,,https://www.chery-eg.com/en/car/tiggo-8-pro-max,"Tue, 29 Sep 2026 06:22:01 GMT",8834373b2ba9698e65f5497952c0b5d5f95e9eb1efb4f3123c731107f0e22a1f,tiggo-8-pro-max,,,,power_hp,"197/ 5,500",197.0,hp,,"spec table ""Power (HP/ RPM)""",HIGH,spec table shows ONE unnamed configuration; grade-scoped unless confirmed model-wide
chery_eg_web,1,gb_model_page@1,chery/tiggo-8-pro-max,,https://www.chery-eg.com/en/car/tiggo-8-pro-max,"Tue, 29 Sep 2026 06:22:01 GMT",8834373b2ba9698e65f5497952c0b5d5f95e9eb1efb4f3123c731107f0e22a1f,tiggo-8-pro-max,,,,transmission,7 Speed DCT,,,,"spec table ""Transmission""",HIGH,spec table shows ONE unnamed configuration; grade-scoped unless confirmed model-wide
chery_eg_web,1,gb_model_page@1,chery/tiggo-9,,https://www.chery-eg.com/en/car/tiggo-9,"Tue, 29 Sep 2026 06:22:05 GMT",ef2b52ec2ba71fbef267ebf32bc6a117175c960e7fa462370d627608e33f88ab,tiggo-9,,,,price_from_official_egp,"2,100,000 EGP",2100000.0,EGP,,"model banner ""Starting Price""",HIGH,model-level starting price (cheapest grade); grade not named on the page
chery_eg_web,1,gb_model_page@1,chery/tiggo-9,,https://www.chery-eg.com/en/car/tiggo-9,"Tue, 29 Sep 2026 06:22:05 GMT",ef2b52ec2ba71fbef267ebf32bc6a117175c960e7fa462370d627608e33f88ab,tiggo-9,,,,length_mm,4810,4810.0,mm,,"spec table ""Length (mm)""",HIGH,spec table shows ONE unnamed configuration; grade-scoped unless confirmed model-wide
chery_eg_web,1,gb_model_page@1,chery/tiggo-9,,https://www.chery-eg.com/en/car/tiggo-9,"Tue, 29 Sep 2026 06:22:05 GMT",ef2b52ec2ba71fbef267ebf32bc6a117175c960e7fa462370d627608e33f88ab,tiggo-9,,,,wheelbase_mm,2800,2800.0,mm,,"spec table ""Wheelbase (mm)""",HIGH,spec table shows ONE unnamed configuration; grade-scoped unless confirmed model-wide
chery_eg_web,1,gb_model_page@1,chery/tiggo-9,,https://www.chery-eg.com/en/car/tiggo-9,"Tue, 29 Sep 2026 06:22:05 GMT",ef2b52ec2ba71fbef267ebf32bc6a117175c960e7fa462370d627608e33f88ab,tiggo-9,,,,fuel_tank_l,70,70.0,l,,"spec table ""Fuel Tank Capacity (L)""",HIGH,spec table shows ONE unnamed configuration; grade-scoped unless confirmed model-wide
chery_eg_web,1,gb_model_page@1,chery/tiggo-9,,https://www.chery-eg.com/en/car/tiggo-9,"Tue, 29 Sep 2026 06:22:05 GMT",ef2b52ec2ba71fbef267ebf32bc6a117175c960e7fa462370d627608e33f88ab,tiggo-9,,,,engine,1.5L T,,,,"spec table ""Engine Capacity (L)""",HIGH,spec table shows ONE unnamed configuration; grade-scoped unless confirmed model-wide
chery_eg_web,1,gb_model_page@1,chery/tiggo-9,,https://www.chery-eg.com/en/car/tiggo-9,"Tue, 29 Sep 2026 06:22:05 GMT",ef2b52ec2ba71fbef267ebf32bc6a117175c960e7fa462370d627608e33f88ab,tiggo-9,,,,battery_kwh,19.43,19.43,kWh,,"spec table ""Capacity (kWh)""",HIGH,spec table shows ONE unnamed configuration; grade-scoped unless confirmed model-wide
changan_eg_web,1,gb_model_page@1,changan/cs35-plus,,https://changan.com.eg/en/model/cs35/,"Tue, 29 Sep 2026 06:22:10 GMT",1f3d7303d6f612d2f7d8861189811e24e20e93b0efa21e006211e37d3b930dfc,cs35,,,,price_from_official_egp,530000 EGP,530000.0,EGP,,"model banner ""Start Price""",HIGH,model-level starting price (cheapest grade); grade not named on the page
changan_eg_web,1,gb_model_page@1,changan/cs35-plus,,https://changan.com.eg/en/model/cs35/,"Tue, 29 Sep 2026 06:22:10 GMT",1f3d7303d6f612d2f7d8861189811e24e20e93b0efa21e006211e37d3b930dfc,cs35,,,,transmission,7 DCT,,,,"spec table ""Transmission""",HIGH,spec table shows ONE unnamed configuration; grade-scoped unless confirmed model-wide
changan_eg_web,1,gb_model_page@1,changan/cs35-plus,,https://changan.com.eg/en/model/cs35/,"Tue, 29 Sep 2026 06:22:10 GMT",1f3d7303d6f612d2f7d8861189811e24e20e93b0efa21e006211e37d3b930dfc,cs35,,,,wheelbase_mm,"2,600",2600.0,mm,,"spec table ""Wheelbase""",HIGH,spec table shows ONE unnamed configuration; grade-scoped unless confirmed model-wide
changan_eg_web,1,gb_model_page@1,changan/cs35-plus,,https://changan.com.eg/en/model/cs35/,"Tue, 29 Sep 2026 06:22:10 GMT",1f3d7303d6f612d2f7d8861189811e24e20e93b0efa21e006211e37d3b930dfc,cs35,,,,length_mm,"4,330",4330.0,mm,,"spec table ""Length (mm)""",HIGH,spec table shows ONE unnamed configuration; grade-scoped unless confirmed model-wide
changan_eg_web,1,gb_model_page@1,changan/cs35-plus,,https://changan.com.eg/en/model/cs35/,"Tue, 29 Sep 2026 06:22:10 GMT",1f3d7303d6f612d2f7d8861189811e24e20e93b0efa21e006211e37d3b930dfc,cs35,,,,ground_clearance_mm,180,180.0,mm,,"spec table ""Ground Clearance (mm)""",HIGH,spec table shows ONE unnamed configuration; grade-scoped unless confirmed model-wide
changan_eg_web,1,gb_model_page@1,changan/cs35-plus,,https://changan.com.eg/en/model/cs35/,"Tue, 29 Sep 2026 06:22:10 GMT",1f3d7303d6f612d2f7d8861189811e24e20e93b0efa21e006211e37d3b930dfc,cs35,,,,fuel_tank_l,53,53.0,l,,"spec table ""Tank Capacity (L)""",HIGH,spec table shows ONE unnamed configuration; grade-scoped unless confirmed model-wide
changan_eg_web,1,gb_model_page@1,changan/cs35-plus,,https://changan.com.eg/en/model/cs35/,"Tue, 29 Sep 2026 06:22:10 GMT",1f3d7303d6f612d2f7d8861189811e24e20e93b0efa21e006211e37d3b930dfc,cs35,,,,engine,Engine Capacity (L),,,,"spec table ""Engine Capacity (L)""",HIGH,spec table shows ONE unnamed configuration; grade-scoped unless confirmed model-wide
changan_eg_web,1,gb_model_page@1,changan/cs35-plus,,https://changan.com.eg/en/model/cs35/,"Tue, 29 Sep 2026 06:22:10 GMT",1f3d7303d6f612d2f7d8861189811e24e20e93b0efa21e006211e37d3b930dfc,cs35,,,,power_hp,"160/ 5,500",160.0,hp,,"spec table ""Power (HP/ RPM)""",HIGH,spec table shows ONE unnamed configuration; grade-scoped unless confirmed model-wide
changan_eg_web,1,gb_model_page@1,changan/cs55-plus,,https://changan.com.eg/en/model/cs55-plus/,"Tue, 29 Sep 2026 06:22:16 GMT",02b55bd89787143e6261a2a2f3093ee86ab0d22d5050cffa2722677fb798a2e7,cs55-plus,,,,price_from_official_egp,700000 EGP,700000.0,EGP,,"model banner ""Start Price""",HIGH,model-level starting price (cheapest grade); grade not named on the page
changan_eg_web,1,gb_model_page@1,changan/cs55-plus,,https://changan.com.eg/en/model/cs55-plus/,"Tue, 29 Sep 2026 06:22:16 GMT",02b55bd89787143e6261a2a2f3093ee86ab0d22d5050cffa2722677fb798a2e7,cs55-plus,,,,transmission,7 DCT,,,,"spec table ""Transmission""",HIGH,spec table shows ONE unnamed configuration; grade-scoped unless confirmed model-wide
changan_eg_web,1,gb_model_page@1,changan/cs55-plus,,https://changan.com.eg/en/model/cs55-plus/,"Tue, 29 Sep 2026 06:22:16 GMT",02b55bd89787143e6261a2a2f3093ee86ab0d22d5050cffa2722677fb798a2e7,cs55-plus,,,,wheelbase_mm,"2,656",2656.0,mm,,"spec table ""Wheelbase""",HIGH,spec table shows ONE unnamed configuration; grade-scoped unless confirmed model-wide
changan_eg_web,1,gb_model_page@1,changan/cs55-plus,,https://changan.com.eg/en/model/cs55-plus/,"Tue, 29 Sep 2026 06:22:16 GMT",02b55bd89787143e6261a2a2f3093ee86ab0d22d5050cffa2722677fb798a2e7,cs55-plus,,,,length_mm,4515,4515.0,mm,,"spec table ""Length""",HIGH,spec table shows ONE unnamed configuration; grade-scoped unless confirmed model-wide
changan_eg_web,1,gb_model_page@1,changan/cs55-plus,,https://changan.com.eg/en/model/cs55-plus/,"Tue, 29 Sep 2026 06:22:16 GMT",02b55bd89787143e6261a2a2f3093ee86ab0d22d5050cffa2722677fb798a2e7,cs55-plus,,,,ground_clearance_mm,171,171.0,mm,,"spec table ""Ground Clearance (mm)""",HIGH,spec table shows ONE unnamed configuration; grade-scoped unless confirmed model-wide
changan_eg_web,1,gb_model_page@1,changan/cs55-plus,,https://changan.com.eg/en/model/cs55-plus/,"Tue, 29 Sep 2026 06:22:16 GMT",02b55bd89787143e6261a2a2f3093ee86ab0d22d5050cffa2722677fb798a2e7,cs55-plus,,,,fuel_tank_l,55,55.0,l,,"spec table ""Tank Capacity (L)""",HIGH,spec table shows ONE unnamed configuration; grade-scoped unless confirmed model-wide
changan_eg_web,1,gb_model_page@1,changan/cs55-plus,,https://changan.com.eg/en/model/cs55-plus/,"Tue, 29 Sep 2026 06:22:16 GMT",02b55bd89787143e6261a2a2f3093ee86ab0d22d5050cffa2722677fb798a2e7,cs55-plus,,,,engine,1.5-Liter,,,,"spec table ""Engine Capacity (L)""",HIGH,spec table shows ONE unnamed configuration; grade-scoped unless confirmed model-wide
changan_eg_web,1,gb_model_page@1,changan/cs55-plus,,https://changan.com.eg/en/model/cs55-plus/,"Tue, 29 Sep 2026 06:22:16 GMT",02b55bd89787143e6261a2a2f3093ee86ab0d22d5050cffa2722677fb798a2e7,cs55-plus,,,,power_hp,185 HP,185.0,hp,,"spec table ""POWER (HP/RPM)""",HIGH,spec table shows ONE unnamed configuration; grade-scoped unless confirmed model-wide
changan_eg_web,1,gb_model_page@1,changan/cs75-plus,,https://changan.com.eg/en/model/cs75/,"Tue, 29 Sep 2026 06:22:21 GMT",34a4013061d1d367dfe5de8ce64fc786df08775391b4783385716638a42177f2,cs75,,,,wheelbase_mm,2800,2800.0,mm,,"spec table ""Wheelbase""",HIGH,spec table shows ONE unnamed configuration; grade-scoped unless confirmed model-wide
changan_eg_web,1,gb_model_page@1,changan/cs75-plus,,https://changan.com.eg/en/model/cs75/,"Tue, 29 Sep 2026 06:22:21 GMT",34a4013061d1d367dfe5de8ce64fc786df08775391b4783385716638a42177f2,cs75,,,,length_mm,"4,770",4770.0,mm,,"spec table ""Length (mm)""",HIGH,spec table shows ONE unnamed configuration; grade-scoped unless confirmed model-wide
changan_eg_web,1,gb_model_page@1,changan/cs75-plus,,https://changan.com.eg/en/model/cs75/,"Tue, 29 Sep 2026 06:22:21 GMT",34a4013061d1d367dfe5de8ce64fc786df08775391b4783385716638a42177f2,cs75,,,,ground_clearance_mm,190,190.0,mm,,"spec table ""Ground Clearance (mm)""",HIGH,spec table shows ONE unnamed configuration; grade-scoped unless confirmed model-wide
changan_eg_web,1,gb_model_page@1,changan/cs75-plus,,https://changan.com.eg/en/model/cs75/,"Tue, 29 Sep 2026 06:22:21 GMT",34a4013061d1d367dfe5de8ce64fc786df08775391b4783385716638a42177f2,cs75,,,,fuel_tank_l,58,58.0,l,,"spec table ""Tank Capacity (L)""",HIGH,spec table shows ONE unnamed configuration; grade-scoped unless confirmed model-wide
changan_eg_web,1,gb_model_page@1,changan/cs75-plus,,https://changan.com.eg/en/model/cs75/,"Tue, 29 Sep 2026 06:22:21 GMT",34a4013061d1d367dfe5de8ce64fc786df08775391b4783385716638a42177f2,cs75,,,,engine,1.5T,,,,"spec table ""Engine Capacity (L)""",HIGH,spec table shows ONE unnamed configuration; grade-scoped unless confirmed model-wide
changan_eg_web,1,gb_model_page@1,changan/cs75-plus,,https://changan.com.eg/en/model/cs75/,"Tue, 29 Sep 2026 06:22:21 GMT",34a4013061d1d367dfe5de8ce64fc786df08775391b4783385716638a42177f2,cs75,,,,transmission,8 AT,,,,"spec table ""Transmission""",HIGH,spec table shows ONE unnamed configuration; grade-scoped unless confirmed model-wide
changan_eg_web,1,gb_model_page@1,changan/eado,,https://changan.com.eg/en/model/eado-2/,"Tue, 29 Sep 2026 06:22:26 GMT",802b37e1040601f9a07ec2c1279cd33ac27dc5f9ae1a3a3624bd683c5a2f1f19,eado-2,,,,transmission,7DCT-Wet,,,,"spec table ""Transmission""",HIGH,spec table shows ONE unnamed configuration; grade-scoped unless confirmed model-wide
changan_eg_web,1,gb_model_page@1,changan/eado,,https://changan.com.eg/en/model/eado-2/,"Tue, 29 Sep 2026 06:22:26 GMT",802b37e1040601f9a07ec2c1279cd33ac27dc5f9ae1a3a3624bd683c5a2f1f19,eado-2,,,,wheelbase_mm,2700,2700.0,mm,,"spec table ""Wheelbase""",HIGH,spec table shows ONE unnamed configuration; grade-scoped unless confirmed model-wide
changan_eg_web,1,gb_model_page@1,changan/eado,,https://changan.com.eg/en/model/eado-2/,"Tue, 29 Sep 2026 06:22:26 GMT",802b37e1040601f9a07ec2c1279cd33ac27dc5f9ae1a3a3624bd683c5a2f1f19,eado-2,,,,length_mm,"4,730",4730.0,mm,,"spec table ""Length (mm)""",HIGH,spec table shows ONE unnamed configuration; grade-scoped unless confirmed model-wide
changan_eg_web,1,gb_model_page@1,changan/eado,,https://changan.com.eg/en/model/eado-2/,"Tue, 29 Sep 2026 06:22:26 GMT",802b37e1040601f9a07ec2c1279cd33ac27dc5f9ae1a3a3624bd683c5a2f1f19,eado-2,,,,ground_clearance_mm,155,155.0,mm,,"spec table ""Ground Clearance (mm)""",HIGH,spec table shows ONE unnamed configuration; grade-scoped unless confirmed model-wide
changan_eg_web,1,gb_model_page@1,changan/eado,,https://changan.com.eg/en/model/eado-2/,"Tue, 29 Sep 2026 06:22:26 GMT",802b37e1040601f9a07ec2c1279cd33ac27dc5f9ae1a3a3624bd683c5a2f1f19,eado-2,,,,fuel_tank_l,53,53.0,l,,"spec table ""Tank Capacity (L)""",HIGH,spec table shows ONE unnamed configuration; grade-scoped unless confirmed model-wide
changan_eg_web,1,gb_model_page@1,changan/eado,,https://changan.com.eg/en/model/eado-2/,"Tue, 29 Sep 2026 06:22:26 GMT",802b37e1040601f9a07ec2c1279cd33ac27dc5f9ae1a3a3624bd683c5a2f1f19,eado-2,,,,engine,1.5L,,,,"spec table ""Engine Capacity (L)""",HIGH,spec table shows ONE unnamed configuration; grade-scoped unless confirmed model-wide
changan_eg_web,1,gb_model_page@1,changan/eado-plus,,https://changan.com.eg/en/model/eado-plus/,"Tue, 29 Sep 2026 06:22:31 GMT",a8636777ab6a3d3fb87a14b30cc502e42367bb3e700dd54e1541cfd3d68e6485,eado-plus,,,,price_from_official_egp,"EGP 999,900 EGP",999900.0,EGP,,"model banner ""Start Price""",HIGH,model-level starting price (cheapest grade); grade not named on the page
changan_eg_web,1,gb_model_page@1,changan/eado-plus,,https://changan.com.eg/en/model/eado-plus/,"Tue, 29 Sep 2026 06:22:31 GMT",a8636777ab6a3d3fb87a14b30cc502e42367bb3e700dd54e1541cfd3d68e6485,eado-plus,,,,transmission,7 DCT,,,,"spec table ""Transmission""",HIGH,spec table shows ONE unnamed configuration; grade-scoped unless confirmed model-wide
changan_eg_web,1,gb_model_page@1,changan/eado-plus,,https://changan.com.eg/en/model/eado-plus/,"Tue, 29 Sep 2026 06:22:31 GMT",a8636777ab6a3d3fb87a14b30cc502e42367bb3e700dd54e1541cfd3d68e6485,eado-plus,,,,wheelbase_mm,"2,765",2765.0,mm,,"spec table ""Wheelbase""",HIGH,spec table shows ONE unnamed configuration; grade-scoped unless confirmed model-wide
changan_eg_web,1,gb_model_page@1,changan/eado-plus,,https://changan.com.eg/en/model/eado-plus/,"Tue, 29 Sep 2026 06:22:31 GMT",a8636777ab6a3d3fb87a14b30cc502e42367bb3e700dd54e1541cfd3d68e6485,eado-plus,,,,length_mm,"4,770",4770.0,mm,,"spec table ""Length""",HIGH,spec table shows ONE unnamed configuration; grade-scoped unless confirmed model-wide
changan_eg_web,1,gb_model_page@1,changan/eado-plus,,https://changan.com.eg/en/model/eado-plus/,"Tue, 29 Sep 2026 06:22:31 GMT",a8636777ab6a3d3fb87a14b30cc502e42367bb3e700dd54e1541cfd3d68e6485,eado-plus,,,,engine,1.5T,,,,"spec table ""Engine Capacity (L)""",HIGH,spec table shows ONE unnamed configuration; grade-scoped unless confirmed model-wide
changan_eg_web,1,gb_model_page@1,changan/eado-plus,,https://changan.com.eg/en/model/eado-plus/,"Tue, 29 Sep 2026 06:22:31 GMT",a8636777ab6a3d3fb87a14b30cc502e42367bb3e700dd54e1541cfd3d68e6485,eado-plus,,,,power_hp,178 / 5500,178.0,hp,,"spec table ""POWER (HP/RPM)""",HIGH,spec table shows ONE unnamed configuration; grade-scoped unless confirmed model-wide
changan_eg_web,1,gb_model_page@1,changan/uni-t,,https://changan.com.eg/en/model/uni-t/,"Tue, 29 Sep 2026 06:22:37 GMT",3f591917a58caa28a0acb6bad0ff6a9510c18ea545c6c758ce8929811c7f73ae,uni-t,,,,transmission,7-Speed DCT,,,,"spec table ""Transmission""",HIGH,spec table shows ONE unnamed configuration; grade-scoped unless confirmed model-wide
changan_eg_web,1,gb_model_page@1,changan/uni-t,,https://changan.com.eg/en/model/uni-t/,"Tue, 29 Sep 2026 06:22:37 GMT",3f591917a58caa28a0acb6bad0ff6a9510c18ea545c6c758ce8929811c7f73ae,uni-t,,,,wheelbase_mm,"2,710 MM",2710.0,mm,,"spec table ""Wheelbase""",HIGH,spec table shows ONE unnamed configuration; grade-scoped unless confirmed model-wide
changan_eg_web,1,gb_model_page@1,changan/uni-t,,https://changan.com.eg/en/model/uni-t/,"Tue, 29 Sep 2026 06:22:37 GMT",3f591917a58caa28a0acb6bad0ff6a9510c18ea545c6c758ce8929811c7f73ae,uni-t,,,,length_mm,"4,515",4515.0,mm,,"spec table ""Length (mm)""",HIGH,spec table shows ONE unnamed configuration; grade-scoped unless confirmed model-wide
changan_eg_web,1,gb_model_page@1,changan/uni-t,,https://changan.com.eg/en/model/uni-t/,"Tue, 29 Sep 2026 06:22:37 GMT",3f591917a58caa28a0acb6bad0ff6a9510c18ea545c6c758ce8929811c7f73ae,uni-t,,,,fuel_tank_l,55,55.0,l,,"spec table ""Tank Capacity (L)""",HIGH,spec table shows ONE unnamed configuration; grade-scoped unless confirmed model-wide
changan_eg_web,1,gb_model_page@1,changan/uni-t,,https://changan.com.eg/en/model/uni-t/,"Tue, 29 Sep 2026 06:22:37 GMT",3f591917a58caa28a0acb6bad0ff6a9510c18ea545c6c758ce8929811c7f73ae,uni-t,,,,engine,1.5L Turbo,,,,"spec table ""Engine Capacity (L)""",HIGH,spec table shows ONE unnamed configuration; grade-scoped unless confirmed model-wide
changan_eg_web,1,gb_model_page@1,changan/uni-v,,https://changan.com.eg/en/model/uni-v/,"Tue, 29 Sep 2026 06:22:42 GMT",55519e9fed4dcfe0197de274d0a6f705621bf715f6e080bf847cc7bf410b6386,uni-v,,,,transmission,7-Speed DCT,,,,"spec table ""Transmission""",HIGH,spec table shows ONE unnamed configuration; grade-scoped unless confirmed model-wide
changan_eg_web,1,gb_model_page@1,changan/uni-v,,https://changan.com.eg/en/model/uni-v/,"Tue, 29 Sep 2026 06:22:42 GMT",55519e9fed4dcfe0197de274d0a6f705621bf715f6e080bf847cc7bf410b6386,uni-v,,,,wheelbase_mm,"2,750",2750.0,mm,,"spec table ""Wheelbase""",HIGH,spec table shows ONE unnamed configuration; grade-scoped unless confirmed model-wide
changan_eg_web,1,gb_model_page@1,changan/uni-v,,https://changan.com.eg/en/model/uni-v/,"Tue, 29 Sep 2026 06:22:42 GMT",55519e9fed4dcfe0197de274d0a6f705621bf715f6e080bf847cc7bf410b6386,uni-v,,,,ground_clearance_mm,152,152.0,mm,,"spec table ""Ground Clearance (mm)""",HIGH,spec table shows ONE unnamed configuration; grade-scoped unless confirmed model-wide
changan_eg_web,1,gb_model_page@1,changan/uni-v,,https://changan.com.eg/en/model/uni-v/,"Tue, 29 Sep 2026 06:22:42 GMT",55519e9fed4dcfe0197de274d0a6f705621bf715f6e080bf847cc7bf410b6386,uni-v,,,,fuel_tank_l,51,51.0,l,,"spec table ""Tank Capacity (L)""",HIGH,spec table shows ONE unnamed configuration; grade-scoped unless confirmed model-wide
toyota_eg_web,1,toyota_page_state@1,toyota/corolla,,https://toyota.com.eg/en/models/corolla,"Tue, 29 Sep 2026 06:22:47 GMT",0cc1a44dbf4d439f1795d9962cacae7d17f12772fb58f53a8e55f4627841c766,corolla,3,Active M/T,2026,price_official_egp,740000,740000.0,EGP,,__PAGE_STATE__.vehicle_model.vehicleCategories[id=3].price,MEDIUM,grade has no erp_id (legacy/unsold grade still published)
toyota_eg_web,1,toyota_page_state@1,toyota/corolla,,https://toyota.com.eg/en/models/corolla,"Tue, 29 Sep 2026 06:22:47 GMT",0cc1a44dbf4d439f1795d9962cacae7d17f12772fb58f53a8e55f4627841c766,corolla,76,Active,2026,price_official_egp,1280000,1280000.0,EGP,,__PAGE_STATE__.vehicle_model.vehicleCategories[id=76].price,HIGH,
toyota_eg_web,1,toyota_page_state@1,toyota/corolla,,https://toyota.com.eg/en/models/corolla,"Tue, 29 Sep 2026 06:22:47 GMT",0cc1a44dbf4d439f1795d9962cacae7d17f12772fb58f53a8e55f4627841c766,corolla,78,Comfort,2026,price_official_egp,1380000,1380000.0,EGP,,__PAGE_STATE__.vehicle_model.vehicleCategories[id=78].price,HIGH,
toyota_eg_web,1,toyota_page_state@1,toyota/corolla,,https://toyota.com.eg/en/models/corolla,"Tue, 29 Sep 2026 06:22:47 GMT",0cc1a44dbf4d439f1795d9962cacae7d17f12772fb58f53a8e55f4627841c766,corolla,80,Smart,2026,price_official_egp,1480000,1480000.0,EGP,,__PAGE_STATE__.vehicle_model.vehicleCategories[id=80].price,HIGH,
toyota_eg_web,1,toyota_page_state@1,toyota/corolla,,https://toyota.com.eg/en/models/corolla,"Tue, 29 Sep 2026 06:22:47 GMT",0cc1a44dbf4d439f1795d9962cacae7d17f12772fb58f53a8e55f4627841c766,corolla,81,Smart with Sunroof,2026,price_official_egp,1580000,1580000.0,EGP,,__PAGE_STATE__.vehicle_model.vehicleCategories[id=81].price,HIGH,
toyota_eg_web,1,toyota_page_state@1,toyota/corolla,,https://toyota.com.eg/en/models/corolla,"Tue, 29 Sep 2026 06:22:47 GMT",0cc1a44dbf4d439f1795d9962cacae7d17f12772fb58f53a8e55f4627841c766,corolla,82,GR,2026,price_official_egp,900000,900000.0,EGP,,__PAGE_STATE__.vehicle_model.vehicleCategories[id=82].price,MEDIUM,grade has no erp_id (legacy/unsold grade still published)
toyota_eg_web,1,toyota_page_state@1,toyota/corolla,,https://toyota.com.eg/en/models/corolla,"Tue, 29 Sep 2026 06:22:47 GMT",0cc1a44dbf4d439f1795d9962cacae7d17f12772fb58f53a8e55f4627841c766,corolla,83,Elegance,2026,price_official_egp,1630000,1630000.0,EGP,,__PAGE_STATE__.vehicle_model.vehicleCategories[id=83].price,HIGH,
toyota_eg_web,1,toyota_page_state@1,toyota/corolla,,https://toyota.com.eg/en/models/corolla,"Tue, 29 Sep 2026 06:22:47 GMT",0cc1a44dbf4d439f1795d9962cacae7d17f12772fb58f53a8e55f4627841c766,corolla,,,2026,power_hp,120 HP/ 6000 RPM,120.0,hp,,__PAGE_STATE__.vehicle_model.horse_power,HIGH,model headline figure; grade-scoped unless confirmed model-wide
toyota_eg_web,1,toyota_page_state@1,toyota/corolla,,https://toyota.com.eg/en/models/toyota-corolla-hybrid,"Tue, 29 Sep 2026 06:22:49 GMT",9f8f14c243070bb27c5832deb4e686ba574475ce39de7ec593e22181db20f4cb,toyota-corolla-hybrid,85,Hybrid HEV,2026,price_official_egp,None,,EGP,,__PAGE_STATE__.vehicle_model.vehicleCategories[id=85].price,HIGH,page variant: Corolla Hybrid
toyota_eg_web,1,toyota_page_state@1,toyota/corolla,,https://toyota.com.eg/en/models/toyota-corolla-hybrid,"Tue, 29 Sep 2026 06:22:49 GMT",9f8f14c243070bb27c5832deb4e686ba574475ce39de7ec593e22181db20f4cb,toyota-corolla-hybrid,,,2026,power_hp,96 HP(Engine) & 93 HP(HEV Motor),96.0,hp,,__PAGE_STATE__.vehicle_model.horse_power,HIGH,model headline figure; grade-scoped unless confirmed model-wide; page variant: Corolla Hybrid
toyota_eg_web,1,toyota_page_state@1,toyota/fortuner,,https://toyota.com.eg/en/models/toyota-fortuner,"Tue, 29 Sep 2026 06:22:50 GMT",85173207f0c68df20fb7ee4dcd092d5108e2bc979b565d5fe475aea31b419d93,toyota-fortuner,114,Fortuner Sport,2026,price_official_egp,3700000,3700000.0,EGP,,__PAGE_STATE__.vehicle_model.vehicleCategories[id=114].price,MEDIUM,grade has no erp_id (legacy/unsold grade still published)
toyota_eg_web,1,toyota_page_state@1,toyota/urban-cruiser,,https://toyota.com.eg/en/models/urban-cruiser,"Tue, 29 Sep 2026 06:22:52 GMT",22638edb0352e8c779f27d0c167a5651363b6546e4d0ecfd6ee78ea1c346282d,urban-cruiser,116,Active,2026,price_official_egp,1430000,1430000.0,EGP,,__PAGE_STATE__.vehicle_model.vehicleCategories[id=116].price,HIGH,
toyota_eg_web,1,toyota_page_state@1,toyota/urban-cruiser,,https://toyota.com.eg/en/models/urban-cruiser,"Tue, 29 Sep 2026 06:22:52 GMT",22638edb0352e8c779f27d0c167a5651363b6546e4d0ecfd6ee78ea1c346282d,urban-cruiser,117,Comfort,2026,price_official_egp,1530000,1530000.0,EGP,,__PAGE_STATE__.vehicle_model.vehicleCategories[id=117].price,HIGH,
toyota_eg_web,1,toyota_page_state@1,toyota/bz4x,,https://toyota.com.eg/en/models/toyota-b-z-4-x,"Tue, 29 Sep 2026 06:22:54 GMT",04fd3d206b32d1b8a296cd836435d243af9a6e6c3885af8def5cb1d4245d55b5,toyota-b-z-4-x,122,Toyota BZ4X Sport,2026,price_official_egp,2200000,2200000.0,EGP,,__PAGE_STATE__.vehicle_model.vehicleCategories[id=122].price,MEDIUM,grade has no erp_id (legacy/unsold grade still published)
toyota_eg_web,1,toyota_page_state@1,toyota/bz4x,,https://toyota.com.eg/en/models/toyota-b-z-4-x,"Tue, 29 Sep 2026 06:22:54 GMT",04fd3d206b32d1b8a296cd836435d243af9a6e6c3885af8def5cb1d4245d55b5,toyota-b-z-4-x,123,Toyota BZ4X Premier,2026,price_official_egp,2380000,2380000.0,EGP,,__PAGE_STATE__.vehicle_model.vehicleCategories[id=123].price,MEDIUM,grade has no erp_id (legacy/unsold grade still published)
toyota_eg_web,1,toyota_page_state@1,,,https://toyota.com.eg/en/models/toyota-rav4,"Tue, 29 Sep 2026 06:22:56 GMT",6bc322d7bf25e1783182ba4f3599d6bcbdaa4514923f891f071f3428716d14a7,toyota-rav4,93,Full Options,2021,price_official_egp,None,,EGP,,__PAGE_STATE__.vehicle_model.vehicleCategories[id=93].price,MEDIUM,grade has no erp_id (legacy/unsold grade still published)
toyota_eg_web,1,toyota_page_state@1,,,https://toyota.com.eg/en/models/toyota-rav4,"Tue, 29 Sep 2026 06:22:56 GMT",6bc322d7bf25e1783182ba4f3599d6bcbdaa4514923f891f071f3428716d14a7,toyota-rav4,,,2021,power_hp,203 HP/6600 RPM,203.0,hp,,__PAGE_STATE__.vehicle_model.horse_power,HIGH,model headline figure; grade-scoped unless confirmed model-wide
toyota_eg_web,1,toyota_page_state@1,,,https://toyota.com.eg/en/models/toyota-landcruiser-prado,"Tue, 29 Sep 2026 06:22:58 GMT",f0a2a3335a8a9931a9b6ae647be024cd3b64d056ff08705923923ecec35e69e3,toyota-landcruiser-prado,92,Adventure,2024,price_official_egp,None,,EGP,,__PAGE_STATE__.vehicle_model.vehicleCategories[id=92].price,HIGH,
toyota_eg_web,1,toyota_page_state@1,,,https://toyota.com.eg/en/models/toyota-landcruiser-prado,"Tue, 29 Sep 2026 06:22:58 GMT",f0a2a3335a8a9931a9b6ae647be024cd3b64d056ff08705923923ecec35e69e3,toyota-landcruiser-prado,118,All Rounder,2024,price_official_egp,None,,EGP,,__PAGE_STATE__.vehicle_model.vehicleCategories[id=118].price,HIGH,
toyota_eg_web,1,toyota_page_state@1,,,https://toyota.com.eg/en/models/toyota-landcruiser-prado,"Tue, 29 Sep 2026 06:22:58 GMT",f0a2a3335a8a9931a9b6ae647be024cd3b64d056ff08705923923ecec35e69e3,toyota-landcruiser-prado,,,2024,power_hp,270 HP/ 5600 RPM,270.0,hp,,__PAGE_STATE__.vehicle_model.horse_power,HIGH,model headline figure; grade-scoped unless confirmed model-wide
toyota_eg_web,1,toyota_page_state@1,,,https://toyota.com.eg/en/models/toyota-camry,"Tue, 29 Sep 2026 06:23:00 GMT",ff4ee7c39abfc89d24580e3a9e207cfdcd3851b771ad9bb79af2bd597a0c4c07,toyota-camry,87,High Line,2021,price_official_egp,None,,EGP,,__PAGE_STATE__.vehicle_model.vehicleCategories[id=87].price,HIGH,
toyota_eg_web,1,toyota_page_state@1,,,https://toyota.com.eg/en/models/toyota-camry,"Tue, 29 Sep 2026 06:23:00 GMT",ff4ee7c39abfc89d24580e3a9e207cfdcd3851b771ad9bb79af2bd597a0c4c07,toyota-camry,,,2021,power_hp,178 HP / 6000 RPM,178.0,hp,,__PAGE_STATE__.vehicle_model.horse_power,HIGH,model headline figure; grade-scoped unless confirmed model-wide
kia_eg_web,1,kia_versions@1,kia/k4,,https://kia.com.eg/models/The_K4,"Tue, 29 Sep 2026 06:23:02 GMT",173ebb44c8600c63ce058944e2f5814eca08069b8af8e37c05f706c6b68c4ce5,The_K4,Highline,Highline,,price_official_egp,"EGP 1,499,900",1499900.0,EGP,,"""The K4 Versions"" / ""Highline""",HIGH,site marks this version Out of stock
kia_eg_web,1,kia_versions@1,kia/k4,,https://kia.com.eg/models/The_K4,"Tue, 29 Sep 2026 06:23:02 GMT",173ebb44c8600c63ce058944e2f5814eca08069b8af8e37c05f706c6b68c4ce5,The_K4,GT,GT,,price_official_egp,"EGP 1,699,900",1699900.0,EGP,,"""The K4 Versions"" / ""GT""",HIGH,site marks this version Out of stock
kia_eg_web,1,kia_versions@1,kia/k4,,https://kia.com.eg/models/The_K4,"Tue, 29 Sep 2026 06:23:02 GMT",173ebb44c8600c63ce058944e2f5814eca08069b8af8e37c05f706c6b68c4ce5,The_K4,GT-line Black Edition,GT-line Black Edition,,price_official_egp,"EGP 1,849,900",1849900.0,EGP,,"""The K4 Versions"" / ""GT-line Black Edition""",HIGH,site marks this version Out of stock
kia_eg_web,1,kia_versions@1,kia/seltos,,https://kia.com.eg/models/The_Seltos,"Tue, 29 Sep 2026 06:23:04 GMT",e023ba091b60cba8ec958f52e43e6f5636895784166a3968ad95b46cc21eeccc,The_Seltos,EX,EX,,price_official_egp,"EGP 1,349,900",1349900.0,EGP,,"""The Seltos Versions"" / ""EX""",HIGH,site marks this version Out of stock
kia_eg_web,1,kia_versions@1,kia/seltos,,https://kia.com.eg/models/The_Seltos,"Tue, 29 Sep 2026 06:23:04 GMT",e023ba091b60cba8ec958f52e43e6f5636895784166a3968ad95b46cc21eeccc,The_Seltos,HL-Turbo,HL-Turbo,,price_official_egp,"EGP 1,499,900",1499900.0,EGP,,"""The Seltos Versions"" / ""HL-Turbo""",HIGH,site marks this version Out of stock
kia_eg_web,1,kia_versions@1,kia/seltos,,https://kia.com.eg/models/The_Seltos,"Tue, 29 Sep 2026 06:23:04 GMT",e023ba091b60cba8ec958f52e43e6f5636895784166a3968ad95b46cc21eeccc,The_Seltos,TL-Turbo,TL-Turbo,,price_official_egp,"EGP 1,624,900",1624900.0,EGP,,"""The Seltos Versions"" / ""TL-Turbo""",HIGH,site marks this version Out of stock
kia_eg_web,1,kia_versions@1,kia/sportage,,https://kia.com.eg/models/The_Sportage,"Tue, 29 Sep 2026 06:23:07 GMT",6f0675d7675879b5a46a364fe95c91e0ec79a9b5457bfceaac6237a67cf8e983,The_Sportage,LX,LX,,price_official_egp,"EGP 1,824,900",1824900.0,EGP,,"""The Sportage Versions"" / ""LX""",HIGH,site marks this version Out of stock
kia_eg_web,1,kia_versions@1,kia/sportage,,https://kia.com.eg/models/The_Sportage,"Tue, 29 Sep 2026 06:23:07 GMT",6f0675d7675879b5a46a364fe95c91e0ec79a9b5457bfceaac6237a67cf8e983,The_Sportage,EX,EX,,price_official_egp,"EGP 1,924,900",1924900.0,EGP,,"""The Sportage Versions"" / ""EX""",HIGH,site marks this version Out of stock
kia_eg_web,1,kia_versions@1,kia/sportage,,https://kia.com.eg/models/The_Sportage,"Tue, 29 Sep 2026 06:23:07 GMT",6f0675d7675879b5a46a364fe95c91e0ec79a9b5457bfceaac6237a67cf8e983,The_Sportage,Highline,Highline,,price_official_egp,"EGP 2,074,900",2074900.0,EGP,,"""The Sportage Versions"" / ""Highline""",HIGH,site marks this version Out of stock
kia_eg_web,1,kia_versions@1,kia/sportage,,https://kia.com.eg/models/The_Sportage,"Tue, 29 Sep 2026 06:23:07 GMT",6f0675d7675879b5a46a364fe95c91e0ec79a9b5457bfceaac6237a67cf8e983,The_Sportage,Premium,Premium,,price_official_egp,"EGP 2,299,900",2299900.0,EGP,,"""The Sportage Versions"" / ""Premium""",HIGH,site marks this version Out of stock
kia_eg_web,1,kia_versions@1,kia/sportage,,https://kia.com.eg/models/The_Sportage,"Tue, 29 Sep 2026 06:23:07 GMT",6f0675d7675879b5a46a364fe95c91e0ec79a9b5457bfceaac6237a67cf8e983,The_Sportage,GT-line,GT-line,,price_official_egp,"EGP 2,399,900",2399900.0,EGP,,"""The Sportage Versions"" / ""GT-line""",HIGH,site marks this version Out of stock
kia_eg_web,1,kia_versions@1,kia/sorento,,https://kia.com.eg/models/The_Sorento,"Tue, 29 Sep 2026 06:23:10 GMT",2ac01a66ecf9769e2f2975484457141911753fb875b1cb27b6b3eff3c419c3c9,The_Sorento,Topline,Topline,,price_official_egp,,,EGP,,"""The Sorento Versions"" / ""Topline""",HIGH,site marks this version Out of stock; version listed without price (NOT_PUBLISHED)
kia_eg_web,1,kia_versions@1,,,https://kia.com.eg/models/The_Carnival,"Tue, 29 Sep 2026 06:23:12 GMT",1f69a02ce41a09b831a68e537c4e70a9cfd7435136851186bdd09632d324b787,The_Carnival,Topline,Topline,,price_official_egp,,,EGP,,"""The Carnival Versions"" / ""Topline""",HIGH,site marks this version Out of stock; version listed without price (NOT_PUBLISHED)
kia_eg_web,1,kia_versions@1,kia/ev3,,https://kia.com.eg/kia-ev3,"Tue, 29 Sep 2026 06:23:15 GMT",d8f46fa95002d68de25191ccc744694d8f5a68cc672b19e50cdc610d8b3417c3,kia-ev3,Air,Air,,price_official_egp,"Air (1,400,000 EGP)",1400000.0,EGP,,"trim list ""Air (1,400,000 EGP)""",HIGH,
kia_eg_web,1,kia_versions@1,kia/ev3,,https://kia.com.eg/kia-ev3,"Tue, 29 Sep 2026 06:23:15 GMT",d8f46fa95002d68de25191ccc744694d8f5a68cc672b19e50cdc610d8b3417c3,kia-ev3,Earth,Earth,,price_official_egp,"Earth (1,800,000 EGP)",1800000.0,EGP,,"trim list ""Earth (1,800,000 EGP)""",HIGH,
kia_eg_web,1,kia_versions@1,kia/ev3,,https://kia.com.eg/kia-ev3,"Tue, 29 Sep 2026 06:23:15 GMT",d8f46fa95002d68de25191ccc744694d8f5a68cc672b19e50cdc610d8b3417c3,kia-ev3,GT-Line,GT-Line,,price_official_egp,"GT-Line (2,050,000 EGP)",2050000.0,EGP,,"trim list ""GT-Line (2,050,000 EGP)""",HIGH,
kia_eg_web,1,kia_versions@1,kia/ev5,,https://kia.com.eg/kia-ev5,"Tue, 29 Sep 2026 06:23:18 GMT",38fd3c4842c48367aea2bff5e361429560f4942a319fe7ab5ef139a4d6f237b9,kia-ev5,Air,Air,,price_official_egp,"Air (2,050,000 EGP)",2050000.0,EGP,,"trim list ""Air (2,050,000 EGP)""",HIGH,
kia_eg_web,1,kia_versions@1,kia/ev5,,https://kia.com.eg/kia-ev5,"Tue, 29 Sep 2026 06:23:18 GMT",38fd3c4842c48367aea2bff5e361429560f4942a319fe7ab5ef139a4d6f237b9,kia-ev5,Earth,Earth,,price_official_egp,"Earth (2,300,000 EGP)",2300000.0,EGP,,"trim list ""Earth (2,300,000 EGP)""",HIGH,
kia_eg_web,1,kia_versions@1,kia/ev5,,https://kia.com.eg/kia-ev5,"Tue, 29 Sep 2026 06:23:18 GMT",38fd3c4842c48367aea2bff5e361429560f4942a319fe7ab5ef139a4d6f237b9,kia-ev5,GT-line,GT-line,,price_official_egp,"GT-line (2,550,000 EGP)",2550000.0,EGP,,"trim list ""GT-line (2,550,000 EGP)""",HIGH,
kia_eg_web,1,kia_versions@1,kia/ev6,,https://kia.com.eg/kia-ev6,"Tue, 29 Sep 2026 06:23:21 GMT",37a4b7e431930b324785bcb36a2daf17dbcb6f9b4c52876c73f6e5f1b0feecff,kia-ev6,Earth,Earth,,price_official_egp,"Earth (2,300,000 EGP)",2300000.0,EGP,,"trim list ""Earth (2,300,000 EGP)""",HIGH,
kia_eg_web,1,kia_versions@1,kia/ev6,,https://kia.com.eg/kia-ev6,"Tue, 29 Sep 2026 06:23:21 GMT",37a4b7e431930b324785bcb36a2daf17dbcb6f9b4c52876c73f6e5f1b0feecff,kia-ev6,GT-Line,GT-Line,,price_official_egp,"GT-Line (2,550,000 EGP)",2550000.0,EGP,,"trim list ""GT-Line (2,550,000 EGP)""",HIGH,
kia_eg_web,1,kia_versions@1,kia/ev6,,https://kia.com.eg/kia-ev6,"Tue, 29 Sep 2026 06:23:21 GMT",37a4b7e431930b324785bcb36a2daf17dbcb6f9b4c52876c73f6e5f1b0feecff,kia-ev6,All new GT,All new GT,,price_official_egp,"All new GT (3,000,000 EGP)",3000000.0,EGP,,"trim list ""All new GT (3,000,000 EGP)""",HIGH,
kia_eg_web,1,kia_versions@1,kia/ev9,,https://kia.com.eg/kia-ev9,"Tue, 29 Sep 2026 06:23:24 GMT",8624ef6c70674b1af5fe73900795f92ee05bd7c7687256cc99b57c8fd15f0449,kia-ev9,GT-line 7 Seats,GT-line 7 Seats,,price_official_egp,"GT-line 7 Seats (3,700,000 EGP)",3700000.0,EGP,,"trim list ""GT-line 7 Seats (3,700,000 EGP)""",HIGH,
kia_eg_web,1,kia_versions@1,kia/ev9,,https://kia.com.eg/kia-ev9,"Tue, 29 Sep 2026 06:23:24 GMT",8624ef6c70674b1af5fe73900795f92ee05bd7c7687256cc99b57c8fd15f0449,kia-ev9,GT-line 6 Seats Swivilling,GT-line 6 Seats Swivilling,,price_official_egp,"GT-line 6 Seats Swivilling (3,750,000 EGP)",3750000.0,EGP,,"trim list ""GT-line 6 Seats Swivilling (3,750,000 EGP)""",HIGH,
kia_eg_web,1,kia_versions@1,kia/ev9,,https://kia.com.eg/kia-ev9,"Tue, 29 Sep 2026 06:23:24 GMT",8624ef6c70674b1af5fe73900795f92ee05bd7c7687256cc99b57c8fd15f0449,kia-ev9,GT-line 6 Seats Relaxing,GT-line 6 Seats Relaxing,,price_official_egp,"GT-line 6 Seats Relaxing (3,800,000 EGP)",3800000.0,EGP,,"trim list ""GT-line 6 Seats Relaxing (3,800,000 EGP)""",HIGH,
chevrolet_eg_web,1,chevrolet_nav_prices@1,chevrolet/captiva,,https://www.chevroletarabia.com/eg-ar/cars/optra,"Tue, 29 Sep 2026 06:23:26 GMT",fba30d704e05f0424d3ef41ff1afb3b0dc9680580332fc56abf11353bc8f28d1,كابتيفا,,,,price_from_official_egp,"من 1,400,000 ج.م.",1400000.0,EGP,,"nav card ""كابتيفا""",HIGH,model-level 'from' price (cheapest version); versions not named
chevrolet_eg_web,1,chevrolet_nav_prices@1,chevrolet/optra,,https://www.chevroletarabia.com/eg-ar/cars/optra,"Tue, 29 Sep 2026 06:23:26 GMT",fba30d704e05f0424d3ef41ff1afb3b0dc9680580332fc56abf11353bc8f28d1,أوبترا,,,,price_from_official_egp,"من 764,900 ج.م.",764900.0,EGP,,"nav card ""أوبترا""",HIGH,model-level 'from' price (cheapest version); versions not named
chevrolet_eg_web,1,chevrolet_nav_prices@1,chevrolet/spark-ev,,https://www.chevroletarabia.com/eg-ar/cars/optra,"Tue, 29 Sep 2026 06:23:26 GMT",fba30d704e05f0424d3ef41ff1afb3b0dc9680580332fc56abf11353bc8f28d1,EUV,,,,price_from_official_egp,"من 950,000 ج.م.",950000.0,EGP,,"nav card ""EUV""",HIGH,model-level 'from' price (cheapest version); versions not named
chevrolet_eg_web,1,chevrolet_nav_prices@1,chevrolet/captiva-ev,,https://www.chevroletarabia.com/eg-ar/cars/optra,"Tue, 29 Sep 2026 06:23:26 GMT",fba30d704e05f0424d3ef41ff1afb3b0dc9680580332fc56abf11353bc8f28d1,كابتيفا الكهربائية الجديدة كلياً,,,,price_from_official_egp,"من 1,399,000 ج.م.",1399000.0,EGP,,"nav card ""كابتيفا الكهربائية الجديدة كلياً""",HIGH,model-level 'from' price (cheapest version); versions not named
skoda_eg_web,1,skoda_pricelist_json@1,skoda/kodiaq,,https://www.skoda-egypt.com/models/kodiaq/kodiaq/the-kodiaq-pricelist,"Tue, 29 Sep 2026 06:23:28 GMT",d2dda111d3e91245a76014bb875778cb3c50c236738f4595c92181c7cde9477d,kodiaq,Selection,Selection,,price_official_egp,"129,500.00",129500.0,EGP,,"price list JSON engines[fuel=petrolHybrid].equipmentPrices.""Selection"".priceFrom",LOW,"IMPLAUSIBLE: below EGP 300,000 floor, likely placeholder/stale"
skoda_eg_web,1,skoda_pricelist_json@1,skoda/kodiaq,,https://www.skoda-egypt.com/models/kodiaq/kodiaq/the-kodiaq-pricelist,"Tue, 29 Sep 2026 06:23:28 GMT",d2dda111d3e91245a76014bb875778cb3c50c236738f4595c92181c7cde9477d,kodiaq,Selection Plus,Selection Plus,,price_official_egp,"129,500.00",129500.0,EGP,,"price list JSON engines[fuel=petrolHybrid].equipmentPrices.""Selection Plus"".priceFrom",LOW,"IMPLAUSIBLE: below EGP 300,000 floor, likely placeholder/stale"
skoda_eg_web,1,skoda_pricelist_json@1,skoda/kodiaq,,https://www.skoda-egypt.com/models/kodiaq/kodiaq/the-kodiaq-pricelist,"Tue, 29 Sep 2026 06:23:28 GMT",d2dda111d3e91245a76014bb875778cb3c50c236738f4595c92181c7cde9477d,kodiaq,Sportline,Sportline,,price_official_egp,"172,000.00",172000.0,EGP,,"price list JSON engines[fuel=petrolHybrid].equipmentPrices.""Sportline"".priceFrom",LOW,"IMPLAUSIBLE: below EGP 300,000 floor, likely placeholder/stale"
skoda_eg_web,1,skoda_pricelist_json@1,skoda/octavia,,https://www.skoda-egypt.com/models/octavia/octavia/octavia-pricelist,"Tue, 29 Sep 2026 06:23:30 GMT",83df4d3bc7201502b0f73b0579603416c62494f30d94e6d02a85e7ebf51bfd1f,octavia,Loft,Loft,,price_official_egp,,,EGP,,"price list JSON engines[fuel=benzine].equipmentPrices.""Loft"".priceFrom",HIGH,
skoda_eg_web,1,skoda_pricelist_json@1,skoda/octavia,,https://www.skoda-egypt.com/models/octavia/octavia/octavia-pricelist,"Tue, 29 Sep 2026 06:23:30 GMT",83df4d3bc7201502b0f73b0579603416c62494f30d94e6d02a85e7ebf51bfd1f,octavia,Lounge,Lounge,,price_official_egp,"614,900.00",614900.0,EGP,,"price list JSON engines[fuel=benzine].equipmentPrices.""Lounge"".priceFrom",HIGH,
skoda_eg_web,1,skoda_pricelist_json@1,skoda/octavia,,https://www.skoda-egypt.com/models/octavia/octavia/octavia-pricelist,"Tue, 29 Sep 2026 06:23:30 GMT",83df4d3bc7201502b0f73b0579603416c62494f30d94e6d02a85e7ebf51bfd1f,octavia,Sportline,Sportline,,price_official_egp,"614,900.00",614900.0,EGP,,"price list JSON engines[fuel=benzine].equipmentPrices.""Sportline"".priceFrom",HIGH,
skoda_eg_web,1,skoda_pricelist_json@1,skoda/octavia,,https://www.skoda-egypt.com/models/octavia/octavia/octavia-pricelist,"Tue, 29 Sep 2026 06:23:30 GMT",83df4d3bc7201502b0f73b0579603416c62494f30d94e6d02a85e7ebf51bfd1f,octavia,Suite,Suite,,price_official_egp,"614,900.00",614900.0,EGP,,"price list JSON engines[fuel=benzine].equipmentPrices.""Suite"".priceFrom",HIGH,
jetour_eg_web,1,jetour_model_page@1,jetour/t1,,https://jetouregypt.com/models/T1/,"Tue, 29 Sep 2026 06:23:33 GMT",b2fffacc0f9143461b1ffd1e81c375a90639392e6aa05a1d3e01f57cf1aa92b2,T1,Jetour T1 1.5L Turbo,Jetour T1 1.5L Turbo,,power_hp,184 hp,184.0,hp,,"engine card ""Jetour T1 1.5L Turbo"" / ""Max power (hp)""",HIGH,
jetour_eg_web,1,jetour_model_page@1,jetour/t2,,https://jetouregypt.com/models/T2/,"Tue, 29 Sep 2026 06:23:35 GMT",3374608da1cab2e7b9f7ba25fee2ab4f9b9f64b63586ad75824dd0fb0dec68c0,T2,Jetour T2 2.0L Turbo,Jetour T2 2.0L Turbo,,power_hp,254 hp,254.0,hp,,"engine card ""Jetour T2 2.0L Turbo"" / ""Max power (hp)""",HIGH,
jetour_eg_web,1,jetour_model_page@1,jetour/t2,,https://jetouregypt.com/models/T2/,"Tue, 29 Sep 2026 06:23:35 GMT",3374608da1cab2e7b9f7ba25fee2ab4f9b9f64b63586ad75824dd0fb0dec68c0,T2,Jetour T2 1.5L Turbo,Jetour T2 1.5L Turbo,,power_hp,184 hp,184.0,hp,,"engine card ""Jetour T2 1.5L Turbo"" / ""Max power (hp)""",HIGH,
jetour_eg_web,1,jetour_model_page@1,jetour/dashing,,https://jetouregypt.com/models/dashing/,"Tue, 29 Sep 2026 06:23:38 GMT",f49cdc79a13b266489fd774195ac96f87bdd0a74e7ae1c79d1dbeda201d30be9,dashing,Comfort,Comfort,,price_official_egp,"920,000 EGP",920000.0,EGP,,"""Comes in 2 Grades that fit all the needs"" / ""Comfort""",HIGH,
jetour_eg_web,1,jetour_model_page@1,jetour/dashing,,https://jetouregypt.com/models/dashing/,"Tue, 29 Sep 2026 06:23:38 GMT",f49cdc79a13b266489fd774195ac96f87bdd0a74e7ae1c79d1dbeda201d30be9,dashing,Luxury,Luxury,,price_official_egp,"980,000 EGP",980000.0,EGP,,"""Comes in 2 Grades that fit all the needs"" / ""Luxury""",HIGH,
